map_index,map_role,status,unmixed_residual_l2,mixed_step_l2,actual_next_step_l2,density_candidate,closure_checks_passed,next_density_source,failure_reason,n_in_sha256,n_in_electron_count,n_out_sha256,n_out_electron_count,n_next_sha256,n_next_electron_count,target_states,max_input_h_residual_ha,max_gram_norm,potential_sha256,potential_norm,potential_change_norm,probe_action_sha256,probe_action_norm,internal_energy_ha,entropy_dimensionless,entropy_energy_ha,free_energy_ha,free_energy_arithmetic_error_ha,real_electron_count,orbital_electron_count,pauli_density_relative_l2,max_self_density_h_residual_ha,max_self_rayleigh_residual_ha,mu_ha,electron_residual,electrons_per_k_unweighted,electrons_per_k_weighted,occupation_minimum,occupation_maximum,numerical_plateau,mu_selection_rule,highest_two,iterations,occupation_stationarity_max_abs_ha,magnetization_integral,energy_terms_ha,band_status,band_max_top_occupation,rayleigh_occupation_max_difference
1,iteration,CONTINUE,4.069038978871739,0.40690389788717396,0.40690389788717396,False,False,linear_mixing,,e54ed4b140ab95e4e88e31e0c0848067b8d8104fa58ade2e436177ef61af36c0,10.000000000000007,ec2373b69a5f85931886ba994dae6a9fa2cda5ee1a05c6806faeceb976d4bb81,10.000000000000085,3495f574756449641a573e289d64cfd899fc58790b411f735c0a01444b2c5243,10.000000000000009,24,9.238989255312735e-11,5.540938344900915e-14,78da7f11fa8229033daba264589963f058dd223d1eeb23843f04c5b774672013,282.49361417994714,,e9bc7c93b2492152aabfacc81e47d7fd8257fcd11ca4bdb95c8bd3d880321494,9.664528622335785,-53.330095936691855,6.724409591496495e-147,-6.724409591496494e-150,-53.330095936691855,6.724409591496494e-150,10.000000000000085,10.000000000000085,2.1821849337415197e-13,8.75964657990428,1.9778566606905958,-2.76789235684468,0.0,"[10.0,10.0,10.0]","[3.333333333333333,3.333333333333333,3.333333333333333]",1.6122548549502025e-304,1.0,True,"Midpoint of the global spectral gap; Float64 counts equal at its 1/4,1/2,3/4 points","[[5.186617508375209e-304,5.186617508343368e-304],[1.612254854978796e-304,1.6122548549608336e-304],[1.6122548549901601e-304,1.6122548549502025e-304]]",0,0.0,"[-7.988058542726775e-15,6.783948116629219e-15,-8.042959824532097e-15]","{""PspCorrection"":0.09187494522099392,""Ewald"":-14.186487397403095,""Kinetic"":41.965853925256766,""AtomicNonlocalFR"":-17.5616695996167,""AtomicLocal"":-94.89716181251899,""Hartree"":39.98580127069299,""Xc"":-8.728307268323814}",PASS,5.186617508375209e-304,0.9999999999999999
2,iteration,CONTINUE,3.6422740767747044,0.3642274076774705,0.3642274076774705,False,False,linear_mixing,,3495f574756449641a573e289d64cfd899fc58790b411f735c0a01444b2c5243,10.000000000000009,a39f862a2f0c174bcb56450af76d7e8ba9b382dcf48a84cc1248e7dfe2e925c7,10.00000000000002,73fcc944e6abd4ebb618b3597a995297e6434b1d206719a797ec6b571811146e,10.00000000000001,24,9.188048618509414e-11,4.2315577117223984e-14,054fffb2be4df1e146460233e6bf85592483c546914e96a941fdafef5a839556,262.3496797626055,21.571341624558205,f9b55f6dac5b784ea7d2c9097d626895839a87506796f028639d0518e95d6749,9.66104806663018,-53.6044413629878,2.2672273993285695e-147,-2.2672273993285697e-150,-53.6044413629878,2.2672273993285697e-150,10.00000000000002,10.000000000000021,1.323811462373005e-13,8.16793365799381,1.8847131256197358,-2.3682314538957576,0.0,"[10.0,10.0,10.0]","[3.333333333333333,3.333333333333333,3.333333333333333]",2.1151892790408275e-271,1.0,True,"Midpoint of the global spectral gap; Float64 counts equal at its 1/4,1/2,3/4 points","[[5.949021622148532e-271,5.949021622015973e-271],[2.1155466652212235e-271,2.1151892790821881e-271],[2.1155466652192996e-271,2.1151892790408275e-271]]",0,0.0,"[-3.7489520584174684e-15,2.3536374072949113e-15,3.3101129126976715e-15]","{""PspCorrection"":0.09187494522099392,""Ewald"":-14.186487397403095,""Kinetic"":41.54082958464933,""AtomicNonlocalFR"":-17.541064074389883,""AtomicLocal"":-94.48349478561747,""Hartree"":39.65508523884334,""Xc"":-8.681184874291022}",PASS,5.949021622148532e-271,1.0
3,iteration,CONTINUE,3.231295682356237,0.3231295682356238,0.3231295682356238,False,False,linear_mixing,,73fcc944e6abd4ebb618b3597a995297e6434b1d206719a797ec6b571811146e,10.00000000000001,e34acdd94edd6396e75d6d290cc638d74122ab949c4f306c794c12fc2694b14b,10.000000000000037,576319b617c7aea0b4bc5ee5d95925c998eece8ebe88696c0fbc121a823219c1,10.000000000000014,24,8.343733204348938e-11,3.771632203800598e-14,6fe08cf4215e189ddd4912655cf7857b8b05e4f5dc50a98c758bb21c3c071317,242.16695300820868,20.858573529609004,8de6d90b7778f1a2f1efb2b31dfbae5b48e7485752d704874e0142401cce3840,9.658944828874075,-54.06490900694983,4.040184737945256e-151,-4.0401847379452555e-154,-54.06490900694983,4.0401847379452555e-154,10.000000000000037,10.000000000000043,1.7298387182452706e-13,7.319132149418024,1.7284503448412687,-1.9830506919029403,0.0,"[10.0,10.0,10.0]","[3.333333333333333,3.333333333333333,3.333333333333333]",4.892106183233371e-229,1.0,True,"Midpoint of the global spectral gap; Float64 counts equal at its 1/4,1/2,3/4 points","[[1.1759083669458304e-228,1.1759083669431567e-228],[4.892966410676392e-229,4.8921061832862066e-229],[4.892966410673054e-229,4.892106183233371e-229]]",0,0.0,"[7.009581002729812e-15,1.3623083972866558e-14,1.2440332473661735e-14]","{""PspCorrection"":0.09187494522099392,""Ewald"":-14.186487397403095,""Kinetic"":40.60645033107572,""AtomicNonlocalFR"":-17.345637011151137,""AtomicLocal"":-93.69605682985352,""Hartree"":39.05736602898355,""Xc"":-8.592419073822345}",PASS,1.1759083669458304e-228,0.9999999999996732
4,iteration,CONTINUE,2.858888919881527,0.28588889198815276,0.28588889198815276,False,False,linear_mixing,,576319b617c7aea0b4bc5ee5d95925c998eece8ebe88696c0fbc121a823219c1,10.000000000000014,1d5540c54721f72da13fa6f8f12ad17b19fba6fbf9189e432db5ebcbdaee5436,10.000000000000023,5ed8b73782ac30b9eeb048f6b66d99342c67e28972c8d93b3a4960584d988b4c,10.000000000000014,24,8.769063200586759e-11,3.5190834023271776e-14,ad5b0332ab5d14e8220fb893ef96a8619eef31026cdb1552fdce57fd5ad776f3,223.7956289023663,18.98379415273047,543a010f06b73963a302d693f9d0d093232fcc8f4898d375d22e4a2061878764,9.657990742878072,-54.51535982069909,7.588067364176657e-154,-7.588067364176657e-157,-54.51535982069909,7.588067364176657e-157,10.000000000000023,10.000000000000028,1.7703951393074578e-13,6.515143435681522,1.5654189510429537,-1.6429960936432162,0.0,"[10.0,10.0,10.0]","[3.333333333333333,3.333333333333333,3.333333333333333]",1.5751450144223373e-189,1.0,True,"Midpoint of the global spectral gap; Float64 counts equal at its 1/4,1/2,3/4 points","[[3.2719076634298983e-189,3.2719076633979088e-189],[1.5755100264950903e-189,1.5751450144223373e-189],[1.5755100265073596e-189,1.575145014447497e-189]]",0,0.0,"[3.9096364360667774e-15,-2.638868179169049e-15,8.231882501419589e-16]","{""PspCorrection"":0.09187494522099392,""Ewald"":-14.186487397403095,""Kinetic"":39.64582067721605,""AtomicNonlocalFR"":-17.138021068986696,""AtomicLocal"":-92.84395542251752,""Hartree"":38.413611029757234,""Xc"":-8.498202583986048}",PASS,3.2719076634298983e-189,0.9953236510396403
5,iteration,CONTINUE,2.5235999680288503,0.25235999680288507,0.25235999680288507,False,False,linear_mixing,,5ed8b73782ac30b9eeb048f6b66d99342c67e28972c8d93b3a4960584d988b4c,10.000000000000014,b1ed7f8fe2e7d09fa3a53093e0eeffc8dfc549574b947e83accc9927cc20e858,10.000000000000018,fd68cb32bd2f82bfe2bb336a9011dcf0015ab7752346a81cf7ebfcf553c2728f,10.000000000000016,24,5.586568068662795e-11,3.3861931980686476e-14,ce7cf7dc5f510e805831f0001bc6c8d08938723e764c08c04c35b5ed5d84bd14,207.29608764448216,17.095992073215587,5e5476bfe05fc104c118e1a745825fd67174a52fd4c2cc562c853e79c3ed392b,9.657968726411768,-54.931992397881196,3.190600051362704e-153,-3.1906000513627036e-156,-54.931992397881196,3.1906000513627036e-156,10.000000000000018,10.000000000000018,1.7368866494164787e-13,5.777225557878815,1.4054154922184932,-1.3552729556800096,0.0,"[10.0,10.0,10.0]","[3.333333333333333,3.333333333333333,3.333333333333333]",2.2809853384262842e-161,1.0,True,"Midpoint of the global spectral gap; Float64 counts equal at its 1/4,1/2,3/4 points","[[2.5004877839128036e-161,2.5004877838977372e-161],[2.2811292902271277e-161,2.280985338429007e-161],[2.2811292902116973e-161,2.2809853384262842e-161]]",0,0.0,"[-6.221124422064141e-15,6.024940493130979e-17,-2.4611069014544158e-15]","{""PspCorrection"":0.09187494522099392,""Ewald"":-14.186487397403095,""Kinetic"":38.70456202922783,""AtomicNonlocalFR"":-16.92638456541728,""AtomicLocal"":-91.96635705767707,""Hartree"":37.75390691895642,""Xc"":-8.403107270788984}",PASS,2.5004877839128036e-161,0.0003387759287641081
6,iteration,CONTINUE,2.222857221997476,0.22228572219974768,0.22228572219974768,False,False,linear_mixing,,fd68cb32bd2f82bfe2bb336a9011dcf0015ab7752346a81cf7ebfcf553c2728f,10.000000000000016,8c0dbb30a25e363352bb327342744e211573dd68db6132584a7c68d3ceb76f88,9.999999999999998,32d5682f030b809060061835de1a585180833ba6298a2be9699eb608fefbf0f8,10.000000000000014,24,6.756151847860079e-11,3.259641258116298e-14,0dc3d6b48e11871d74b5462cb6e861af2d28c89a31ad9954ea675dc27e24327e,192.56777580218085,15.320297471309074,86348a713262fecd92aa59553c80444384499fb292bcce4cb3bbbf1d728952ca,9.65869329149591,-55.30702644576905,1.501581781019195e-138,-1.501581781019195e-141,-55.30702644576905,1.501581781019195e-141,9.999999999999998,10.0,1.4796423371639952e-13,5.107992516588319,1.2527747660343629,-1.140194998757185,0.0,"[10.0,10.0,10.0]","[3.333333333333333,3.333333333333333,3.333333333333333]",1.8638395925090434e-175,1.0,True,"Midpoint of the global spectral gap; Float64 counts equal at its 1/4,1/2,3/4 points","[[1.8638395925110564e-175,1.8638395925090434e-175],[1.949958989200643e-175,1.949958569627311e-175],[1.9499589891900022e-175,1.9499585696150075e-175]]",0,0.0,"[9.350849405180395e-16,-3.119607158255909e-15,-6.481391551797396e-15]","{""PspCorrection"":0.09187494522099392,""Ewald"":-14.186487397403095,""Kinetic"":37.80145227193243,""AtomicNonlocalFR"":-16.714806205080066,""AtomicLocal"":-91.0830523896648,""Hartree"":37.093213058933785,""Xc"":-8.309220729708292}",PASS,1.949958989200643e-175,7.639156087158493e-08
7,iteration,CONTINUE,1.9539177878435134,0.19539177878435135,0.19539177878435135,False,False,linear_mixing,,32d5682f030b809060061835de1a585180833ba6298a2be9699eb608fefbf0f8,10.000000000000014,7db7ed8b3d9d40d37fad42508e0c162965469763114810496722c8b5d3bc5245,10.000000000000036,6fcaf959c465886cf99767f125e0ce9acc71d7b172d29488895b75967a06e5a0,10.000000000000016,24,8.659184893366604e-11,3.165895938297367e-14,bfc9e19e86576483c1eb5cf29d4a143603146516f150c6a7326b26f4f39f2700,179.47474611042043,13.679835174643593,20f82476314cad6c942ad1f84314c0ffc043cc64d2cc71c25d64e6f182241b98,9.660004879482983,-55.63851279866614,1.4123424282988685e-125,-1.4123424282988685e-128,-55.63851279866614,1.4123424282988685e-128,10.000000000000036,10.000000000000036,1.3315148016596038e-13,4.505000194754711,1.1098526122145416,-0.9577228861065668,0.0,"[10.0,10.0,10.0]","[3.333333333333333,3.333333333333333,3.333333333333333]",5.939824047331709e-185,1.0,True,"Midpoint of the global spectral gap; Float64 counts equal at its 1/4,1/2,3/4 points","[[5.9398240473415e-185,5.939824047331709e-185],[6.61277204746896e-185,6.61277157348536e-185],[6.61277204744979e-185,6.612771573506785e-185]]",0,0.0,"[-1.5431828952242268e-15,-4.849929019033074e-15,2.2987348676909435e-15]","{""PspCorrection"":0.09187494522099392,""Ewald"":-14.186487397403095,""Kinetic"":36.94613682660804,""AtomicNonlocalFR"":-16.506224137599453,""AtomicLocal"":-90.20728830623524,""Hartree"":36.44121791656276,""Xc"":-8.217742645820147}",PASS,6.61277204746896e-185,3.197315906861184e-11
8,iteration,CONTINUE,1.7140894562456235,0.17140894562456244,0.17140894562456244,False,False,linear_mixing,,6fcaf959c465886cf99767f125e0ce9acc71d7b172d29488895b75967a06e5a0,10.000000000000016,61333d21e3d1930ef21644cb1722baa17d14471e6b5ce87a3db6eb526886d1d8,10.000000000000023,dee5d029c9b7a8a8ffab8e8ffc5eb1e39f6eefb172a063e23317bd32b6fe549e,10.000000000000018,24,7.486911051254025e-11,3.310445086061832e-14,a756aee0f34a00af20575b71abe5b753b09926f9bf856d1b5f536f678f25a078,167.87386559883387,12.179514960109241,0895d2927d021d90c73b8c0fdda450cc17602dd08c34546c1ab4abfee011208f,9.6617694181398,-55.927352816829966,3.855233767173895e-114,-3.855233767173895e-117,-55.927352816829966,3.855233767173895e-117,10.000000000000023,10.000000000000025,3.237230476039323e-13,3.964058116328949,0.9778898389602024,-0.8037629811951092,0.0,"[10.0,10.0,10.0]","[3.333333333333333,3.333333333333333,3.333333333333333]",3.1892220460306128e-190,1.0,True,"Midpoint of the global spectral gap; Float64 counts equal at its 1/4,1/2,3/4 points","[[3.1892220460315193e-190,3.1892220460306128e-190],[4.098747882084295e-190,4.0987477569563835e-190],[4.098747882091751e-190,4.0987477569566167e-190]]",0,0.0,"[-2.162381458649493e-15,-3.2856544918798958e-15,4.819787796291261e-15]","{""PspCorrection"":0.09187494522099392,""Ewald"":-14.186487397403095,""Kinetic"":36.143825399656315,""AtomicNonlocalFR"":-16.303050840450297,""AtomicLocal"":-89.34895177923578,""Hartree"":35.804874234157076,""Xc"":-8.12943737877519}",PASS,4.098747882091751e-190,1.1035616864774056e-13
9,iteration,CONTINUE,1.5008040169250327,0.1500804016925033,0.1500804016925033,False,False,linear_mixing,,dee5d029c9b7a8a8ffab8e8ffc5eb1e39f6eefb172a063e23317bd32b6fe549e,10.000000000000018,43d48838a96309d9135d22ee160e28e32c58cfdbf33961e642b9d0958ce57ca5,10.00000000000003,0c9f7caec96db4dc62ba8c0bfe340064fd65d3e5fa0780909f6a35d5b4db59e7,10.00000000000002,24,9.362456010975505e-11,3.52876567004499e-14,55fd161acccbc77280ce0179971bbb1fba1c0c36afa7f8592b04165f543ad827,157.6246459041116,10.818287314069805,214a014d32b8745abf19a2774f7aa3679eb73e99bb56d920f13f65a1157bed21,9.663873943666367,-56.17598572487078,4.563607240794772e-104,-4.5636072407947724e-107,-56.17598572487078,4.5636072407947724e-107,10.00000000000003,10.000000000000032,8.094493116119054e-14,3.4803962464848683,0.8574524954436266,-0.6745411483977559,0.0,"[10.0,10.0,10.0]","[3.333333333333333,3.333333333333333,3.333333333333333]",7.426501307788298e-192,1.0,True,"Midpoint of the global spectral gap; Float64 counts equal at its 1/4,1/2,3/4 points","[[7.426501307795052e-192,7.426501307788298e-192],[1.3732609228355324e-191,1.3732608925874233e-191],[1.3732609228356886e-191,1.3732608925885942e-191]]",0,0.0,"[5.0659735525872775e-15,2.9835437390380122e-15,-9.905973539234585e-16]","{""PspCorrection"":0.09187494522099392,""Ewald"":-14.186487397403095,""Kinetic"":35.39714948617673,""AtomicNonlocalFR"":-16.107320953293303,""AtomicLocal"":-88.51577645325581,""Hartree"":35.189402160504834,""Xc"":-8.044827512821124}",PASS,1.3732609228356886e-191,1.2354899844164028e-16
10,iteration,CONTINUE,1.311637462081264,0.13116374620812649,0.13116374620812649,False,False,linear_mixing,,0c9f7caec96db4dc62ba8c0bfe340064fd65d3e5fa0780909f6a35d5b4db59e7,10.00000000000002,7756eebd08cb202167af333055743a3cd0d31e7b1e8dab07251a1e4c4007c8fd,10.000000000000014,0d678e395ca6b3a555b2d1a9b120d5d26834b18c3a5b2425c55af08ea3cc8f44,10.00000000000002,24,9.305969569477945e-11,3.136608885338124e-14,7ceca126f15e9be4e12dd8eb3b24385be2ed83ebac0b07af5df58e92c9ceb6e3,148.59415402556246,9.588424008614759,6ba876fbdef1cb2d95a596c4157521971bfe31d9544a6f2dd33a252d03d6bdfe,9.666220233433776,-56.387743693018024,3.263142800827972e-95,-3.263142800827972e-98,-56.387743693018024,3.263142800827972e-98,10.000000000000014,10.000000000000012,3.448581738549258e-13,3.0491370863130034,0.7486287424160254,-0.5667142019689131,0.0,"[10.0,10.0,10.0]","[3.333333333333333,3.333333333333333,3.333333333333333]",1.302652145756777e-190,1.0,True,"Midpoint of the global spectral gap; Float64 counts equal at its 1/4,1/2,3/4 points","[[1.3026521457574436e-190,1.302652145756777e-190],[5.139711687021231e-190,5.139711532061091e-190],[5.139711687012174e-190,5.139711532063136e-190]]",0,0.0,"[2.5372517219847903e-15,7.085709014640432e-16,7.523091551555397e-16]","{""PspCorrection"":0.09187494522099392,""Ewald"":-14.186487397403095,""Kinetic"":34.70693831618824,""AtomicNonlocalFR"":-15.920709233465091,""AtomicLocal"":-87.71370177440366,""Hartree"":34.59861387951891,""Xc"":-7.964272428674321}",PASS,5.139711687021231e-190,1.4305858146795784e-16
11,iteration,CONTINUE,1.144311446461464,0.11443114464614651,0.11443114464614651,False,False,linear_mixing,,0d678e395ca6b3a555b2d1a9b120d5d26834b18c3a5b2425c55af08ea3cc8f44,10.00000000000002,56c59f29140aa0f10ba845e44312b1e981949886e002585b2f8a48593df43315,10.000000000000039,fa10be28d4da1bc755b07e90bc6fdac92723cb4614d041d0c7ad437a62abdf00,10.000000000000021,24,9.620222237646619e-11,3.4137500609382606e-14,49166670ef3bedecf9c7db6f7f9749248df58ba3e77dbb79ac0dd9c2b88fdeed,140.6589206374304,8.477130511088928,45ad0d21a24d1c69572295c404a23008ef81dfd3178cc48b41174d7ff8239909,9.66872194019361,-56.5664539816434,2.1628398266023495e-87,-2.1628398266023496e-90,-56.5664539816434,2.1628398266023496e-90,10.000000000000039,10.000000000000039,1.452964903910996e-13,2.6655005573758737,0.6510954380187338,-0.477326329595964,0.0,"[10.0,10.0,10.0]","[3.333333333333333,3.333333333333333,3.333333333333333]",2.4361912741865244e-187,1.0,True,"Midpoint of the global spectral gap; Float64 counts equal at its 1/4,1/2,3/4 points","[[2.436191274186663e-187,2.4361912741865244e-187],[4.001631987974277e-186,4.001631916004577e-186],[4.0016319879729124e-186,4.001631916003668e-186]]",0,0.0,"[3.2459951184681587e-15,-4.318855966223303e-15,-6.03016058530692e-15]","{""PspCorrection"":0.09187494522099392,""Ewald"":-14.186487397403095,""Kinetic"":34.07259993211619,""AtomicNonlocalFR"":-15.744522295468386,""AtomicLocal"":-86.9469094062442,""Hartree"":34.034979890530366,""Xc"":-7.88798965039526}",PASS,4.001631987974277e-186,1.3322676295501878e-15
12,iteration,CONTINUE,0.996695018634858,0.09966950186348586,0.09966950186348586,False,False,linear_mixing,,fa10be28d4da1bc755b07e90bc6fdac92723cb4614d041d0c7ad437a62abdf00,10.000000000000021,64d7db0f3436a6dcdea8591e5e2e8e571d32160fae3cc6d9baac5a1fc68df1f3,10.000000000000046,a19ba81c70f7cfc9768fb0dfc7eaaeb3164f628a269b43d957c6f2bcb21d12cd,10.000000000000023,24,9.75473849917545e-11,3.5681280357119505e-14,60ba840d8bd05d4f9f641af451229d95b78a009a3625e2fa2a2cea71ea7a81b3,133.70487882975243,7.47177522695997,bcb554d50d6097cd03dfa8747438b459ae8756369267d8501a2a6c04b1c2a869,9.67130645848818,-56.716091087660686,2.4287303130054496e-80,-2.4287303130054495e-83,-56.716091087660686,2.4287303130054495e-83,10.000000000000046,10.000000000000046,3.012239828038805e-13,2.3249156555432022,0.5642351992127509,-0.40354373649661845,0.0,"[10.0,10.0,10.0]","[3.333333333333333,3.333333333333333,3.333333333333333]",9.22688387358931e-183,1.0,True,"Midpoint of the global spectral gap; Float64 counts equal at its 1/4,1/2,3/4 points","[[9.22688387358931e-183,9.22688387358931e-183],[7.1447125775620286e-180,7.144711758199897e-180],[7.1447125775620286e-180,7.144711758200303e-180]]",0,0.0,"[-2.7477364259967705e-15,-1.6992868561937026e-15,7.57102405581647e-15]","{""PspCorrection"":0.09187494522099392,""Ewald"":-14.186487397403095,""Kinetic"":33.492490600607894,""AtomicNonlocalFR"":-15.579702698843832,""AtomicLocal"":-86.21801113268722,""Hartree"":33.4998201362319,""Xc"":-7.816075540787315}",PASS,7.1447125775620286e-180,1.0
13,iteration,CONTINUE,0.8668103663701358,0.08668103663701365,0.08668103663701365,False,False,linear_mixing,,a19ba81c70f7cfc9768fb0dfc7eaaeb3164f628a269b43d957c6f2bcb21d12cd,10.000000000000023,8ba5f73e3d22e524326dd98472a03981b5c2b10116e0911c24149b5740f6e919,10.00000000000001,83fed3da688d31b3ea3aa06c25f73a6cad7e647a28f9fe906579e8d68d95171c,10.000000000000025,24,9.653009199606813e-11,3.3794787602599306e-14,65699e4ac5328be51faa054143c5778851df20660bf47fda6eec40305d291288,127.62683452860973,6.563113154420306,bc11294b8ad992bc475d1cdcac96f5ce082a376631477cd4b6914d9fe54cb537,9.673917562834312,-56.84047826079513,5.715001720088064e-74,-5.7150017200880645e-77,-56.84047826079513,5.7150017200880645e-77,10.00000000000001,10.000000000000012,1.4024705598159978e-13,2.023106544546939,0.48725094091396376,-0.3429783144994995,0.0,"[10.0,10.0,10.0]","[3.333333333333333,3.333333333333333,3.333333333333333]",1.2582079180102604e-177,1.0,True,"Midpoint of the global spectral gap; Float64 counts equal at its 1/4,1/2,3/4 points","[[1.258207918010332e-177,1.2582079180102604e-177],[1.88941723898615e-172,1.8894171273330001e-172],[1.889417238986365e-172,1.889417127332141e-172]]",0,0.0,"[3.750323941429187e-15,-4.314222804920668e-16,7.489249289825027e-15]","{""PspCorrection"":0.09187494522099392,""Ewald"":-14.186487397403095,""Kinetic"":32.96434516314184,""AtomicNonlocalFR"":-15.426852403819717,""AtomicLocal"":-85.52854160965794,""Hartree"":32.993736734368596,""Xc"":-7.748553692645811}",PASS,1.889417238986365e-172,0.9999999999999993
14,iteration,CONTINUE,0.7528368792385709,0.07528368792385713,0.07528368792385713,False,False,linear_mixing,,83fed3da688d31b3ea3aa06c25f73a6cad7e647a28f9fe906579e8d68d95171c,10.000000000000025,af7538aa0ac0ed6fc6ae6fe219d1bd004ce1cc2a01eb8b3ec933e074b15e8120,10.000000000000027,18e8a131687f74e160bee254c6ee1501546504caed2cde09cdc48494da9bcadd,10.000000000000025,24,9.751211101400234e-11,3.128335568748689e-14,af1a5a5bd643b78ae39bf43d5faf65cb7e3d00cb91279b94b83b33e1426540f8,122.3282336789831,5.745015540545758,e1fd11491a1b32979840cfbce06e8ad2ec1abd6891070c76b16e578d516ae119,9.676514807640718,-56.943095388760035,3.1239163924683653e-68,-3.1239163924683656e-71,-56.943095388760035,3.1239163924683656e-71,10.000000000000027,10.000000000000028,1.5127091988230703e-13,1.7561573692286034,0.41928391320304653,-0.29359233830458076,0.0,"[10.0,10.0,10.0]","[3.333333333333333,3.333333333333333,3.333333333333333]",1.7337436941579104e-172,1.0,True,"Midpoint of the global spectral gap; Float64 counts equal at its 1/4,1/2,3/4 points","[[1.7337436941585016e-172,1.7337436941579104e-172],[2.339318572324421e-164,2.33931833245227e-164],[2.3393185723254847e-164,2.3393183324524028e-164]]",0,0.0,"[-7.737001624038079e-15,-2.886841367525621e-15,2.069970222654113e-15]","{""PspCorrection"":0.09187494522099392,""Ewald"":-14.186487397403095,""Kinetic"":32.485656348572306,""AtomicNonlocalFR"":-15.286267611856253,""AtomicLocal"":-84.87957155964337,""Hartree"":32.51713056983782,""Xc"":-7.6854306834884305}",PASS,2.3393185723254847e-164,0.022416195628090052
15,iteration,CONTINUE,0.6531082452455356,0.06531082452455365,0.06531082452455365,False,False,linear_mixing,,18e8a131687f74e160bee254c6ee1501546504caed2cde09cdc48494da9bcadd,10.000000000000025,d7a3033a666c3662a1f537e5f97e810df3c1bdcc0551645c09c70026afabd6a6,10.00000000000002,8a03c98a8fb26835577deb2307a03a0c55c347bcc4f6a2a49eb2d9af6c204e4a,10.000000000000023,24,9.977323416948614e-11,3.0678513601382126e-14,724f6faa2353f7dec30d38c8dc33cc04fb28fae0f6bfe2bf9d38fb3f9cf27b72,117.72116149565022,5.012785266731524,53f4f1e4baa800f08f643e267304f594b4fa72dcdbd09dc5bd04a73f4cb6f253,9.679069057661097,-57.02701640619679,4.4524195327619703e-63,-4.4524195327619705e-66,-57.02701640619679,4.4524195327619705e-66,10.00000000000002,10.000000000000025,1.7240882462821538e-13,1.5205423302820933,0.35956684989554094,-0.25359462368891805,0.0,"[10.0,10.0,10.0]","[3.333333333333333,3.333333333333333,3.333333333333333]",9.754032798092626e-168,1.0,True,"Midpoint of the global spectral gap; Float64 counts equal at its 1/4,1/2,3/4 points","[[9.754032798096507e-168,9.754032798092626e-168],[4.0576762092345763e-156,4.0576739126726733e-156],[4.0576762092329616e-156,4.0576739126729036e-156]]",0,0.0,"[-4.950000227243129e-15,-4.4321515515075374e-15,1.0600218964704563e-15]","{""PspCorrection"":0.09187494522099392,""Ewald"":-14.186487397403095,""Kinetic"":32.05390043757147,""AtomicNonlocalFR"":-15.157976498443842,""AtomicLocal"":-84.2721729226085,""Hartree"":32.07058018417757,""Xc"":-7.626735154711384}",PASS,4.0576762092345763e-156,9.406069805579916e-11
16,iteration,CONTINUE,0.5661019675574661,0.056610196755746696,0.056610196755746696,False,False,linear_mixing,,8a03c98a8fb26835577deb2307a03a0c55c347bcc4f6a2a49eb2d9af6c204e4a,10.000000000000023,7fa06ad358d53f91fc340807d798270d31b6870dcf5c2f0ee5b9dbc506cec0d8,10.000000000000034,d030c697020ba90757b68cc3839a7d261a110974263b841d60604de523f0a3a8,10.000000000000025,24,9.974454750646147e-11,3.5331914185476233e-14,9a67d5cff48c28833eb21df8ae95d6ce55a66e1806dab9109b05beb5943b0efb,113.72615976250884,4.360779011161397,f6aebf401e2ccc0a41f1bbc822da39b3c96b526bb2a7c811cc6a558dcc4b9656,9.681556573321224,-57.09494055510415,1.786757911962221e-58,-1.786757911962221e-61,-57.09494055510415,1.786757911962221e-61,10.000000000000034,10.000000000000032,3.43766726753193e-14,1.3131139482404133,0.3073825863211684,-0.2213818744937972,0.0,"[10.0,10.0,10.0]","[3.333333333333333,3.333333333333333,3.333333333333333]",1.3856961498173046e-163,1.0,True,"Midpoint of the global spectral gap; Float64 counts equal at its 1/4,1/2,3/4 points","[[1.3856961498189586e-163,1.3856961498173046e-163],[2.6195961369636e-148,2.6195927471906337e-148],[2.61959613696494e-148,2.6195927471863153e-148]]",0,0.0,"[-4.57578109115361e-15,8.338274844037435e-16,-9.14623615494017e-16]","{""PspCorrection"":0.09187494522099392,""Ewald"":-14.186487397403095,""Kinetic"":31.666594344739128,""AtomicNonlocalFR"":-15.04177639337901,""AtomicLocal"":-83.70757799848703,""Hartree"":31.654955986738536,""Xc"":-7.572524042533672}",PASS,2.61959613696494e-148,5.74553456118463e-19
17,iteration,CONTINUE,0.4904247223586568,0.04904247223586575,0.04904247223586575,False,False,linear_mixing,,d030c697020ba90757b68cc3839a7d261a110974263b841d60604de523f0a3a8,10.000000000000025,0b74da3fb7419309fbe44be3cb303d92df18feb67d7fe94b1e7b87ec6d2d4d61,10.000000000000032,dad0cb3b68b5c0b1f0fb22d8fbb9c5f227254481932d61227fb77910b3686c8d,10.000000000000027,24,9.671726787061838e-11,3.579782848585752e-14,96727f921584b074e3326e67fae91b8dd462efcd6afdce156a83b4fbae3af3fd,110.2715404861881,3.7814642981111706,4e8745c3a6072504ab6f8a6a7956b9912d76fff2dbe99a1d5c831a7443171227,9.68395508216132,-57.149264324524616,2.074589446626653e-54,-2.074589446626653e-57,-57.149264324524616,2.074589446626653e-57,10.000000000000032,10.000000000000032,5.781458919679051e-15,1.131058791722357,0.2619412121895598,-0.1955177192902212,0.0,"[10.0,10.0,10.0]","[3.333333333333333,3.333333333333333,3.333333333333333]",4.367841864377307e-160,1.0,True,"Midpoint of the global spectral gap; Float64 counts equal at its 1/4,1/2,3/4 points","[[4.3678418643810314e-160,4.367841864377307e-160],[2.4004848212284016e-141,2.4004797336286745e-141],[2.4004848212281286e-141,2.4004797336269005e-141]]",0,0.0,"[8.55935923785508e-15,3.327686737869817e-15,-4.8431994759334595e-15]","{""PspCorrection"":0.09187494522099392,""Ewald"":-14.186487397403095,""Kinetic"":31.321244361385588,""AtomicNonlocalFR"":-14.937270564799784,""AtomicLocal"":-83.18705082559028,""Hartree"":31.27128940859145,""Xc"":-7.522864251929496}",PASS,2.4004848212284016e-141,7.50330552419642e-28
18,iteration,CONTINUE,0.42479801594895333,0.042479801594895415,0.042479801594895415,False,False,linear_mixing,,dad0cb3b68b5c0b1f0fb22d8fbb9c5f227254481932d61227fb77910b3686c8d,10.000000000000027,21014c94b9d48139a3908ddff789234cfb7b23b53e30e29527165bbd776c2898,10.000000000000028,3e20afde56993e0f3a8dc1dc506ee7bbfa630f6f3f338759cf2b8954ed037d22,10.000000000000025,24,9.817084383717366e-11,3.355430588005309e-14,d182982684cf3686a63174c0de41d9f0e647320b190bc8d1a08f405dbbab030e,107.29246233309956,3.267881538237561,daeb4093a25f004347f60d9a8034bd99b5ec8711848ee72479f9fb8e2b8142da,9.686243310151122,-57.192143101308226,7.032965960254402e-51,-7.032965960254403e-54,-57.192143101308226,7.032965960254403e-54,10.000000000000028,10.000000000000032,2.567335843636243e-15,0.971838707609979,0.22258765824702664,-0.1747453861468399,0.0,"[10.0,10.0,10.0]","[3.333333333333333,3.333333333333333,3.333333333333333]",3.3711134838404486e-157,1.0,True,"Midpoint of the global spectral gap; Float64 counts equal at its 1/4,1/2,3/4 points","[[3.3711134838440894e-157,3.3711134838404486e-157],[2.0775951229307994e-135,2.0775891238643172e-135],[2.0775951229298545e-135,2.0775891238601835e-135]]",0,0.0,"[-4.169369376025283e-15,-5.014540110772642e-15,5.648350362950069e-15]","{""PspCorrection"":0.09187494522099392,""Ewald"":-14.186487397403095,""Kinetic"":31.0152670545235,""AtomicNonlocalFR"":-14.843905222034337,""AtomicLocal"":-82.71160262304083,""Hartree"":30.92050947778667,""Xc"":-7.477799336361122}",PASS,2.0775951229307994e-135,8.20014802812076e-29
19,iteration,CONTINUE,0.36804677558562787,0.03680467755856284,0.03680467755856284,False,False,linear_mixing,,3e20afde56993e0f3a8dc1dc506ee7bbfa630f6f3f338759cf2b8954ed037d22,10.000000000000025,866ce026fe4b195d90fe130aabe0b72aa52a48ebe01bfa091f051972b0233c6f,10.000000000000018,60da6658991bf05756ebe36f9f25ceb9b367f329fee8ccfa70c3de659dfc4a9f,10.000000000000025,24,9.779055995798312e-11,3.26969360115634e-14,91ea980b0f6f8c8a7f8f5c0279a9c47e8a8d191d55ff670cf295f10ef0465618,104.73030419969264,2.815780867975975,00fa849da3780194f6011074c6b98d8d174456b9bbb967aaf0c46a54eb02565a,9.688402461715924,-57.22552711551486,7.187073209663339e-48,-7.187073209663339e-51,-57.22552711551486,7.187073209663339e-51,10.000000000000018,10.000000000000018,2.1040739535305257e-15,0.8331320367543519,0.1887065738147978,-0.15800940344634087,0.0,"[10.0,10.0,10.0]","[3.333333333333333,3.333333333333333,3.333333333333333]",7.792150109576312e-155,1.0,True,"Midpoint of the global spectral gap; Float64 counts equal at its 1/4,1/2,3/4 points","[[7.792150109583842e-155,7.792150109576312e-155],[1.7512556728499635e-130,1.7512495353156379e-130],[1.7512556728506603e-130,1.7512495353155383e-130]]",0,0.0,"[5.545810524699682e-15,-1.2899499605956874e-15,-5.088722298909163e-15]","{""PspCorrection"":0.09187494522099392,""Ewald"":-14.186487397403095,""Kinetic"":30.745929777417444,""AtomicNonlocalFR"":-14.761006119265339,""AtomicLocal"":-82.28167089772239,""Hartree"":30.603148552753126,""Xc"":-7.43731597651559}",PASS,1.7512556728506603e-130,3.4288667602480205e-30
20,iteration,CONTINUE,0.3190916835792058,0.03190916835792065,0.03190916835792065,False,False,linear_mixing,,60da6658991bf05756ebe36f9f25ceb9b367f329fee8ccfa70c3de659dfc4a9f,10.000000000000025,8a897a450a5d543f23de6f2fc0b424cc6a28ca1c10ef45a60e5a32af8334ec25,10.000000000000016,58f000f1e7ec6afe39cdde2f3f521cd04feb7f635f9d23a8639a0a2ebd6ddb4b,10.000000000000025,24,9.10642448865228e-11,3.2297149110771464e-14,3f68ea0830fae5a29f89548820c2f1a069b5fda27f6aaee1e87709918ec5ea6d,102.53234370780122,2.421682602749507,cc0f066b9ce6d2d4ab940b573095ad791a658b7a8489def59158fbf1b7a9b139,9.690417592413219,-57.251171530707865,2.388575141783399e-45,-2.388575141783399e-48,-57.251171530707865,2.388575141783399e-48,10.000000000000016,10.000000000000016,1.854716890198507e-14,0.7127844268907864,0.15970772730442812,-0.14445914480626243,0.0,"[10.0,10.0,10.0]","[3.333333333333333,3.333333333333333,3.333333333333333]",6.707991108248403e-153,1.0,True,"Midpoint of the global spectral gap; Float64 counts equal at its 1/4,1/2,3/4 points","[[6.707991108252979e-153,6.707991108248403e-153],[1.8522713886558846e-126,1.8522641235529523e-126],[1.8522713886555687e-126,1.8522641235524258e-126]]",0,0.0,"[-1.894480814157876e-15,4.4010950824477e-15,-2.564651254605797e-15]","{""PspCorrection"":0.09187494522099392,""Ewald"":-14.186487397403095,""Kinetic"":30.510327848394226,""AtomicNonlocalFR"":-14.68781376710172,""AtomicLocal"":-81.8968453687896,""Hartree"":30.31908974952529,""Xc"":-7.401317540553954}",PASS,1.8522713886558846e-126,9.190626673596244e-32
21,iteration,CONTINUE,0.2769453193697903,0.027694531936979107,0.027694531936979107,False,False,linear_mixing,,58f000f1e7ec6afe39cdde2f3f521cd04feb7f635f9d23a8639a0a2ebd6ddb4b,10.000000000000025,3fd920f004f1394c5eecdf8ff8621ff2addd3f8fbe0f7ed879253da1ae556538,10.000000000000016,150c5db03c02b9427760ed934960c1eed5ffbd137ec0952df8ea7657ff42ed8f,10.000000000000023,24,9.942914530852931e-11,3.404077130697878e-14,42ffc83a9752513a724cc915487abc6ceb14305ab057a4058719f5d26b5a2572,100.65137461453983,2.080027947416671,38a223298e3de02db9306977cd1fc43c967e41ed02b23fcf0870ce48d1e42e41,9.692278371942976,-57.270627983988945,2.8957657275435887e-43,-2.895765727543589e-46,-57.270627983988945,2.895765727543589e-46,10.000000000000016,10.00000000000002,2.7127671304193117e-14,0.6087765366291757,0.13502167713784452,-0.1334283000907037,0.0,"[10.0,10.0,10.0]","[3.333333333333333,3.333333333333333,3.333333333333333]",2.612566611505066e-151,1.0,True,"Midpoint of the global spectral gap; Float64 counts equal at its 1/4,1/2,3/4 points","[[2.612566611507739e-151,2.612566611505066e-151],[3.3906329831496903e-123,3.390619012219547e-123],[3.390632983146799e-123,3.390619012216078e-123]]",0,0.0,"[-7.0540541422288645e-15,-1.1417988506234534e-14,6.679297363815099e-16]","{""PspCorrection"":0.09187494522099392,""Ewald"":-14.186487397403095,""Kinetic"":30.30541032491195,""AtomicNonlocalFR"":-14.623516959679716,""AtomicLocal"":-81.55572837950396,""Hartree"":30.067431841216564,""Xc"":-7.369612358751669}",PASS,3.3906329831496903e-123,2.5738228871611815e-33
22,iteration,CONTINUE,0.24071119969544402,0.024071119969544502,0.024071119969544502,False,False,linear_mixing,,150c5db03c02b9427760ed934960c1eed5ffbd137ec0952df8ea7657ff42ed8f,10.000000000000023,48aa50786504b4bb9dd8f26784a890e22d61fa8ec1b31588a3a44c8a9ad19f7c,10.000000000000021,0135d20262eb2f328240d7f9e8dfaaf362ce5e984c297c9b7115c9de5cba8a5f,10.000000000000025,24,9.9982442622555e-11,3.3421888637571323e-14,e19ac6bed8878f13801bcccd1a5f8c82c4942903f36e7ccd6ac6a927d30b0934,99.04519052942612,1.7836934679620389,5a0bd5449276652f3072813ab7e2f8828957ba383ed9407b67c8ccac80d7a589,9.693979572510592,-57.28523142228926,1.465971578934464e-41,-1.465971578934464e-44,-57.28523142228926,1.465971578934464e-44,10.000000000000021,10.000000000000025,6.650505993877723e-14,0.5192131302122049,0.11410338694563606,-0.12440150179838609,0.0,"[10.0,10.0,10.0]","[3.333333333333333,3.333333333333333,3.333333333333333]",5.405847876386416e-150,1.0,True,"Midpoint of the global spectral gap; Float64 counts equal at its 1/4,1/2,3/4 points","[[5.405847876389181e-150,5.405847876386416e-150],[1.4678550907667745e-120,1.4678490694823604e-120],[1.4678550907645216e-120,1.467849069481526e-120]]",0,0.0,"[-8.459727309207551e-15,-2.6120614154031488e-15,4.899259954500791e-15]","{""PspCorrection"":0.09187494522099392,""Ewald"":-14.186487397403095,""Kinetic"":30.128055517304574,""AtomicNonlocalFR"":-14.567284226008386,""AtomicLocal"":-81.25598695471163,""Hartree"":29.846519101471547,""Xc"":-7.341922408163254}",PASS,1.4678550907667745e-120,1.473637672425193e-31
23,iteration,CONTINUE,0.20958370775917934,0.020958370775918014,0.020958370775918014,False,False,linear_mixing,,0135d20262eb2f328240d7f9e8dfaaf362ce5e984c297c9b7115c9de5cba8a5f,10.000000000000025,bfb83d124aa115e5dcc281b09c7f6a81614b61555bd05283d64e52fe47a3460b,10.0,fb1673ec3e9fc20d1a3bc43f919bae9b0880286dc43db5d2f08bde500d9e6b31,10.000000000000023,24,9.286894109529634e-11,3.4331279032420025e-14,dd801d0e3b26181d2e92dd56bd67613e62a0adedce789daa2945410d38b520c5,97.67614735685896,1.526498498115094,6d3c31351ed8b7bc75e8773d5fe90d589147a212a92fe8ade5a1acfd5620fc34,9.695521235357653,-57.2960951192904,3.5544902166810435e-40,-3.5544902166810436e-43,-57.2960951192904,3.5544902166810436e-43,10.0,10.000000000000004,6.6984261380933e-14,0.44232889247949425,0.09644080640500553,-0.11698024767565905,0.0,"[10.0,10.0,10.0]","[3.333333333333333,3.333333333333333,3.333333333333333]",6.75769048684675e-149,1.0,True,"Midpoint of the global spectral gap; Float64 counts equal at its 1/4,1/2,3/4 points","[[6.7576904868582735e-149,6.75769048684675e-149],[1.9747205264180882e-118,1.9747128472675866e-118],[1.9747205264190983e-118,1.974712847265566e-118]]",0,0.0,"[-6.4436051067907354e-15,-8.070801943919315e-15,7.45890490028118e-16]","{""PspCorrection"":0.09187494522099392,""Ewald"":-14.186487397403095,""Kinetic"":29.975174421678034,""AtomicNonlocalFR"":-14.518291766523724,""AtomicLocal"":-80.99456631786988,""Hartree"":29.654108788960116,""Xc"":-7.317907793352835}",PASS,1.9747205264190983e-118,1.306185862219023e-32
24,iteration,CONTINUE,0.18284690554843178,0.018284690554843254,0.018284690554843254,False,False,linear_mixing,,fb1673ec3e9fc20d1a3bc43f919bae9b0880286dc43db5d2f08bde500d9e6b31,10.000000000000023,0b16e6c8aceab1d7e4c8b50404f991925da6e45b47146f9ae6cf91df6fa36326,10.000000000000009,5a92161d32b7d8f41a634aae79fbe6de7cc54a1e2a7ad2facd35aa792247e51a,10.00000000000002,24,9.47194451792873e-11,3.3039558275895286e-14,d31b7d36e7c2191b0068e0b45e784e817f6747f9657150baa1abf324ac10f83e,96.51089432840583,1.3043197178721644,daf365107b6fc58d1de1428d508049389424dd8b00f63338939ec31a632b4620,9.696908211348124,-57.304119887677885,4.686690647469242e-39,-4.6866906474692424e-42,-57.304119887677885,4.6866906474692424e-42,10.000000000000009,10.00000000000001,8.068354009306204e-14,0.37650057697505507,0.08156428043406125,-0.11085427958304889,0.0,"[10.0,10.0,10.0]","[3.333333333333333,3.333333333333333,3.333333333333333]",5.647148460143503e-148,1.0,True,"Midpoint of the global spectral gap; Float64 counts equal at its 1/4,1/2,3/4 points","[[5.6471484601563435e-148,5.647148460143503e-148],[1.0361956277251057e-116,1.0361919859608238e-116],[1.0361956277258125e-116,1.0361919859605883e-116]]",0,0.0,"[1.0257650731169758e-15,-1.262047049430507e-15,3.334692374495809e-15]","{""PspCorrection"":0.09187494522099392,""Ewald"":-14.186487397403095,""Kinetic"":29.843810156395456,""AtomicNonlocalFR"":-14.475746055369736,""AtomicLocal"":-80.76797289142559,""Hartree"":29.4875978982378,""Xc"":-7.29719654333372}",PASS,1.0361956277258125e-116,1.901024908316666e-33
25,iteration,CONTINUE,0.1598712589211634,0.01598712589211641,0.01598712589211641,False,False,linear_mixing,,5a92161d32b7d8f41a634aae79fbe6de7cc54a1e2a7ad2facd35aa792247e51a,10.00000000000002,f58783f1e8aa2fd74bbb28b78f73470bbf07293fac6b12cf3d63c0135c587270,10.00000000000002,88ae84c87b82a786a18ba0d93133e067ee34b7334b9d8ee999231d11317c86ce,10.000000000000021,24,9.887793442285091e-11,3.3678461038533704e-14,2e0acb9946ca2934783f1b920b19ed334ba4d925be2dfbf94e41b17b3b52ebb4,95.52016800780585,1.1143683467581245,c0e0117bd8bc802771acf2464a06112fb03f4046d0dd0461f7d4c7e16179cbee,9.698149082829003,-57.31001574789441,3.7554060978809727e-38,-3.755406097880973e-41,-57.31001574789441,3.755406097880973e-41,10.00000000000002,10.000000000000021,6.83168788411571e-14,0.32025674719136665,0.06905313521735797,-0.10577973649908468,0.0,"[10.0,10.0,10.0]","[3.333333333333333,3.333333333333333,3.333333333333333]",3.4140164646799834e-147,1.0,True,"Midpoint of the global spectral gap; Float64 counts equal at its 1/4,1/2,3/4 points","[[3.414016464684253e-147,3.4140164646799834e-147],[2.550494330106643e-115,2.5504866238955173e-115],[2.5504943301063532e-115,2.550486623891023e-115]]",0,0.0,"[3.697423839547392e-15,5.859875584665298e-15,-2.116437920744892e-15]","{""PspCorrection"":0.09187494522099392,""Ewald"":-14.186487397403095,""Kinetic"":29.73121179577885,""AtomicNonlocalFR"":-14.438900130762606,""AtomicLocal"":-80.5725419415589,""Hartree"":29.344238052320108,""Xc"":-7.279411071489759}",PASS,2.550494330106643e-115,4.178494789172566e-34
26,iteration,CONTINUE,0.14010835904685684,0.014010835904685777,0.014010835904685777,False,False,linear_mixing,,88ae84c87b82a786a18ba0d93133e067ee34b7334b9d8ee999231d11317c86ce,10.000000000000021,e536fced4502848d980b5da03ccec02d704eff3ec29fcd1237bc148d9dc5ad0a,10.000000000000027,32408883a304968fffb32e24471501dde98c87eb054f7b89688bc5282aabb8ec,10.00000000000002,24,9.91763361025207e-11,3.1614337695617356e-14,afb2bf301c3350b2f192e1e33a5591227dde1dbeef1b82d99ee385e75e188924,94.67853277260939,0.9540914105001292,395e5bc3c55470c4f33c1ff385f250158293ef1a5e2e28584dca59dafc577838,9.699254810504696,-57.31433047804334,2.0088012346533238e-37,-2.0088012346533237e-40,-57.31433047804334,2.0088012346533237e-40,10.000000000000027,10.000000000000032,9.333210375326814e-14,0.272281243372282,0.058538212592278684,-0.10156315374507366,0.0,"[10.0,10.0,10.0]","[3.333333333333333,3.333333333333333,3.333333333333333]",1.5877064685179057e-146,1.0,True,"Midpoint of the global spectral gap; Float64 counts equal at its 1/4,1/2,3/4 points","[[1.5877064685179057e-146,1.5877064685179057e-146],[3.414844490935485e-114,3.414836097680097e-114],[3.4148444909366496e-114,3.414836097678544e-114]]",0,0.0,"[1.12317698775996e-15,-7.173054546898739e-15,-3.031575175694635e-15]","{""PspCorrection"":0.09187494522099392,""Ewald"":-14.186487397403095,""Kinetic"":29.63487717111451,""AtomicNonlocalFR"":-14.407063798291396,""AtomicLocal"":-80.40464689989284,""Hartree"":29.2213030139131,""Xc"":-7.264187512704612}",PASS,3.4148444909366496e-114,1.2773521239675142e-34
27,iteration,CONTINUE,0.12308424139041886,0.012308424139041985,0.012308424139041985,False,False,linear_mixing,,32408883a304968fffb32e24471501dde98c87eb054f7b89688bc5282aabb8ec,10.00000000000002,8c13c2e5f09ea8c3f7215c77b5481b62070a183c49c80049e98c4683ed66e1c0,10.000000000000007,a89876dad797de8032f95484dec83c217f6d62b2cddb2beb1e64e4e661df8e9d,10.000000000000021,24,9.967527472208119e-11,3.195927730905476e-14,88dd730359c7f468c7030081d2381c3044e98e3c7fb806a03bf118734e2633e0,93.96404120064017,0.8206197901048862,0c66577fc506f35db9a9462d59b62336098a16f932b88964b23adfaf24516d91,9.700237471086867,-57.317479599220285,7.752401372614701e-37,-7.7524013726147e-40,-57.317479599220285,7.7524013726147e-40,10.000000000000007,10.000000000000009,1.5172854862933014e-13,0.23141023962360147,0.04970079298829203,-0.09804982649992158,0.0,"[10.0,10.0,10.0]","[3.333333333333333,3.333333333333333,3.333333333333333]",5.957570990114582e-146,1.0,True,"Midpoint of the global spectral gap; Float64 counts equal at its 1/4,1/2,3/4 points","[[5.957570990122709e-146,5.957570990114582e-146],[2.7995228432147403e-113,2.7995175660987366e-113],[2.799522843219355e-113,2.7995175660996916e-113]]",0,0.0,"[-4.979993385714224e-15,6.229454178504228e-15,-3.0660748276363026e-15]","{""PspCorrection"":0.09187494522099392,""Ewald"":-14.186487397403095,""Kinetic"":29.552569325742944,""AtomicNonlocalFR"":-14.379608743060587,""AtomicLocal"":-80.26084251853744,""Hartree"":29.116202580574942,""Xc"":-7.251187791758044}",PASS,2.799522843219355e-113,5.057001085369107e-35
28,iteration,CONTINUE,0.10839197339808439,0.01083919733980851,0.01083919733980851,False,False,linear_mixing,,a89876dad797de8032f95484dec83c217f6d62b2cddb2beb1e64e4e661df8e9d,10.000000000000021,adbe254594dfa65e04f7b00e739e753cc9ca221234e8625ac7ac124936aae657,10.000000000000009,eb9737e86bcdc806021b798487b3b6f3e011c51ba7830d47edbfe7efa4a6243e,10.000000000000021,24,8.227784887128407e-11,3.096021440454878e-14,2c494f3e914645101a54a61a594243eaff50086be4cc30b36db2b797b816576e,93.35784833427878,0.7107047758655581,9da126e3b66a19d70c8bc4b0f79c4d1758047b7e92ce67bc96698322d8294404,9.701109283914445,-57.31977419272758,2.2997291500659624e-36,-2.2997291500659624e-39,-57.31977419272758,2.2997291500659624e-39,10.000000000000009,10.000000000000012,6.490163041025156e-14,0.19662436008859202,0.04226908984823203,-0.09511524234772135,0.0,"[10.0,10.0,10.0]","[3.333333333333333,3.333333333333333,3.333333333333333]",1.872171357271503e-145,1.0,True,"Midpoint of the global spectral gap; Float64 counts equal at its 1/4,1/2,3/4 points","[[1.87217135727427e-145,1.872171357271503e-145],[1.5446500119301426e-112,1.544647848613892e-112],[1.544650011931284e-112,1.5446478486150334e-112]]",0,0.0,"[-2.9458975540246654e-15,7.364331274964413e-15,1.4119697241176733e-15]","{""PspCorrection"":0.09187494522099392,""Ewald"":-14.186487397403095,""Kinetic"":29.482314294073696,""AtomicNonlocalFR"":-14.355969777973923,""AtomicLocal"":-80.1379508364871,""Hartree"":29.026550424231942,""Xc"":-7.240105844390099}",PASS,1.544650011931284e-112,2.4458844864205964e-35
29,iteration,CONTINUE,0.09568405888656199,0.009568405888656253,0.009568405888656253,False,False,linear_mixing,,eb9737e86bcdc806021b798487b3b6f3e011c51ba7830d47edbfe7efa4a6243e,10.000000000000021,1e2bb8284b58992be769211ddde90dca41d0bdb983c0f6546e65a83fbb0a7834,10.000000000000007,1276d87e5243259b8055be96c9c94f972039590d28ae45b69ab8918d080fd489,10.00000000000002,24,9.158384583104811e-11,2.7720218258237902e-14,deedd8a95f8d3f2c974f815c2ae3b6498fa9bfe282f47aff68fc4e59454202e3,92.84382065193371,0.6208156338427226,2c26f48e9471a2cc43b1076e70b93dcd46de238361d1138f2e9bb21ed45106f7,9.701881969969374,-57.32144481252264,5.5199004416416935e-36,-5.5199004416416936e-39,-57.32144481252264,5.5199004416416936e-39,10.000000000000007,10.000000000000007,5.457299658507957e-14,0.16703760993066602,0.03601348038531232,-0.09265864951110021,0.0,"[10.0,10.0,10.0]","[3.333333333333333,3.333333333333333,3.333333333333333]",5.073837714142319e-145,1.0,True,"Midpoint of the global spectral gap; Float64 counts equal at its 1/4,1/2,3/4 points","[[5.073837714145492e-145,5.073837714142319e-145],[6.186891430316834e-112,6.186884142753203e-112],[6.1868914303052285e-112,6.18688414275461e-112]]",0,0.0,"[2.126095063317727e-15,-8.433283458409335e-15,3.430448496270842e-16]","{""PspCorrection"":0.09187494522099392,""Ewald"":-14.186487397403095,""Kinetic"":29.42238718257598,""AtomicNonlocalFR"":-14.335643370945279,""AtomicLocal"":-80.03310355520476,""Hartree"":28.950197094552443,""Xc"":-7.230669711318932}",PASS,6.186891430316834e-112,1.3788760131247962e-35
30,iteration,CONTINUE,0.08466504692146193,0.008466504692146276,0.008466504692146276,False,False,linear_mixing,,1276d87e5243259b8055be96c9c94f972039590d28ae45b69ab8918d080fd489,10.00000000000002,d706a6c9bfff051bc46a090945df0c3ce25e4367367a5968617bb8fb7600d3ea,10.000000000000007,450296f7c991926304e04bc2a49347e7a92a0d987e1f7d5d6a42c4d586781657,10.00000000000002,24,9.970616688892907e-11,2.9275911514457766e-14,7d40c2c2a955faa086afa82d5ca8ed4c975549ed9d1a9947e2ea1d2dcbadee30,92.40816680933497,0.5473292022624513,56014db770d8ea3dd4c8331a280fc914d2647ae8805ac90f1cf311d905474129,9.70256640533168,-57.32266103394468,1.1172143092268868e-35,-1.1172143092268869e-38,-57.32266103394468,1.1172143092268869e-38,10.000000000000007,10.000000000000009,1.5208868179729908e-13,0.14188464903276182,0.030741296942288256,-0.09059813090529156,0.0,"[10.0,10.0,10.0]","[3.333333333333333,3.333333333333333,3.333333333333333]",1.2138923721261318e-144,1.0,True,"Midpoint of the global spectral gap; Float64 counts equal at its 1/4,1/2,3/4 points","[[1.2138923721273739e-144,1.2138923721261318e-144],[1.9115112263573745e-111,1.911508657996676e-111],[1.911511226358135e-111,1.911508657998415e-111]]",0,0.0,"[5.310548189008429e-15,2.0376525819716977e-15,-2.1493884553051498e-17]","{""PspCorrection"":0.09187494522099392,""Ewald"":-14.186487397403095,""Kinetic"":29.371291833536823,""AtomicNonlocalFR"":-14.318184394011702,""AtomicLocal"":-79.94375384770372,""Hartree"":28.885238820892102,""Xc"":-7.222640994476078}",PASS,1.911511226358135e-111,8.719395084757941e-36
31,iteration,CONTINUE,0.07508459245316979,0.00750845924531704,0.00750845924531704,False,False,linear_mixing,,450296f7c991926304e04bc2a49347e7a92a0d987e1f7d5d6a42c4d586781657,10.00000000000002,a0248c21be8c0255355448dd805c5bb7230028e978e4ee6bdaaf6c4485e9a65b,10.000000000000034,a97fb6a77fc7b758d3b0f190551d7f198a03675adeae2f2750a640cf265f3cc4,10.000000000000018,24,9.478453522954653e-11,3.3211517969501535e-14,35d9e889868929bb22982854ddcb9ed0ef0d783bc2015b2d05ce3bc4894d38d1,92.03910592454598,0.48687314107815677,6a732b5d56a2b23da77b4c8a0be86856d5113d2a9ff70a66db31504da73d6b31,9.703172496543864,-57.32354688525617,1.971016595319893e-35,-1.971016595319893e-38,-57.32354688525617,1.971016595319893e-38,10.000000000000034,10.000000000000036,1.0713461098456601e-13,0.12050756413094676,0.02629167038530226,-0.08886678726703719,0.0,"[10.0,10.0,10.0]","[3.333333333333333,3.333333333333333,3.333333333333333]",2.612457884341997e-144,1.0,True,"Midpoint of the global spectral gap; Float64 counts equal at its 1/4,1/2,3/4 points","[[2.612457884348234e-144,2.612457884341997e-144],[4.7835083527393385e-111,4.783499948678027e-111],[4.7835083527352604e-111,4.783499948680202e-111]]",0,0.0,"[-2.691097088187818e-15,-2.261060323263959e-15,6.271206418948633e-16]","{""PspCorrection"":0.09187494522099392,""Ewald"":-14.186487397403095,""Kinetic"":29.327737705666944,""AtomicNonlocalFR"":-14.303201820541906,""AtomicLocal"":-79.86766828372792,""Hartree"":28.8300107526565,""Xc"":-7.215812787127681}",PASS,4.7835083527393385e-111,5.9906874889516914e-36
32,iteration,CONTINUE,0.06673110865804137,0.006673110865804205,0.006673110865804205,False,False,linear_mixing,,a97fb6a77fc7b758d3b0f190551d7f198a03675adeae2f2750a640cf265f3cc4,10.000000000000018,2bb678d844c0bc5060e835674af23b0b19e54412af599873530e2f1e2b7cffb9,10.000000000000004,36c9a706c4a6e696890791e02706fcc5d27b04f9dfbbcc6f41b001461f9b008b,10.000000000000018,24,9.769159242222096e-11,3.336493180988051e-14,aeb45f275dccd880c2f275e9ba8e5e60326f2998e0b04113bf1ddbaa74290b9a,91.72658107899365,0.43670687035243655,784faa3ccbfef40f6eea8c55d8ac2d67efca21fbe910f241e72b1eee70ea3007,9.7037091944745,-57.32419272430228,3.112635130745501e-35,-3.112635130745501e-38,-57.32419272430228,3.112635130745501e-38,10.000000000000004,10.000000000000007,7.911799364489651e-14,0.10234292437587184,0.02253069248377177,-0.08740974109977018,0.0,"[10.0,10.0,10.0]","[3.333333333333333,3.333333333333333,3.333333333333333]",5.135968226427356e-144,1.0,True,"Midpoint of the global spectral gap; Float64 counts equal at its 1/4,1/2,3/4 points","[[5.135968226436991e-144,5.135968226427356e-144],[1.0084836685274109e-110,1.0084814024618533e-110],[1.0084836685272962e-110,1.0084814024601623e-110]]",0,0.0,"[-1.8202659338531436e-15,1.2883702186098567e-15,5.695064137346915e-16]","{""PspCorrection"":0.09187494522099392,""Ewald"":-14.186487397403095,""Kinetic"":29.290616286089268,""AtomicNonlocalFR"":-14.290353901771146,""AtomicLocal"":-79.80290683873115,""Hartree"":28.783071014145808,""Xc"":-7.210006831852958}",PASS,1.0084836685274109e-110,4.3553275481202263e-36
33,iteration,CONTINUE,0.05942607512666031,0.005942607512666083,0.005942607512666083,False,False,linear_mixing,,36c9a706c4a6e696890791e02706fcc5d27b04f9dfbbcc6f41b001461f9b008b,10.000000000000018,367cbefbcf5664cd7a81924a7405b7c7703c641d46597d4c60604c3be1e11827,10.000000000000025,ccd4bbf9cb1c822e2341c797e5b42a11b9b5e6d21139b1256bd168b72bce1ae2,10.000000000000023,24,9.68614899299133e-11,3.3046200319167535e-14,05bccfa1ce8174c5f0cdd7f0cc3cf13984578c1fe35559aeb57fe0af3f1cc775,91.46201736507567,0.394901407000481,c2a1d2fea7fff8e7c50592acd881ca0d07d90c3a943495d5decc78febf018c2b,9.70418457154461,-57.324664209182245,4.4945321891656925e-35,-4.4945321891656926e-38,-57.324664209182245,4.4945321891656926e-38,10.000000000000025,10.000000000000027,1.795752638829952e-13,0.08690960079682915,0.019347043119291616,-0.08618178162952865,0.0,"[10.0,10.0,10.0]","[3.333333333333333,3.333333333333333,3.333333333333333]",9.341688777927043e-144,1.0,True,"Midpoint of the global spectral gap; Float64 counts equal at its 1/4,1/2,3/4 points","[[9.341688777944036e-144,9.341688777927043e-144],[1.8489983280030872e-110,1.8489932651895113e-110],[1.848998328001931e-110,1.848993265191088e-110]]",0,0.0,"[-3.359836507003203e-15,-2.2797682618595707e-15,6.277293832982313e-15]","{""PspCorrection"":0.09187494522099392,""Ewald"":-14.186487397403095,""Kinetic"":29.258978397509566,""AtomicNonlocalFR"":-14.279343194123442,""AtomicLocal"":-79.74779654545247,""Hartree"":28.743179968382563,""Xc"":-7.20507038331635}",PASS,1.8489983280030872e-110,3.279795286191206e-36
34,iteration,CONTINUE,0.05301901481000748,0.005301901481000798,0.005301901481000798,False,False,linear_mixing,,ccd4bbf9cb1c822e2341c797e5b42a11b9b5e6d21139b1256bd168b72bce1ae2,10.000000000000023,64be10b017102d7aa894e0cc128a8477567032cce3b778ba5505aa85405efaf0,10.000000000000023,18c94a495d39f31414a0d10a6cbf4ad30a3d8953610489bded041e459fc30bd7,10.00000000000002,24,8.186491920707416e-11,3.3443965766212664e-14,19aaaa82976376eb3c7762dbf6a97ad2bb10fb1cf84219735876f8e9a0966bde,91.23811714751318,0.36021464695769384,84cbb826493fdd71995bf6d5cf47077c00d64accda6ed1d487a57371fa334f89,9.704605909854568,-57.32500897916577,6.036049516607976e-35,-6.036049516607976e-38,-57.32500897916577,6.036049516607976e-38,10.000000000000023,10.000000000000021,1.6816724473378937e-13,0.07379761222698421,0.01664815501915457,-0.08514551223207147,0.0,"[10.0,10.0,10.0]","[3.333333333333333,3.333333333333333,3.333333333333333]",1.5888331771556346e-143,1.0,True,"Midpoint of the global spectral gap; Float64 counts equal at its 1/4,1/2,3/4 points","[[1.5888331771585248e-143,1.5888331771556346e-143],[3.024815804914403e-110,3.0248061199850436e-110],[3.024815804913113e-110,3.0248061199859034e-110]]",0,0.0,"[3.198089035961239e-15,-4.0487316265279726e-16,-1.5564982147538457e-15]","{""PspCorrection"":0.09187494522099392,""Ewald"":-14.186487397403095,""Kinetic"":29.23201314209644,""AtomicNonlocalFR"":-14.269911685692065,""AtomicLocal"":-79.70090252628891,""Hartree"":28.709277607114405,""Xc"":-7.2008730642135355}",PASS,3.024815804914403e-110,2.515963353353504e-36
35,iteration,CONTINUE,0.047383118804392894,0.004738311880439335,0.004738311880439335,False,False,linear_mixing,,18c94a495d39f31414a0d10a6cbf4ad30a3d8953610489bded041e459fc30bd7,10.00000000000002,21a51e84c58ccaaf166ebb62084a4d67820700548432f6e7dd528a169e261748,10.00000000000002,69471dbad36d6096d78f137ed3a078d40f3778d7276e20ccc39a3e2f8e77ffb9,10.000000000000023,24,9.713792291216241e-11,3.101944444551913e-14,a1d4cafff47f9ebb0fec2d4066689b0962ceba66aef02d0942968625786d6f83,91.04868314007335,0.33177044239729525,9c3b84119e90448a32bc8cf32d51ef45a3551e729d7431517e2263f4dc1a4d0c,9.704979774143306,-57.32526157810233,7.642968264493745e-35,-7.642968264493744e-38,-57.32526157810233,7.642968264493744e-38,10.00000000000002,10.000000000000023,1.1267233625265816e-13,0.06265811586836043,0.014356940780327506,-0.08426989156071342,0.0,"[10.0,10.0,10.0]","[3.333333333333333,3.333333333333333,3.333333333333333]",2.5495939944160425e-143,1.0,True,"Midpoint of the global spectral gap; Float64 counts equal at its 1/4,1/2,3/4 points","[[2.5495939944216945e-143,2.5495939944160425e-143],[4.5080002446827514e-110,4.507983890435131e-110],[4.508000244684673e-110,4.507983890445381e-110]]",0,0.0,"[2.6777740680829664e-16,-2.747566431378587e-17,1.7160583638302297e-15]","{""PspCorrection"":0.09187494522099392,""Ewald"":-14.186487397403095,""Kinetic"":29.209028840262512,""AtomicNonlocalFR"":-14.261836178863977,""AtomicLocal"":-79.66099886865223,""Hartree"":28.680460964236747,""Xc"":-7.197303882903279}",PASS,4.508000244684673e-110,1.94098133382402e-36
36,iteration,CONTINUE,0.042411476530757955,0.004241147653075836,0.004241147653075836,False,False,linear_mixing,,69471dbad36d6096d78f137ed3a078d40f3778d7276e20ccc39a3e2f8e77ffb9,10.000000000000023,53e1514d6b572ac3f5f14d4047cec5e49cc59369a5242fcd004be42b61924912,10.000000000000016,c1515fce1e2afe91b75364a3c68d6f6ad37b5acc629466baea550db80d8285c7,10.00000000000002,24,9.515238147308382e-11,2.76846717453694e-14,08612c36986bf410aa839b2ba9a889db79f71b34f4fc57d62cdc29042e76c747,90.88846205331454,0.3087405011408806,e2b444343a6561c05569ce0f2137fd383f71432d81c2ea94f3246e957c88c575,9.70531206401772,-57.32544705478184,9.225287794160263e-35,-9.225287794160264e-38,-57.32544705478184,9.225287794160264e-38,10.000000000000016,10.000000000000016,1.9641727298286936e-13,0.05319456656544774,0.012409062787781065,-0.08352908040795405,0.0,"[10.0,10.0,10.0]","[3.333333333333333,3.333333333333333,3.333333333333333]",3.889492880571175e-143,1.0,True,"Midpoint of the global spectral gap; Float64 counts equal at its 1/4,1/2,3/4 points","[[3.889492880581124e-143,3.889492880571175e-143],[6.224682108120076e-110,6.224657124926011e-110],[6.224682108124676e-110,6.224657124940518e-110]]",0,0.0,"[-6.12216388294139e-16,1.7453202096987187e-15,4.283420203276579e-15]","{""PspCorrection"":0.09187494522099392,""Ewald"":-14.186487397403095,""Kinetic"":29.189436087907385,""AtomicNonlocalFR"":-14.254924019551753,""AtomicLocal"":-79.6270409110106,""Hartree"":28.655962745402785,""Xc"":-7.1942685053475595}",PASS,6.224682108124676e-110,1.49078621292352e-36
37,iteration,CONTINUE,0.038013856428278245,0.00380138564282787,0.00380138564282787,False,False,linear_mixing,,c1515fce1e2afe91b75364a3c68d6f6ad37b5acc629466baea550db80d8285c7,10.00000000000002,49b495355f32f52f8b0ec2ca53edf5f3ff50ffce6639444d3199ed2ea7288922,10.000000000000016,5fdb6e010bde5a97b78bb3836f46e10472c0ee89c0b4a13b7f2842b993b54b82,10.000000000000021,24,9.917860529180531e-11,2.906069082650605e-14,caa0e0a78913bf80d690021a95d16716dedea2f85ef43ccbfb9abb0798f04c01,90.75300524249266,0.29017910193138785,ff16f1beaf0acb8b5294d49a35108076d712eb9c3b5a73cee052f9e71c4b4460,9.705608050976021,-57.32558358172554,1.0709147178380895e-34,-1.0709147178380896e-37,-57.32558358172554,1.0709147178380896e-37,10.000000000000016,10.000000000000018,1.9294025994639092e-13,0.04515500695707508,0.010750694238729324,-0.08290152335531135,0.0,"[10.0,10.0,10.0]","[3.333333333333333,3.333333333333333,3.333333333333333]",5.677172971481522e-143,1.0,True,"Midpoint of the global spectral gap; Float64 counts equal at its 1/4,1/2,3/4 points","[[5.677172971494108e-143,5.677172971481522e-143],[8.073452443695276e-110,8.073417243835624e-110],[8.073452443697111e-110,8.07341724384136e-110]]",0,0.0,"[1.6133158191804728e-15,-2.711133658758973e-15,-4.848628348320429e-16]","{""PspCorrection"":0.09187494522099392,""Ewald"":-14.186487397403095,""Kinetic"":29.172732908630223,""AtomicNonlocalFR"":-14.249009216430036,""AtomicLocal"":-79.59813985563561,""Hartree"":28.635131857963614,""Xc"":-7.191686824071628}",PASS,8.073452443697111e-110,1.1300965670849413e-36
38,iteration,CONTINUE,0.03411397693045605,0.0034113976930456465,0.0034113976930456465,False,False,linear_mixing,,5fdb6e010bde5a97b78bb3836f46e10472c0ee89c0b4a13b7f2842b993b54b82,10.000000000000021,703798383da5792930918708d1c36748690edbd8c6b06bd87e1fe1e9b0ee6a1c,10.000000000000016,152ffc8c0f46b9a7410de7e5cd9ae6825711864ff75dc526ba0a50634f94ef4b,10.00000000000002,24,9.927570291699686e-11,3.3478223855844004e-14,aa1bde447880680608800eaaa86c5ebbc6a34ba9c1e84df951c8cdc1670b09e5,90.63854556709862,0.2750420589380684,5d48ff6d64321e338b0ebf375ee0298acf723613199e6eebb2dfe6ffb186cacb,9.705872408927723,-57.325684353537554,1.2042241632811384e-34,-1.2042241632811385e-37,-57.325684353537554,1.2042241632811385e-37,10.000000000000016,10.000000000000016,1.4669023317139939e-13,0.0383254101783057,0.009336700742104128,-0.08236920992275773,0.0,"[10.0,10.0,10.0]","[3.333333333333333,3.333333333333333,3.333333333333333]",7.971780230065757e-143,1.0,True,"Midpoint of the global spectral gap; Float64 counts equal at its 1/4,1/2,3/4 points","[[7.971780230085241e-143,7.971780230065757e-143],[9.94662044376971e-110,9.946573998315047e-110],[9.946620443766318e-110,9.946573998293844e-110]]",0,0.0,"[-1.3115562131888584e-15,-1.792211163701232e-15,8.766111471900074e-15]","{""PspCorrection"":0.09187494522099392,""Ewald"":-14.186487397403095,""Kinetic"":29.1584918822719,""AtomicNonlocalFR"":-14.24394896088339,""AtomicLocal"":-79.57354014082173,""Hartree"":28.617416151153257,""Xc"":-7.189490833075479}",PASS,9.94662044376971e-110,8.38067430583057e-37
39,iteration,CONTINUE,0.030647206945386522,0.003064720694538706,0.003064720694538706,False,False,linear_mixing,,152ffc8c0f46b9a7410de7e5cd9ae6825711864ff75dc526ba0a50634f94ef4b,10.00000000000002,b5beaadaf2ebcfca7f5ad45411b6ae96ec1ebc8912428697a3020269a77598f1,10.000000000000018,7208eb4a4263f73363c58b13a8024c92d80bfbf0161d986ebbf02107802dfdfe,10.00000000000002,24,9.84612501463214e-11,3.399941439911572e-14,60a154aab354a8efb0d53d8557ef2e7d224c4581b813e7713f409dade5985bd7,90.54189065763819,0.26231507147622896,f37abfba67a7d4bc7b93dc4d3cba15b1aab9dc8b8776d422bd0178a45a69a117,9.706109245499585,-57.32575896043083,1.3194073552639852e-34,-1.3194073552639852e-37,-57.32575896043083,1.3194073552639852e-37,10.000000000000018,10.000000000000018,1.8581606245489032e-13,0.03252397402680026,0.008129167185915479,-0.08191707370360682,0.0,"[10.0,10.0,10.0]","[3.333333333333333,3.333333333333333,3.333333333333333]",1.0818723515721645e-142,1.0,True,"Midpoint of the global spectral gap; Float64 counts equal at its 1/4,1/2,3/4 points","[[1.081872351573825e-142,1.0818723515721645e-142],[1.1747635398001175e-109,1.1747577302878441e-109],[1.1747635398014863e-109,1.174757730289814e-109]]",0,0.0,"[1.80612741540753e-15,-2.576805961297961e-15,-4.25923402450068e-15]","{""PspCorrection"":0.09187494522099392,""Ewald"":-14.186487397403095,""Kinetic"":29.146349077086743,""AtomicNonlocalFR"":-14.239620537551826,""AtomicLocal"":-79.55259966703692,""Hartree"":28.602347415188056,""Xc"":-7.1876227959347885}",PASS,1.1747635398014863e-109,6.0121438052969395e-37
40,iteration,CONTINUE,0.02755863795379568,0.002755863795379615,0.002755863795379615,False,False,linear_mixing,,7208eb4a4263f73363c58b13a8024c92d80bfbf0161d986ebbf02107802dfdfe,10.00000000000002,bc0dfb93202208fcceb658f12ec9eb0487ceeae25a6b5a9bf0227743b5a79d5e,10.000000000000012,c78473532f99a2cf56aefa2dfdea2a04d31d58089b5bbe38b299e4adacd69106,10.00000000000002,24,9.215349225303143e-11,2.857687839972001e-14,385f8f74ab96dc559185fc75178622a7bbc2d64a6881b5466a8ae05bb606e242,90.46033233949802,0.2511438864149929,c0014869d221d8841eb1c9e443f568937be530aac1bb425fa61882a0719726ea,9.706322138306696,-57.32581438127072,1.4153002325263823e-34,-1.4153002325263824e-37,-57.32581438127072,1.4153002325263824e-37,10.000000000000012,10.000000000000012,1.6276453919084772e-13,0.02759625556807465,0.0070962001493918014,-0.08153249912650767,0.0,"[10.0,10.0,10.0]","[3.333333333333333,3.333333333333333,3.333333333333333]",1.4246637121050878e-142,1.0,True,"Midpoint of the global spectral gap; Float64 counts equal at its 1/4,1/2,3/4 points","[[1.4246637121069503e-142,1.4246637121050878e-142],[1.3401636232458688e-109,1.3401566670254655e-109],[1.3401636232469735e-109,1.34015666702398e-109]]",0,0.0,"[1.3172721887995065e-15,2.8223779607814664e-15,-2.208018381848198e-15]","{""PspCorrection"":0.09187494522099392,""Ewald"":-14.186487397403095,""Kinetic"":29.135994585520326,""AtomicNonlocalFR"":-14.235918602409074,""AtomicLocal"":-79.53477275023057,""Hartree"":28.589528519543673,""Xc"":-7.18603368151297}",PASS,1.3401636232469735e-109,4.098979277642014e-37
41,iteration,CONTINUE,0.024801474389382985,0.002480147438938338,0.002480147438938338,False,False,linear_mixing,,c78473532f99a2cf56aefa2dfdea2a04d31d58089b5bbe38b299e4adacd69106,10.00000000000002,f7f4917d80ef7e00d95791e6400c244795322c17e78e8f3248c4e4eb7658b30a,10.000000000000016,aa208399cf083083465354ae3dfd240d13e4e9ff49c43896ec4fc47ffb75ee55,10.00000000000002,24,9.872113338060098e-11,3.046107446986906e-14,5f618c8d0c3a24d3d4e968c276ead43c488bf697e5f5a730c4c2599f5f776ec1,90.39157097140786,0.24089941384822228,5ecd28742024639734892229719d6faf31d384f3c9d8873b9d65106b7724b7ea,9.706514177321537,-57.32585570152105,1.4921862221586388e-34,-1.4921862221586387e-37,-57.32585570152105,1.4921862221586387e-37,10.000000000000016,10.000000000000018,1.2279394095980754e-13,0.023411035829254887,0.006210947317685883,-0.08120491379560056,0.0,"[10.0,10.0,10.0]","[3.333333333333333,3.333333333333333,3.333333333333333]",1.8265716132652855e-142,1.0,True,"Midpoint of the global spectral gap; Float64 counts equal at its 1/4,1/2,3/4 points","[[1.8265716132706844e-142,1.8265716132652855e-142],[1.4859193344065275e-109,1.4859112977279362e-109],[1.4859193344062318e-109,1.4859112977245576e-109]]",0,0.0,"[-3.5724023793922274e-15,4.307830704335616e-15,3.6898068083465567e-16]","{""PspCorrection"":0.09187494522099392,""Ewald"":-14.186487397403095,""Kinetic"":29.12716446010279,""AtomicNonlocalFR"":-14.232752798693399,""AtomicLocal"":-79.51959555592354,""Hartree"":28.578622481264247,""Xc"":-7.184681836089043}",PASS,1.4859193344065275e-109,2.565983723140871e-37
42,iteration,CONTINUE,0.022335694444156402,0.0022335694444156735,0.0022335694444156735,False,False,linear_mixing,,aa208399cf083083465354ae3dfd240d13e4e9ff49c43896ec4fc47ffb75ee55,10.00000000000002,3d2285ad7dea39ff8fd5f964326f635aae2dcef7ab56095d13cbf2d54e3d30e8,10.000000000000007,337c18b1bad763ba3d28ead67da18476e13f55367b989ef2ef9f29ed2f17e513,10.000000000000021,24,9.301663726618903e-11,2.329093414172929e-14,97c22869a84cebd844c021871a493d946fafcd9a8c118f3b6adf80ea9f28e21a,90.33365266100122,0.23117175991052233,fe37aa78c1a21d7968e508db8790452653a52c4b70b46841931bce2519096f2e,9.706688012286365,-57.32588663252297,1.5513402053567682e-34,-1.5513402053567682e-37,-57.32588663252297,1.5513402053567682e-37,10.000000000000007,10.000000000000012,1.0207681739175696e-13,0.01985681109872727,0.005640120996181185,-0.08092545014648486,0.0,"[10.0,10.0,10.0]","[3.333333333333333,3.333333333333333,3.333333333333333]",2.2867436539370676e-142,1.0,True,"Midpoint of the global spectral gap; Float64 counts equal at its 1/4,1/2,3/4 points","[[2.2867436539408372e-142,2.2867436539370676e-142],[1.6094989089403971e-109,1.6094898923694864e-109],[1.6094989089394822e-109,1.6094898923678396e-109]]",0,0.0,"[-5.689414583925864e-15,1.454971196504599e-15,-8.1792508353838e-15]","{""PspCorrection"":0.09187494522099392,""Ewald"":-14.186487397403095,""Kinetic"":29.119633855420503,""AtomicNonlocalFR"":-14.230045678238715,""AtomicLocal"":-79.50667371682769,""Hartree"":28.569343218968434,""Xc"":-7.183531859663394}",PASS,1.6094989089403971e-109,1.3509075108600868e-37
43,iteration,CONTINUE,0.020126939012535074,0.0020126939012535313,0.0020126939012535313,False,False,linear_mixing,,337c18b1bad763ba3d28ead67da18476e13f55367b989ef2ef9f29ed2f17e513,10.000000000000021,0fa620f77aaba7c02aedb2f8d276f2ecb40bc8fec8e1f0c30955beda9d8bdd7e,10.000000000000005,339392fceea1a703bb8d2d87559eb412dbad551b756736c5f908175f8e6e7490,10.000000000000018,24,9.90384900506161e-11,2.7604317046603163e-14,31f21a6f5a1b908f9614f9a7460a37d206bff1ba4a65b0b545234e7f315fc274,90.2849170425846,0.22172236209452814,eeae3653e14d5b40cd3d285d05e6ef1f9b18d2229020da3808acfff3c3a99416,9.706845902942343,-57.325909887325246,1.5946268425492197e-34,-1.5946268425492198e-37,-57.325909887325246,1.5946268425492198e-37,10.000000000000005,10.000000000000004,9.992034626807333e-14,0.016838818026866122,0.005165714458407053,-0.08068666403779036,0.0,"[10.0,10.0,10.0]","[3.333333333333333,3.333333333333333,3.333333333333333]",2.8025536240785266e-142,1.0,True,"Midpoint of the global spectral gap; Float64 counts equal at its 1/4,1/2,3/4 points","[[2.802553624085536e-142,2.8025536240785266e-142],[1.7103599123793418e-109,1.7103500370564203e-109],[1.7103599123787584e-109,1.7103500370573438e-109]]",0,0.0,"[-2.7386845671435896e-16,9.17907153189709e-17,-6.9471641218459826e-15]","{""PspCorrection"":0.09187494522099392,""Ewald"":-14.186487397403095,""Kinetic"":29.113211200700373,""AtomicNonlocalFR"":-14.227730895611026,""AtomicLocal"":-79.49567183428098,""Hartree"":28.56144775025501,""Xc"":-7.182553656206522}",PASS,1.7103599123793418e-109,4.0060583687986597e-38
44,iteration,CONTINUE,0.01814559191738779,0.0018145591917388228,0.0018145591917388228,False,False,linear_mixing,,339392fceea1a703bb8d2d87559eb412dbad551b756736c5f908175f8e6e7490,10.000000000000018,c0d15feac2c8e1e554c987eeac320454ab303edd6b23c7070709f9b4f6b0c71b,10.0,ec97c4621ff15aac30c801b2162f3568a30d9c4670bcdbe5f18e195e86d7aa8d,10.000000000000016,24,9.623009492340533e-11,2.7868053049143563e-14,1f8fc2c1316d87c45a69b5c7ea3fdaa43b1cda8a237d17997554f65d7f3151ba,90.24395348769491,0.2124266414834088,17fd6cc76e7ba6527b2c52296a75789af5e6ffecbdfae18fcc44781ddb34bbdb,9.706989769536838,-57.32592745290274,1.6241840067422904e-34,-1.6241840067422904e-37,-57.32592745290274,1.6241840067422904e-37,10.0,10.0,8.144967786547106e-14,0.014276511503887493,0.00481483567090873,-0.08048230050446681,0.0,"[10.0,10.0,10.0]","[3.333333333333333,3.333333333333333,3.333333333333333]",3.36980298540126e-142,1.0,True,"Midpoint of the global spectral gap; Float64 counts equal at its 1/4,1/2,3/4 points","[[3.36980298540873e-142,3.36980298540126e-142],[1.7894205701555074e-109,1.7894099658527335e-109],[1.7894205701539309e-109,1.7894099658497328e-109]]",0,0.0,"[1.5900495971810402e-15,-8.16127214666084e-15,2.2804214876300747e-15]","{""PspCorrection"":0.09187494522099392,""Ewald"":-14.186487397403095,""Kinetic"":29.107733248803488,""AtomicNonlocalFR"":-14.225751643787968,""AtomicLocal"":-79.48630458535573,""Hartree"":28.554729610541127,""Xc"":-7.181721630921555}",PASS,1.7894205701555074e-109,3.3082098036619327e-38
45,iteration,CONTINUE,0.016366019649064863,0.001636601964906522,0.001636601964906522,False,False,linear_mixing,,ec97c4621ff15aac30c801b2162f3568a30d9c4670bcdbe5f18e195e86d7aa8d,10.000000000000016,875337cfe3cde7d8dbd549747c9066776d3b34216ac0358f9ef68fec0737f35a,10.000000000000007,29d3502b37e7f61ef896a08b7ce3fbc676b1f90ff2764873317f8b02601c6533,10.000000000000016,24,9.641613504063896e-11,3.0358921683118526e-14,63b563afb78f80330e3d597f680435f820afb92cdbd5351677c363f3861073d1,90.20956404395241,0.20322689215530043,a2900c7c6c7e5e880a4114fb88609ab06c1dfb5d9d6e6a3fadc853cd7e3ea1ae,9.707121241335917,-57.325940787489586,1.6421952295363696e-34,-1.6421952295363696e-37,-57.325940787489586,1.6421952295363696e-37,10.000000000000007,10.00000000000001,7.37639480621234e-14,0.012101425733536798,0.004501761441838858,-0.08030709872639978,0.0,"[10.0,10.0,10.0]","[3.333333333333333,3.333333333333333,3.333333333333333]",3.982996734507952e-142,1.0,True,"Midpoint of the global spectral gap; Float64 counts equal at its 1/4,1/2,3/4 points","[[3.982996734512707e-142,3.982996734507952e-142],[1.8485472987665766e-109,1.8485360945632312e-109],[1.848547298770412e-109,1.84853609456486e-109]]",0,0.0,"[-3.44458985608186e-16,4.1740592004301477e-16,1.9071353383245254e-15]","{""PspCorrection"":0.09187494522099392,""Ewald"":-14.186487397403095,""Kinetic"":29.10306086858109,""AtomicNonlocalFR"":-14.22405930225771,""AtomicLocal"":-79.47832918944898,""Hartree"":28.54901329910154,""Xc"":-7.1810140112834215}",PASS,1.848547298770412e-109,8.826835978232543e-38
46,iteration,CONTINUE,0.014765943433719023,0.0014765943433719519,0.0014765943433719519,False,False,linear_mixing,,29d3502b37e7f61ef896a08b7ce3fbc676b1f90ff2764873317f8b02601c6533,10.000000000000016,fb9e256d6645a53bc1c064fc6b97471723822aff8c9c91dccc7a05ab3d5583f2,10.000000000000009,63fb700f440c72309fed6446579f850f2fc699bac571720b19bfbbc9359783cb,10.000000000000014,24,9.775845183958151e-11,3.1096373643262354e-14,a12d013a04cfa6bab6908af55dd020e5d55244603e6e22d560801ac13001c5d3,90.18073184859631,0.19410148632915628,ee108c3a00157ff335315dcb8214441d08ea3d7109b67537d155a945cecc5ce9,9.707241701439113,-57.32595096375455,1.6507406385041397e-34,-1.6507406385041397e-37,-57.32595096375455,1.6507406385041397e-37,10.000000000000009,10.00000000000001,5.5008993559207386e-14,0.01025535953611078,0.004288464115590669,-0.08015662963505812,0.0,"[10.0,10.0,10.0]","[3.333333333333333,3.333333333333333,3.333333333333333]",4.635662585646621e-142,1.0,True,"Midpoint of the global spectral gap; Float64 counts equal at its 1/4,1/2,3/4 points","[[4.635662585652154e-142,4.635662585646621e-142],[1.8901238152410511e-109,1.8901121329800552e-109],[1.8901238152387411e-109,1.8901121329790883e-109]]",0,0.0,"[8.035509357469634e-15,9.820126076291753e-15,-6.136905957029675e-15]","{""PspCorrection"":0.09187494522099392,""Ewald"":-14.186487397403095,""Kinetic"":29.099075467592254,""AtomicNonlocalFR"":-14.222612270981056,""AtomicLocal"":-79.47153902353998,""Hartree"":28.54414958759848,""Xc"":-7.180412272242152}",PASS,1.8901238152410511e-109,1.288799486854587e-37
47,iteration,CONTINUE,0.01332592061878703,0.0013325920618787396,0.0013325920618787396,False,False,linear_mixing,,63fb700f440c72309fed6446579f850f2fc699bac571720b19bfbbc9359783cb,10.000000000000014,57531e63db1b52e2f2738c2a14ab20887a7f756cb81bdc143d0e38e91b0ed90f,10.000000000000012,80c551534f9e4c937c14d99ac2f175743a9908d0ed4389800a74c9295804dc45,10.000000000000014,24,9.790586104300696e-11,3.118978223894197e-14,1650ebf11834101121a76eb333051794e093607b4a7fe661ab03da51ffecec4d,90.15659411978403,0.18504816892445786,9c4d0f95e8a5bd93f975f5171f197d1e16b4e89c23ab4b4b64f4595938d9e231,9.70735232684284,-57.325958772778606,1.6517101531407337e-34,-1.6517101531407338e-37,-57.325958772778606,1.6517101531407338e-37,10.000000000000012,10.000000000000016,1.062567906387946e-13,0.00868883600006033,0.003941219305604083,-0.08002716067111912,0.0,"[10.0,10.0,10.0]","[3.333333333333333,3.333333333333333,3.333333333333333]",5.3206840540324064e-142,1.0,True,"Midpoint of the global spectral gap; Float64 counts equal at its 1/4,1/2,3/4 points","[[5.320684054038758e-142,5.3206840540324064e-142],[1.9167245220076524e-109,1.9167124722163503e-109],[1.916724522007816e-109,1.916712472217004e-109]]",0,0.0,"[1.010068483680207e-15,6.231017799670498e-15,-5.913150557309427e-15]","{""PspCorrection"":0.09187494522099392,""Ewald"":-14.186487397403095,""Kinetic"":29.09567594933367,""AtomicNonlocalFR"":-14.221374966302763,""AtomicLocal"":-79.46575820717887,""Hartree"":28.54001155267681,""Xc"":-7.179900649125347}",PASS,1.916724522007816e-109,1.5776985727722533e-37
48,iteration,CONTINUE,0.012028916040028781,0.0012028916040029117,0.0012028916040029117,False,False,linear_mixing,,80c551534f9e4c937c14d99ac2f175743a9908d0ed4389800a74c9295804dc45,10.000000000000014,0bf8a2dee40d9149e649b04cf1195dc719385330f271050483c85c3ca5b64aad,10.000000000000021,52bd6eabb130bd17026a5000364e48d74e2b67170cb62310de24b5f4fd084832,10.000000000000016,24,9.813117816893212e-11,3.146083154124746e-14,8c0756be5b4c30c31fe83bd99f681f2fe113bb284c759c68986ea3fdfb582d71,90.13641906239964,0.17607635860275703,c76345286f64637cf2c683cfad4bdcda8346522e27adb86916702133b2dd3943,9.70745412329448,-57.32596479964438,1.6467622222178349e-34,-1.6467622222178349e-37,-57.32596479964438,1.6467622222178349e-37,10.000000000000021,10.000000000000025,1.4205034217256645e-13,0.0073597944464184875,0.0036907379746082335,-0.07991554310914821,0.0,"[10.0,10.0,10.0]","[3.333333333333333,3.333333333333333,3.333333333333333]",6.030622385322226e-142,1.0,True,"Midpoint of the global spectral gap; Float64 counts equal at its 1/4,1/2,3/4 points","[[6.0306223853342244e-142,6.030622385322226e-142],[1.9308888000623946e-109,1.9308764798657925e-109],[1.9308888000596506e-109,1.9308764798670547e-109]]",0,0.0,"[2.0264990297592896e-15,3.037964973045859e-15,-2.847207866812896e-15]","{""PspCorrection"":0.09187494522099392,""Ewald"":-14.186487397403095,""Kinetic"":29.092776123913893,""AtomicNonlocalFR"":-14.220316957469034,""AtomicLocal"":-79.46083700668099,""Hartree"":28.53649121724869,""Xc"":-7.179465724474845}",PASS,1.9308888000623946e-109,1.7732348251854302e-37
49,iteration,CONTINUE,0.010859947214612488,0.0010859947214612818,0.0010859947214612818,False,False,linear_mixing,,52bd6eabb130bd17026a5000364e48d74e2b67170cb62310de24b5f4fd084832,10.000000000000016,182f99c508c1015f7c6927bdfa4b02cf5ce86718c1858d31bc5bd8be602395bd,10.000000000000023,e898a3d4c979a8864aad8e3e41d444d1f960dcb9d3e83f9e5c80940dac1c32a9,10.000000000000018,24,9.989962546405092e-11,3.193996187921313e-14,73d587001b7a09bd190f40f19b9e2f0918daf82cbea6ae032a874ae9285cd711,90.11958615970342,0.1672038272228394,7fafa1fd5f3301c98f92df4120cb91aebc67ce855d7db76f85d5c6a430094480,9.707547954941443,-57.32596947844869,1.6373135155706892e-34,-1.6373135155706893e-37,-57.32596947844869,1.6373135155706893e-37,10.000000000000023,10.000000000000021,1.3941172289343379e-13,0.006232479262674455,0.003455778935771332,-0.07981911812530652,0.0,"[10.0,10.0,10.0]","[3.333333333333333,3.333333333333333,3.333333333333333]",6.758008204324826e-142,1.0,True,"Midpoint of the global spectral gap; Float64 counts equal at its 1/4,1/2,3/4 points","[[6.758008204343265e-142,6.758008204324826e-142],[1.9349801049675334e-109,1.9349675974874579e-109],[1.9349801049667084e-109,1.9349675974865779e-109]]",0,0.0,"[6.9309648293151615e-15,3.255459118041303e-15,1.0214827073456415e-14]","{""PspCorrection"":0.09187494522099392,""Ewald"":-14.186487397403095,""Kinetic"":29.090302504008832,""AtomicNonlocalFR"":-14.219412224988597,""AtomicLocal"":-79.45664793232426,""Hartree"":28.533496704382195,""Xc"":-7.179096077344761}",PASS,1.9349801049675334e-109,1.8951744446392822e-37
50,iteration,CONTINUE,0.00980578999277255,0.000980578999277289,0.000980578999277289,False,False,linear_mixing,,e898a3d4c979a8864aad8e3e41d444d1f960dcb9d3e83f9e5c80940dac1c32a9,10.000000000000018,2179d6ee71ea18065b25905a908c3dc533156b4955a29792cf1a170e2b6bf99e,10.000000000000005,1b4fa66d7687171e3e42d79579cfc3bdc951458e324c682748d62bede5313cf4,10.000000000000016,24,9.262178682509937e-11,2.8086507270693888e-14,e13d209d947c2f9937cc89aafe78f7dc59eb637f263ac7561628821ee1838089,90.10556939717969,0.1584547956578007,fc4b07d75847e9d8d45ea1fe3ad60c9629bd697ada7a9d26ea345d7a01f231c2,9.707634569099799,-57.325973132388924,1.624548045474351e-34,-1.6245480454743512e-37,-57.325973132388924,1.6245480454743512e-37,10.000000000000005,10.000000000000005,1.387811376056817e-13,0.00527649568374908,0.003234511151545523,-0.07973563842558212,0.0,"[10.0,10.0,10.0]","[3.333333333333333,3.333333333333333,3.333333333333333]",7.495590166837224e-142,1.0,True,"Midpoint of the global spectral gap; Float64 counts equal at its 1/4,1/2,3/4 points","[[7.495590166850005e-142,7.495590166837224e-142],[1.931109847889558e-109,1.9310972226371017e-109],[1.931109847890107e-109,1.9310972226367725e-109]]",0,0.0,"[-5.601745246584897e-15,-1.0404814632472414e-15,-3.593900867618978e-15]","{""PspCorrection"":0.09187494522099392,""Ewald"":-14.186487397403095,""Kinetic"":29.088192427963545,""AtomicNonlocalFR"":-14.21863852417131,""AtomicLocal"":-79.45308242217541,""Hartree"":28.530949823577487,""Xc"":-7.1787819854011286}",PASS,1.931109847890107e-109,1.959743338516955e-37
51,iteration,CONTINUE,0.0088547336441659,0.0008854733644166481,0.0008854733644166481,False,False,linear_mixing,,1b4fa66d7687171e3e42d79579cfc3bdc951458e324c682748d62bede5313cf4,10.000000000000016,2b5e687a0e380cd3b9d8d4f36cf654e430215bfd51beff910cbdecd39336233b,9.999999999999996,8bb5c367b877823f05e6577a7b210d764eb52866073a24f869b24b828f87c820,10.000000000000014,24,9.827010575573245e-11,2.570161559922838e-14,2da913f02e1adabf951e556b0e845edb958f841cc8c71761d9ce413ae6aa47f1,90.09392301283243,0.14985808339312415,de7af10ce45c1db616fa765d39658344e6dc3121d7bbbfb0ea66fcacfe4bfdcb,9.707714616650966,-57.325976003015505,1.6094372508468105e-34,-1.6094372508468104e-37,-57.325976003015505,1.6094372508468104e-37,9.999999999999996,9.999999999999998,1.1428624614337313e-13,0.004466007239571262,0.003025708193983303,-0.07966320279114834,0.0,"[10.0,10.0,10.0]","[3.333333333333333,3.333333333333333,3.333333333333333]",8.236533950589699e-142,1.0,True,"Midpoint of the global spectral gap; Float64 counts equal at its 1/4,1/2,3/4 points","[[8.236533950601871e-142,8.236533950589699e-142],[1.9211070655775428e-109,1.9210943794813625e-109],[1.9211070655759594e-109,1.9210943794810895e-109]]",0,0.0,"[-3.1572365157332042e-15,-3.680037549299906e-15,2.10546344424291e-16]","{""PspCorrection"":0.09187494522099392,""Ewald"":-14.186487397403095,""Kinetic"":29.086392461254064,""AtomicNonlocalFR"":-14.217976839444582,""AtomicLocal"":-79.45004802317605,""Hartree"":28.5287840222896,""Xc"":-7.178515171756431}",PASS,1.9211070655775428e-109,1.9801428253409886e-37
52,iteration,CONTINUE,0.00799637634495894,0.0007996376344959236,0.0007996376344959236,False,False,linear_mixing,,8bb5c367b877823f05e6577a7b210d764eb52866073a24f869b24b828f87c820,10.000000000000014,327b770da24ba34311d770b9e5128a9300bfb1c3b4a3517fb91e73778a8fc883,10.00000000000001,0ea7916fbfb70d88d37e8679d21ab4618a5144b3c1b75ccbdb96259764c5f73e,10.000000000000012,24,9.837925912876231e-11,2.5256194677252718e-14,ad196bea83b5fb203f60a1c3f1c54cc25c3f17c405286335f8ca9937550b2001,90.08426940857113,0.14144499619681952,81904f6792fbb9d257c837558b7cc3c64c4f2ef0275c5baa91eca187c9ec187e,9.707788668656935,-57.32597827160865,1.5927651969331642e-34,-1.5927651969331642e-37,-57.32597827160865,1.5927651969331642e-37,10.00000000000001,10.00000000000001,1.1150806875860279e-13,0.00377905347617907,0.0028284914004807,-0.07960020134961135,0.0,"[10.0,10.0,10.0]","[3.333333333333333,3.333333333333333,3.333333333333333]",8.97457006568085e-142,1.0,True,"Midpoint of the global spectral gap; Float64 counts equal at its 1/4,1/2,3/4 points","[[8.974570065684931e-142,8.97457006568085e-142],[1.9065180991157512e-109,1.906505397880993e-109],[1.9065180991147757e-109,1.9065053978774167e-109]]",0,0.0,"[-7.295245152271936e-16,5.048096183391458e-15,-2.664517894924957e-15]","{""PspCorrection"":0.09187494522099392,""Ewald"":-14.186487397403095,""Kinetic"":29.08485703467771,""AtomicNonlocalFR"":-14.217410916793519,""AtomicLocal"":-79.44746599406984,""Hartree"":28.52694264648258,""Xc"":-7.178288589723471}",PASS,1.9065180991157512e-109,1.9670286868097575e-37
53,iteration,CONTINUE,0.007221453680292444,0.0007221453680292813,0.0007221453680292813,False,False,linear_mixing,,0ea7916fbfb70d88d37e8679d21ab4618a5144b3c1b75ccbdb96259764c5f73e,10.000000000000012,8fa21f0315eb5e4403f16c89d659e3caf64cec744409a5418c8d89125a8bbfc2,10.000000000000025,df64e9a45d02a28118e39f899de9fca98aa2af9ebb186d95f1a5c512bfef5b45,10.000000000000014,24,9.971357720225658e-11,2.8358064699803315e-14,cd92e9680556d6665e7f1465ab771c038cb7bfc996abfa0a23743e10740e1a99,90.07628889775283,0.13324712553386964,835ac83bea68f0a68938ca2221a27e45b31c4e9dcf1bd5f2fc06ba7f92c0bf32,9.707857229791893,-57.32598007482841,1.5751550937118872e-34,-1.5751550937118873e-37,-57.32598007482841,1.5751550937118873e-37,10.000000000000025,10.00000000000003,1.758818525223263e-13,0.0034781071358724004,0.0026422011003156593,-0.079545269757634,0.0,"[10.0,10.0,10.0]","[3.333333333333333,3.333333333333333,3.333333333333333]",9.70409291128189e-142,1.0,True,"Midpoint of the global spectral gap; Float64 counts equal at its 1/4,1/2,3/4 points","[[9.704092911307262e-142,9.70409291128189e-142],[1.8886242660620657e-109,1.888611585624582e-109],[1.8886242660627635e-109,1.8886115856247967e-109]]",0,0.0,"[-2.131908379888499e-15,-9.574863537689908e-16,8.627930752049743e-15]","{""PspCorrection"":0.09187494522099392,""Ewald"":-14.186487397403095,""Kinetic"":29.08354728415075,""AtomicNonlocalFR"":-14.216926863389038,""AtomicLocal"":-79.44526926667999,""Hartree"":28.525377463038588,""Xc"":-7.178096239766616}",PASS,1.8886242660627635e-109,1.9289387980498165e-37
54,iteration,CONTINUE,0.006521694183972065,0.0006521694183972375,0.0006521694183972375,False,False,linear_mixing,,df64e9a45d02a28118e39f899de9fca98aa2af9ebb186d95f1a5c512bfef5b45,10.000000000000014,3211c5616e416765f85c56f30ab191fa3463a35d8c49032ed90195c63f376345,10.000000000000021,23a89116924f0eeb7d0e17e0f523db09b5698777e0d88793563ef36dbd8425b8,10.000000000000018,24,9.846854325418285e-11,2.7656809378152784e-14,030b5346a87f33045df1b28720f0128a52470496f082348f142524e73ffcd471,90.06971100553552,0.12529434706640002,d3ec9af62f4466a05387217ba69dad6785e8ea9d2499195d775ca10b8db769f2,9.707920749148728,-57.325981516193934,1.5570948392702508e-34,-1.5570948392702507e-37,-57.325981516193934,1.5570948392702507e-37,10.000000000000021,10.000000000000025,1.8795929102080119e-13,0.0032218883512176114,0.0024663131798124236,-0.07949725079375124,0.0,"[10.0,10.0,10.0]","[3.333333333333333,3.333333333333333,3.333333333333333]",1.0420216207747409e-141,1.0,True,"Midpoint of the global spectral gap; Float64 counts equal at its 1/4,1/2,3/4 points","[[1.0420216207758664e-141,1.0420216207747409e-141],[1.8684689747608247e-109,1.868456342769985e-109],[1.868468974764117e-109,1.8684563427716312e-109]]",0,0.0,"[-2.5678946450904586e-15,3.097232608898686e-15,-1.0572608072904237e-15]","{""PspCorrection"":0.09187494522099392,""Ewald"":-14.186487397403095,""Kinetic"":29.08243006196829,""AtomicNonlocalFR"":-14.216512804901088,""AtomicLocal"":-79.44340071123,""Hartree"":28.524047403917827,""Xc"":-7.177933013766865}",PASS,1.868468974764117e-109,1.872666056210521e-37
55,iteration,CONTINUE,0.005889697004622027,0.000588969700462231,0.000588969700462231,False,False,linear_mixing,,23a89116924f0eeb7d0e17e0f523db09b5698777e0d88793563ef36dbd8425b8,10.000000000000018,f75e041f3da2757d6578f015b78ba62c4c2471205a4d14f16f5c6e867a4e9b10,10.00000000000003,65ff7be77c0b23722052e5d798dc3c7b04c89ff0859279dfa674c1f9b15fca03,10.000000000000018,24,9.575966800328453e-11,3.013631151528376e-14,67c9bb12c4b36cbeec1c3bd95b6d29813ccb04103eca90c13453e1ebc59a7179,90.06430707962721,0.1176132372731767,912932c4a81e3c6742c020615a8ee7b6cff97b8a331fc5b173bcfbcbb4175268,9.707979628918142,-57.32598267452207,1.5389603388460486e-34,-1.5389603388460486e-37,-57.32598267452207,1.5389603388460486e-37,10.00000000000003,10.000000000000032,2.2469002221091307e-13,0.0029842242882020917,0.0023003839725013187,-0.0794551621203365,0.0,"[10.0,10.0,10.0]","[3.333333333333333,3.333333333333333,3.333333333333333]",1.1118791490597874e-141,1.0,True,"Midpoint of the global spectral gap; Float64 counts equal at its 1/4,1/2,3/4 points","[[1.1118791490606722e-141,1.1118791490597874e-141],[1.8468885563504792e-109,1.8468759935187244e-109],[1.8468885563501117e-109,1.846875993519092e-109]]",0,0.0,"[-4.1785306865315225e-16,2.7033922129248662e-15,-6.349471416241983e-15]","{""PspCorrection"":0.09187494522099392,""Ewald"":-14.186487397403095,""Kinetic"":29.08147709435311,""AtomicNonlocalFR"":-14.216158592321335,""AtomicLocal"":-79.44181166062116,""Hartree"":28.522917498785297,""Xc"":-7.177794562535893}",PASS,1.8468885563504792e-109,1.8035775033357638e-37
56,iteration,CONTINUE,0.005318827804747419,0.0005318827804747642,0.0005318827804747642,False,False,linear_mixing,,65ff7be77c0b23722052e5d798dc3c7b04c89ff0859279dfa674c1f9b15fca03,10.000000000000018,e9845b1c42603df1687fb943769b3d23ca5fe47c952e430c7273e9bb2e70bdfb,10.0,a5a633a247b88377bde03cf106f0e3e86ba39c5ab5ad123deb7b667e3f2cd2ea,10.000000000000018,24,9.987571343849615e-11,2.7114754137022003e-14,74d7dc544244b31ccb0a799e059e5c220cf9b1d366f55d8c99be1b9e49a2dd59,90.05988400677052,0.11022600225924155,14ca947a6d50d2cda2d58edea793473d9b008ac399d77b2da702018c2709cc36,9.708034231363571,-57.32598361014472,1.5210360405508513e-34,-1.5210360405508514e-37,-57.32598361014472,1.5210360405508514e-37,10.0,10.0,2.373226181882631e-13,0.0027637027960191783,0.002144014592754294,-0.07941816918808367,0.0,"[10.0,10.0,10.0]","[3.333333333333333,3.333333333333333,3.333333333333333]",1.1796396967870052e-141,1.0,True,"Midpoint of the global spectral gap; Float64 counts equal at its 1/4,1/2,3/4 points","[[1.1796396967891509e-141,1.1796396967870052e-141],[1.8245432236029273e-109,1.824530744933048e-109],[1.8245432236022011e-109,1.8245307449324256e-109]]",0,0.0,"[3.4055577676489717e-15,-2.001262033406837e-15,5.087266963956882e-15]","{""PspCorrection"":0.09187494522099392,""Ewald"":-14.186487397403095,""Kinetic"":29.08066426333383,""AtomicNonlocalFR"":-14.215855551211838,""AtomicLocal"":-79.44046065431323,""Hartree"":28.52195796728222,""Xc"":-7.177677183053598}",PASS,1.8245432236029273e-109,1.7258832909608725e-37
57,iteration,CONTINUE,0.004803129661678461,0.0004803129661678518,0.0004803129661678518,False,False,linear_mixing,,a5a633a247b88377bde03cf106f0e3e86ba39c5ab5ad123deb7b667e3f2cd2ea,10.000000000000018,6e432b7d17ba1e96ffe53dc39e2a621905911aeabbe2faa35cd0833c2abb7173,10.000000000000009,b5420316906bdb973f9b97a7e65ddd5100c06d34af9522e977af98898c151801,10.000000000000014,24,9.618320655929533e-11,3.068631580365421e-14,93f59e9463e2314bd6f45a5f7030c538b0fe8edc1d01a7716c1b42ddcb70b4c8,90.05627886391949,0.10314991415057922,bf85640a23fed58869f4b5709307dba8a28d7f26d484424aa67187f13ae48ecc,9.70808488444453,-57.32598436950367,1.5035325604124412e-34,-1.5035325604124413e-37,-57.32598436950367,1.5035325604124413e-37,10.000000000000009,10.000000000000009,1.6301628275486534e-13,0.0025590589860485166,0.0019968286057894338,-0.07938556243422626,0.0,"[10.0,10.0,10.0]","[3.333333333333333,3.333333333333333,3.333333333333333]",1.245030393240789e-141,1.0,True,"Midpoint of the global spectral gap; Float64 counts equal at its 1/4,1/2,3/4 points","[[1.2450303932424167e-141,1.245030393240789e-141],[1.801946083675204e-109,1.801933699542015e-109],[1.8019460836762283e-109,1.8019336995378155e-109]]",0,0.0,"[5.285419384571376e-15,3.858961242127438e-15,1.4321241319437605e-16]","{""PspCorrection"":0.09187494522099392,""Ewald"":-14.186487397403095,""Kinetic"":29.079970994739796,""AtomicNonlocalFR"":-14.215596267310428,""AtomicLocal"":-79.43931236936425,""Hartree"":28.521143447119826,""Xc"":-7.177577722506521}",PASS,1.8019460836762283e-109,1.64286059355958e-37
58,iteration,CONTINUE,0.004337246403003798,0.0004337246403004049,0.0004337246403004049,False,False,linear_mixing,,b5420316906bdb973f9b97a7e65ddd5100c06d34af9522e977af98898c151801,10.000000000000014,c3dc26a7cd8fe8a1f53ed559aca0d28fb20ba973384d648697c9fd0793e4cfc7,10.000000000000009,f58c5d7ca7b3bcb80eeaed49d59c090d62ec79481163259ca498a446f1a59680,10.000000000000012,24,9.178186568563125e-11,3.492936035548085e-14,0b296bb9d4320ff51b8ae3311d20682a4905a19a9482c94eddc77f2c21fb93ab,90.05335436139116,0.09639717663188983,8ccd36524fcf5b8438182101f2fbbabd80f8c475b35c14e25d55dfedc1bf9841,9.708131886374863,-57.32598498855422,1.486601521182998e-34,-1.486601521182998e-37,-57.32598498855422,1.486601521182998e-37,10.000000000000009,10.00000000000001,1.2672098890888546e-13,0.002369147796744215,0.0018584588502164822,-0.0793567380713491,0.0,"[10.0,10.0,10.0]","[3.333333333333333,3.333333333333333,3.333333333333333]",1.307842734058946e-141,1.0,True,"Midpoint of the global spectral gap; Float64 counts equal at its 1/4,1/2,3/4 points","[[1.307842734061548e-141,1.307842734058946e-141],[1.779489157315457e-109,1.7794768743744296e-109],[1.7794891573203124e-109,1.7794768743767055e-109]]",0,0.0,"[7.368548356705313e-15,2.008518789245501e-15,6.581478928571738e-15]","{""PspCorrection"":0.09187494522099392,""Ewald"":-14.186487397403095,""Kinetic"":29.079379736519154,""AtomicNonlocalFR"":-14.215374403254081,""AtomicLocal"":-79.43833671050878,""Hartree"":28.52045233747571,""Xc"":-7.177493496604125}",PASS,1.7794891573203124e-109,1.5570381657773816e-37
59,iteration,CONTINUE,0.003916356282226623,0.00039163562822268496,0.00039163562822268496,False,False,linear_mixing,,f58c5d7ca7b3bcb80eeaed49d59c090d62ec79481163259ca498a446f1a59680,10.000000000000012,058f5d0f48b2292a6320121b23aa8caabcc4bd92b913bed1bdde7f2f84042bc2,10.000000000000002,bbd40659f079f558d05d828bf51cb078c143f93dffab8dbf965c0e75796f7a98,10.000000000000016,24,9.745957604135441e-11,2.6573840225238848e-14,701afefb453663e3b89d29ec02608cab29c8e32cdcbe7f99e2d293870b646cb4,90.05099495893265,0.0899751174010631,5576b56d48ad48dae98d5a6b30d4ecc0a805c9f3e07e070b9face885cd26aa2c,9.708175509344427,-57.3259854952982,1.4703478612847196e-34,-1.4703478612847196e-37,-57.3259854952982,1.4703478612847196e-37,10.000000000000002,10.000000000000004,1.0289948941955106e-13,0.002192923598485515,0.0017285403681454796,-0.07933118188393809,0.0,"[10.0,10.0,10.0]","[3.333333333333333,3.333333333333333,3.333333333333333]",1.3679266294265398e-141,1.0,True,"Midpoint of the global spectral gap; Float64 counts equal at its 1/4,1/2,3/4 points","[[1.3679266294277063e-141,1.3679266294265398e-141],[1.7574660154756853e-109,1.7574538374348164e-109],[1.757466015478932e-109,1.7574538374385628e-109]]",0,0.0,"[-2.7581136157410357e-15,-1.8332883645884045e-15,-2.401905917540602e-16]","{""PspCorrection"":0.09187494522099392,""Ewald"":-14.186487397403095,""Kinetic"":29.07887551406149,""AtomicNonlocalFR"":-14.215184541936974,""AtomicLocal"":-79.43750803561312,""Hartree"":28.519866240421027,""Xc"":-7.177422220048515}",PASS,1.757466015478932e-109,1.4703472443513288e-37
60,iteration,CONTINUE,0.0035361143011829127,0.00035361143011832376,0.00035361143011832376,False,False,linear_mixing,,bbd40659f079f558d05d828bf51cb078c143f93dffab8dbf965c0e75796f7a98,10.000000000000016,eb110bf806f2ff3a258baa491df26034cc2f9c2af26a068c474cab597f4751fe,10.00000000000002,03a0f47594317e771ad2a14b8755b4e1553d978c9bb33e39b3cd4d72f38a47e2,10.000000000000016,24,9.661932908144996e-11,2.868056831201901e-14,daa8276336a530d3f628f76cef3adf460831ceb0e554d9ebea0b321256ca1108,90.04910355495771,0.08388660139339868,8f19cc9d903fbb79e50527c6003c03c1562d1764eadccb4920843bf6a716c196,9.708216002584473,-57.325985911671864,1.4548399255083193e-34,-1.4548399255083193e-37,-57.325985911671864,1.4548399255083193e-37,10.00000000000002,10.00000000000002,1.3329966641298966e-13,0.002029424993284752,0.0016067073433716963,-0.07930845554860938,0.0,"[10.0,10.0,10.0]","[3.333333333333333,3.333333333333333,3.333333333333333]",1.4251839176383924e-141,1.0,True,"Midpoint of the global spectral gap; Float64 counts equal at its 1/4,1/2,3/4 points","[[1.4251839176404985e-141,1.4251839176383924e-141],[1.736091042505032e-109,1.7360789707759157e-109],[1.7360910425053773e-109,1.7360789707770013e-109]]",0,0.0,"[-7.882329027464745e-16,-2.485473745161493e-15,-4.098811172367517e-15]","{""PspCorrection"":0.09187494522099392,""Ewald"":-14.186487397403095,""Kinetic"":29.07844555107022,""AtomicNonlocalFR"":-14.215022052640448,""AtomicLocal"":-79.4368044961507,""Hartree"":28.519369485563367,""Xc"":-7.177361947332198}",PASS,1.7360910425053773e-109,1.3842441343533856e-37
61,iteration,CONTINUE,0.003192601805171744,0.0003192601805171871,0.0003192601805171871,False,False,linear_mixing,,03a0f47594317e771ad2a14b8755b4e1553d978c9bb33e39b3cd4d72f38a47e2,10.000000000000016,10dbb5ef9c760a65d215e3eff1216d101a8c01f79c2687e5df2c4622f23e35ee,10.000000000000012,69a03dca193fa5d391cd772ba7a73afe679c5aacc277fe0b20e35207ebf97135,10.000000000000014,24,9.914176402757338e-11,2.6564381911264592e-14,3d824ef9c04ee8859565e35fdcecba677e57928e42a948d98b41df2c37c2d235,90.04759866496053,0.07813057182070728,dbf9c316f1e051c2aa260cd715f7ac2709d31651d5a1c46e2ad167229fe05179,9.708253594917348,-57.325986254961656,1.4401176578803463e-34,-1.4401176578803464e-37,-57.325986254961656,1.4401176578803464e-37,10.000000000000012,10.000000000000016,8.328211399884248e-14,0.001877763381699846,0.0014925925340171795,-0.07928818507534031,0.0,"[10.0,10.0,10.0]","[3.333333333333333,3.333333333333333,3.333333333333333]",1.4795617189681245e-141,1.0,True,"Midpoint of the global spectral gap; Float64 counts equal at its 1/4,1/2,3/4 points","[[1.4795617189698064e-141,1.4795617189681245e-141],[1.715515556424899e-109,1.7155035906377873e-109],[1.7155155564224126e-109,1.7155035906387138e-109]]",0,0.0,"[-3.3269513987070853e-15,-7.709715771866879e-15,3.745986056814961e-15]","{""PspCorrection"":0.09187494522099392,""Ewald"":-14.186487397403095,""Kinetic"":29.078078946376873,""AtomicNonlocalFR"":-14.21488297665777,""AtomicLocal"":-79.43620747575811,""Hartree"":28.518948725601334,""Xc"":-7.177311022341882}",PASS,1.715515556424899e-109,1.2998092457091944e-37
62,iteration,CONTINUE,0.002882282215761698,0.0002882282215761715,0.0002882282215761715,False,False,linear_mixing,,69a03dca193fa5d391cd772ba7a73afe679c5aacc277fe0b20e35207ebf97135,10.000000000000014,7a3fd0094fc7edc1016275fcd1e304b247cba0338d5b382852dd9dd0aa9411e2,10.000000000000009,69b66ff996888c23c98e92870a7255f31cb992d9d024c760f074c56a70bb20bd,10.000000000000016,24,9.765117882338927e-11,2.7403975967331076e-14,8fe48fc64eb543788786d49b07506ebb3dd4691cbb866e1ff4e1a7f3b97fd99b,90.04641201795523,0.0727026461672646,05b21359c6ce9ae0e604377d3755205326badee81a69d067def8679adc500ae9,9.708288496899998,-57.325986538869415,1.4261992002068358e-34,-1.4261992002068358e-37,-57.325986538869415,1.4261992002068358e-37,10.000000000000009,10.00000000000001,1.490557709780526e-13,0.0017371142871891395,0.0013858282105252736,-0.07927005103369612,0.0,"[10.0,10.0,10.0]","[3.333333333333333,3.333333333333333,3.333333333333333]",1.5310459120044876e-141,1.0,True,"Midpoint of the global spectral gap; Float64 counts equal at its 1/4,1/2,3/4 points","[[1.531045912005793e-141,1.5310459120044876e-141],[1.6958411239673082e-109,1.695829262412603e-109],[1.6958411239649464e-109,1.6958292624120245e-109]]",0,0.0,"[-2.1595813098211763e-15,-1.3266726650864823e-15,-1.8546254365836264e-15]","{""PspCorrection"":0.09187494522099392,""Ewald"":-14.186487397403095,""Kinetic"":29.07776639834794,""AtomicNonlocalFR"":-14.214763929543919,""AtomicLocal"":-79.43570111202922,""Hartree"":28.518592591975242,""Xc"":-7.177268035437354}",PASS,1.6958411239673082e-109,1.2178267743986944e-37
63,iteration,CONTINUE,0.0026019620006934303,0.0002601962000693612,0.0002601962000693612,False,False,linear_mixing,,69b66ff996888c23c98e92870a7255f31cb992d9d024c760f074c56a70bb20bd,10.000000000000016,c2549c928bd441cd319711700502bd70160c706dee73639719ca61fdf6f3cc7b,10.000000000000002,438c539b94cad43d87eb9360a3e625a067024686cfa88d76e559641c2c1ac99c,10.000000000000012,24,8.917025507572528e-11,3.1052204128555365e-14,16be6202139f412fecb117b99f5395c6d8a6426f5b28d4acc862cedd94864e7c,90.0454865104315,0.06759571486484549,c87cf1e28a3fd30c2bf389c2b20fc9b7b39fef1d01a91e3cfe6a5efab8e857a1,9.708320902644974,-57.325986774317215,1.4130861692804911e-34,-1.4130861692804913e-37,-57.325986774317215,1.4130861692804913e-37,10.000000000000002,10.000000000000004,1.7294580791212731e-13,0.001606710642267109,0.0012860478829175583,-0.07925378028365687,0.0,"[10.0,10.0,10.0]","[3.333333333333333,3.333333333333333,3.333333333333333]",1.5796549329508654e-141,1.0,True,"Midpoint of the global spectral gap; Float64 counts equal at its 1/4,1/2,3/4 points","[[1.5796549329524818e-141,1.5796549329508654e-141],[1.6771304433333182e-109,1.6771186832936515e-109],[1.6771304433327937e-109,1.6771186832932703e-109]]",0,0.0,"[-3.7098522752452e-15,-3.3856409112055587e-15,-8.611829185118031e-15]","{""PspCorrection"":0.09187494522099392,""Ewald"":-14.186487397403095,""Kinetic"":29.07749996990138,""AtomicNonlocalFR"":-14.214662017615126,""AtomicLocal"":-79.43527188930827,""Hartree"":28.518291401792013,""Xc"":-7.177231786905112}",PASS,1.6771304433333182e-109,1.1388485554866341e-37
64,iteration,CONTINUE,0.002348756114909578,0.00023487561149098437,0.00023487561149098437,False,False,linear_mixing,,438c539b94cad43d87eb9360a3e625a067024686cfa88d76e559641c2c1ac99c,10.000000000000012,60916f19933f967df99f1aab4f85dd01112d5b651559a9be2483ec3b60ead899,10.000000000000007,4da1915f1bf8427263ccbc35dd77db040119b53b945d86208ef912c60f723b98,10.000000000000014,24,9.913570651066866e-11,2.6136226086082787e-14,4cac7046c906bcbc292b6b535f768d27d2fc22f2e493bd95b0f2802d6758f9ff,90.04477446607979,0.06280050703859966,93e86871408a0cf1315cccb12ae96add93442f4d822dfcefac87539b78eebc82,9.708350991384023,-57.32598697005957,1.4007678508488655e-34,-1.4007678508488655e-37,-57.32598697005957,1.4007678508488655e-37,10.000000000000007,10.00000000000001,1.54371486979691e-13,0.0014858374831465283,0.0011928883502158787,-0.07923913897587705,0.0,"[10.0,10.0,10.0]","[3.333333333333333,3.333333333333333,3.333333333333333]",1.6254340306932672e-141,1.0,True,"Midpoint of the global spectral gap; Float64 counts equal at its 1/4,1/2,3/4 points","[[1.6254340306971478e-141,1.6254340306932672e-141],[1.659416162206502e-109,1.659404500249087e-109],[1.6594161622058416e-109,1.6594045002479551e-109]]",0,0.0,"[-1.0777455567251692e-15,9.453439123041544e-16,-3.1370182838918233e-16]","{""PspCorrection"":0.09187494522099392,""Ewald"":-14.186487397403095,""Kinetic"":29.07727288811897,""AtomicNonlocalFR"":-14.214574766603503,""AtomicLocal"":-79.43490829180921,""Hartree"":28.518036908248156,""Xc"":-7.177201255831876}",PASS,1.659416162206502e-109,1.063245100279924e-37
65,iteration,CONTINUE,0.0021200572981645393,0.00021200572981645505,0.00021200572981645505,False,False,linear_mixing,,4da1915f1bf8427263ccbc35dd77db040119b53b945d86208ef912c60f723b98,10.000000000000014,81bd317e114ee3bb0f610a4b784f90d9a85f5e2b8b952fca41cf680f78cb4e2f,10.0,d5f0bffaf1b1532bbbdc691dc71528e95befcd32b2f023ea8035a694b1b177a6,10.000000000000012,24,8.906887376878542e-11,2.954858652574672e-14,5a0b28e8f81afa84770a9bd33e0f551c7d45a036091400b029ed5cce7f28cd65,90.04423615700289,0.05830610452366113,511baf9065d8b5cbcdefa2ca8c6b2e65035d20ee5700313f136138195b2b23c6,9.708378928823944,-57.32598713314928,1.3892245127168554e-34,-1.3892245127168555e-37,-57.32598713314928,1.3892245127168555e-37,10.0,10.000000000000004,1.703183230929514e-13,0.0013738276581692762,0.0011059918107754615,-0.07922592662422849,0.0,"[10.0,10.0,10.0]","[3.333333333333333,3.333333333333333,3.333333333333333]",1.668450054873135e-141,1.0,True,"Midpoint of the global spectral gap; Float64 counts equal at its 1/4,1/2,3/4 points","[[1.6684500548757905e-141,1.668450054873135e-141],[1.6427079697386875e-109,1.6426964019206222e-109],[1.6427079697371935e-109,1.642696401922023e-109]]",0,0.0,"[-8.160849373408993e-15,3.3290870390483785e-15,-4.717674301817835e-15]","{""PspCorrection"":0.09187494522099392,""Ewald"":-14.186487397403095,""Kinetic"":29.07707937335232,""AtomicNonlocalFR"":-14.214500060699494,""AtomicLocal"":-79.43460050817359,""Hartree"":28.517822088150485,""Xc"":-7.1771755735969}",PASS,1.6427079697386875e-109,9.912462464336115e-38
66,iteration,CONTINUE,0.0019135087066658634,0.00019135087066659518,0.00019135087066659518,False,False,linear_mixing,,d5f0bffaf1b1532bbbdc691dc71528e95befcd32b2f023ea8035a694b1b177a6,10.000000000000012,47adfb5345ae36047dd2c25ce53aee4e511387b15a13fc9d685c219f9c3e6684,10.000000000000007,c9e281e2812ace603bb1b8729d601fb6cfb2f38f3b6dbfc02a477f2ac3ffa91b,10.000000000000014,24,9.964482287799791e-11,2.553474681464985e-14,c9b6f822174311c63f74e6e104e69a91d035b35492e3ca4c74b3656e7f6512a9,90.04383854835095,0.054100392918760565,cd3ba96d6780e7f545069ce82959f66f52ecd12a63c5f885bca47ad4bf8aab86,9.708404868333336,-57.325987269297215,1.3784300067845483e-34,-1.3784300067845484e-37,-57.325987269297215,1.3784300067845484e-37,10.000000000000007,10.000000000000007,1.6844423498468932e-13,0.001270058236106483,0.0010250078118632883,-0.0792139710848576,0.0,"[10.0,10.0,10.0]","[3.333333333333333,3.333333333333333,3.333333333333333]",1.7087868120179245e-141,1.0,True,"Midpoint of the global spectral gap; Float64 counts equal at its 1/4,1/2,3/4 points","[[1.708786812021227e-141,1.7087868120179245e-141],[1.626998262874234e-109,1.6269867849404697e-109],[1.626998262878627e-109,1.6269867849416258e-109]]",0,0.0,"[4.147900204992296e-16,2.638567954290882e-15,1.1002216831004514e-15]","{""PspCorrection"":0.09187494522099392,""Ewald"":-14.186487397403095,""Kinetic"":29.07691449346853,""AtomicNonlocalFR"":-14.21443609047293,""AtomicLocal"":-79.43434017973564,""Hartree"":28.517640960916772,""Xc"":-7.177154001291848}",PASS,1.626998262878627e-109,9.229734908284383e-38
67,iteration,CONTINUE,0.0017269794508949705,0.00017269794508948034,0.00017269794508948034,False,False,linear_mixing,,c9e281e2812ace603bb1b8729d601fb6cfb2f38f3b6dbfc02a477f2ac3ffa91b,10.000000000000014,811650924341a7c27d50b1517fa8905f8e62cd026fcc81335a4590609502795b,10.000000000000005,97d07c7f9187c95cda8aa444fb7c48d43ad8c1758556cc3781c3ce3fab5f4799,10.000000000000014,24,9.864926804557643e-11,2.6276807027943552e-14,045becec1ce94c951d7b3cb8ec63e944f68353d72d10c74c60737230c9ed6e1a,90.04355423376586,0.050170446800737935,8956e3039a522387b207efd467e1eafc0937c503ff965fbbec15ea9684f46615,9.708428951989825,-57.325987383148195,1.3683537998987482e-34,-1.3683537998987482e-37,-57.325987383148195,1.3683537998987482e-37,10.000000000000005,10.000000000000009,9.82577572499409e-14,0.0011739474565126134,0.000949594997507531,-0.07920312430212327,0.0,"[10.0,10.0,10.0]","[3.333333333333333,3.333333333333333,3.333333333333333]",1.7465409934474425e-141,1.0,True,"Midpoint of the global spectral gap; Float64 counts equal at its 1/4,1/2,3/4 points","[[1.7465409934496267e-141,1.7465409934474425e-141],[1.6122666463195178e-109,1.6122552538121962e-109],[1.612266646321488e-109,1.6122552538155871e-109]]",0,0.0,"[-8.58080504749811e-16,5.402273217708162e-16,-2.2625562922230606e-15]","{""PspCorrection"":0.09187494522099392,""Ewald"":-14.186487397403095,""Kinetic"":29.076774039535888,""AtomicNonlocalFR"":-14.21438130837673,""AtomicLocal"":-79.43412018606985,""Hartree"":28.51748843443228,""Xc"":-7.177135910487685}",PASS,1.612266646321488e-109,8.584656203520558e-38
68,iteration,CONTINUE,0.0015585426817430572,0.0001558542681743191,0.0001558542681743191,False,False,linear_mixing,,97d07c7f9187c95cda8aa444fb7c48d43ad8c1758556cc3781c3ce3fab5f4799,10.000000000000014,db97b30f8f500c6deeb589884587dda63b2a562d6e5f21a9cf56ec16d43868a1,10.000000000000007,6ff0ea316530593bc707c268338971fcc9fce19dd66528b7a2f00df4bfe79c95,10.00000000000001,24,9.489015437330118e-11,2.8929236120016694e-14,834a3701acd1084ea544fbf1c205a2e59118974cbfdc738046b974c06982b9fc,90.04336053357108,0.04650285373185051,5e5872a9c1c804aae122d84e87756bcbbea8f86d466a5510ed531fa95db09944,9.708451311511052,-57.325987478496906,1.3589625484001774e-34,-1.3589625484001775e-37,-57.325987478496906,1.3589625484001775e-37,10.000000000000007,10.000000000000009,7.940994485974157e-14,0.0010849520410056099,0.000879422566100727,-0.0791932587036593,0.0,"[10.0,10.0,10.0]","[3.333333333333333,3.333333333333333,3.333333333333333]",1.7818186562358747e-141,1.0,True,"Midpoint of the global spectral gap; Float64 counts equal at its 1/4,1/2,3/4 points","[[1.7818186562384068e-141,1.7818186562358747e-141],[1.5984834848342595e-109,1.598472173222262e-109],[1.5984834848348048e-109,1.5984721732233976e-109]]",0,0.0,"[-1.7671924057185117e-15,1.3764220624640418e-16,-2.98513977073497e-15]","{""PspCorrection"":0.09187494522099392,""Ewald"":-14.186487397403095,""Kinetic"":29.07665441974099,""AtomicNonlocalFR"":-14.21433439072601,""AtomicLocal"":-79.4339344621342,""Hartree"":28.51736017364773,""Xc"":-7.177120766843311}",PASS,1.5984834848348048e-109,7.976990077566122e-38
69,iteration,CONTINUE,0.001406455911550008,0.00014064559115500275,0.00014064559115500275,False,False,linear_mixing,,6ff0ea316530593bc707c268338971fcc9fce19dd66528b7a2f00df4bfe79c95,10.00000000000001,246f7e83ed8b077659931cfb15857fe2bf862f9ccab6b80faa6e81fc6dcea1b0,10.000000000000025,4f7663110978c425f92cb03d4b6c42bd04b3867f23b60660329691d4bd3398b5,10.000000000000014,24,9.890215770846754e-11,2.8722378287624225e-14,8d1ad96c8c8d420ed29c40ea58d71968246e7361646059adf07ec5b1ada0ba5b,90.04323873169119,0.04308397882142801,5b644087b2020074206cc7848c9390954fe34061562806390e64d83bd88e22a3,9.70847206908766,-57.325987558455004,1.3502213092870673e-34,-1.3502213092870673e-37,-57.325987558455004,1.3502213092870673e-37,10.000000000000025,10.000000000000027,6.111467685514361e-14,0.001002564774788716,0.0008141714309959391,-0.07918426414522568,0.0,"[10.0,10.0,10.0]","[3.333333333333333,3.333333333333333,3.333333333333333]",1.8147322240168297e-141,1.0,True,"Midpoint of the global spectral gap; Float64 counts equal at its 1/4,1/2,3/4 points","[[1.8147322240218842e-141,1.8147322240168297e-141],[1.5856126907168158e-109,1.5856014554610075e-109],[1.5856126907158243e-109,1.5856014554616384e-109]]",0,0.0,"[2.5166559483110765e-15,3.8205395277870105e-16,-2.4081897373389263e-15]","{""PspCorrection"":0.09187494522099392,""Ewald"":-14.186487397403095,""Kinetic"":29.07655256893466,""AtomicNonlocalFR"":-14.214294205213278,""AtomicLocal"":-79.43377784257159,""Hartree"":28.517252488727287,""Xc"":-7.177108116149979}",PASS,1.5856126907168158e-109,7.406036103095655e-38
70,iteration,CONTINUE,0.0012691433167257714,0.00012691433167260813,0.00012691433167260813,False,False,linear_mixing,,4f7663110978c425f92cb03d4b6c42bd04b3867f23b60660329691d4bd3398b5,10.000000000000014,4b186ce4ae104b83b15e446c36eb11daf7c8698bef2882c02842fce736ba8c92,10.000000000000004,2e08401b506cd79c64d2b7f503cc12c1e06ac923b05346c5bb3a81330cf5293b,10.000000000000014,24,9.909628466271913e-11,2.489928652717789e-14,492a1f40ff75fa226813187497bd84ca1cbf76c9cd861c2edcc62f82f9f4930b,90.04317343061811,0.03990017902113141,fff78028afac3d984d56a4c9c6a6efb0d3438e0b957c61cec23e083111fc350a,9.708491338133065,-57.325987625583814,1.3420944635303645e-34,-1.3420944635303645e-37,-57.325987625583814,1.3420944635303645e-37,10.000000000000004,10.000000000000007,5.4794528690220183e-14,0.0009263122930466186,0.0007535350997089495,-0.07917604532112926,0.0,"[10.0,10.0,10.0]","[3.333333333333333,3.333333333333333,3.333333333333333]",1.845397964666792e-141,1.0,True,"Midpoint of the global spectral gap; Float64 counts equal at its 1/4,1/2,3/4 points","[[1.8453979646682608e-141,1.845397964666792e-141],[1.5736138970017727e-109,1.573602733624581e-109],[1.5736138970017727e-109,1.5736027336231945e-109]]",0,0.0,"[-1.1056528798649419e-15,-3.8787257416213906e-15,6.548589592141919e-16]","{""PspCorrection"":0.09187494522099392,""Ewald"":-14.186487397403095,""Kinetic"":29.076465871425015,""AtomicNonlocalFR"":-14.214259783148158,""AtomicLocal"":-79.43364592889375,""Hartree"":28.517162239649515,""Xc"":-7.177097572434325}",PASS,1.5736138970017727e-109,6.870755763140926e-38
71,iteration,CONTINUE,0.0011451797943738884,0.00011451797943738843,0.00011451797943738843,False,False,linear_mixing,,2e08401b506cd79c64d2b7f503cc12c1e06ac923b05346c5bb3a81330cf5293b,10.000000000000014,fccdf8c215ef0c95da0589d1d1691437a5cba96f1067cf5e6c713117cb396bf0,10.000000000000023,a4ee80cf4fcd71a9fab623b75d98d053e30ea78d20677e49ad283d596f062722,10.000000000000014,24,9.723166955899144e-11,2.7978998663670205e-14,468ea312a3a93f0e6b177821b910348db733b1364e122bc8e3f7ef045f041226,90.04315200680256,0.03693797143946338,d6819125228590afd0b1a5cc89e4e742c963f4a62d18037063ffc40e0bf72139,9.708509223960753,-57.325987681997994,1.3345464117637953e-34,-1.3345464117637954e-37,-57.325987681997994,1.3345464117637954e-37,10.000000000000023,10.000000000000027,6.318920076623742e-14,0.000855753040099829,0.0006972203075858638,-0.07916851956921217,0.0,"[10.0,10.0,10.0]","[3.333333333333333,3.333333333333333,3.333333333333333]",1.8739338983290127e-141,1.0,True,"Midpoint of the global spectral gap; Float64 counts equal at its 1/4,1/2,3/4 points","[[1.8739338983316755e-141,1.8739338983290127e-141],[1.5624441394097132e-109,1.5624330435427376e-109],[1.5624441394098463e-109,1.5624330435431818e-109]]",0,0.0,"[1.885082866975623e-15,-1.87731069179535e-15,-8.773137610197548e-15]","{""PspCorrection"":0.09187494522099392,""Ewald"":-14.186487397403095,""Kinetic"":29.07639209511639,""AtomicNonlocalFR"":-14.214230295734573,""AtomicLocal"":-79.43353497631975,""Hartree"":28.51708675494734,""Xc"":-7.1770888078253}",PASS,1.5624441394098463e-109,6.369871271852986e-38
72,iteration,CONTINUE,0.0010332765809505232,0.00010332765809505951,0.00010332765809505951,False,False,linear_mixing,,a4ee80cf4fcd71a9fab623b75d98d053e30ea78d20677e49ad283d596f062722,10.000000000000014,48671993101b08891fb2a90453a99212ba3aa5bcc2c6e138d56b8e6021fec1e0,10.000000000000007,b2fa9090aa8e4fb4d61a89572eadd8eb31456a200c008c582d210c7ff2144984,10.000000000000012,24,9.93821280199509e-11,2.9959345130798916e-14,9f63d526f104025db39e8acf80e189121f9ff98bb4c32e52dbe1e3253e079197,90.04316415132661,0.03418416386622113,c4609423f7a9d28132c5a5bc99e0213579369b620b615605472e609877cf85f8,9.708525824399615,-57.32598772944902,1.327542090867323e-34,-1.327542090867323e-37,-57.32598772944902,1.327542090867323e-37,10.000000000000007,10.000000000000005,7.64787182362904e-14,0.0007904753432755742,0.0006449474015016893,-0.07916161501010097,0.0,"[10.0,10.0,10.0]","[3.333333333333333,3.333333333333333,3.333333333333333]",1.9004580872922623e-141,1.0,True,"Midpoint of the global spectral gap; Float64 counts equal at its 1/4,1/2,3/4 points","[[1.9004580872934506e-141,1.9004580872922623e-141],[1.5520591471101987e-109,1.5520481145170292e-109],[1.5520591471107282e-109,1.552048114516235e-109]]",0,0.0,"[5.468778743684627e-15,4.5906879230763036e-15,-4.674349201840488e-15]","{""PspCorrection"":0.09187494522099392,""Ewald"":-14.186487397403095,""Kinetic"":29.076329335328825,""AtomicNonlocalFR"":-14.2142050338043,""AtomicLocal"":-79.43344179732982,""Hartree"":28.51702376246042,""Xc"":-7.1770815439220375}",PASS,1.5520591471107282e-109,5.901942789363142e-38
73,iteration,CONTINUE,0.0009322682772520019,9.322682772521196e-05,9.322682772521196e-05,False,False,linear_mixing,,b2fa9090aa8e4fb4d61a89572eadd8eb31456a200c008c582d210c7ff2144984,10.000000000000012,060d97083b45388789daa013645eae5d800ea7262ec8438381f4b4f275af63a0,10.000000000000007,3b137d34f4b44aab1557ef6b7f3fe1ff2214dd70cfaea4a30e4563d8c20ba5e1,10.000000000000014,24,9.916251216818162e-11,2.3954802030663303e-14,2b99dfef630d2e701e2773c88e21f8476a2b1d71e61a4b83673f69662d3e4b6f,90.04320148294676,0.03162595295163346,714a9f6447ed59cf45bff58f411a91c6b9c5372ec2fe28e4714f7b18aebf4969,9.708541230353944,-57.32598776939115,1.3210473500650664e-34,-1.3210473500650664e-37,-57.32598776939115,1.3210473500650664e-37,10.000000000000007,10.000000000000009,8.552019460686339e-14,0.0007300955955121967,0.0005964505186861279,-0.07915526896966116,0.0,"[10.0,10.0,10.0]","[3.333333333333333,3.333333333333333,3.333333333333333]",1.9250872603409588e-141,1.0,True,"Midpoint of the global spectral gap; Float64 counts equal at its 1/4,1/2,3/4 points","[[1.92508726034457e-141,1.9250872603409588e-141],[1.542414323025427e-109,1.5424033496381695e-109],[1.5424143230240679e-109,1.5424033496368107e-109]]",0,0.0,"[-6.2565687127197755e-15,-6.808882819314708e-15,-6.858676707428694e-16]","{""PspCorrection"":0.09187494522099392,""Ewald"":-14.186487397403095,""Kinetic"":29.076275966733522,""AtomicNonlocalFR"":-14.214183390463122,""AtomicLocal"":-79.43336367919753,""Hartree"":28.51697133013956,""Xc"":-7.177075544421474}",PASS,1.542414323025427e-109,5.465428557766637e-38
74,iteration,CONTINUE,0.0008411011022309136,8.411011022310662e-05,8.411011022310662e-05,False,False,linear_mixing,,3b137d34f4b44aab1557ef6b7f3fe1ff2214dd70cfaea4a30e4563d8c20ba5e1,10.000000000000014,81c01336ad8fd42f59c71a218baf84ac2d9e7bc4d974f88278f0fb1bc1bbb6e2,10.000000000000012,d37383795209dfddd1bb1c61e1dc819e685fc9e593f5b743d4da024b301625fc,10.00000000000001,24,9.513113730374335e-11,2.774034441819593e-14,d822d3f369b3fcbde99ec3a4526d2d06d101197f2265bd1cead3f692385e08cb,90.04325722255174,0.029250995982571807,07666b4c1d948c28f29fc703e2a35d635858d15f9d03bc3276e6eb2a35943213,9.708555526315639,-57.32598780303446,1.3150292171544685e-34,-1.3150292171544685e-37,-57.32598780303446,1.3150292171544685e-37,10.000000000000012,10.000000000000012,9.061312478911036e-14,0.000674256559723283,0.0005514776297109916,-0.07914942664167846,0.0,"[10.0,10.0,10.0]","[3.333333333333333,3.333333333333333,3.333333333333333]",1.9479357263392898e-141,1.0,True,"Midpoint of the global spectral gap; Float64 counts equal at its 1/4,1/2,3/4 points","[[1.947935726342833e-141,1.9479357263392898e-141],[1.5334654784058765e-109,1.5334545603307201e-109],[1.5334654784056586e-109,1.533454560332507e-109]]",0,0.0,"[1.7082755686848673e-15,-1.4944191162828382e-16,8.283434829104894e-16]","{""PspCorrection"":0.09187494522099392,""Ewald"":-14.186487397403095,""Kinetic"":29.076230602588566,""AtomicNonlocalFR"":-14.214164846325632,""AtomicLocal"":-79.43329831417334,""Hartree"":28.516927815930217,""Xc"":-7.1770706088721665}",PASS,1.5334654784058765e-109,5.058731158262738e-38
75,iteration,CONTINUE,0.0007588223006113373,7.588223006112895e-05,7.588223006112895e-05,False,False,linear_mixing,,d37383795209dfddd1bb1c61e1dc819e685fc9e593f5b743d4da024b301625fc,10.00000000000001,9d2065773aa1824d95c765ec08bfff647725cffb7ee3b7218120f8af8d819abe,10.000000000000014,9ebd7c4790d3070aeac45152504bd6b0feaeceee9c103754b808d831d5a42e95,10.000000000000014,24,9.85301302692813e-11,2.7131977362464103e-14,5db434aa4d682c15bcfeb5cb79d602b138ab5b2a6ef903f73bbf5a13699d31b2,90.04332591950282,0.027047460545633693,b0663e5b150177148a0ced38d2e602f2bbf1948b66550adfec551d0700b40c0a,9.708568790832725,-57.32598783138835,1.3094560795735994e-34,-1.3094560795735995e-37,-57.32598783138835,1.3094560795735995e-37,10.000000000000014,10.000000000000018,9.312026157400031e-14,0.0006226257306024224,0.0005097903980182065,-0.07914403995353292,0.0,"[10.0,10.0,10.0]","[3.333333333333333,3.333333333333333,3.333333333333333]",1.9691145359470013e-141,1.0,True,"Midpoint of the global spectral gap; Float64 counts equal at its 1/4,1/2,3/4 points","[[1.9691145359486803e-141,1.9691145359470013e-141],[1.5251693743542056e-109,1.5251585078904438e-109],[1.5251693743513446e-109,1.525158507888233e-109]]",0,0.0,"[3.837218417155448e-15,-1.8050947670599267e-15,3.67274989412946e-15]","{""PspCorrection"":0.09187494522099392,""Ewald"":-14.186487397403095,""Kinetic"":29.076192059653078,""AtomicNonlocalFR"":-14.214148956819672,""AtomicLocal"":-79.43324373938633,""Hartree"":28.51689182465894,""Xc"":-7.177066567312271}",PASS,1.5251693743542056e-109,4.6802332239232507e-38
76,iteration,CONTINUE,0.0006845705298995154,6.845705298994826e-05,6.845705298994826e-05,False,False,linear_mixing,,9ebd7c4790d3070aeac45152504bd6b0feaeceee9c103754b808d831d5a42e95,10.000000000000014,db56f6eea3ab46970bb12e6f4ba37cabe902009727d4a0db18555f2366f300aa,10.000000000000004,c436f4d4d0b2036f316203a57cd41c45bc5160d99fd376b4cd6cc8f49300cf6e,10.000000000000014,24,9.861685343886214e-11,2.5884556466382285e-14,e75aeb33355b481de22c5e7c7bef5b0fbe6126b3b5129f260addd15dfaf10f59,90.0434032220179,0.02500405682379768,8a8197875cd61ab7fff15c46922c68e4ce395e1f0568462440183e0f7f27be9d,9.708581096940058,-57.32598785529607,1.3042977993189653e-34,-1.3042977993189653e-37,-57.32598785529607,1.3042977993189653e-37,10.000000000000004,10.000000000000007,8.17601647387616e-14,0.0005748937874959222,0.0004711639371315711,-0.07913906660438341,0.0,"[10.0,10.0,10.0]","[3.333333333333333,3.333333333333333,3.333333333333333]",1.9887308530270724e-141,1.0,True,"Midpoint of the global spectral gap; Float64 counts equal at its 1/4,1/2,3/4 points","[[1.988730853028429e-141,1.9887308530270724e-141],[1.5174841112585391e-109,1.517473292891147e-109],[1.51748411125552e-109,1.5174732928889473e-109]]",0,0.0,"[8.381547275770819e-16,-1.9727620763036105e-15,-3.2890215226501597e-15]","{""PspCorrection"":0.09187494522099392,""Ewald"":-14.186487397403095,""Kinetic"":29.07615932847522,""AtomicNonlocalFR"":-14.21413534138815,""AtomicLocal"":-79.43319828602276,""Hartree"":28.5168621715516,""Xc"":-7.177063275729885}",PASS,1.5174841112585391e-109,4.328324339611567e-38
77,iteration,CONTINUE,0.000617567181871198,6.17567181871012e-05,6.17567181871012e-05,False,False,linear_mixing,,c436f4d4d0b2036f316203a57cd41c45bc5160d99fd376b4cd6cc8f49300cf6e,10.000000000000014,5fa170965f76bbf848fcd2aee24ca391784814aae5b090b26b2712f91052eab5,10.000000000000014,a5e3875d596915b91614da0f1c981531a929e0013cfda3a7407b7209e200bd48,10.000000000000012,24,9.417416370933495e-11,2.456608455003858e-14,78086ca77b06a81f58f5421e49889a0dfecc3e227a4b6735f2ca6a85e3ef0ba4,90.04348568468788,0.023110055598130848,7d18f4dc7dbb797960eb8c8971f733b6781c1da9f0ca42d75effc96a10284911,9.708592512554963,-57.32598787546354,1.2995257772958866e-34,-1.2995257772958866e-37,-57.32598787546354,1.2995257772958866e-37,10.000000000000014,10.000000000000016,1.132575289001832e-13,0.0005307731270747367,0.00043538647769589793,-0.07913446924913664,0.0,"[10.0,10.0,10.0]","[3.333333333333333,3.333333333333333,3.333333333333333]",2.006887502322989e-141,1.0,True,"Midpoint of the global spectral gap; Float64 counts equal at its 1/4,1/2,3/4 points","[[2.0068875023239017e-141,2.006887502322989e-141],[1.5103693997762865e-109,1.5103586261837874e-109],[1.5103693997767585e-109,1.5103586261842166e-109]]",0,0.0,"[-4.688688669340261e-15,-6.122464158189143e-15,6.32814715003662e-16]","{""PspCorrection"":0.09187494522099392,""Ewald"":-14.186487397403095,""Kinetic"":29.076131547893134,""AtomicNonlocalFR"":-14.214123674226105,""AtomicLocal"":-79.4331605357627,""Hartree"":28.516837850994722,""Xc"":-7.17706061218049}",PASS,1.5103693997767585e-109,4.0014212801862486e-38
78,iteration,CONTINUE,0.0005571085152448936,5.571085152451795e-05,5.571085152451795e-05,False,False,linear_mixing,,a5e3875d596915b91614da0f1c981531a929e0013cfda3a7407b7209e200bd48,10.000000000000012,afaa6bc5afd0a80dcba94c20cc7bbbccd8442305cf6dde4205bb225c9f908add,10.000000000000014,2947b4d3621bd53bd1ff4b22701c5d70673cce63d8ef816610c9cab16df6a467,10.000000000000014,24,9.604517782898394e-11,2.45764466949331e-14,78eb1de4f44f53a38c2d2e30bd0f5983b0d22329ac4f8cd49e7c8da8578e89ae,90.0435706073889,0.021355295153170622,df7d9da9ecd52be641d36d5b5578d2e0abbd7bd9a88a9e4939405cca374d5af8,9.708603100842309,-57.32598789248176,1.2951129790423008e-34,-1.2951129790423008e-37,-57.32598789248176,1.2951129790423008e-37,10.000000000000014,10.000000000000016,7.184487065106024e-14,0.0004899964873663149,0.0004022589831768909,-0.07913021480596856,0.0,"[10.0,10.0,10.0]","[3.333333333333333,3.333333333333333,3.333333333333333]",2.0236826633796562e-141,1.0,True,"Midpoint of the global spectral gap; Float64 counts equal at its 1/4,1/2,3/4 points","[[2.0236826633816117e-141,2.0236826633796562e-141],[1.5037867396370655e-109,1.5037760076899178e-109],[1.503786739637792e-109,1.5037760076900034e-109]]",0,0.0,"[-9.887479476458155e-16,2.869006382133216e-15,6.090897456675426e-17]","{""PspCorrection"":0.09187494522099392,""Ewald"":-14.186487397403095,""Kinetic"":29.07610798332439,""AtomicNonlocalFR"":-14.214113676374755,""AtomicLocal"":-79.4331292837085,""Hartree"":28.516818009943428,""Xc"":-7.177058473484221}",PASS,1.503786739637792e-109,3.6979828481344155e-38
79,iteration,CONTINUE,0.0005025585329922217,5.0255853299210607e-05,5.0255853299210607e-05,False,False,linear_mixing,,2947b4d3621bd53bd1ff4b22701c5d70673cce63d8ef816610c9cab16df6a467,10.000000000000014,ec39a1340ddb1dbc0470566cc2704bdd47f657f0bf8607ffa2bf841944069a9c,10.0,54c35b8ddea10641a2cc3d2c1c85e045612942fe43a51505c13b322a3b434238,10.000000000000014,24,9.866479253935827e-11,2.9366925293321314e-14,2759af49e26db465493bac68e74b177dfda627cfb927ba83c0edf6e9c71ed103,90.04365590068257,0.019730179307957715,70e5f2282136e511f2f0a0b307103ca6d2cedb1d4f3dc851bbdee762e9898723,9.708612920550788,-57.32598790684724,1.29103393139458e-34,-1.29103393139458e-37,-57.32598790684724,1.29103393139458e-37,10.0,10.000000000000004,1.7589260101736797e-13,0.00045231560236539157,0.00037159466054793416,-0.07912627386843296,0.0,"[10.0,10.0,10.0]","[3.333333333333333,3.333333333333333,3.333333333333333]",2.0392096847476255e-141,1.0,True,"Midpoint of the global spectral gap; Float64 counts equal at its 1/4,1/2,3/4 points","[[2.0392096847478574e-141,2.0392096847476255e-141],[1.4976995272526374e-109,1.4976888340111224e-109],[1.4976995272516584e-109,1.4976888340118036e-109]]",0,0.0,"[1.5846000138458939e-15,1.4633408123948654e-15,-3.175138472287411e-15]","{""PspCorrection"":0.09187494522099392,""Ewald"":-14.186487397403095,""Kinetic"":29.07608800822241,""AtomicNonlocalFR"":-14.21410510895808,""AtomicLocal"":-79.43310350676347,""Hartree"":28.51680192524555,""Xc"":-7.1770567724115395}",PASS,1.4976995272526374e-109,3.416520494879193e-38
80,iteration,CONTINUE,0.00045334253390822164,4.533425339084965e-05,4.533425339084965e-05,False,False,linear_mixing,,54c35b8ddea10641a2cc3d2c1c85e045612942fe43a51505c13b322a3b434238,10.000000000000014,9decc6f1c09de9a81ec7224525f5a789bcc1ce9033f7f2b932a2821703a5311d,10.000000000000004,0af542d65e9fbd5f090004e7ca05620d8b7cd0417be097a2d8098ca705b0a269,10.000000000000012,24,9.82123275734026e-11,3.0453228443958124e-14,714f338ae3008787cc8c0a43a8d022982c2adc8de7fa7f27d6cddd41d9890ddf,90.04373997352745,0.018225668883735727,ddfeed62d3c17cef22cea1256cf0458e83d3322b0112339828cbe03411a907b2,9.70862202632409,-57.32598791897685,1.2872646975703095e-34,-1.2872646975703095e-37,-57.32598791897685,1.2872646975703095e-37,10.000000000000004,10.000000000000009,2.154501407124502e-13,0.00041749995952931695,0.0003432184703911025,-0.07912262020608714,0.0,"[10.0,10.0,10.0]","[3.333333333333333,3.333333333333333,3.333333333333333]",2.0535569959251465e-141,1.0,True,"Midpoint of the global spectral gap; Float64 counts equal at its 1/4,1/2,3/4 points","[[2.0535569959287653e-141,2.0535569959251465e-141],[1.4920731088047252e-109,1.492062451508054e-109],[1.492073108805531e-109,1.4920624515064002e-109]]",0,0.0,"[2.4491105508391042e-15,7.671247468026016e-15,-6.443049075155797e-15]","{""PspCorrection"":0.09187494522099392,""Ewald"":-14.186487397403095,""Kinetic"":29.0760710882352,""AtomicNonlocalFR"":-14.214097767400096,""AtomicLocal"":-79.43308233660042,""Hartree"":28.51678898425331,""Xc"":-7.177055435282733}",PASS,1.492073108805531e-109,3.1556057480078806e-38
81,iteration,CONTINUE,0.0004089412660315243,4.089412660315356e-05,4.089412660315356e-05,False,False,linear_mixing,,0af542d65e9fbd5f090004e7ca05620d8b7cd0417be097a2d8098ca705b0a269,10.000000000000012,dc36b2bfac04ddc334825be888c1ec251cfcacaee33be62d52e7e9cb01643ff0,10.000000000000018,8ea4247056143849dcad13d87e479b35ad0366f1b4ba25bddcae88e3a6270dea,10.000000000000012,24,9.486430490297247e-11,3.109697768631463e-14,ca38b636017b1d24684b8415e3f50ab947c44854277f7ce69fa8688ff68248d2,90.04382163981379,0.01683326840289833,7ab26288a49fd41fde8228c7a9f69c7ce116719217c36a2e259831ef7ca71de9,9.708630468988565,-57.32598792922087,1.2837828363973757e-34,-1.2837828363973759e-37,-57.32598792922087,1.2837828363973759e-37,10.000000000000018,10.000000000000021,1.3313836570953983e-13,0.00038533564912104066,0.0003169666448608282,-0.07911923034008977,0.0,"[10.0,10.0,10.0]","[3.333333333333333,3.333333333333333,3.333333333333333]",2.0668080979360118e-141,1.0,True,"Midpoint of the global spectral gap; Float64 counts equal at its 1/4,1/2,3/4 points","[[2.0668080979369517e-141,2.0668080979360118e-141],[1.4868747916409818e-109,1.4868641677001156e-109],[1.4868747916407285e-109,1.4868641676986366e-109]]",0,0.0,"[-4.121775065643326e-15,-4.99176219610702e-15,-5.403701744150381e-16]","{""PspCorrection"":0.09187494522099392,""Ewald"":-14.186487397403095,""Kinetic"":29.076056767723898,""AtomicNonlocalFR"":-14.214091476479965,""AtomicLocal"":-79.43306503678818,""Hartree"":28.516778668438967,""Xc"":-7.177054399933491}",PASS,1.4868747916409818e-109,2.913874744173939e-38
82,iteration,CONTINUE,0.00036888563835420067,3.688856383545413e-05,3.688856383545413e-05,False,False,linear_mixing,,8ea4247056143849dcad13d87e479b35ad0366f1b4ba25bddcae88e3a6270dea,10.000000000000012,ae0d7d94c3b2b54438ec84df28dea7c7d9a54243b71b1232fa79d94a6bc47e6a,10.000000000000005,6ce02f0b8c349b86fe4869d6e709caa083af7259c603a3178cf6196c277821ac,10.000000000000014,24,9.993377931572824e-11,2.6275710199560632e-14,85a898095e3b7fa56dd7694f3604f7ea37754d45c92322fae54d387a353f6826,90.04390004065657,0.015545008128817282,88ec6e96cf57ab0b2b82be01a18d5cae134c244e71a87945bda792989035210b,9.70863829581978,-57.325987937874146,1.2805673506222275e-34,-1.2805673506222276e-37,-57.325987937874146,1.2805673506222276e-37,10.000000000000005,10.000000000000007,1.4080272090735077e-13,0.00035562420956014405,0.00029268609965073955,-0.07911608318206888,0.0,"[10.0,10.0,10.0]","[3.333333333333333,3.333333333333333,3.333333333333333]",2.0790416158361013e-141,1.0,True,"Midpoint of the global spectral gap; Float64 counts equal at its 1/4,1/2,3/4 points","[[2.079041615837874e-141,2.0790416158361013e-141],[1.4820738250243635e-109,1.4820632320237389e-109],[1.482073825024827e-109,1.482063232024076e-109]]",0,0.0,"[-3.258177677730141e-15,-1.0580483270741467e-15,-1.128075832175317e-15]","{""PspCorrection"":0.09187494522099392,""Ewald"":-14.186487397403095,""Kinetic"":29.076044658199336,""AtomicNonlocalFR"":-14.214086086101254,""AtomicLocal"":-79.43305098307482,""Hartree"":28.5167705392547,""Xc"":-7.177053613970003}",PASS,1.482073825024827e-109,2.690031098090089e-38
83,iteration,CONTINUE,0.00033275192611910203,3.327519261190326e-05,3.327519261190326e-05,False,False,linear_mixing,,6ce02f0b8c349b86fe4869d6e709caa083af7259c603a3178cf6196c277821ac,10.000000000000014,d7496fdff0a5fef8ad1225c0ce7d192caded71f84df0354b1546ba7abbfa33ee,10.00000000000001,bbd5adfe7654e7e1a9ef2a02d4fca90631583aae3f815cdedcc61be57b7521d7,10.000000000000012,24,9.844381705954396e-11,2.839941918332153e-14,a6447aef573a5d227e9ee43353c5cd1309c5c902c572545309111c50469d3776,90.04397458000497,0.014353424498917296,908653d990abf93784ab5cd111eaaddda44058de04491aab7205927efdf90081,9.708645550789221,-57.32598794518503,1.2775986274539616e-34,-1.2775986274539615e-37,-57.32598794518503,1.2775986274539615e-37,10.00000000000001,10.00000000000001,9.852948810248637e-14,0.00032818159537898443,0.00027023391428915636,-0.0791131597267302,0.0,"[10.0,10.0,10.0]","[3.333333333333333,3.333333333333333,3.333333333333333]",2.0903313996393878e-141,1.0,True,"Midpoint of the global spectral gap; Float64 counts equal at its 1/4,1/2,3/4 points","[[2.0903313996423583e-141,2.0903313996393878e-141],[1.4776413576659398e-109,1.4776307933446678e-109],[1.4776413576667796e-109,1.4776307933455496e-109]]",0,0.0,"[3.365047280400373e-15,3.4198487226601794e-15,-3.3598863107207042e-15]","{""PspCorrection"":0.09187494522099392,""Ewald"":-14.186487397403095,""Kinetic"":29.07603442849184,""AtomicNonlocalFR"":-14.21408146767478,""AtomicLocal"":-79.43303964672526,""Hartree"":28.516764226197715,""Xc"":-7.177053033292433}",PASS,1.4776413576667796e-109,2.482847001510225e-38
84,iteration,CONTINUE,0.0003001574306723951,3.00157430672491e-05,3.00157430672491e-05,False,False,linear_mixing,,bbd5adfe7654e7e1a9ef2a02d4fca90631583aae3f815cdedcc61be57b7521d7,10.000000000000012,20078aefe0828f0dea9fd5c24d671795376be08d1db03fc26bd2e5103a6fbfbf,10.000000000000004,6c2752207b75cd86aaecabe8b02893bc520baa0392f3222ea5249d285cb9ba00,10.000000000000014,24,9.983827797708654e-11,2.997779465366377e-14,98eec9ef5fbe89cde10404c4470e5d62bd9105a80ad901846d1221112a9ea8c3,90.04404487138086,0.013251538254689083,10c6d0259899d9e5b618ac97c864128561bf0c2df3975f5655e2a4c09a8f6cd2,9.708652274793797,-57.32598795136262,1.2748583743614035e-34,-1.2748583743614035e-37,-57.32598795136262,1.2748583743614035e-37,10.000000000000004,10.000000000000004,1.0703738269901963e-13,0.00030283719149286744,0.00024947679334389556,-0.07911044278975081,0.0,"[10.0,10.0,10.0]","[3.333333333333333,3.333333333333333,3.333333333333333]",2.1007466620031368e-141,1.0,True,"Midpoint of the global spectral gap; Float64 counts equal at its 1/4,1/2,3/4 points","[[2.1007466620054054e-141,2.1007466620031368e-141],[1.4735503788581204e-109,1.473539841111691e-109],[1.4735503788560265e-109,1.4735398411121095e-109]]",0,0.0,"[1.248005749418889e-15,2.3705786835734486e-15,-2.9852046746345535e-15]","{""PspCorrection"":0.09187494522099392,""Ewald"":-14.186487397403095,""Kinetic"":29.07602579633907,""AtomicNonlocalFR"":-14.214077511023248,""AtomicLocal"":-79.43303058024868,""Hartree"":28.516759416586105,""Xc"":-7.177052620833758}",PASS,1.4735503788581204e-109,2.2911632120462832e-38
85,iteration,CONTINUE,0.00027075654900689196,2.7075654900714145e-05,2.7075654900714145e-05,False,False,linear_mixing,,6c2752207b75cd86aaecabe8b02893bc520baa0392f3222ea5249d285cb9ba00,10.000000000000014,4239d5d6595e9557d0fa63f69f226d4413234deacbe0e37aba077de8dc2ce810,10.0,c5a2aa609fd8070186d4c184b53e1bb4c60bd1e3f0c155a8c7f7d0409e63d6cf,10.00000000000001,24,9.990877524782266e-11,2.3128941633763e-14,e3540a5f460ab4387c24130159a118fdd58903fdd59153a57e71076572eae418,90.04411069395728,0.012232831479646987,ceca5dee6d24da8c3dc4196896118f3b0ce71be3468e57c6863a4dd17301065c,9.70865850586835,-57.325987956583404,1.2723295521526625e-34,-1.2723295521526625e-37,-57.325987956583404,1.2723295521526625e-37,10.0,10.000000000000004,1.0697686876969002e-13,0.0002794328833973009,0.00023029052988730842,-0.07910791678406602,0.0,"[10.0,10.0,10.0]","[3.333333333333333,3.333333333333333,3.333333333333333]",2.11035214309942e-141,1.0,True,"Midpoint of the global spectral gap; Float64 counts equal at its 1/4,1/2,3/4 points","[[2.1103521431014594e-141,2.11035214309942e-141],[1.4697756480721562e-109,1.4697651349366983e-109],[1.4697756480716133e-109,1.469765134938578e-109]]",0,0.0,"[3.9341601290442374e-15,-2.108682872545997e-16,5.162049597045833e-16]","{""PspCorrection"":0.09187494522099392,""Ewald"":-14.186487397403095,""Kinetic"":29.07601852120613,""AtomicNonlocalFR"":-14.214074121733512,""AtomicLocal"":-79.43302340523694,""Hartree"":28.516755846849993,""Xc"":-7.177052345486978}",PASS,1.4697756480721562e-109,2.1138881300984645e-38
86,iteration,CONTINUE,0.00024423721370398123,2.4423721370381774e-05,2.4423721370381774e-05,False,False,linear_mixing,,c5a2aa609fd8070186d4c184b53e1bb4c60bd1e3f0c155a8c7f7d0409e63d6cf,10.00000000000001,5a41fa7d1f2826137c8dfff0fc74852beea0aea7e87f79a645dd10b500c9afa9,10.000000000000009,20c3556eaf9344cfeed2e7fba24ab20a6423205a37535e8cb6b7a83f2869d35a,10.00000000000001,24,9.881673157541335e-11,2.5119663161938523e-14,bb5b7bc8793db7f822e812e53b7c899d035f26fd148f273a4577b56fefb4b287,90.04417195645757,0.011291224270941374,064590c3e6a7b6b05f8c3d751ca03cea902a2502745e02d451e454361bfd5553,9.708664279383385,-57.325987960996,1.2699963069696406e-34,-1.2699963069696405e-37,-57.325987960996,1.2699963069696405e-37,10.000000000000009,10.00000000000001,7.830904658256005e-14,0.0002578221620771004,0.00021255945341537154,-0.07910556752861651,0.0,"[10.0,10.0,10.0]","[3.333333333333333,3.333333333333333,3.333333333333333]",2.1192082946544037e-141,1.0,True,"Midpoint of the global spectral gap; Float64 counts equal at its 1/4,1/2,3/4 points","[[2.1192082946558493e-141,2.1192082946544037e-141],[1.4662936169439761e-109,1.4662831265944058e-109],[1.466293616943601e-109,1.4662831265936975e-109]]",0,0.0,"[-1.330322505654373e-15,-3.636398381251682e-15,1.924285637924057e-15]","{""PspCorrection"":0.09187494522099392,""Ewald"":-14.186487397403095,""Kinetic"":29.076012398169482,""AtomicNonlocalFR"":-14.214071218891762,""AtomicLocal"":-79.43301780203744,""Hartree"":28.516753295140653,""Xc"":-7.177052181194833}",PASS,1.4662936169439761e-109,1.9499961890303717e-38
87,iteration,CONTINUE,0.00022031767152853876,2.203176715287829e-05,2.203176715287829e-05,False,False,linear_mixing,,20c3556eaf9344cfeed2e7fba24ab20a6423205a37535e8cb6b7a83f2869d35a,10.00000000000001,9e31cb227a13cfb6f1b2318e7ae043acff5af3830d134b9a07fc34ece869844d,10.000000000000004,c2de71e43712543d835457e5940bc3df2b6f309c7a28b4a5a9e81a0385e1f001,10.000000000000009,24,9.735041744140095e-11,2.5685276094287445e-14,a552f40718dfdaecd675cc7ad3f3029968f5e72be4e2592a6b035aee61e931c7,90.04422866757139,0.010421051058803487,1a8f8aa7e16499c98a4805bdb45984e59add5cef9cae60754d03ffdc781d18a5,9.708669628228884,-57.32598796472579,1.2678439024523824e-34,-1.2678439024523823e-37,-57.32598796472579,1.2678439024523823e-37,10.000000000000004,10.000000000000004,1.0489244984906906e-13,0.0002378693545286436,0.00019617597786142585,-0.07910338208451002,0.0,"[10.0,10.0,10.0]","[3.333333333333333,3.333333333333333,3.333333333333333]",2.1273714768909697e-141,1.0,True,"Midpoint of the global spectral gap; Float64 counts equal at its 1/4,1/2,3/4 points","[[2.1273714768929045e-141,2.1273714768909697e-141],[1.4630823466686912e-109,1.4630718774060332e-109],[1.4630823466689406e-109,1.4630718774057839e-109]]",0,0.0,"[8.82170029539085e-16,-4.279975105833522e-15,-5.97085171222581e-17]","{""PspCorrection"":0.09187494522099392,""Ewald"":-14.186487397403095,""Kinetic"":29.076007252678153,""AtomicNonlocalFR"":-14.214068733144737,""AtomicLocal"":-79.43301350089949,""Hartree"":28.516751574994537,""Xc"":-7.1770521061721455}",PASS,1.4630823466689406e-109,1.7985257835590311e-38
88,iteration,CONTINUE,0.00019874356601830127,1.9874356601810546e-05,1.9874356601810546e-05,False,False,linear_mixing,,c2de71e43712543d835457e5940bc3df2b6f309c7a28b4a5a9e81a0385e1f001,10.000000000000009,2576b9214bb0bd583d1115361b05ae75a77fb45a33a68e3641a432dc060abb30,10.000000000000002,113f83304bd230a3e3a7b77876f63a987245596dc14258c94356bbd63a115a85,10.000000000000012,24,9.834432095145601e-11,2.499746871914803e-14,3747ee87f444c196e5a2b0355906c956cfbe80e56abf6bd644ccdd2e9bbda1da,90.04428091182383,0.009617037362978469,2be687de5c4b0287954a1b693ab54e3940e60473599e397abdaf66c2de8d8a47,9.70867458298523,-57.32598796787882,1.265858652951133e-34,-1.2658586529511332e-37,-57.32598796787882,1.2658586529511332e-37,10.000000000000002,10.0,7.132537135845816e-14,0.00021944882838161487,0.00018104007308015625,-0.07910134861443532,0.0,"[10.0,10.0,10.0]","[3.333333333333333,3.333333333333333,3.333333333333333]",2.134894162923495e-141,1.0,True,"Midpoint of the global spectral gap; Float64 counts equal at its 1/4,1/2,3/4 points","[[2.1348941629265292e-141,2.134894162923495e-141],[1.4601214231082346e-109,1.4601109733513313e-109],[1.460121423107031e-109,1.4601109733502526e-109]]",0,0.0,"[-7.441303199949573e-16,2.1780434028941117e-15,7.552209285190386e-16]","{""PspCorrection"":0.09187494522099392,""Ewald"":-14.186487397403095,""Kinetic"":29.07600293609684,""AtomicNonlocalFR"":-14.214066605041172,""AtomicLocal"":-79.43301027447548,""Hartree"":28.51675052997079,""Xc"":-7.177052102247703}",PASS,1.4601214231082346e-109,1.6585768351446097e-38
89,iteration,CONTINUE,0.00017928529804704904,1.7928529804714143e-05,1.7928529804714143e-05,False,False,linear_mixing,,113f83304bd230a3e3a7b77876f63a987245596dc14258c94356bbd63a115a85,10.000000000000012,f7194d35c77aedc1cac37f49a1fd8cb4cf1370f3e0fcb2fac79dc25496c646ca,10.000000000000014,169562eb3ad6da58cc53db800d8350bf915ccd39cd90b5d23ce3183f4051df2f,10.00000000000001,24,9.653802271626432e-11,2.9345072305271676e-14,c8a50f529200763e957572c1079bd7ebff236b156b72fc8045c7ec609cd4090d,90.04432882998111,0.008874276649095897,a3ed5a648138cde6830fea35da9679709c8d1985495339a665b6c877d3e81eee,9.708679172082245,-57.32598797054452,1.2640278584826534e-34,-1.2640278584826534e-37,-57.32598797054452,1.2640278584826534e-37,10.000000000000014,10.000000000000016,8.225173530449502e-14,0.00020244426709253204,0.00016705877962084256,-0.07909945626170674,0.0,"[10.0,10.0,10.0]","[3.333333333333333,3.333333333333333,3.333333333333333]",2.1418251465388462e-141,1.0,True,"Midpoint of the global spectral gap; Float64 counts equal at its 1/4,1/2,3/4 points","[[2.1418251465400638e-141,2.1418251465388462e-141],[1.4573918713538703e-109,1.457381439638387e-109],[1.4573918713543674e-109,1.4573814396394225e-109]]",0,0.0,"[2.0345518638058842e-15,3.6538804325960206e-15,-3.3524110332029482e-15]","{""PspCorrection"":0.09187494522099392,""Ewald"":-14.186487397403095,""Kinetic"":29.075999321891796,""AtomicNonlocalFR"":-14.214064783611912,""AtomicLocal"":-79.43300793140337,""Hartree"":28.516750029063857,""Xc"":-7.177052154302792}",PASS,1.4573918713543674e-109,1.529308147993724e-38
90,iteration,CONTINUE,0.00016173563702220165,1.6173563702213907e-05,1.6173563702213907e-05,False,False,linear_mixing,,169562eb3ad6da58cc53db800d8350bf915ccd39cd90b5d23ce3183f4051df2f,10.00000000000001,7acb7b759b4d5e332d0502d7cdbb80e53954ca00f088158567260fe767066c0c,10.000000000000005,be56f6a634e33355707b4e7f8c033b4686cc50e440cdaa96ed78218beaa42d79,10.00000000000001,24,9.869734183492773e-11,2.8417655201175103e-14,598c555f97501df1f891f5f1910400a0072dfd3f0adfa06fd466328cc7b255a7,90.0443726032178,0.008188208282241498,1f7c9a34174d15465edfc379579e2535973b200a9da10c19bc2f1582dc548d4c,9.708683421947367,-57.32598797279814,1.26233974188742e-34,-1.2623397418874202e-37,-57.32598797279814,1.2623397418874202e-37,10.000000000000005,10.000000000000007,5.401095182865008e-14,0.0001867480348195327,0.0001541457969019416,-0.07909769504595142,0.0,"[10.0,10.0,10.0]","[3.333333333333333,3.333333333333333,3.333333333333333]",2.148209749988131e-141,1.0,True,"Midpoint of the global spectral gap; Float64 counts equal at its 1/4,1/2,3/4 points","[[2.148209749991428e-141,2.148209749988131e-141],[1.4548760711211113e-109,1.4548656560848546e-109],[1.4548760711234681e-109,1.4548656560853508e-109]]",0,0.0,"[-2.6311193758885526e-15,1.5378287588750767e-15,-9.056901800219856e-15]","{""PspCorrection"":0.09187494522099392,""Ewald"":-14.186487397403095,""Kinetic"":29.075996302379167,""AtomicNonlocalFR"":-14.214063225154822,""AtomicLocal"":-79.43300631085407,""Hartree"":28.516749962808856,""Xc"":-7.177052249795167}",PASS,1.4548760711234681e-109,1.4099346068568446e-38
91,iteration,CONTINUE,0.00014590755971060726,1.4590755971058182e-05,1.4590755971058182e-05,False,False,linear_mixing,,be56f6a634e33355707b4e7f8c033b4686cc50e440cdaa96ed78218beaa42d79,10.00000000000001,e19339966a2e2b12f339ae152220911a1f69eabd84b9119a0e7b23bc59e21a82,10.000000000000016,0767854608b3bf9a1ff03f5d6d146f2fddc0b15e650eb0f5b32a04fad414730a,10.00000000000001,24,9.078965463549025e-11,2.487036867238869e-14,342c1c75c95a47422548d34f642804b0d15c3410eb7b918db212549ae8b498cb,90.04441244041395,0.007554595806899645,3b0baacc58fc537027878c6688f7095a2b73819d8fe92058d4d2cb68e793c911,9.708687357143509,-57.32598797470379,1.2607833885279846e-34,-1.2607833885279846e-37,-57.32598797470379,1.2607833885279846e-37,10.000000000000016,10.000000000000016,6.144304917531028e-14,0.00017226051533714788,0.00014222100614391547,-0.0790960557728937,0.0,"[10.0,10.0,10.0]","[3.333333333333333,3.333333333333333,3.333333333333333]",2.1540900291382005e-141,1.0,True,"Midpoint of the global spectral gap; Float64 counts equal at its 1/4,1/2,3/4 points","[[2.1540900291417514e-141,2.1540900291382005e-141],[1.4525576739126288e-109,1.452547274296598e-109],[1.4525576739137434e-109,1.4525472742954007e-109]]",0,0.0,"[6.6062317074556725e-15,3.4170980834596203e-15,4.994106257011355e-18]","{""PspCorrection"":0.09187494522099392,""Ewald"":-14.186487397403095,""Kinetic"":29.075993785948715,""AtomicNonlocalFR"":-14.214061892194408,""AtomicLocal"":-79.433005277885,""Hartree"":28.516750239963603,""Xc"":-7.177052378354589}",PASS,1.4525576739137434e-109,1.2997243211789027e-38
92,iteration,CONTINUE,0.00013163229537453965,1.3163229537453017e-05,1.3163229537453017e-05,False,False,linear_mixing,,0767854608b3bf9a1ff03f5d6d146f2fddc0b15e650eb0f5b32a04fad414730a,10.00000000000001,5e199bdb8cb5317d07fcfb8043af03d15dd9651b3d41634dae5d59ae85f6c683,10.000000000000009,93a10e5863c73972a78857a31465b4249cad461ca7883ccdfe11f559b7fb138d,10.00000000000001,24,9.9039375682782e-11,2.491962662548514e-14,52858d55dce6a6f10927f8318c00718991ae082505bc6a935f2c8d0f99afbafa,90.04444856803124,0.006969506389416608,f444d85e0b39d619b041c9027717feb03bf777796058bb18253c0882dfec4444,9.708691000497602,-57.325987976315034,1.2593486887282664e-34,-1.2593486887282664e-37,-57.325987976315034,1.2593486887282664e-37,10.000000000000009,10.000000000000014,5.2230227012068107e-14,0.00015888956879100773,0.0001312101074240016,-0.07909452995607405,0.0,"[10.0,10.0,10.0]","[3.333333333333333,3.333333333333333,3.333333333333333]",2.1595049740531157e-141,1.0,True,"Midpoint of the global spectral gap; Float64 counts equal at its 1/4,1/2,3/4 points","[[2.159504974056921e-141,2.1595049740531157e-141],[1.4504215226885893e-109,1.4504111373179065e-109],[1.4504215226895374e-109,1.4504111373172882e-109]]",0,0.0,"[-6.397433843761716e-15,-1.3843642000991372e-15,-1.5259383248080946e-16]","{""PspCorrection"":0.09187494522099392,""Ewald"":-14.186487397403095,""Kinetic"":29.07599169469387,""AtomicNonlocalFR"":-14.214060752590992,""AtomicLocal"":-79.43300471948419,""Hartree"":28.51675078468782,""Xc"":-7.177052531439428}",PASS,1.4504215226895374e-109,1.1979957347867508e-38
93,iteration,CONTINUE,0.00011875755578980355,1.1875755578964666e-05,1.1875755578964666e-05,False,False,linear_mixing,,93a10e5863c73972a78857a31465b4249cad461ca7883ccdfe11f559b7fb138d,10.00000000000001,f7e88cf71a48183926a721e9c110258ebe6a566eef161ce13c31d5becf750727,10.000000000000012,f58e6e0e2bc0a763600607bb5c73b574ebd8c1a959ea88863ccdc896c8d3fc83,10.00000000000001,24,9.997245597849597e-11,2.4595121874715646e-14,58547c5bb8d1fb80f2f7ba18284a9d9b8f77639576633479260c8b543347af79,90.04448122212224,0.0064292909161187285,1013138960b7605e3755b1759c169b0f2773b66f0ac70ad075992728dff2b021,9.708694373220258,-57.3259879776775,1.258026283091357e-34,-1.258026283091357e-37,-57.3259879776775,1.258026283091357e-37,10.000000000000012,10.000000000000016,4.9334211922082954e-14,0.00014654995015764668,0.0001210441831010889,-0.07909310974871639,0.0,"[10.0,10.0,10.0]","[3.333333333333333,3.333333333333333,3.333333333333333]",2.1644907034201227e-141,1.0,True,"Midpoint of the global spectral gap; Float64 counts equal at its 1/4,1/2,3/4 points","[[2.1644907034217222e-141,2.1644907034201227e-141],[1.4484535745157595e-109,1.4484432023074136e-109],[1.4484535745154713e-109,1.4484432023059727e-109]]",0,0.0,"[-5.848493811848471e-16,2.1953772561463154e-15,-4.494297102308536e-15]","{""PspCorrection"":0.09187494522099392,""Ewald"":-14.186487397403095,""Kinetic"":29.07598996238429,""AtomicNonlocalFR"":-14.214059778770238,""AtomicLocal"":-79.43300454121145,""Hartree"":28.51675153414699,""Xc"":-7.177052702045003}",PASS,1.4484535745157595e-109,1.1041147730432714e-38
94,iteration,CONTINUE,0.00010714594418453639,1.071459441846554e-05,1.071459441846554e-05,False,False,linear_mixing,,f58e6e0e2bc0a763600607bb5c73b574ebd8c1a959ea88863ccdc896c8d3fc83,10.00000000000001,c7d95900315407996a53ee4b3e001b8fcb52696f36175a5940d37dbcd3513e31,10.000000000000007,49e164c73288327aa56eac0632eca0109bf1400d1d4d47425d2e369bdfb169f3,10.00000000000001,24,9.968785566640067e-11,2.4098455455439346e-14,005243c1c8c8da8b7d38fbca0232535049034ab6e8ad1a40bab4d05fe2cebe17,90.04451064209098,0.005930565342217468,b2dc59736813b90eab86d83bae2aaeaa84c4e56187c6fb63a20239d52c1a88f0,9.70869749501738,-57.325987978829694,1.2568075107289107e-34,-1.2568075107289107e-37,-57.325987978829694,1.2568075107289107e-37,10.000000000000007,10.000000000000007,4.851390835582111e-14,0.0001351628403636265,0.0001116593747680548,-0.07909178788418436,0.0,"[10.0,10.0,10.0]","[3.333333333333333,3.333333333333333,3.333333333333333]",2.1690806518386628e-141,1.0,True,"Midpoint of the global spectral gap; Float64 counts equal at its 1/4,1/2,3/4 points","[[2.1690806518456908e-141,2.1690806518386628e-141],[1.4466408265864403e-109,1.4466304665381794e-109],[1.446640826588126e-109,1.446630466538097e-109]]",0,0.0,"[2.2053998663457256e-15,2.4031214364964865e-15,-3.5213499545878055e-16]","{""PspCorrection"":0.09187494522099392,""Ewald"":-14.186487397403095,""Kinetic"":29.0759885327667,""AtomicNonlocalFR"":-14.214058947102934,""AtomicLocal"":-79.43300466432537,""Hartree"":28.516752436473617,""Xc"":-7.177052884459607}",PASS,1.446640826588126e-109,1.0174920391784366e-38
95,iteration,CONTINUE,9.667349812316759e-05,9.667349812303558e-06,9.667349812303558e-06,False,False,linear_mixing,,49e164c73288327aa56eac0632eca0109bf1400d1d4d47425d2e369bdfb169f3,10.00000000000001,94f002ef47488a739fc8cbb8e3a840a06a8c772c20b24eb8d82393349f41952c,10.000000000000016,1ee709efff5778aea3cdf7720f614d9e4f177ea4ca516cf109234c83e00561fa,10.000000000000012,24,9.976950627240667e-11,2.4786710731807506e-14,18c01c6dcded46b37df4ce8b74e45fc5cd41f3ad9012934faf1bc8d61aeb0451,90.044537065885,0.005470192779292395,94fc1ccb5ffb7563f6c1a8781ae1b9992582d8033d81a96533d7acf33c61520d,9.708700384194126,-57.325987979803976,1.255684360405191e-34,-1.255684360405191e-37,-57.325987979803976,1.255684360405191e-37,10.000000000000016,10.000000000000018,4.910212849123006e-14,0.00012465533757831593,0.00010299648968046033,-0.0790905576237851,0.0,"[10.0,10.0,10.0]","[3.333333333333333,3.333333333333333,3.333333333333333]",2.1733057490814582e-141,1.0,True,"Midpoint of the global spectral gap; Float64 counts equal at its 1/4,1/2,3/4 points","[[2.1733057490852878e-141,2.1733057490814582e-141],[1.4449712457634238e-109,1.444960896942988e-109],[1.444971245762356e-109,1.4449608969410578e-109]]",0,0.0,"[-2.0543038710114313e-15,6.442875049589805e-18,3.2663327922458876e-15]","{""PspCorrection"":0.09187494522099392,""Ewald"":-14.186487397403095,""Kinetic"":29.075987358050227,""AtomicNonlocalFR"":-14.214058237295454,""AtomicLocal"":-79.43300502335788,""Hartree"":28.51675344903186,""Xc"":-7.177053074050626}",PASS,1.4449712457634238e-109,9.375800898596212e-39
96,iteration,CONTINUE,8.722839007126604e-05,8.72283900713685e-06,8.72283900713685e-06,False,False,linear_mixing,,1ee709efff5778aea3cdf7720f614d9e4f177ea4ca516cf109234c83e00561fa,10.000000000000012,b365468cba8e3b66c7347b42669129f6e5d2f3c69cb6854f3bd50f6a9415353b,10.00000000000001,23e3c2426c8e57bd13d127a8cd96be18bd4f3285e849de8caaec9129049c1022,10.000000000000012,24,9.917298899128907e-11,2.297653087406477e-14,d21679f76290c0ca36bcf54a55276aafbc96f9395f45a9296a961044e8b42e22,90.0445607263632,0.005045266639827298,5bffbeaf1f4c8b158e0ed41cdb55dd1d3da5474f4f9ff05018acb2d47e3a010d,9.708703057752034,-57.325987980628,1.2546494245660254e-34,-1.2546494245660253e-37,-57.325987980628,1.2546494245660253e-37,10.00000000000001,10.00000000000001,3.2395910741505355e-13,0.00011496008589994914,9.50007549040171e-05,-0.07908941271078923,0.0,"[10.0,10.0,10.0]","[3.333333333333333,3.333333333333333,3.333333333333333]",2.1771945909225615e-141,1.0,True,"Midpoint of the global spectral gap; Float64 counts equal at its 1/4,1/2,3/4 points","[[2.177194590928007e-141,2.1771945909225615e-141],[1.443433701748273e-109,1.443423363293441e-109],[1.4434337017503653e-109,1.443423363295287e-109]]",0,0.0,"[1.9756752972331815e-15,2.381102300319475e-15,2.6903717756948816e-15]","{""PspCorrection"":0.09187494522099392,""Ewald"":-14.186487397403095,""Kinetic"":29.075986397687355,""AtomicNonlocalFR"":-14.214057631944206,""AtomicLocal"":-79.43300556407011,""Hartree"":28.516754536973743,""Xc"":-7.177053267092671}",PASS,1.4434337017503653e-109,8.638707727611542e-39
97,iteration,CONTINUE,7.870974539541333e-05,7.870974539539757e-06,7.870974539539757e-06,False,False,linear_mixing,,23e3c2426c8e57bd13d127a8cd96be18bd4f3285e849de8caaec9129049c1022,10.000000000000012,08ecc8b5b8edae939b771c0fe6be03017a154458eae5ae7ab612903aa1fe066d,10.000000000000012,5514d4c39b8f98deaa7aab77526fb687580a092cfa66b6e952be3f2824f32618,10.00000000000001,24,9.861708674941371e-11,2.1575146201854073e-14,c6d53aa974600006a64d806a281ba44716eb27ffb57b1579c186b2fd16f78f2a,90.04458184860167,0.004653094719683226,6858e4fca101e926adf9e04b569027612ff4384a83b6923d2b33c2fa7c7e9dbc,9.70870553147909,-57.325987981324914,1.2536958561997915e-34,-1.2536958561997915e-37,-57.325987981324914,1.2536958561997915e-37,10.000000000000012,10.000000000000014,1.4461655208467253e-13,0.00010601479986374808,8.762142815132981e-05,-0.07908834732975976,0.0,"[10.0,10.0,10.0]","[3.333333333333333,3.333333333333333,3.333333333333333]",2.180773601203505e-141,1.0,True,"Midpoint of the global spectral gap; Float64 counts equal at its 1/4,1/2,3/4 points","[[2.1807736012082153e-141,2.180773601203505e-141],[1.4420179040307227e-109,1.442007575147338e-109],[1.4420179040307227e-109,1.4420075751481578e-109]]",0,0.0,"[-2.820902845872788e-16,-1.7678377681033176e-15,2.4920421874688394e-15]","{""PspCorrection"":0.09187494522099392,""Ewald"":-14.186487397403095,""Kinetic"":29.075985617282292,""AtomicNonlocalFR"":-14.214057116118868,""AtomicLocal"":-79.43300624163523,""Hartree"":28.516755671942185,""Xc"":-7.177053460613201}",PASS,1.4420179040307227e-109,7.958927853596581e-39
98,iteration,CONTINUE,7.102658121918921e-05,7.102658121899443e-06,7.102658121899443e-06,False,False,linear_mixing,,5514d4c39b8f98deaa7aab77526fb687580a092cfa66b6e952be3f2824f32618,10.00000000000001,d2f6294a32a9831f202c92d76ea9ced00f81394a69434e2607df473907d160e0,10.000000000000005,7855dab01e0433f6a14fef982d18915c4848adc3cfa358c81fd8aa60b59e1b62,10.000000000000012,24,9.873256513829076e-11,2.453131898708055e-14,2f117a664af6b40fbdb2b928c5d7f418daf590efedd457f0d0219095175cc994,90.04460064798818,0.004291184186146246,b1484bad44a107f76c04a2da25054fb6dafe73860c02609c50e6ec6401c2108b,9.708707820034265,-57.32598798191417,1.2528173283270553e-34,-1.2528173283270554e-37,-57.32598798191417,1.2528173283270554e-37,10.000000000000005,10.000000000000007,1.4750179037540974e-13,9.776188804030392e-05,8.081150963207516e-05,-0.07908735607049966,0.0,"[10.0,10.0,10.0]","[3.333333333333333,3.333333333333333,3.333333333333333]",2.184067185130528e-141,1.0,True,"Midpoint of the global spectral gap; Float64 counts equal at its 1/4,1/2,3/4 points","[[2.1840671851326385e-141,2.184067185130528e-141],[1.4407143423110489e-109,1.440704022262841e-109],[1.4407143423121134e-109,1.4407040222636192e-109]]",0,0.0,"[4.000017614431868e-15,1.3868611889143503e-15,-1.0811681004684395e-15]","{""PspCorrection"":0.09187494522099392,""Ewald"":-14.186487397403095,""Kinetic"":29.07598498763933,""AtomicNonlocalFR"":-14.214056677002315,""AtomicLocal"":-79.43300701911267,""Hartree"":28.516756831006234,""Xc"":-7.177053652262648}",PASS,1.4407143423121134e-109,7.332092010600503e-39
99,iteration,CONTINUE,6.409682854411432e-05,6.4096828544188574e-06,6.4096828544188574e-06,False,False,linear_mixing,,7855dab01e0433f6a14fef982d18915c4848adc3cfa358c81fd8aa60b59e1b62,10.000000000000012,b1baf04d6b929caaf11ab875f29d0481df028c542b6161739e243dc60a289672,10.00000000000001,52c9023128f3791201994a53b9afa3567393fd213326666e2da2519542e1ff58,10.00000000000001,24,9.80403266851995e-11,2.3837750399324404e-14,a1db5048fe245832473ec1f8642ee1e5b400324d20cc9d40e8e7ab12394f08ea,90.04461732892733,0.003957228026378853,eca436e8e335fab9bf0f90debaaddc7b16492f0362c155d759c9cb25668dc875,9.708709937026041,-57.32598798241265,1.2520079961671311e-34,-1.2520079961671312e-37,-57.32598798241265,1.2520079961671312e-37,10.00000000000001,10.00000000000001,8.652870650049861e-14,9.014816235624922e-05,7.45275491240336e-05,-0.07908643389590635,0.0,"[10.0,10.0,10.0]","[3.333333333333333,3.333333333333333,3.333333333333333]",2.1870978736450358e-141,1.0,True,"Midpoint of the global spectral gap; Float64 counts equal at its 1/4,1/2,3/4 points","[[2.187097873649263e-141,2.1870978736450358e-141],[1.439514230530908e-109,1.4395039186360647e-109],[1.4395142305302123e-109,1.4395039186358603e-109]]",0,0.0,"[-2.573930095638058e-15,3.3544560484635108e-15,4.449550363408341e-15]","{""PspCorrection"":0.09187494522099392,""Ewald"":-14.186487397403095,""Kinetic"":29.07598448408465,""AtomicNonlocalFR"":-14.214056303602305,""AtomicLocal"":-79.43300786636858,""Hartree"":28.516757995877782,""Xc"":-7.177053840222095}",PASS,1.439514230530908e-109,6.75415132744249e-39
100,iteration,CONTINUE,5.784647258881865e-05,5.7846472588737515e-06,5.7846472588737515e-06,False,False,linear_mixing,,52c9023128f3791201994a53b9afa3567393fd213326666e2da2519542e1ff58,10.00000000000001,ac6363b721777ff28d6052cfda41ada6897e93021dc54e461d7986907b9d2e71,10.000000000000007,5699e74158df65dbcf0527f9b918c181486850f82745e669c462b0db90dd3cba,10.000000000000012,24,9.76149978113766e-11,2.3078864772697326e-14,6a1b46551f5a3d6ab3d80e1c5cb5c99d0bbebd88881eb08b280fdac21f12bbe6,90.04463208401074,0.0036490909322773185,8d6f2a0950acbda4997672448ae95a6c6c2bf2745e128c0f8e48bbaeaf84cb94,9.708711895085496,-57.3259879828342,1.251262461844221e-34,-1.251262461844221e-37,-57.3259879828342,1.251262461844221e-37,10.000000000000007,10.000000000000007,1.0595222912309161e-13,8.31244670087923e-05,6.872933724074843e-05,-0.07908557611304787,0.0,"[10.0,10.0,10.0]","[3.333333333333333,3.333333333333333,3.333333333333333]",2.189886459281545e-141,1.0,True,"Midpoint of the global spectral gap; Float64 counts equal at its 1/4,1/2,3/4 points","[[2.1898864592831634e-141,2.189886459281545e-141],[1.438409454647789e-109,1.4383991502762914e-109],[1.4384094546461128e-109,1.4383991502745336e-109]]",0,0.0,"[-4.984271757816202e-16,-1.3047253432826863e-16,7.835462396708144e-16]","{""PspCorrection"":0.09187494522099392,""Ewald"":-14.186487397403095,""Kinetic"":29.07598408571736,""AtomicNonlocalFR"":-14.214055986483999,""AtomicLocal"":-79.43300875883351,""Hartree"":28.516759152048365,""Xc"":-7.177054023100319}",PASS,1.438409454647789e-109,6.221356239210451e-39
101,iteration,CONTINUE,5.2208763353189496e-05,5.220876335310161e-06,5.220876335310161e-06,False,False,linear_mixing,,5699e74158df65dbcf0527f9b918c181486850f82745e669c462b0db90dd3cba,10.000000000000012,8ea5babaa40ed6d3273fd38577e4a5c2892659b5076b35d9631a5dfbf9b899d3,10.000000000000009,fc8bab8cb5a26b372d94128b6455cc143b38eb386dd5da64301251210ff336f9,10.00000000000001,24,9.990945242378342e-11,2.7408770946821555e-14,7290df8395d9cd10ab7b3f16080f9c628bd852aa7eba4e5334681167c857d229,90.0446450935925,0.0033647977246278778,c122d992f889d99a0b39188df2d476f0a31398f8e8062e1389cd64877886640a,9.708713705934628,-57.325987983190785,1.250575741400115e-34,-1.250575741400115e-37,-57.325987983190785,1.250575741400115e-37,10.000000000000009,10.00000000000001,8.678578810261649e-14,7.664538238263362e-05,6.337967791445469e-05,-0.07908477834727448,0.0,"[10.0,10.0,10.0]","[3.333333333333333,3.333333333333333,3.333333333333333]",2.1924521234689508e-141,1.0,True,"Midpoint of the global spectral gap; Float64 counts equal at its 1/4,1/2,3/4 points","[[2.1924521234728143e-141,2.1924521234689508e-141],[1.4373925235252415e-109,1.437382226096495e-109],[1.4373925235269982e-109,1.4373822260989054e-109]]",0,0.0,"[-1.703158970627617e-15,1.7693929108751043e-17,5.096842565546474e-15]","{""PspCorrection"":0.09187494522099392,""Ewald"":-14.186487397403095,""Kinetic"":29.075983774863275,""AtomicNonlocalFR"":-14.214055717550464,""AtomicLocal"":-79.43300967663109,""Hartree"":28.516760288170758,""Xc"":-7.177054199861159}",PASS,1.4373925235269982e-109,5.730235864875037e-39
102,iteration,CONTINUE,4.712350500600531e-05,4.712350500593977e-06,4.712350500593977e-06,False,False,linear_mixing,,fc8bab8cb5a26b372d94128b6455cc143b38eb386dd5da64301251210ff336f9,10.00000000000001,1a40ad0528e0edf6b7ef3f6a6848c120a440d9dd7f40f3430390921af8ab2d4a,10.000000000000002,cdbc0939c5ec2604ebb903842a08538cddfdbccb4797c8bed2bc5476c94a3ed4,10.00000000000001,24,9.629328465234111e-11,2.4528378933922375e-14,22b31f8af0810843d06e56ce51b884e7c5bd3c0697612e9d88a9fbdb6f81f731,90.04465652567826,0.0031025215643725396,4d7c65a1fe8bdf2fa9dc33de38d196ee2907abc904fee774e5b36233983fb7ab,9.708715380450188,-57.32598798349235,1.249943234051828e-34,-1.249943234051828e-37,-57.32598798349235,1.249943234051828e-37,10.000000000000002,10.000000000000002,8.273042891990867e-14,7.06689701316851e-05,5.8444200141631334e-05,-0.07908403651881599,0.0,"[10.0,10.0,10.0]","[3.333333333333333,3.333333333333333,3.333333333333333]",2.194812555718497e-141,1.0,True,"Midpoint of the global spectral gap; Float64 counts equal at its 1/4,1/2,3/4 points","[[2.1948125557217408e-141,2.194812555718497e-141],[1.4364565230515338e-109,1.436446232024024e-109],[1.436456523051289e-109,1.436446232026147e-109]]",0,0.0,"[-2.1147835566246537e-15,-2.372358195984463e-15,-1.6393626009507866e-15]","{""PspCorrection"":0.09187494522099392,""Ewald"":-14.186487397403095,""Kinetic"":29.07598353659566,""AtomicNonlocalFR"":-14.214055489853502,""AtomicLocal"":-79.43301060382302,""Hartree"":28.516761395531148,""Xc"":-7.177054369760524}",PASS,1.4364565230515338e-109,5.277578325448728e-39
103,iteration,CONTINUE,4.253641472196427e-05,4.253641472202086e-06,4.253641472202086e-06,False,False,linear_mixing,,cdbc0939c5ec2604ebb903842a08538cddfdbccb4797c8bed2bc5476c94a3ed4,10.00000000000001,0318130e96f91660eb2c51deb29da39798e8fd6ef8f9df4dd2f7d5ef1a46eca4,10.000000000000005,675d6b5772630683977e2ca6b6e11cbfc659831f8ea7c6f1f4943445306b8992,10.00000000000001,24,8.951264758370344e-11,2.2543766368994975e-14,4231f3e181b48a63c181bd3009e9d1c071bea2598e6f313c35d30ae92bd5a97f,90.04466653602655,0.0028605731996319745,c78f41b889b64621f76f4f53ae099db094c0be475d1d585714db89ffff350fca,9.708716928722716,-57.325987983747424,1.2493606936256297e-34,-1.2493606936256296e-37,-57.325987983747424,1.2493606936256296e-37,10.000000000000005,10.000000000000009,8.850764985680009e-14,6.515646681267757e-05,5.389109664951017e-05,-0.07908334682153732,0.0,"[10.0,10.0,10.0]","[3.333333333333333,3.333333333333333,3.333333333333333]",2.1969840649217717e-141,1.0,True,"Midpoint of the global spectral gap; Float64 counts equal at its 1/4,1/2,3/4 points","[[2.196984064923395e-141,2.1969840649217717e-141],[1.4355950733897171e-109,1.4355847882735098e-109],[1.4355950733908186e-109,1.435584788271837e-109]]",0,0.0,"[-1.0272785177140837e-15,2.3878515171594303e-15,-5.513237080273991e-15]","{""PspCorrection"":0.09187494522099392,""Ewald"":-14.186487397403095,""Kinetic"":29.07598335832009,""AtomicNonlocalFR"":-14.214055297430537,""AtomicLocal"":-79.43301152774656,""Hartree"":28.516762467583973,""Xc"":-7.17705453229229}",PASS,1.4355950733908186e-109,4.8604127441976e-39
104,iteration,CONTINUE,3.83985436539481e-05,3.839854365414111e-06,3.839854365414111e-06,False,False,linear_mixing,,675d6b5772630683977e2ca6b6e11cbfc659831f8ea7c6f1f4943445306b8992,10.00000000000001,febe1001f621ece70e0f7720804adb2f948355fa3c7a167acbedc54f8ecd9bb5,10.000000000000005,ee404aa32e0f17b50feee35741d560fc486d03d2a598fc6328b4c03cb5a9f9d4,10.00000000000001,24,8.147803385964443e-11,2.0555737184857402e-14,eab2186649d040806247761b1c063a6d3a372c2b8a3d6b68f7958b05de2ad436,90.04467526843432,0.0026373909902247627,a56e8685b5bdf46722add5937f102aa114a88f8f36e94d0720fde3a82ca0ce6b,9.708718360112071,-57.325987983963245,1.2488242019525023e-34,-1.2488242019525024e-37,-57.325987983963245,1.2488242019525024e-37,10.000000000000005,10.000000000000005,6.886570133520696e-14,6.007208390771323e-05,4.9690983182995616e-05,-0.07908270570361296,0.0,"[10.0,10.0,10.0]","[3.333333333333333,3.333333333333333,3.333333333333333]",2.1989816831638487e-141,1.0,True,"Midpoint of the global spectral gap; Float64 counts equal at its 1/4,1/2,3/4 points","[[2.1989816831642236e-141,2.1989816831638487e-141],[1.4348022891173523e-109,1.4347920094473514e-109],[1.434802289118331e-109,1.4347920094487786e-109]]",0,0.0,"[-2.641902432457032e-15,-8.95594166683557e-16,2.5671401285724056e-15]","{""PspCorrection"":0.09187494522099392,""Ewald"":-14.186487397403095,""Kinetic"":29.075983229423866,""AtomicNonlocalFR"":-14.214055135164909,""AtomicLocal"":-79.43301243846582,""Hartree"":28.516763499569215,""Xc"":-7.177054687143497}",PASS,1.434802289118331e-109,4.475991972369063e-39
105,iteration,CONTINUE,3.4665754087740596e-05,3.466575408754738e-06,3.466575408754738e-06,False,False,linear_mixing,,ee404aa32e0f17b50feee35741d560fc486d03d2a598fc6328b4c03cb5a9f9d4,10.00000000000001,ea6fea1f182ab7ba327a03dee0ba5a5bd15ab7336eead6015be8ed57db314ec9,10.000000000000007,1081f8128fd7bf5b334231bf1be3305cf7e97eba805e75cde563d0aa0b56d589,10.00000000000001,24,9.37328659245044e-11,1.929423165988487e-14,adf3ac40703d9f715a5b830a54e09a5f2c01395f9b1a47f05ba0c1987523692e,90.04468285515155,0.002431531434488678,e6406ca8c502991bd714bb3dfe70d5822ec55e29d1e8da818153bf317933e7ba,9.708719683298792,-57.325987984145755,1.2483301441774368e-34,-1.2483301441774367e-37,-57.325987984145755,1.2483301441774367e-37,10.000000000000007,10.00000000000001,7.07250135463224e-14,5.538276307454658e-05,4.581669472902799e-05,-0.07908210984987069,0.0,"[10.0,10.0,10.0]","[3.333333333333333,3.333333333333333,3.333333333333333]",2.2008192624006703e-141,1.0,True,"Midpoint of the global spectral gap; Float64 counts equal at its 1/4,1/2,3/4 points","[[2.200819262402672e-141,2.2008192624006703e-141],[1.4340727421345845e-109,1.4340624674889904e-109],[1.4340727421350735e-109,1.4340624674885826e-109]]",0,0.0,"[3.1741810574640856e-15,-2.6847194367431184e-15,1.049431893517189e-15]","{""PspCorrection"":0.09187494522099392,""Ewald"":-14.186487397403095,""Kinetic"":29.07598314097845,""AtomicNonlocalFR"":-14.21405499866632,""AtomicLocal"":-79.43301332831135,""Hartree"":28.516764488192713,""Xc"":-7.17705483415715}",PASS,1.4340727421350735e-109,4.121776611847434e-39
106,iteration,CONTINUE,3.129824797193677e-05,3.1298247972031e-06,3.1298247972031e-06,False,False,linear_mixing,,1081f8128fd7bf5b334231bf1be3305cf7e97eba805e75cde563d0aa0b56d589,10.00000000000001,8636ee593940718aaceb061775e82a13d277b7a09fc41bac6854cda0e3bef71c,10.000000000000012,e598fa43f2fa09539c1390bab83589a05211fd7e32ce2bd7fdcbba84c8be2830,10.000000000000009,24,9.507608160728459e-11,2.2928649794509976e-14,c69e74f02fe4db672e1ec626fe6dd18570c5268370fdb52c10c7e9d472ed5f13,90.04468941738664,0.0022416605917764437,2745724e31c05860dd94a10ed0f7ed8e4da6f23eabe03e12ec654492f85793b8,9.708720906332024,-57.32598798430015,1.2478751858192847e-34,-1.2478751858192848e-37,-57.32598798430015,1.2478751858192848e-37,10.000000000000012,10.000000000000016,5.557671191281831e-14,5.10579879629781e-05,4.22431430881099e-05,-0.07908155616559527,0.0,"[10.0,10.0,10.0]","[3.333333333333333,3.333333333333333,3.333333333333333]",2.2025095643656135e-141,1.0,True,"Midpoint of the global spectral gap; Float64 counts equal at its 1/4,1/2,3/4 points","[[2.202509564367867e-141,2.2025095643656135e-141],[1.4334014271583128e-109,1.433391157145613e-109],[1.4334014271574165e-109,1.433391157145002e-109]]",0,0.0,"[-1.9068780748142638e-15,6.198658020132933e-16,-3.2089181462239126e-15]","{""PspCorrection"":0.09187494522099392,""Ewald"":-14.186487397403095,""Kinetic"":29.075983085481347,""AtomicNonlocalFR"":-14.214054884167936,""AtomicLocal"":-79.43301419147869,""Hartree"":28.516765431347416,""Xc"":-7.177054973300188}",PASS,1.4334014271583128e-109,3.795420008721693e-39
107,iteration,CONTINUE,2.826014098949658e-05,2.826014098950923e-06,2.826014098950923e-06,False,False,linear_mixing,,e598fa43f2fa09539c1390bab83589a05211fd7e32ce2bd7fdcbba84c8be2830,10.000000000000009,30dd6bc80c6413adf7dca1d4f1a3ef9645ce69ce26cee988d9f2ab114dfb6f8a,10.000000000000005,de73ac7944d2c86799bfe8cc8c07d7402f66b073653730ecbb8879ad5b5e1370,10.000000000000009,24,9.835634325508817e-11,2.435234835392838e-14,6ff411464c1c5dc5d163ac839f0712ad329e01385917ebbdb14100dbe6f13592,90.04469506587131,0.002066545905449169,4131cb8d64173f306d322225462ded515696c60e3a1d352050fa2e3bd6dcc2da,9.708722036674489,-57.325987984430675,1.2474562514926082e-34,-1.2474562514926082e-37,-57.325987984430675,1.2474562514926082e-37,10.000000000000005,10.000000000000007,6.822403368909971e-14,4.706957083680843e-05,3.894713712948114e-05,-0.0790810417616463,0.0,"[10.0,10.0,10.0]","[3.333333333333333,3.333333333333333,3.333333333333333]",2.2040643441212433e-141,1.0,True,"Midpoint of the global spectral gap; Float64 counts equal at its 1/4,1/2,3/4 points","[[2.2040643441252525e-141,2.2040643441212433e-141],[1.4327837296842676e-109,1.4327734639446526e-109],[1.4327837296854894e-109,1.4327734639455893e-109]]",0,0.0,"[-1.927225914277103e-15,-2.334135853678357e-15,-1.215050869265283e-15]","{""PspCorrection"":0.09187494522099392,""Ewald"":-14.186487397403095,""Kinetic"":29.075983056640837,""AtomicNonlocalFR"":-14.214054788438391,""AtomicLocal"":-79.43301502370299,""Hartree"":28.516766327889734,""Xc"":-7.177055104637761}",PASS,1.4327837296854894e-109,3.494754182103731e-39
108,iteration,CONTINUE,2.551907822000086e-05,2.5519078220024444e-06,2.5519078220024444e-06,False,False,linear_mixing,,de73ac7944d2c86799bfe8cc8c07d7402f66b073653730ecbb8879ad5b5e1370,10.000000000000009,e4a97b2e55a2bb1d943d82b7efc6a952fbec89d1db82ddc5948e524131028da4,10.00000000000001,42d335cd2b00a71050e0879059453d8983446ea07d713eb7a0d2efec3b71ca70,10.00000000000001,24,9.8845518540244e-11,1.953969539045305e-14,c87f3fdc64f05d6af7e99f2421f0e1f0d9eca618a6ba5d841dd224bd7c7ccfe2,90.04469990146997,0.0019050487171633694,34dfa43c8276efebbc3fa6469d0e6330512ad61b5f8a3e8e5befbda5ac1f9c7a,9.708723081243905,-57.325987984541214,1.2470705051721883e-34,-1.2470705051721884e-37,-57.325987984541214,1.2470705051721884e-37,10.00000000000001,10.00000000000001,5.875560602462618e-14,4.339149009659857e-05,3.590725820330987e-05,-0.0790805639407296,0.0,"[10.0,10.0,10.0]","[3.333333333333333,3.333333333333333,3.333333333333333]",2.205494427534625e-141,1.0,True,"Midpoint of the global spectral gap; Float64 counts equal at its 1/4,1/2,3/4 points","[[2.205494427537007e-141,2.205494427534625e-141],[1.4322153962264752e-109,1.4322051344249045e-109],[1.4322153962259054e-109,1.4322051344237238e-109]]",0,0.0,"[-4.141467548104813e-17,3.323910691667532e-15,1.5641432164984078e-15]","{""PspCorrection"":0.09187494522099392,""Ewald"":-14.186487397403095,""Kinetic"":29.075983049191873,""AtomicNonlocalFR"":-14.214054708706099,""AtomicLocal"":-79.43301582198346,""Hartree"":28.516767177450287,""Xc"":-7.177055228311718}",PASS,1.4322153962264752e-109,3.2177767237678975e-39
109,iteration,CONTINUE,2.304588768096729e-05,2.3045887680915065e-06,2.3045887680915065e-06,False,False,linear_mixing,,42d335cd2b00a71050e0879059453d8983446ea07d713eb7a0d2efec3b71ca70,10.00000000000001,6c522fa3c8dd76f543d717ec7fc9c2a702dcb4ebb4e68fed8ad46931fba962ef,9.999999999999998,62446acd4cb53896de310341979f6d7ae778af98d068402e6c3bba3d11194cb8,10.00000000000001,24,9.394432521396405e-11,2.355224095021512e-14,766d3fb27d49174b74cbbbd5a04821a5cd23312f505af2505d03f3b5824d9960,90.0447040157979,0.0017561171709118352,4b5d51e4dd8636f50b8a3aa6af135708ba14de44c088a56bda4c049391322867,9.708724046451836,-57.32598798463458,1.2467153319184668e-34,-1.2467153319184668e-37,-57.32598798463458,1.2467153319184668e-37,9.999999999999998,10.0,4.210821207248078e-14,3.99997249226833e-05,3.310372636741754e-05,-0.07908012018469325,0.0,"[10.0,10.0,10.0]","[3.333333333333333,3.333333333333333,3.333333333333333]",2.2068097831759803e-141,1.0,True,"Midpoint of the global spectral gap; Float64 counts equal at its 1/4,1/2,3/4 points","[[2.2068097831797436e-141,2.2068097831759803e-141],[1.4316925067329993e-109,1.4316822485609375e-109],[1.4316925067320226e-109,1.4316822485607749e-109]]",0,0.0,"[4.171719607335096e-15,3.373902822300713e-15,-1.5692614130821919e-15]","{""PspCorrection"":0.09187494522099392,""Ewald"":-14.186487397403095,""Kinetic"":29.075983058737705,""AtomicNonlocalFR"":-14.21405464259431,""AtomicLocal"":-79.43301658434653,""Hartree"":28.516767980273073,""Xc"":-7.17705534452241}",PASS,1.4316925067329993e-109,2.9626385867836746e-39
110,iteration,CONTINUE,2.0814267485206054e-05,2.081426748522809e-06,2.081426748522809e-06,False,False,linear_mixing,,62446acd4cb53896de310341979f6d7ae778af98d068402e6c3bba3d11194cb8,10.00000000000001,7c32fd54b40aec37b06f919d22c94334d5a75c38d34fcbc4dfde964c1046e514,10.000000000000007,78608e17d8ef112617996b6bdcd58ac1adbb1df42e08fff31ee4736d9155f4f4,10.00000000000001,24,9.920336152808887e-11,2.1488478296118215e-14,bb28bbf50282c99662ff643409696a20d8425bffab705f6868dd553f59da5aaf,90.04470749185549,0.0016187798383721283,a693a36db59716bdf251d9bbae897d62e422f4a1c0f1488b3aae8953f97a6fef,9.708724938239788,-57.32598798471362,1.2463883209302849e-34,-1.2463883209302849e-37,-57.32598798471362,1.2463883209302849e-37,10.000000000000007,10.000000000000012,4.4262928451673307e-14,3.687209835711832e-05,3.051827150073386e-05,-0.07907970814276882,0.0,"[10.0,10.0,10.0]","[3.333333333333333,3.333333333333333,3.333333333333333]",2.2080195888672042e-141,1.0,True,"Midpoint of the global spectral gap; Float64 counts equal at its 1/4,1/2,3/4 points","[[2.2080195888720993e-141,2.2080195888672042e-141],[1.4312114489982202e-109,1.431201194173188e-109],[1.4312114489987083e-109,1.4312011941752623e-109]]",0,0.0,"[-3.007395185056898e-15,-1.1619787545755228e-15,-4.522618284174694e-15]","{""PspCorrection"":0.09187494522099392,""Ewald"":-14.186487397403095,""Kinetic"":29.07598308161559,""AtomicNonlocalFR"":-14.214054588065316,""AtomicLocal"":-79.43301730964987,""Hartree"":28.51676873708194,""Xc"":-7.177055453513859}",PASS,1.4312114489987083e-109,2.7276327196612534e-39
111,iteration,CONTINUE,1.8800503157841956e-05,1.880050315774994e-06,1.880050315774994e-06,False,False,linear_mixing,,78608e17d8ef112617996b6bdcd58ac1adbb1df42e08fff31ee4736d9155f4f4,10.00000000000001,4881734e84e4d1a46ed62d99ec57d149e48902125744739f378cb2fab1258c6e,10.000000000000009,236e957796767583cdde95d9b6a8dc788bfc32f83e3ea2b2dd1ebcace791da86,10.00000000000001,24,9.826531164721777e-11,2.3582596909432437e-14,2f2dff6fcb1482355f0963897e84b4d1d7d3684f4e65013bb0390f8c2a7489ef,90.04471040464522,0.0014921396246721484,af03aedf4129c2272e840099a46bb85c9262a284b15ebe175327d7c1fc241c68,9.708725762112891,-57.32598798478056,1.2460872498787157e-34,-1.2460872498787158e-37,-57.32598798478056,1.2460872498787158e-37,10.000000000000009,10.000000000000009,5.44192551503412e-14,3.398813804245547e-05,2.8134020871649243e-05,-0.07907932562063404,0.0,"[10.0,10.0,10.0]","[3.333333333333333,3.333333333333333,3.333333333333333]",2.209132293353119e-141,1.0,True,"Midpoint of the global spectral gap; Float64 counts equal at its 1/4,1/2,3/4 points","[[2.209132293356384e-141,2.209132293353119e-141],[1.4307688949871673e-109,1.4307586432490005e-109],[1.4307688949881839e-109,1.4307586432503423e-109]]",0,0.0,"[1.2551179355931746e-15,-2.5482758613196227e-15,-1.5268268623697644e-15]","{""PspCorrection"":0.09187494522099392,""Ewald"":-14.186487397403095,""Kinetic"":29.07598311480569,""AtomicNonlocalFR"":-14.214054543385721,""AtomicLocal"":-79.43301799743504,""Hartree"":28.516769448980156,""Xc"":-7.177055555563541}",PASS,1.4307688949881839e-109,2.511183532400645e-39
112,iteration,CONTINUE,1.6983215398794626e-05,1.6983215399045437e-06,1.6983215399045437e-06,False,False,linear_mixing,,236e957796767583cdde95d9b6a8dc788bfc32f83e3ea2b2dd1ebcace791da86,10.00000000000001,5728a597f3555f3016bff68f1fbf49dcd95010cf7c975ee70e8888cca3705b46,10.000000000000012,03ca24b94b5dc195200956c0464a4fd7300e728737c899b2d268bb153d6a75e9,10.000000000000009,24,9.937873567586252e-11,2.1428312603939957e-14,e6e233a0871e0b4f880d2aa7ee218cbaac40fb2688e423ad554f58d4f2693379,90.04471282178305,0.0013753682515665626,a21f25bb8dd18c343612113e42d8849bce9dcf01d34573cbab49c5e8fc920ac9,9.708726523171064,-57.32598798483704,1.2458100703735516e-34,-1.2458100703735516e-37,-57.32598798483704,1.2458100703735516e-37,10.000000000000012,10.00000000000001,5.2899239548074454e-14,3.132895031534499e-05,2.593539927159616e-05,-0.07907897057025269,0.0,"[10.0,10.0,10.0]","[3.333333333333333,3.333333333333333,3.333333333333333]",2.2101556732880765e-141,1.0,True,"Midpoint of the global spectral gap; Float64 counts equal at its 1/4,1/2,3/4 points","[[2.210155673290966e-141,2.2101556732880765e-141],[1.4303617788643517e-109,1.4303515299701976e-109],[1.4303617788663435e-109,1.4303515299706855e-109]]",0,0.0,"[2.5130315241082774e-15,-2.5996497378158646e-15,5.634843906445397e-15]","{""PspCorrection"":0.09187494522099392,""Ewald"":-14.186487397403095,""Kinetic"":29.075983155745803,""AtomicNonlocalFR"":-14.214054507032603,""AtomicLocal"":-79.4330186477299,""Hartree"":28.51677011732682,""Xc"":-7.177055650965062}",PASS,1.4303617788663435e-109,2.3118369294741087e-39
113,iteration,CONTINUE,1.5343126429523516e-05,1.5343126429392416e-06,1.5343126429392416e-06,False,False,linear_mixing,,03ca24b94b5dc195200956c0464a4fd7300e728737c899b2d268bb153d6a75e9,10.000000000000009,71b03a898ce89c174b8a34e88293976a3b719f1fad6838e91f0c3cecf35adb34,10.000000000000005,2abe97590ec153119c571c575b971e9b41b54554f3d985504a443de72df5502e,10.000000000000009,24,9.861489218518584e-11,2.0907128640762468e-14,ad1903d5f265f62fb252a40e9ad6d8ddd7b48cb001b170b19d56165ce85ac430,90.04471480408523,0.0012677008177008596,c64274b1dcbbe5236ad9b284461ecd90edbe04da3c1bdef10ccf37e74f00f8cc,9.70872722613816,-57.325987984884904,1.245554894558501e-34,-1.245554894558501e-37,-57.325987984884904,1.245554894558501e-37,10.000000000000005,10.000000000000007,4.35399616464867e-14,2.8877098478319136e-05,2.3908028288470195e-05,-0.07907864108039582,0.0,"[10.0,10.0,10.0]","[3.333333333333333,3.333333333333333,3.333333333333333]",2.2110968859307739e-141,1.0,True,"Midpoint of the global spectral gap; Float64 counts equal at its 1/4,1/2,3/4 points","[[2.2110968859330364e-141,2.2110968859307739e-141],[1.4299872767044153e-109,1.429977030429528e-109],[1.4299872767048219e-109,1.4299770304305847e-109]]",0,0.0,"[4.827919099999485e-16,-2.2369187177357526e-15,4.368582272222066e-15]","{""PspCorrection"":0.09187494522099392,""Ewald"":-14.186487397403095,""Kinetic"":29.075983202391015,""AtomicNonlocalFR"":-14.214054477742653,""AtomicLocal"":-79.43301926103157,""Hartree"":28.516770743712215,""Xc"":-7.177055740031808}",PASS,1.4299872767048219e-109,2.128251329694876e-39
114,iteration,CONTINUE,1.3862857345911911e-05,1.38628573460133e-06,1.38628573460133e-06,False,False,linear_mixing,,2abe97590ec153119c571c575b971e9b41b54554f3d985504a443de72df5502e,10.000000000000009,099a303c71e11f8d3b6ad36f9ebeb37f41d3d7edc42fe0a370bdadb3963e6bcf,10.0,b603f92a79b40dbbae5bf57ae53fb3a19e0deb59438e3a8aa649725c60c0525b,10.000000000000009,24,9.993361428366505e-11,2.3541978372654724e-14,c5ae9a412380a9df4dd58dca75d3d5c8bb24fec9aaf646b97e9b9c76ce18cf45,90.04471640612297,0.001168431359044805,42e6f0320fe76b41da6df6690acac101689fac393b09440d43e181176ebc74f9,9.708727875389092,-57.32598798492539,1.2453199826849478e-34,-1.2453199826849478e-37,-57.32598798492539,1.2453199826849478e-37,10.0,10.000000000000004,4.056365877583989e-14,2.6616486409931058e-05,2.20386301914035e-05,-0.07907833536779925,0.0,"[10.0,10.0,10.0]","[3.333333333333333,3.333333333333333,3.333333333333333]",2.2119625178525422e-141,1.0,True,"Midpoint of the global spectral gap; Float64 counts equal at its 1/4,1/2,3/4 points","[[2.2119625178553085e-141,2.2119625178525422e-141],[1.429642787702746e-109,1.4296325438423844e-109],[1.429642787701852e-109,1.4296325438429531e-109]]",0,0.0,"[-2.80847606603547e-15,-1.880581749196755e-15,-1.2339434097581982e-15]","{""PspCorrection"":0.09187494522099392,""Ewald"":-14.186487397403095,""Kinetic"":29.075983253021423,""AtomicNonlocalFR"":-14.214054454410087,""AtomicLocal"":-79.43301983813126,""Hartree"":28.516771329857335,""Xc"":-7.17705582308069}",PASS,1.429642787702746e-109,1.959189039944889e-39
115,iteration,CONTINUE,1.2526737861207042e-05,1.2526737861021592e-06,1.2526737861021592e-06,False,False,linear_mixing,,b603f92a79b40dbbae5bf57ae53fb3a19e0deb59438e3a8aa649725c60c0525b,10.000000000000009,cbe462b32712fb853d7ff47847ed1aceafcc3fd2bf0e12187c3a8e909e30c4b3,9.999999999999998,99bff1bae48aa20f9867162cd9d397f995fdda7838cffca14fcefa7c68acaa81,10.000000000000009,24,9.948134131867816e-11,2.586088358598736e-14,18c10b60ccc00903d4bb1956cc8e171a38905e3a214d6c9d6f48b8183c037c10,90.0447176767576,0.0010769082103076048,fa11c7fab68bb2a74ca9eb1b0b0787f2d7cdc03c5e74b9a6f0fcb227b16f5f76,9.708728474975034,-57.32598798495958,1.2451037316343517e-34,-1.2451037316343518e-37,-57.32598798495958,1.2451037316343518e-37,9.999999999999998,9.999999999999998,3.059600404578177e-13,2.4532261692191796e-05,2.0314950910520063e-05,-0.079078051768895,0.0,"[10.0,10.0,10.0]","[3.333333333333333,3.333333333333333,3.333333333333333]",2.21275863000015e-141,1.0,True,"Midpoint of the global spectral gap; Float64 counts equal at its 1/4,1/2,3/4 points","[[2.2127586300050557e-141,2.21275863000015e-141],[1.4293259168206492e-109,1.429315675186776e-109],[1.4293259168213805e-109,1.4293156751875073e-109]]",0,0.0,"[-8.663879292725178e-16,3.6547626130678877e-16,3.847922978006109e-15]","{""PspCorrection"":0.09187494522099392,""Ewald"":-14.186487397403095,""Kinetic"":29.07598330625622,""AtomicNonlocalFR"":-14.214054436101055,""AtomicLocal"":-79.43302038008578,""Hartree"":28.516771877585754,""Xc"":-7.177055900432618}",PASS,1.4293259168213805e-109,1.8035084255496275e-39
116,iteration,CONTINUE,1.1320639437510152e-05,1.132063943730907e-06,1.132063943730907e-06,False,False,linear_mixing,,99bff1bae48aa20f9867162cd9d397f995fdda7838cffca14fcefa7c68acaa81,10.000000000000009,9ee066a443e808e3dfa5813264854e610ea43344ec139d46405beb65f8cf5836,10.00000000000001,47ce2d38f395ba730c970acaf602bfbda9ab4c0126353bd5db125ce897db2789,10.00000000000001,24,9.66596281133309e-11,2.1298635782441412e-14,20fd3a1b4a9eb5676dea4e78b93de04e89c6a7ffe13c95f8212a83198d6a07f3,90.04471865964106,0.000992529841880536,029d392d2ce052c969d70fb11572350e760a75a8a9bfd0ede301e1171429de64,9.708729028646765,-57.325987984988586,1.2449046643181402e-34,-1.2449046643181402e-37,-57.325987984988586,1.2449046643181402e-37,10.00000000000001,10.000000000000012,1.1410957226607635e-13,2.261072022602081e-05,1.872568231581022e-05,-0.07907778873209052,0.0,"[10.0,10.0,10.0]","[3.333333333333333,3.333333333333333,3.333333333333333]",2.213490799126059e-141,1.0,True,"Midpoint of the global spectral gap; Float64 counts equal at its 1/4,1/2,3/4 points","[[2.2134907991294564e-141,2.213490799126059e-141],[1.4290344587299869e-109,1.42902421914585e-109],[1.4290344587299056e-109,1.4290242191471903e-109]]",0,0.0,"[-1.4477256301448762e-15,-4.187141958688253e-15,-5.693825351661555e-16]","{""PspCorrection"":0.09187494522099392,""Ewald"":-14.186487397403095,""Kinetic"":29.07598336097417,""AtomicNonlocalFR"":-14.21405442201424,""AtomicLocal"":-79.43302088814438,""Hartree"":28.516772388784695,""Xc"":-7.177055972406737}",PASS,1.4290344587299869e-109,1.660156459440659e-39
117,iteration,CONTINUE,1.0231823489753334e-05,1.0231823489809727e-06,1.0231823489809727e-06,False,False,linear_mixing,,47ce2d38f395ba730c970acaf602bfbda9ab4c0126353bd5db125ce897db2789,10.00000000000001,1702bf6e7b5fb5690372b6a356ac4c687c9e8e3e07e1d2c4847504b97b7f1029,10.000000000000009,5038c05d7d917b4b4a6573a226bbec61c8600e32752229cb9b8be8fa0fcd3a35,10.00000000000001,24,9.729946025893875e-11,2.511332218817389e-14,46ad5615ce522122f349cb6df58c0439e5fbfa8aedda85df39e51ddccb33a2d7,90.04471939367556,0.0009147411298954704,a5744d9ea644ff2619d0e6ef1dca37028232c587ac14a0a94f6be70568e2b81f,9.708729539876456,-57.32598798501306,1.244721419893711e-34,-1.244721419893711e-37,-57.32598798501306,1.244721419893711e-37,10.000000000000009,10.00000000000001,1.384807206704255e-13,2.083920344879098e-05,1.7260373211738116e-05,-0.07907754481051493,0.0,"[10.0,10.0,10.0]","[3.333333333333333,3.333333333333333,3.333333333333333]",2.2141641561578112e-141,1.0,True,"Midpoint of the global spectral gap; Float64 counts equal at its 1/4,1/2,3/4 points","[[2.214164156160706e-141,2.2141641561578112e-141],[1.428766383023526e-109,1.42875614532984e-109],[1.428766383023526e-109,1.4287561453295963e-109]]",0,0.0,"[1.0691062760261026e-15,-1.2099069725934573e-15,-4.143594863080036e-15]","{""PspCorrection"":0.09187494522099392,""Ewald"":-14.186487397403095,""Kinetic"":29.075983416265686,""AtomicNonlocalFR"":-14.214054411463497,""AtomicLocal"":-79.43302136367004,""Hartree"":28.516772865352465,""Xc"":-7.1770560393155645}",PASS,1.428766383023526e-109,1.528162171109941e-39
118,iteration,CONTINUE,9.24880796165704e-06,9.248807961738135e-07,9.248807961738135e-07,False,False,linear_mixing,,5038c05d7d917b4b4a6573a226bbec61c8600e32752229cb9b8be8fa0fcd3a35,10.00000000000001,89eec2be538ac9ce7ddd3e34ebe67d6314b8d79d836ad338e37931bd02f75316,10.000000000000004,454d64a482606061fc43e47df25a9a1569b8d0034ad9e16988a4b47fae3f24b0,10.000000000000009,24,9.724036115890367e-11,2.0963486906373204e-14,4ce3bb9fac4dc5c2fde6fd784718347555cd362497fdb682d93055420f4c0ac2,90.04471991345669,0.0008430294720440338,81f9dd76c76a9366dc70a6b154f07f95bd048d9e379dbb05a14b25819f587311,9.708730011877924,-57.32598798503377,1.2445527447016812e-34,-1.2445527447016811e-37,-57.32598798503377,1.2445527447016811e-37,10.000000000000004,10.000000000000007,1.4825486793698976e-13,1.9206068789669716e-05,1.5909420244156063e-05,-0.079077318655268,0.0,"[10.0,10.0,10.0]","[3.333333333333333,3.333333333333333,3.333333333333333]",2.214783421458148e-141,1.0,True,"Midpoint of the global spectral gap; Float64 counts equal at its 1/4,1/2,3/4 points","[[2.214783421460414e-141,2.214783421458148e-141],[1.4285198204779534e-109,1.4285095845246386e-109],[1.4285198204762886e-109,1.4285095845232989e-109]]",0,0.0,"[1.9662464738802039e-16,-8.219382092167996e-16,-6.855587154753584e-16]","{""PspCorrection"":0.09187494522099392,""Ewald"":-14.186487397403095,""Kinetic"":29.075983471374066,""AtomicNonlocalFR"":-14.214054403863202,""AtomicLocal"":-79.43302180800305,""Hartree"":28.516773309097317,""Xc"":-7.177056101456809}",PASS,1.4285198204779534e-109,1.4066314825225354e-39
119,iteration,CONTINUE,8.36123482204733e-06,8.361234822102093e-07,8.361234822102093e-07,False,False,linear_mixing,,454d64a482606061fc43e47df25a9a1569b8d0034ad9e16988a4b47fae3f24b0,10.000000000000009,1d1790a8484a4373ec3e0b1292867129fae96cae9ca4c2110f5b9130244b050f,10.000000000000009,ff576af2bc10b382748f0e7f1559b1c60d2fc62d37aea3fb68493859acc0af90,10.000000000000009,24,9.905043375106363e-11,2.4578800680909793e-14,f48af386a13452c5824300bfdef3c96b67253e58003bca81b4535c48c62208ab,90.0447202497168,0.0007769226458607159,2ffebe36809cdc14b0eee676ed42ac4cae511c2c2f16284857d5ba02ab8f9c96,9.708730447625573,-57.32598798505137,1.2443974837744727e-34,-1.2443974837744727e-37,-57.32598798505137,1.2443974837744727e-37,10.000000000000009,10.000000000000009,1.1170346602320701e-13,1.7700537277366084e-05,1.4663920540620173e-05,-0.07907710900918169,0.0,"[10.0,10.0,10.0]","[3.333333333333333,3.333333333333333,3.333333333333333]",2.2153529376590988e-141,1.0,True,"Midpoint of the global spectral gap; Float64 counts equal at its 1/4,1/2,3/4 points","[[2.2153529376627508e-141,2.2153529376590988e-141],[1.4282930501603822e-109,1.4282828158094032e-109],[1.4282930501603822e-109,1.4282828158112705e-109]]",0,0.0,"[2.0216832495802743e-15,2.0560304903921517e-15,3.238550746850657e-15]","{""PspCorrection"":0.09187494522099392,""Ewald"":-14.186487397403095,""Kinetic"":29.07598352575554,""AtomicNonlocalFR"":-14.214054398715895,""AtomicLocal"":-79.43302222272335,""Hartree"":28.516773721945377,""Xc"":-7.17705615913094}",PASS,1.4282930501603822e-109,1.294738321282029e-39
120,iteration,CONTINUE,7.559767144252751e-06,7.559767144268696e-07,7.559767144268696e-07,False,False,linear_mixing,,ff576af2bc10b382748f0e7f1559b1c60d2fc62d37aea3fb68493859acc0af90,10.000000000000009,8ce6c88a31dd1fe69d2f84b3826f639e8d9f7fd203053ba9a104d1ee5202c3ca,10.000000000000005,1b61c8adf5f4d58f11983441280583791ff057dfac1d462e8fa10af4a284e2f6,10.000000000000009,24,9.169670433550318e-11,2.4206534278501437e-14,121ffcf3c9dc3ba5ab0f553c1e76dc3ac25c48445acd7dbe01bc53386018cf27,90.04472042964048,0.000715984200796853,e3caad0a821f116d70e4ae3a31b1197c6ccde769d6d1780de4806fdf4d97a6ab,9.708730849871738,-57.325987985066234,1.2442545733342527e-34,-1.2442545733342528e-37,-57.325987985066234,1.2442545733342528e-37,10.000000000000005,10.000000000000007,1.0403230157648471e-13,1.631267217754092e-05,1.3515667480631517e-05,-0.07907691470067443,0.0,"[10.0,10.0,10.0]","[3.333333333333333,3.333333333333333,3.333333333333333]",2.21587669947823e-141,1.0,True,"Midpoint of the global spectral gap; Float64 counts equal at its 1/4,1/2,3/4 points","[[2.215876699481253e-141,2.21587669947823e-141],[1.4280844881876901e-109,1.4280742553176338e-109],[1.4280844881922766e-109,1.4280742553183644e-109]]",0,0.0,"[3.163541441044858e-15,3.998909492884405e-15,-2.3392269617514413e-15]","{""PspCorrection"":0.09187494522099392,""Ewald"":-14.186487397403095,""Kinetic"":29.075983578961154,""AtomicNonlocalFR"":-14.214054395596794,""AtomicLocal"":-79.43302260933326,""Hartree"":28.5167741057054,""Xc"":-7.177056212620628}",PASS,1.4280844881922766e-109,1.1917221475515818e-39
121,iteration,CONTINUE,6.835985217650165e-06,6.835985217649395e-07,6.835985217649395e-07,False,False,linear_mixing,,1b61c8adf5f4d58f11983441280583791ff057dfac1d462e8fa10af4a284e2f6,10.000000000000009,a9d7c9c4f666af460b457bbb0ace70a866ad33eca0cbb48f7e1a9cf5cd8e0a2f,10.000000000000009,ddd2d4a821f00a6b751e7f576b550ff3dce97d8660ad29df0f581c9b7a0ecd29,10.00000000000001,24,9.882532708968683e-11,2.0830533316363383e-14,3ca9f5747865a015d78d10c71b1cffc41c100e74dce6796d02938a7a5e686328,90.04472047723873,0.0006598116786270045,e8661cdf08a11ef3eb1198d5f554f0bbfce5943d12bf6c8660c70f81688040af,9.7087312211629,-57.32598798507877,1.244123033552566e-34,-1.244123033552566e-37,-57.32598798507877,1.244123033552566e-37,10.000000000000009,10.000000000000009,9.473516414341767e-14,1.5033317127887727e-05,1.2457102353540556e-05,-0.0790767346382915,0.0,"[10.0,10.0,10.0]","[3.333333333333333,3.333333333333333,3.333333333333333]",2.216358381516008e-141,1.0,True,"Midpoint of the global spectral gap; Float64 counts equal at its 1/4,1/2,3/4 points","[[2.216358381517268e-141,2.216358381516008e-141],[1.4278926767335547e-109,1.4278824452243187e-109],[1.427892676733636e-109,1.4278824452231825e-109]]",0,0.0,"[-3.186989695305021e-15,-2.6860068546514365e-15,-2.523335184430439e-15]","{""PspCorrection"":0.09187494522099392,""Ewald"":-14.186487397403095,""Kinetic"":29.075983630655877,""AtomicNonlocalFR"":-14.214054394144856,""AtomicLocal"":-79.43302296936182,""Hartree"":28.51677446215236,""Xc"":-7.177056262198236}",PASS,1.427892676733636e-109,1.096881785079611e-39
122,iteration,CONTINUE,6.182297313409934e-06,6.182297313530775e-07,6.182297313530775e-07,False,False,linear_mixing,,ddd2d4a821f00a6b751e7f576b550ff3dce97d8660ad29df0f581c9b7a0ecd29,10.00000000000001,4c724de87283910d4864dce25f637e84c3fe44492844d99ad11b073be74426cd,10.000000000000007,bbba1a4ee0632a3fccc21b2c6377399f413482f511ab266216a53a6f38b893b4,10.00000000000001,24,9.882443629624925e-11,2.195273852571039e-14,c18cb4a97a200cb8a3eebd306f1e3649fbbb946af11be4044366ce194239716c,90.04472041366377,0.0006080338091451053,c8e1e68bfa8a5a467a19ea1906e7fc0e9de945feb8198eda440180734c6ad625,9.70873156385491,-57.32598798508943,1.2440019619993326e-34,-1.2440019619993327e-37,-57.32598798508943,1.2440019619993327e-37,10.000000000000007,10.000000000000009,8.389109348917319e-14,1.3854016350494583e-05,1.1481240726641746e-05,-0.07907656780544214,0.0,"[10.0,10.0,10.0]","[3.333333333333333,3.333333333333333,3.333333333333333]",2.2168013637525605e-141,1.0,True,"Midpoint of the global spectral gap; Float64 counts equal at its 1/4,1/2,3/4 points","[[2.216801363754325e-141,2.2168013637525605e-141],[1.427716274101458e-109,1.4277060438459215e-109],[1.427716274100687e-109,1.4277060438441766e-109]]",0,0.0,"[-3.835829475027853e-15,-3.446330949675734e-15,-1.5321874162555816e-15]","{""PspCorrection"":0.09187494522099392,""Ewald"":-14.186487397403095,""Kinetic"":29.07598368058583,""AtomicNonlocalFR"":-14.214054394053145,""AtomicLocal"":-79.43302330430353,""Hartree"":28.5167747929859,""Xc"":-7.177056308122379}",PASS,1.427716274101458e-109,1.0095710935871302e-39
123,iteration,CONTINUE,5.591857224456627e-06,5.591857224414153e-07,5.591857224414153e-07,False,False,linear_mixing,,bbba1a4ee0632a3fccc21b2c6377399f413482f511ab266216a53a6f38b893b4,10.00000000000001,d6b242a256b75dddafc93d7eb0cf53f5a23184d85e71da085da0b5cb1d61a257,10.000000000000005,4e0fbc5aaa8d36e4a79023321c37254af8dbeeee59b7b64232ecf7f092b62a24,10.000000000000007,24,9.846181658622615e-11,1.9927432093618735e-14,7d5c076a435ba434563407cd7491a62c94a8dfb10ceef82d83b7b66ccc0c0878,90.04472025750331,0.0005603080245796966,500d9b8e14004e7ad517d4d6b4c7b435e6a6dc9d11f98ab5c4725f69e8129843,9.708731880126805,-57.32598798509837,1.2438905275679815e-34,-1.2438905275679815e-37,-57.32598798509837,1.2438905275679815e-37,10.000000000000005,10.000000000000007,7.806820829341941e-14,1.2766973150281268e-05,1.0581643183074167e-05,-0.07907641325552117,0.0,"[10.0,10.0,10.0]","[3.333333333333333,3.333333333333333,3.333333333333333]",2.2172087550531913e-141,1.0,True,"Midpoint of the global spectral gap; Float64 counts equal at its 1/4,1/2,3/4 points","[[2.21720875505546e-141,2.2172087550531913e-141],[1.4275540455442613e-109,1.4275438164427696e-109],[1.4275540455443424e-109,1.427543816441593e-109]]",0,0.0,"[-1.9811848329647644e-15,-6.318735719810382e-15,-2.1685651753518688e-15]","{""PspCorrection"":0.09187494522099392,""Ewald"":-14.186487397403095,""Kinetic"":29.07598372857382,""AtomicNonlocalFR"":-14.214054395061472,""AtomicLocal"":-79.43302361563691,""Hartree"":28.516775099848054,""Xc"":-7.177056350639756}",PASS,1.4275540455443424e-109,9.291945934009705e-40
124,iteration,CONTINUE,5.058491382141248e-06,5.058491382323301e-07,5.058491382323301e-07,False,False,linear_mixing,,4e0fbc5aaa8d36e4a79023321c37254af8dbeeee59b7b64232ecf7f092b62a24,10.000000000000007,0dcc6a036117d3b70591331e7a453b6255c9dfa5932d189f61f026441082a7ea,10.000000000000009,32af484e6e4104c0256b2b9eb5e4eaf435cd5d5d366f74df4dcd0ae35dca6672,10.000000000000009,24,9.460195471679777e-11,2.217489392573155e-14,7226dd0b8a43411c5b79383ccce782884f325f261d7ec612a145c3bcfbd48cbe,90.04472002504336,0.000516318398810476,dcb233e0cda438dbabae28ec6c5b3dfb4db5ca249b2696fb61ac5a577f58f82d,9.708732171994058,-57.32598798510597,1.243787964879524e-34,-1.243787964879524e-37,-57.32598798510597,1.243787964879524e-37,10.000000000000009,10.000000000000009,6.055728707871178e-14,1.1764994316266328e-05,9.752367825578236e-06,-0.0790762701072944,0.0,"[10.0,10.0,10.0]","[3.333333333333333,3.333333333333333,3.333333333333333]",2.217583414865824e-141,1.0,True,"Midpoint of the global spectral gap; Float64 counts equal at its 1/4,1/2,3/4 points","[[2.2175834148677148e-141,2.217583414865824e-141],[1.427404854844172e-109,1.42739462680582e-109],[1.4274048548431173e-109,1.427394626805252e-109]]",0,0.0,"[3.756292216876934e-15,4.249691718998695e-15,1.1638465629334582e-15]","{""PspCorrection"":0.09187494522099392,""Ewald"":-14.186487397403095,""Kinetic"":29.075983774499996,""AtomicNonlocalFR"":-14.214054396950186,""AtomicLocal"":-79.4330239047934,""Hartree"":28.516775384303433,""Xc"":-7.177056389983703}",PASS,1.427404854844172e-109,8.552036149363023e-40
125,iteration,CONTINUE,4.576632645632385e-06,4.5766326459460037e-07,4.5766326459460037e-07,False,False,linear_mixing,,32af484e6e4104c0256b2b9eb5e4eaf435cd5d5d366f74df4dcd0ae35dca6672,10.000000000000009,49c3f4a24e54b90a96d8d3776600b4ea3c0ce8998d59c588645e31bf6f29beb4,10.000000000000002,4939925805f005e6f674f110750f2abd78527afbf3e546dc4911c18f4fcd724e,10.000000000000007,24,9.774941811160381e-11,2.0694386670865714e-14,94c0a4b87e28a7a5b72aa4c4cea10b9cc1edec824f4e4553ca55d2d3bf639924,90.04471973051135,0.00047577346416918055,edb51f401c96579a965a0071cd42b03d8ad487b0f8d7083da0ba9a5d8acf8e26,9.708732441320391,-57.32598798511238,1.2436935691178294e-34,-1.2436935691178294e-37,-57.32598798511238,1.2436935691178294e-37,10.000000000000002,10.000000000000007,5.4905644746978044e-14,1.0841445729398639e-05,8.987934445762744e-06,-0.07907613754059581,0.0,"[10.0,10.0,10.0]","[3.333333333333333,3.333333333333333,3.333333333333333]",2.217927973110102e-141,1.0,True,"Midpoint of the global spectral gap; Float64 counts equal at its 1/4,1/2,3/4 points","[[2.2179279731130017e-141,2.217927973110102e-141],[1.4272676564838793e-109,1.4272574294255361e-109],[1.4272676564824595e-109,1.4272574294233455e-109]]",0,0.0,"[-1.1395118601562622e-15,-1.0649679635930082e-15,2.9493607814055933e-15]","{""PspCorrection"":0.09187494522099392,""Ewald"":-14.186487397403095,""Kinetic"":29.075983818287927,""AtomicNonlocalFR"":-14.21405439953293,""AtomicLocal"":-79.4330241731463,""Hartree"":28.51677564783489,""Xc"":-7.177056426373863}",PASS,1.4272676564838793e-109,7.8709269857261e-40
126,iteration,CONTINUE,4.141259931638221e-06,4.141259931677008e-07,4.141259931677008e-07,False,False,linear_mixing,,4939925805f005e6f674f110750f2abd78527afbf3e546dc4911c18f4fcd724e,10.000000000000007,8d962166c9819f534811d5f91b4270c6e174efa86e70b56bb210ff1fedab4f50,10.000000000000007,f875f3b5d38b4c5c6dee45922fbb08c9b71907e4ec2b092fbe029a2b2c96abae,10.000000000000009,24,9.952941961784432e-11,2.1641183668964923e-14,dab7c6e3cee64b8c3830bb6797d15ea1e7f15f17853cbe966ca5d947cc3e74f6,90.0447193863017,0.00043840436357467795,2cb961df4c9a3580fc4fda7b3d898a162f0c75949f1e744b74e4b33a6bc865af,9.708732689829116,-57.32598798511789,1.2436066912594677e-34,-1.2436066912594677e-37,-57.32598798511789,1.2436066912594677e-37,10.000000000000007,10.000000000000007,6.164654610882395e-14,9.990207883383728e-06,8.283287399475597e-06,-0.0790760147922928,0.0,"[10.0,10.0,10.0]","[3.333333333333333,3.333333333333333,3.333333333333333]",2.2182448485918616e-141,1.0,True,"Midpoint of the global spectral gap; Float64 counts equal at its 1/4,1/2,3/4 points","[[2.2182448485940053e-141,2.2182448485918616e-141],[1.427141488439716e-109,1.4271312622841702e-109],[1.4271414884409736e-109,1.4271312622851842e-109]]",0,0.0,"[4.549378990642451e-16,1.5179902283706614e-15,-5.110245379629115e-15]","{""PspCorrection"":0.09187494522099392,""Ewald"":-14.186487397403095,""Kinetic"":29.075983859905794,""AtomicNonlocalFR"":-14.214054402653527,""AtomicLocal"":-79.43302442203006,""Hartree"":28.51677589186032,""Xc"":-7.177056460018303}",PASS,1.4271414884409736e-109,7.243960648524442e-40
127,iteration,CONTINUE,3.747844937579668e-06,3.747844937656062e-07,3.747844937656062e-07,False,False,linear_mixing,,f875f3b5d38b4c5c6dee45922fbb08c9b71907e4ec2b092fbe029a2b2c96abae,10.000000000000009,1e134ee490d427d065dcd298b65dff6966894b2e1b8c7d3a9d7b7cfbe20687e7,10.000000000000012,9c89c2f3b26c2690658bdce8c7d9cdd0b16586e49de2172415cd9ebc89f6b339,10.00000000000001,24,9.615292250687307e-11,2.1953805137394216e-14,c124200992c855a77e7835176f555992f148cfe67c7b93be48c2c4d3b13a6dc5,90.0447190031703,0.00040396319061979704,4421273bf4bc2c9eee3b3b9faea5390d7455abdbf43de73ea9a130965dbd29ab,9.70873291911361,-57.32598798512242,1.2435267336922257e-34,-1.2435267336922257e-37,-57.32598798512242,1.2435267336922257e-37,10.000000000000012,10.000000000000012,5.709443787788592e-14,9.205639136900847e-06,7.633766482461098e-06,-0.07907590115248053,0.0,"[10.0,10.0,10.0]","[3.333333333333333,3.333333333333333,3.333333333333333]",2.2185362658805532e-141,1.0,True,"Midpoint of the global spectral gap; Float64 counts equal at its 1/4,1/2,3/4 points","[[2.2185362658842104e-141,2.2185362658805532e-141],[1.4270254656056056e-109,1.4270152402816624e-109],[1.4270254656052407e-109,1.4270152402804863e-109]]",0,0.0,"[1.3395032769803903e-15,-1.0517627255287828e-16,2.304562879538888e-15]","{""PspCorrection"":0.09187494522099392,""Ewald"":-14.186487397403095,""Kinetic"":29.07598389935016,""AtomicNonlocalFR"":-14.214054406180688,""AtomicLocal"":-79.43302465271422,""Hartree"":28.516776117716574,""Xc"":-7.177056491112139}",PASS,1.4270254656056056e-109,6.666846565424061e-40
128,iteration,CONTINUE,3.392303664838698e-06,3.3923036649626687e-07,3.3923036649626687e-07,False,False,linear_mixing,,9c89c2f3b26c2690658bdce8c7d9cdd0b16586e49de2172415cd9ebc89f6b339,10.00000000000001,36f30586e11e64ac54e2f5c02305851aed34ab2584517c4eb3b7dd6762e7e5d6,10.00000000000001,bf86e9c8b6e38bdf3c6e9f2bf57cbf1da80178aede4e63ecc0d79ab7b81b9ac3,10.00000000000001,24,9.164329815121782e-11,2.407943785488897e-14,7f70f1471f22e3c18eb8791dcf91d8cf781a3fe5fd9b4812bfd138cad1797127,90.0447185904175,0.00037222126583039144,cdfefb7f8897ad3ef81ea1676f09240429e51fca85eac7b4e28b338127eeaac6,9.708733130646712,-57.32598798512635,1.2434531461630495e-34,-1.2434531461630495e-37,-57.32598798512635,1.2434531461630495e-37,10.00000000000001,10.000000000000012,7.38544377892773e-14,8.48253095359109e-06,7.035067006758133e-06,-0.07907579596094293,0.0,"[10.0,10.0,10.0]","[3.333333333333333,3.333333333333333,3.333333333333333]",2.2188042708552133e-141,1.0,True,"Midpoint of the global spectral gap; Float64 counts equal at its 1/4,1/2,3/4 points","[[2.2188042708589973e-141,2.2188042708552133e-141],[1.4269187736431433e-109,1.4269085490859707e-109],[1.4269187736459416e-109,1.4269085490867817e-109]]",0,0.0,"[2.662492790522124e-15,-7.733804411986488e-16,2.3148490358921073e-15]","{""PspCorrection"":0.09187494522099392,""Ewald"":-14.186487397403095,""Kinetic"":29.07598393664053,""AtomicNonlocalFR"":-14.214054410004472,""AtomicLocal"":-79.43302486640357,""Hartree"":28.51677632666147,""Xc"":-7.1770565198381995}",PASS,1.4269187736459416e-109,6.135632749715633e-40
129,iteration,CONTINUE,3.07095122330051e-06,3.070951223408687e-07,3.070951223408687e-07,False,False,linear_mixing,,bf86e9c8b6e38bdf3c6e9f2bf57cbf1da80178aede4e63ecc0d79ab7b81b9ac3,10.00000000000001,5302d933eedda179271a77bc0fca3be4fdb50266890b863a18e18fbae1c885f8,10.000000000000004,722fb03d118704c6a6a9008a3294bac693e2153fcf11b0ffcdd0fb9eea10e927,10.000000000000009,24,9.79614238869834e-11,1.868173752709653e-14,6cbf7d038e4e9594fe0fa3ed3e33f64a128da6b3180be1bacddc2871f51da1ce,90.04471815605238,0.0003429676772666043,19f64583c019149b75437e4d9565e1539b46523ca2095bc89f8e550a83324c0b,9.70873332578996,-57.325987985129636,1.243385422039388e-34,-1.243385422039388e-37,-57.325987985129636,1.243385422039388e-37,10.000000000000004,10.000000000000007,4.150116034156436e-13,7.816082597026442e-06,6.483222602771707e-06,-0.07907569860382639,0.0,"[10.0,10.0,10.0]","[3.333333333333333,3.333333333333333,3.333333333333333]",2.2190507450580637e-141,1.0,True,"Midpoint of the global spectral gap; Float64 counts equal at its 1/4,1/2,3/4 points","[[2.2190507450595775e-141,2.2190507450580637e-141],[1.4268206633795878e-109,1.4268104395244896e-109],[1.4268206633787362e-109,1.4268104395242461e-109]]",0,0.0,"[1.9568907513730897e-15,1.1916461565517938e-15,-1.8169105534533e-15]","{""PspCorrection"":0.09187494522099392,""Ewald"":-14.186487397403095,""Kinetic"":29.075983971827014,""AtomicNonlocalFR"":-14.214054414033242,""AtomicLocal"":-79.43302506427897,""Hartree"":28.516776519907857,""Xc"":-7.177056546370197}",PASS,1.4268206633795878e-109,5.646675816631927e-40
130,iteration,CONTINUE,2.7804664372460843e-06,2.780466437491511e-07,2.780466437491511e-07,False,False,linear_mixing,,722fb03d118704c6a6a9008a3294bac693e2153fcf11b0ffcdd0fb9eea10e927,10.000000000000009,f8cfcaa5493d4028d7eaba21be7528f3932c926c94d2c7fa6d26b24d2aa22b23,9.999999999999995,456b0ede464c39eb8e32f2d17e6aae5b107cbe274c0a0c8889cdcfab3c412251,10.000000000000009,24,9.609406016406466e-11,1.854051605130724e-14,8ce913b2d4b076d53759f14e9075db6cc58607e5a8a4bd81e4741034c76e1083,90.04471770693155,0.00031600787740364,384ab824afd5a3404f23e4da675c29f3626f7f6f61f0c8fc7dee93de208de0d0,9.708733505801645,-57.3259879851323,1.2433230949032063e-34,-1.2433230949032062e-37,-57.3259879851323,1.2433230949032062e-37,9.999999999999995,9.999999999999996,1.423589354416702e-13,7.201892545765491e-06,5.974605501778041e-06,-0.07907560851048177,0.0,"[10.0,10.0,10.0]","[3.333333333333333,3.333333333333333,3.333333333333333]",2.2192774188223635e-141,1.0,True,"Midpoint of the global spectral gap; Float64 counts equal at its 1/4,1/2,3/4 points","[[2.2192774188247604e-141,2.2192774188223635e-141],[1.426730445650533e-109,1.4267202224452536e-109],[1.4267304456500466e-109,1.4267202224443211e-109]]",0,0.0,"[-2.364105786003526e-15,-1.9349933528143935e-15,-4.535395776184025e-15]","{""PspCorrection"":0.09187494522099392,""Ewald"":-14.186487397403095,""Kinetic"":29.07598400500751,""AtomicNonlocalFR"":-14.214054418223974,""AtomicLocal"":-79.43302524743301,""Hartree"":28.516776698570936,""Xc"":-7.177056570871665}",PASS,1.426730445650533e-109,5.196625317522125e-40
131,iteration,CONTINUE,2.51785122466363e-06,2.517851224596596e-07,2.517851224596596e-07,False,False,linear_mixing,,456b0ede464c39eb8e32f2d17e6aae5b107cbe274c0a0c8889cdcfab3c412251,10.000000000000009,fa3a531968a13c7cfce5f1fd6247424ed6a96651a3a64dc760917191e4101504,10.00000000000001,68ca09afa3fd26fdb4fc54d39681cc9eed0496da042f9a01df48d20b44b34f57,10.00000000000001,24,8.684339457261533e-11,2.0884543458354535e-14,008fdcefaba3e026a37893b305a03da74f91c1d78f56cb99823dd841093ed4e8,90.04471724890526,0.00029116258849638934,3088e7925cabc551e9148503f8db8df2bd2236ba88b10a706ca0d5a36ea2cbbd,9.708733671844554,-57.32598798513477,1.2432657353179606e-34,-1.2432657353179606e-37,-57.32598798513477,1.2432657353179606e-37,10.00000000000001,10.000000000000016,8.450060076470745e-14,6.635813772272075e-06,5.5057636145114286e-06,-0.07907552515061715,0.0,"[10.0,10.0,10.0]","[3.333333333333333,3.333333333333333,3.333333333333333]",2.21948588347015e-141,1.0,True,"Midpoint of the global spectral gap; Float64 counts equal at its 1/4,1/2,3/4 points","[[2.2194858834731778e-141,2.21948588347015e-141],[1.426647486455374e-109,1.4266372638493216e-109],[1.4266474864555364e-109,1.4266372638483485e-109]]",0,0.0,"[-2.5605906497941924e-17,1.419373701148169e-15,1.768328872884411e-15]","{""PspCorrection"":0.09187494522099392,""Ewald"":-14.186487397403095,""Kinetic"":29.075984036131942,""AtomicNonlocalFR"":-14.214054422445257,""AtomicLocal"":-79.43302541679229,""Hartree"":28.516776863632987,""Xc"":-7.177056593480047}",PASS,1.4266474864555364e-109,4.7823961918430225e-40
132,iteration,CONTINUE,2.280400804661561e-06,2.280400804817883e-07,2.280400804817883e-07,False,False,linear_mixing,,68ca09afa3fd26fdb4fc54d39681cc9eed0496da042f9a01df48d20b44b34f57,10.00000000000001,1349cc6a5b633551fefd0583212710343485847eb3652256e3a95f07f78e1f2b,10.000000000000007,472fba3d9f4b6ebdfec10bae474bec6e19a19bad445799f4cc96d211d69582d1,10.000000000000009,24,9.926144102478369e-11,1.9349673040831986e-14,157020c96c7b72cc2676272790b890ee6fa4d408981431922ce671fe42a4f092,90.04471678694888,0.00026826650857213153,79baa42bb0ba36e1f0665766e6fce5bbb6359f638ae9553214519a30431fe8d8,9.70873382499337,-57.32598798513678,1.2432129478996067e-34,-1.2432129478996067e-37,-57.32598798513678,1.2432129478996067e-37,10.000000000000007,10.000000000000005,1.312627828628246e-13,6.114192075620942e-06,5.0737191752803645e-06,-0.07907544803155539,0.0,"[10.0,10.0,10.0]","[3.333333333333333,3.333333333333333,3.333333333333333]",2.219677602447125e-141,1.0,True,"Midpoint of the global spectral gap; Float64 counts equal at its 1/4,1/2,3/4 points","[[2.2196776024491438e-141,2.219677602447125e-141],[1.4265712025270903e-109,1.426560980470892e-109],[1.4265712025276985e-109,1.4265609804715003e-109]]",0,0.0,"[4.1311690378091453e-16,2.4124357321441628e-15,-2.814244838516666e-15]","{""PspCorrection"":0.09187494522099392,""Ewald"":-14.186487397403095,""Kinetic"":29.075984065346372,""AtomicNonlocalFR"":-14.214054426681624,""AtomicLocal"":-79.43302557341015,""Hartree"":28.51677701613488,""Xc"":-7.177056614344154}",PASS,1.4265712025276985e-109,4.4011400001640605e-40
133,iteration,CONTINUE,2.0656789408270127e-06,2.0656789408647498e-07,2.0656789408647498e-07,False,False,linear_mixing,,472fba3d9f4b6ebdfec10bae474bec6e19a19bad445799f4cc96d211d69582d1,10.000000000000009,e4a57ee66f26f01b77a5223e3a1dd779caf6fcbd2c31cf4d7d3bad87cd60be82,10.000000000000007,525f75db2e1d83d290b13d2537afca4f73aeb9ed032494242c3e4e615567a685,10.00000000000001,24,9.651643900580153e-11,2.0887411706271484e-14,e2397aa298e5755d9605d110512a5b41cdb988330e9dee1275d7edb1edaa6851,90.04471632523708,0.00024716733225843123,e807fc5bcaf78fc18bcb80d7b2cd72d3ba960ef1cb3fd98b9f1d134c476762a5,9.70873396624079,-57.32598798513848,1.2431643687024836e-34,-1.2431643687024836e-37,-57.32598798513848,1.2431643687024836e-37,10.000000000000007,10.000000000000007,1.6012336255830046e-13,5.633443506267694e-06,4.6754678126201595e-06,-0.07907537669559032,0.0,"[10.0,10.0,10.0]","[3.333333333333333,3.333333333333333,3.333333333333333]",2.219853921494218e-141,1.0,True,"Midpoint of the global spectral gap; Float64 counts equal at its 1/4,1/2,3/4 points","[[2.2198539214972465e-141,2.219853921494218e-141],[1.4265010574623078e-109,1.4264908359131512e-109],[1.4265010574621457e-109,1.4264908359122998e-109]]",0,0.0,"[-1.1660732888882881e-15,1.0855562272367892e-15,8.300928177048064e-16]","{""PspCorrection"":0.09187494522099392,""Ewald"":-14.186487397403095,""Kinetic"":29.07598409272353,""AtomicNonlocalFR"":-14.214054430905502,""AtomicLocal"":-79.43302571812501,""Hartree"":28.51677715694087,""Xc"":-7.177056633590268}",PASS,1.4265010574623078e-109,4.050243869045008e-40
134,iteration,CONTINUE,1.8714804973178109e-06,1.87148049751188e-07,1.87148049751188e-07,False,False,linear_mixing,,525f75db2e1d83d290b13d2537afca4f73aeb9ed032494242c3e4e615567a685,10.00000000000001,97b8432baefcb69a3bfe596c4f372d28290fa2d96100bc917543d5b8f071ff97,10.000000000000007,2f24a594bd7843f3c080dc3bce73efa3a6a0c08ef24585409395365958902956,10.000000000000009,24,9.412588617429938e-11,1.9795439514982645e-14,e71872067afa2d206b224e6cba4182b18cf05960af953dafa3ba5448a58d8f76,90.04471586726979,0.00022772404241988212,f8b3b8fe87ca31b0ae1ae84241bf470c2206cc752a333e22df0add9f34e414d1,9.708734096504099,-57.32598798513989,1.2431196626238828e-34,-1.2431196626238829e-37,-57.32598798513989,1.2431196626238829e-37,10.000000000000007,10.000000000000007,1.4572434875074543e-13,5.190410089716123e-06,4.308416673809917e-06,-0.07907531071773752,0.0,"[10.0,10.0,10.0]","[3.333333333333333,3.333333333333333,3.333333333333333]",2.220016078374924e-141,1.0,True,"Midpoint of the global spectral gap; Float64 counts equal at its 1/4,1/2,3/4 points","[[2.2200160783765642e-141,2.220016078374924e-141],[1.426436557686282e-109,1.4264263366022966e-109],[1.4264365576849846e-109,1.4264263366030262e-109]]",0,0.0,"[-8.723771801285448e-16,-1.7849602243898402e-15,-1.9071312090389076e-15]","{""PspCorrection"":0.09187494522099392,""Ewald"":-14.186487397403095,""Kinetic"":29.07598411833378,""AtomicNonlocalFR"":-14.214054435055951,""AtomicLocal"":-79.43302585184685,""Hartree"":28.516777286952895,""Xc"":-7.1770566513416565}",PASS,1.426436557686282e-109,3.727288287848996e-40
135,iteration,CONTINUE,1.6958209410275082e-06,1.6958209413039976e-07,1.6958209413039976e-07,False,False,linear_mixing,,2f24a594bd7843f3c080dc3bce73efa3a6a0c08ef24585409395365958902956,10.000000000000009,3a950497b918dd5ca4416b13bf2982e109ddb72810cd8f15ab61372ea7a5f76b,9.999999999999996,eefe94bd968f9b258dbacaf683fb707d580d1c5764fc0b8bc07022268d9ce045,10.000000000000007,24,9.96728137505543e-11,2.0741216259162644e-14,916fba44b4b1385500dfb9dce9903261045bc8462d3176d9a030183eed94cba2,90.04471541592461,0.00020980705712119038,8e0606219af74426e5ba44c55761b4c68f143249570b4fd6b8a6ec8c9ce622f8,9.708734216630553,-57.32598798514109,1.2430785212626727e-34,-1.2430785212626727e-37,-57.32598798514109,1.2430785212626727e-37,9.999999999999996,10.000000000000002,1.2573543471691036e-13,4.782141848419834e-06,3.970127471885599e-06,-0.07907524970332791,0.0,"[10.0,10.0,10.0]","[3.333333333333333,3.333333333333333,3.333333333333333]",2.2201652111867497e-141,1.0,True,"Midpoint of the global spectral gap; Float64 counts equal at its 1/4,1/2,3/4 points","[[2.2201652111880117e-141,2.2201652111867497e-141],[1.4263772493776137e-109,1.4263670287248431e-109],[1.4263772493778976e-109,1.4263670287230595e-109]]",0,0.0,"[-1.88889019735547e-15,8.689744465337645e-17,-2.378420764407674e-15]","{""PspCorrection"":0.09187494522099392,""Ewald"":-14.186487397403095,""Kinetic"":29.07598414227381,""AtomicNonlocalFR"":-14.214054439119337,""AtomicLocal"":-79.43302597536437,""Hartree"":28.51677740696224,""Xc"":-7.177056667711327}",PASS,1.4263772493778976e-109,3.430054965197402e-40
136,iteration,CONTINUE,1.5369086413024115e-06,1.536908641200952e-07,1.536908641200952e-07,False,False,linear_mixing,,eefe94bd968f9b258dbacaf683fb707d580d1c5764fc0b8bc07022268d9ce045,10.000000000000007,8d3e1f38f10034bec07e7f3df92e2e517bcbf52446ba6ac39051647e7b35bf3b,9.999999999999996,aa3d7a7dc1d3f121e19c40b693b0a8716fec3cbdae81367fcf9ff1ac9b915d0a,10.000000000000007,24,9.987665266517087e-11,1.9450883145092382e-14,4d981fbf15b9ec5f27a10950288db1a2e04a060cf7af36e2d8ca0ba6fab19c89,90.04471497356063,0.000193296975426809,9ebdeda16bea7cd064c9e2408665120e2f9d0dd7e1995df28b5983fd2ac51574,9.70873432740273,-57.325987985142135,1.2430406607047906e-34,-1.2430406607047907e-37,-57.325987985142135,1.2430406607047907e-37,9.999999999999996,9.999999999999996,1.5896958976331862e-13,4.405914934368072e-06,3.658347851827779e-06,-0.07907519328600666,0.0,"[10.0,10.0,10.0]","[3.333333333333333,3.333333333333333,3.333333333333333]",2.2203023665677183e-141,1.0,True,"Midpoint of the global spectral gap; Float64 counts equal at its 1/4,1/2,3/4 points","[[2.2203023665709997e-141,2.2203023665677183e-141],[1.426322715089475e-109,1.4263124948314812e-109],[1.4263227150884617e-109,1.426312494831238e-109]]",0,0.0,"[2.5523652240991983e-15,1.862754195884286e-15,-1.723817926780908e-17]","{""PspCorrection"":0.09187494522099392,""Ewald"":-14.186487397403095,""Kinetic"":29.075984164627705,""AtomicNonlocalFR"":-14.214054443076098,""AtomicLocal"":-79.43302608941228,""Hartree"":28.51677751770402,""Xc"":-7.17705668280339}",PASS,1.426322715089475e-109,3.1564996085534723e-40
137,iteration,CONTINUE,1.3931257998311756e-06,1.3931258000045754e-07,1.3931258000045754e-07,False,False,linear_mixing,,aa3d7a7dc1d3f121e19c40b693b0a8716fec3cbdae81367fcf9ff1ac9b915d0a,10.000000000000007,b1f9ab90b18a163cdccd3e920889a33dedfdf897d03eda5875b11e84af39b184,10.000000000000007,c1d4f53aabe5a8c0b6399d19e6776243943257bab5266b3b277c6029144fb76f,10.000000000000005,24,9.891103262307347e-11,2.0438894472417172e-14,a0bd24b17f2bea2f346b21b534e4a329af19d5826fa994e401d38d2786aac6d9,90.04471454208026,0.00017808353540455085,61576b63b64384ab2c5bd18f128a1d7f3426ebbff8540d811948a669e31103c0,9.70873442954352,-57.32598798514301,1.2430058195996865e-34,-1.2430058195996866e-37,-57.32598798514301,1.2430058195996866e-37,10.000000000000007,10.000000000000005,1.3712766214766236e-13,4.059234477757336e-06,3.371021034083118e-06,-0.07907514112579025,0.0,"[10.0,10.0,10.0]","[3.333333333333333,3.333333333333333,3.333333333333333]",2.2204285070453346e-141,1.0,True,"Midpoint of the global spectral gap; Float64 counts equal at its 1/4,1/2,3/4 points","[[2.2204285070474803e-141,2.2204285070453346e-141],[1.4262725708667456e-109,1.4262623509726795e-109],[1.426272570867678e-109,1.4262623509727605e-109]]",0,0.0,"[5.0553685353069815e-17,7.331972881367964e-17,1.6956800216687122e-15]","{""PspCorrection"":0.09187494522099392,""Ewald"":-14.186487397403095,""Kinetic"":29.07598418548516,""AtomicNonlocalFR"":-14.214054446909842,""AtomicLocal"":-79.4330261947047,""Hartree"":28.516777619884643,""Xc"":-7.177056696716178}",PASS,1.426272570867678e-109,2.904737872380692e-40
138,iteration,CONTINUE,1.2630133896836214e-06,1.263013389604554e-07,1.263013389604554e-07,False,False,linear_mixing,,c1d4f53aabe5a8c0b6399d19e6776243943257bab5266b3b277c6029144fb76f,10.000000000000005,45899eccbc1f91e0efa45247aee7f0c0804738104a5a1448b86e61e02600131b,9.999999999999998,3c42d35b9c2cdf588fbde9190affc1993a544671ea18170affa24fa64349be02,10.000000000000009,24,9.17799428267283e-11,1.905593109132922e-14,0d17a75a215a1eb7eac68073f32b975bb3aa84971d5ff12feffe09744ac27598,90.04471412298129,0.00016406518007897506,ac733704471524fa53ff08e2f4b030bdd03441b98cbb2eabd1683897ebbd4597,9.708734523720327,-57.32598798514371,1.2429737573961543e-34,-1.2429737573961544e-37,-57.32598798514371,1.2429737573961544e-37,9.999999999999998,10.000000000000002,1.1062112022901225e-13,3.7397710621352263e-06,3.106214986485118e-06,-0.07907509290718956,0.0,"[10.0,10.0,10.0]","[3.333333333333333,3.333333333333333,3.333333333333333]",2.2205445177436308e-141,1.0,True,"Midpoint of the global spectral gap; Float64 counts equal at its 1/4,1/2,3/4 points","[[2.2205445177464076e-141,2.2205445177436308e-141],[1.4262264636126217e-109,1.4262162440544072e-109],[1.4262264636116488e-109,1.4262162440534747e-109]]",0,0.0,"[-2.6361216228435624e-15,-2.6461754078258985e-15,1.2786058688801414e-15]","{""PspCorrection"":0.09187494522099392,""Ewald"":-14.186487397403095,""Kinetic"":29.075984204927472,""AtomicNonlocalFR"":-14.214054450610075,""AtomicLocal"":-79.43302629187757,""Hartree"":28.516777714137596,""Xc"":-7.177056709539045}",PASS,1.4262264636126217e-109,2.673037983390259e-40
139,iteration,CONTINUE,1.1452540648137686e-06,1.1452540649089724e-07,1.1452540649089724e-07,False,False,linear_mixing,,3c42d35b9c2cdf588fbde9190affc1993a544671ea18170affa24fa64349be02,10.000000000000009,98b06fce038862ed53b3ae9ec6acec3b7ebf93af4b6a97b1b816d7928a7d6b99,10.0,a7a705e8f597a07dc7948685c8e3e2eae3c1baab087d0ed21ae03912016cba39,10.000000000000007,24,9.955681982015909e-11,2.1076260934143684e-14,e4ffbf482b72930adaed6fe1cfe274057cb626b7e3975cdb975fcc138d1bb9fa,90.04471371742584,0.00015114831112203328,6b73cc6068ff855c2538e09a76c9f4fdf202e11e1df7efcdacd28eb6ba3abc88,9.708734610549607,-57.32598798514435,1.2429442526571588e-34,-1.242944252657159e-37,-57.32598798514435,1.242944252657159e-37,10.0,10.000000000000005,8.391601721226452e-14,3.445399472240327e-06,2.862175985405115e-06,-0.07907504833754138,0.0,"[10.0,10.0,10.0]","[3.333333333333333,3.333333333333333,3.333333333333333]",2.2206512126558209e-141,1.0,True,"Midpoint of the global spectral gap; Float64 counts equal at its 1/4,1/2,3/4 points","[[2.220651212656452e-141,2.2206512126558209e-141],[1.4261840685564797e-109,1.426173849306828e-109],[1.4261840685564797e-109,1.4261738493061795e-109]]",0,0.0,"[-1.832706333219247e-15,-8.311740076990913e-16,4.2255191485846434e-16]","{""PspCorrection"":0.09187494522099392,""Ewald"":-14.186487397403095,""Kinetic"":29.07598422303284,""AtomicNonlocalFR"":-14.214054454165831,""AtomicLocal"":-79.43302638153575,""Hartree"":28.51677780106187,""Xc"":-7.177056721355377}",PASS,1.4261840685564797e-109,2.4598028542292555e-40
140,iteration,CONTINUE,1.038658817689123e-06,1.0386588177344977e-07,1.0386588177344977e-07,False,False,linear_mixing,,a7a705e8f597a07dc7948685c8e3e2eae3c1baab087d0ed21ae03912016cba39,10.000000000000007,86ddaa1fbded86a6c8be51bc332e57316c44d0449fcce9f73f20e4cce6fa2b09,10.000000000000002,24bb4346450ed190d2bec14150336d385ef14cc490e3cf37f4b9ff031c48cda9,10.000000000000007,24,9.958789927188863e-11,2.034254161929319e-14,59829ed65b5f4db6b367f39ea8182f28d39da457bce5e0645b7c5a02c7f077d4,90.04471332627689,0.0001392464800739843,0a4ed053e19a37532bd273af65a69078b88790ec2e54d8e2da3c9fd3b1c9a756,9.708734690600492,-57.32598798514485,1.2429171015732594e-34,-1.2429171015732594e-37,-57.32598798514485,1.2429171015732594e-37,10.000000000000002,10.000000000000002,8.311238815599837e-14,3.1741537589980426e-06,2.6372784973328145e-06,-0.07907500714540379,0.0,"[10.0,10.0,10.0]","[3.333333333333333,3.333333333333333,3.333333333333333]",2.2207493402929983e-141,1.0,True,"Midpoint of the global spectral gap; Float64 counts equal at its 1/4,1/2,3/4 points","[[2.2207493402951443e-141,2.2207493402929983e-141],[1.4261450870232397e-109,1.4261348680582992e-109],[1.426145087023483e-109,1.4261348680585424e-109]]",0,0.0,"[-3.2774828738152406e-15,-5.365325166988029e-17,-2.4904448950885546e-15]","{""PspCorrection"":0.09187494522099392,""Ewald"":-14.186487397403095,""Kinetic"":29.07598423988538,""AtomicNonlocalFR"":-14.2140544575747,""AtomicLocal"":-79.43302646424523,""Hartree"":28.51677788121482,""Xc"":-7.17705673224302}",PASS,1.426145087023483e-109,2.2635638590927353e-40
141,iteration,CONTINUE,9.421543480461011e-07,9.421543482842582e-08,9.421543482842582e-08,False,False,linear_mixing,,24bb4346450ed190d2bec14150336d385ef14cc490e3cf37f4b9ff031c48cda9,10.000000000000007,07800048a71bbce8bc957d01b6c62bba367f94cee81b287635015c288a38fd2d,9.999999999999993,50f5c467e0b27f84c32d3edef0a3888bab04da586c63aa7799cda31abde364d6,10.000000000000004,24,9.990568395886662e-11,1.6318958655496e-14,0e16f1b162b4a3a1de4c5bffcba9a5927d0eebfe9d04ee316559755b27bc3213,90.04471295014457,0.00012828019538430938,8bbe25abfc73f600e936450216443cbb1247c55381e210110f30cee565b21042,9.708734764398503,-57.32598798514529,1.2428921165454327e-34,-1.2428921165454327e-37,-57.32598798514529,1.2428921165454327e-37,9.999999999999993,9.999999999999993,6.540652769463119e-14,2.924214396660004e-06,2.4300157028176236e-06,-0.07907496907905567,0.0,"[10.0,10.0,10.0]","[3.333333333333333,3.333333333333333,3.333333333333333]",2.2208395890386137e-141,1.0,True,"Midpoint of the global spectral gap; Float64 counts equal at its 1/4,1/2,3/4 points","[[2.2208395890427799e-141,2.2208395890386137e-141],[1.42610924433232e-109,1.426099025630126e-109],[1.4261092443322389e-109,1.4260990256285452e-109]]",0,0.0,"[-5.19175026057492e-15,-5.485799243963593e-15,8.252345543567109e-17]","{""PspCorrection"":0.09187494522099392,""Ewald"":-14.186487397403095,""Kinetic"":29.075984255557632,""AtomicNonlocalFR"":-14.214054460831502,""AtomicLocal"":-79.43302654052476,""Hartree"":28.516777955108687,""Xc"":-7.177056742273238}",PASS,1.42610924433232e-109,2.0829680487541916e-40
142,iteration,CONTINUE,8.547715185870755e-07,8.547715186715835e-08,8.547715186715835e-08,False,False,linear_mixing,,50f5c467e0b27f84c32d3edef0a3888bab04da586c63aa7799cda31abde364d6,10.000000000000004,cd45aab83aa33f32014c8778dc625d01c19e9c06c4570b670f6410d0c5105fdc,10.000000000000004,98b495788f2f096e0e900d5e9b16fd9f491e676f0d39fa247a199b790763dba7,10.000000000000004,24,9.47827331289404e-11,1.6166365094141487e-14,ea970313d1a6ff9d050144b96ca496b735f2fd0964f2f965a80f6e22014c1ba9,90.04471258942147,0.00011817602851442335,854de98f3e28b5ad4b33d6391a5b53ed92e9638a375ab462cbe7357a04309103,9.70873483242863,-57.32598798514571,1.2428691249072888e-34,-1.2428691249072887e-37,-57.32598798514571,1.2428691249072887e-37,10.000000000000004,10.000000000000007,1.0966430812854713e-13,2.6939296940497696e-06,2.2390291674050144e-06,-0.07907493390512482,0.0,"[10.0,10.0,10.0]","[3.333333333333333,3.333333333333333,3.333333333333333]",2.2209225919198422e-141,1.0,True,"Midpoint of the global spectral gap; Float64 counts equal at its 1/4,1/2,3/4 points","[[2.220922591922241e-141,2.2209225919198422e-141],[1.4260762878800144e-109,1.426066069418467e-109],[1.4260762878800144e-109,1.4260660694176968e-109]]",0,0.0,"[1.4354114345520106e-16,-3.7550395664037374e-15,1.3767282830724477e-15]","{""PspCorrection"":0.09187494522099392,""Ewald"":-14.186487397403095,""Kinetic"":29.075984270125964,""AtomicNonlocalFR"":-14.214054463936002,""AtomicLocal"":-79.43302661086668,""Hartree"":28.516778023225964,""Xc"":-7.177056751512864}",PASS,1.4260762878800144e-109,1.916769674055985e-40
143,iteration,CONTINUE,7.756353839215797e-07,7.756353840233865e-08,7.756353840233865e-08,False,False,linear_mixing,,98b495788f2f096e0e900d5e9b16fd9f491e676f0d39fa247a199b790763dba7,10.000000000000004,b4ce613970cb4d531284f1b3a567604408a9c52fec72cf229260cb25669c870c,9.999999999999998,dc435eefc877c8cb8d27df824c03f4473857482fa64173c2337e0f893c7a4096,10.000000000000005,24,9.475588959259646e-11,2.305163462452909e-14,2d5de94c2fd08b9a1d77230454307c0a4119e5fe56c9c5485321e2d47ef056eb,90.04471224431684,0.00010886636218880766,c9766dc7c050ed837fbcf418c158fef044ddbe5ca689fec20bb658ed567247b8,9.708734895138738,-57.32598798514597,1.242847967744863e-34,-1.242847967744863e-37,-57.32598798514597,1.242847967744863e-37,9.999999999999998,9.999999999999998,5.367636514646287e-14,2.4817390901715073e-06,2.0630208674378275e-06,-0.07907490140727648,0.0,"[10.0,10.0,10.0]","[3.333333333333333,3.333333333333333,3.333333333333333]",2.2209989310573728e-141,1.0,True,"Midpoint of the global spectral gap; Float64 counts equal at its 1/4,1/2,3/4 points","[[2.2209989310586352e-141,2.2209989310573728e-141],[1.4260459853690982e-109,1.4260357671283291e-109],[1.4260459853682064e-109,1.4260357671268294e-109]]",0,0.0,"[-5.850749653320092e-15,-5.481685438824097e-15,1.6723732748502996e-15]","{""PspCorrection"":0.09187494522099392,""Ewald"":-14.186487397403095,""Kinetic"":29.075984283660713,""AtomicNonlocalFR"":-14.214054466888815,""AtomicLocal"":-79.4330266757222,""Hartree"":28.516778086009676,""Xc"":-7.177056760023244}",PASS,1.4260459853690982e-109,1.7638224572293149e-40
144,iteration,CONTINUE,7.039558307382544e-07,7.039558307876644e-08,7.039558307876644e-08,False,False,linear_mixing,,dc435eefc877c8cb8d27df824c03f4473857482fa64173c2337e0f893c7a4096,10.000000000000005,70ac171050c6c6811e81cbf341f02ffac35457836c1e06603301cdfab8b8e099,10.0,c02498c449bc15186b995688ef92e8582ed58e97898f669922d257edb4ace6e6,10.000000000000004,24,9.992618305359374e-11,1.7540846368833654e-14,0922c4a87beccaada87683c58be72027af6f9f6b0713ccaa5100f9a0dab6e8af,90.04471191488294,0.0001002888637495262,edc48b317f9e3f7e93ed71458fad37837735dc2f90cc7bfdd5f85b96a377e4b5,9.70873495294217,-57.32598798514627,1.2428284987933523e-34,-1.2428284987933523e-37,-57.32598798514627,1.2428284987933523e-37,10.0,10.0,1.23327703812035e-13,2.286234556869839e-06,1.9008313211953642e-06,-0.07907487138501429,0.0,"[10.0,10.0,10.0]","[3.333333333333333,3.333333333333333,3.333333333333333]",2.2210691417974712e-141,1.0,True,"Midpoint of the global spectral gap; Float64 counts equal at its 1/4,1/2,3/4 points","[[2.2210691417977235e-141,2.2210691417974712e-141],[1.4260181231829116e-109,1.4260079051464887e-109],[1.426018123183479e-109,1.4260079051469345e-109]]",0,0.0,"[-2.91956012745688e-16,4.603550244525404e-16,-8.857038129447218e-16]","{""PspCorrection"":0.09187494522099392,""Ewald"":-14.186487397403095,""Kinetic"":29.075984296226906,""AtomicNonlocalFR"":-14.21405446969088,""AtomicLocal"":-79.43302673551105,""Hartree"":28.516778143871942,""Xc"":-7.177056767861085}",PASS,1.426018123183479e-109,1.6230697971737536e-40
145,iteration,CONTINUE,6.390200549543486e-07,6.390200550321329e-08,6.390200550321329e-08,False,False,linear_mixing,,c02498c449bc15186b995688ef92e8582ed58e97898f669922d257edb4ace6e6,10.000000000000004,b5dab043fc5d56c6ebddfb478d066887024a2a7598c3957cd77393373f7f953d,10.000000000000002,64616a56db95ce35c4e4a5498b82f5386873b96b8ddc8ffa3da8468ee133d5d5,10.000000000000004,24,9.468907112978222e-11,2.0219748415767098e-14,81497f5939be214635f237eea1f2190ebc17890aa68516139fdc9b1ee33022d3,90.04471160104002,9.238598169745971e-05,7acac9673b43b74dbc692c5661c989f59b99b7664341e563dd60051adf8d9020,9.708735006220364,-57.325987985146476,1.2428105834530865e-34,-1.2428105834530866e-37,-57.325987985146476,1.2428105834530866e-37,10.000000000000002,10.000000000000004,9.665098568284338e-14,2.1060990908335706e-06,1.75136746377895e-06,-0.0790748436525545,0.0,"[10.0,10.0,10.0]","[3.333333333333333,3.333333333333333,3.333333333333333]",2.2211337164537922e-141,1.0,True,"Midpoint of the global spectral gap; Float64 counts equal at its 1/4,1/2,3/4 points","[[2.2211337164549285e-141,2.2211337164537922e-141],[1.4259925048822842e-109,1.425982287034737e-109],[1.4259925048805415e-109,1.425982287033521e-109]]",0,0.0,"[-2.067565983326239e-15,-6.517310782982186e-16,-3.969722504173015e-15]","{""PspCorrection"":0.09187494522099392,""Ewald"":-14.186487397403095,""Kinetic"":29.075984307888273,""AtomicNonlocalFR"":-14.214054472346023,""AtomicLocal"":-79.43302679060909,""Hartree"":28.51677819718077,""Xc"":-7.177056775078305}",PASS,1.4259925048822842e-109,1.4935436300793653e-40
146,iteration,CONTINUE,5.801833415034876e-07,5.801833416591171e-08,5.801833416591171e-08,False,False,linear_mixing,,64616a56db95ce35c4e4a5498b82f5386873b96b8ddc8ffa3da8468ee133d5d5,10.000000000000004,8bba0c3f548a75997d49ebd6f26c020cb1e5d0eecc1c1137aa3bd1fd125a15f1,10.000000000000005,079639688f7e7a1f6c9cbfce8ce4baae53896ee3cc6ed7b6e49acd806c7c19fb,10.000000000000005,24,9.926537849568006e-11,1.7537747828665806e-14,b5007c08b753cd538e8cffe7f4d0ea9e069f1015f78e8bb866567bfa94ff1367,90.04471130260981,8.510490994664489e-05,12e83d969a5fee97eee3ee092592c0617105f4fe2c9c14e7e1851fb07a1169ce,9.708735055325446,-57.325987985146725,1.2427940978075023e-34,-1.2427940978075023e-37,-57.325987985146725,1.2427940978075023e-37,10.000000000000005,10.000000000000007,1.6077997730837113e-13,1.940144485229873e-06,1.6136536467757868e-06,-0.07907481803778911,0.0,"[10.0,10.0,10.0]","[3.333333333333333,3.333333333333333,3.333333333333333]",2.2211931077427017e-141,1.0,True,"Midpoint of the global spectral gap; Float64 counts equal at its 1/4,1/2,3/4 points","[[2.221193107743207e-141,2.2211931077427017e-141],[1.4259689497999168e-109,1.4259587321268256e-109],[1.4259689498004032e-109,1.425958732125245e-109]]",0,0.0,"[-2.086755295957013e-15,-2.7068584917750738e-15,1.9635176629420343e-16]","{""PspCorrection"":0.09187494522099392,""Ewald"":-14.186487397403095,""Kinetic"":29.075984318703796,""AtomicNonlocalFR"":-14.214054474856354,""AtomicLocal"":-79.43302684138352,""Hartree"":28.516778246295054,""Xc"":-7.177056781723596}",PASS,1.4259689498004032e-109,1.3743476226261694e-40
147,iteration,CONTINUE,5.268634475292927e-07,5.2686344768032504e-08,5.2686344768032504e-08,False,False,linear_mixing,,079639688f7e7a1f6c9cbfce8ce4baae53896ee3cc6ed7b6e49acd806c7c19fb,10.000000000000005,bd368bcccbc12393f1b679a552d29872d3ede805417b057b7d4743cb14897220,10.000000000000005,c9387a9d032652dfbc969e8076670546492e5ca1f15a68e147364cdb5a7ba4f6,10.000000000000004,24,9.991014490212062e-11,1.973957942387977e-14,e5defd2efdaab4902cbf3a990068d50f0610b9352a73fe31f6a241046d3fb538,90.04471101932212,7.839678116407799e-05,c56c10452943af3235a8591ccd6db60909cdb02b25e827df249dbf9458e02659,9.708735100582258,-57.325987985146895,1.242778927834673e-34,-1.242778927834673e-37,-57.325987985146895,1.242778927834673e-37,10.000000000000005,10.000000000000005,1.2097075924496467e-13,1.7872405536842051e-06,1.4867487970798453e-06,-0.07907479438128082,0.0,"[10.0,10.0,10.0]","[3.333333333333333,3.333333333333333,3.333333333333333]",2.2212477319520566e-141,1.0,True,"Midpoint of the global spectral gap; Float64 counts equal at its 1/4,1/2,3/4 points","[[2.2212477319534454e-141,2.2212477319520566e-141],[1.4259472918137477e-109,1.4259370742988442e-109],[1.4259472918152471e-109,1.42593707429852e-109]]",0,0.0,"[-2.8712934194808683e-15,1.1578819951469098e-16,-1.8333371692785209e-16]","{""PspCorrection"":0.09187494522099392,""Ewald"":-14.186487397403095,""Kinetic"":29.07598432873541,""AtomicNonlocalFR"":-14.214054477227425,""AtomicLocal"":-79.43302688817697,""Hartree"":28.51677829154675,""Xc"":-7.177056787842567}",PASS,1.4259472918152471e-109,1.2646577785914776e-40
148,iteration,CONTINUE,4.785344594993807e-07,4.785344594568893e-08,4.785344594568893e-08,False,False,linear_mixing,,c9387a9d032652dfbc969e8076670546492e5ca1f15a68e147364cdb5a7ba4f6,10.000000000000004,6d788e5485c3c9ff6f0159a049bb410f9487a0c54f9c6a6fedd9f38af50c5087,9.999999999999995,01336759cc644590467ff832b543e44f87e7d391af72489ee4e836e32da1f20f,10.000000000000005,24,9.824287878505432e-11,1.90667476031249e-14,44fcebbdbaa5bb03b4f71467ab3f53451cf7ce04dd4b7e644238c52543426532,90.04471075082651,7.221651081908412e-05,156dbac36511bd90c40991b675b7f2a25bf80046ca49b2a0b1549130d498d915,9.708735142290669,-57.32598798514705,1.2427649686076518e-34,-1.242764968607652e-37,-57.32598798514705,1.242764968607652e-37,9.999999999999995,10.0,9.718209272073938e-14,1.6463559944959235e-06,1.369797724408169e-06,-0.07907477253536914,0.0,"[10.0,10.0,10.0]","[3.333333333333333,3.333333333333333,3.333333333333333]",2.2212979719712372e-141,1.0,True,"Midpoint of the global spectral gap; Float64 counts equal at its 1/4,1/2,3/4 points","[[2.2212979719714898e-141,2.2212979719712372e-141],[1.4259273781938814e-109,1.425917160824788e-109],[1.4259273781936788e-109,1.4259171608235317e-109]]",0,0.0,"[2.196459311164726e-15,6.154593215547171e-16,-1.325218197846664e-15]","{""PspCorrection"":0.09187494522099392,""Ewald"":-14.186487397403095,""Kinetic"":29.075984338171487,""AtomicNonlocalFR"":-14.214054479553184,""AtomicLocal"":-79.43302693137086,""Hartree"":28.516778333275084,""Xc"":-7.177056793487481}",PASS,1.4259273781938814e-109,1.1637177597910593e-40
149,iteration,CONTINUE,4.3472307971784313e-07,4.3472307966674434e-08,4.3472307966674434e-08,False,False,linear_mixing,,01336759cc644590467ff832b543e44f87e7d391af72489ee4e836e32da1f20f,10.000000000000005,71cebf81d8993aef9a3d417be07821aefd1f0274fc735c3132aceb52844cde5c,10.0,875510b0f20a190ce5e07aea575e0f8bfba71553b8a876d7d28687487fe7e4fe,10.000000000000004,24,9.700649393869355e-11,1.8898095130458458e-14,d0261c468f6910687baea9ea44065fbf9116180462a2b57ab30c4e9198161279,90.04471049671743,6.652261916365468e-05,1874928321776412867d70b91400d3b4103914014f0ca7d26732686d8c6f1b62,9.708735180727233,-57.3259879851471,1.2427521235467856e-34,-1.2427521235467857e-37,-57.3259879851471,1.2427521235467857e-37,10.0,10.000000000000004,9.062200903413854e-14,1.516566686200269e-06,1.2620421984142962e-06,-0.07907475236333845,0.0,"[10.0,10.0,10.0]","[3.333333333333333,3.333333333333333,3.333333333333333]",2.2213441798954017e-141,1.0,True,"Midpoint of the global spectral gap; Float64 counts equal at its 1/4,1/2,3/4 points","[[2.2213441798980532e-141,2.2213441798954017e-141],[1.425909068492669e-109,1.425898851260689e-109],[1.4259090684921825e-109,1.425898851258379e-109]]",0,0.0,"[-4.2035367642490425e-15,-4.288540322021312e-15,6.487472141591022e-15]","{""PspCorrection"":0.09187494522099392,""Ewald"":-14.186487397403095,""Kinetic"":29.075984346773087,""AtomicNonlocalFR"":-14.214054481653015,""AtomicLocal"":-79.43302697106854,""Hartree"":28.51677837165532,""Xc"":-7.177056798671845}",PASS,1.425909068492669e-109,1.070831934684194e-40
150,iteration,CONTINUE,3.949991309175101e-07,3.949991309372173e-08,3.949991309372173e-08,False,False,linear_mixing,,875510b0f20a190ce5e07aea575e0f8bfba71553b8a876d7d28687487fe7e4fe,10.000000000000004,5490fd35b499b70fcc2baa443ed9a9868e810ddfdf895f617c16bb7ca1f84cc9,10.000000000000004,eba222bea66bbbecb798b157d79b41a92063a5543bbdc5f4e3f464f4cc975946,10.000000000000005,24,9.654091561930524e-11,1.6117006962926587e-14,138e3d0088907cdd15938be9713c50ec7a22c848629719fdf2e4fbed679c3a70,90.04471025656233,6.127714099334695e-05,138e6772f47bc0367e7ceb2911cf9cfeb3ae28f2253fa10f2cf716b364a94eeb,9.708735216147227,-57.3259879851472,1.2427403037514199e-34,-1.2427403037514199e-37,-57.3259879851472,1.2427403037514199e-37,10.000000000000004,10.000000000000007,1.0151957576994795e-13,1.396987046609767e-06,1.1627446467952037e-06,-0.07907473373859529,0.0,"[10.0,10.0,10.0]","[3.333333333333333,3.333333333333333,3.333333333333333]",2.2213866796065108e-141,1.0,True,"Midpoint of the global spectral gap; Float64 counts equal at its 1/4,1/2,3/4 points","[[2.2213866796071422e-141,2.2213866796065108e-141],[1.4258922335266868e-109,1.4258820164169575e-109],[1.4258922335261195e-109,1.425882016417444e-109]]",0,0.0,"[-3.316654955122178e-16,-8.135140664077343e-16,2.2366609068387206e-15]","{""PspCorrection"":0.09187494522099392,""Ewald"":-14.186487397403095,""Kinetic"":29.0759843547983,""AtomicNonlocalFR"":-14.214054483668413,""AtomicLocal"":-79.43302700766219,""Hartree"":28.51677840701578,""Xc"":-7.177056803448577}",PASS,1.4258922335266868e-109,9.853575623159529e-41
151,iteration,CONTINUE,3.5897381236637066e-07,3.589738123686851e-08,3.589738123686851e-08,False,False,linear_mixing,,eba222bea66bbbecb798b157d79b41a92063a5543bbdc5f4e3f464f4cc975946,10.000000000000005,138ce68a95a89c876a6fc5258ffe88c992e8e3c49dde450e04b8e57f71c5cd23,10.000000000000005,44f7d2b28740d1d3d8ea8c04bc5d34fa4e4e63cc76090a03e5d63812520571b2,10.000000000000007,24,9.996292602305498e-11,1.8956142861760787e-14,d93711977ba71f213dd7d738bb788a5e0bbae5adcf9bf3f1e9fa4b516835dde8,90.04471002988134,5.644475504639719e-05,5630a3fe620844f13b06400ed72639784e06c96a48aabfc714af40250ad87109,9.70873524878604,-57.325987985147265,1.2427294274142184e-34,-1.2427294274142185e-37,-57.325987985147265,1.2427294274142185e-37,10.000000000000005,10.000000000000007,1.152850233082853e-13,1.2868266869221823e-06,1.071256342843098e-06,-0.07907471654396624,0.0,"[10.0,10.0,10.0]","[3.333333333333333,3.333333333333333,3.333333333333333]",2.221425768879803e-141,1.0,True,"Midpoint of the global spectral gap; Float64 counts equal at its 1/4,1/2,3/4 points","[[2.2214257688801817e-141,2.221425768879803e-141],[1.4258767545058243e-109,1.4258665375114663e-109],[1.4258767545066752e-109,1.4258665375117095e-109]]",0,0.0,"[8.338270302815872e-16,-8.68841071311411e-16,-3.0517047019278966e-15]","{""PspCorrection"":0.09187494522099392,""Ewald"":-14.186487397403095,""Kinetic"":29.075984362169887,""AtomicNonlocalFR"":-14.21405448551943,""AtomicLocal"":-79.4330270413452,""Hartree"":28.516778439570587,""Xc"":-7.177056807841008}",PASS,1.4258767545066752e-109,9.067007373856748e-41
152,iteration,CONTINUE,3.2629737423522746e-07,3.262973741811064e-08,3.262973741811064e-08,False,False,linear_mixing,,44f7d2b28740d1d3d8ea8c04bc5d34fa4e4e63cc76090a03e5d63812520571b2,10.000000000000007,b36c4c69ae14e1bcc57c876f5c976b00388412066eb5b65c2b1db948f0cc90f7,10.000000000000004,014544f47bdbcf0423389c09bf84a3a8ad1c58503b27487ca856e6e14c400292,10.000000000000005,24,9.868648506072444e-11,1.8286672708495066e-14,1375424b4dcf93155b29fbbe1dcdf4548d5188f773633a2973812f1d23add42b,90.04470981616846,5.199277495446818e-05,bbb6fe67e9fcc51452453a064689a8d7b95a3327274872c03a6faf5074161366,9.708735278860923,-57.32598798514738,1.2427194192860233e-34,-1.2427194192860232e-37,-57.32598798514738,1.2427194192860232e-37,10.000000000000004,10.000000000000007,1.2214207442395593e-13,1.1853324440411366e-06,9.869484381491883e-07,-0.07907470067097175,0.0,"[10.0,10.0,10.0]","[3.333333333333333,3.333333333333333,3.333333333333333]",2.221461721571042e-141,1.0,True,"Midpoint of the global spectral gap; Float64 counts equal at its 1/4,1/2,3/4 points","[[2.221461721571547e-141,2.221461721571042e-141],[1.4258625222794143e-109,1.425852305389346e-109],[1.4258625222794953e-109,1.42585230538886e-109]]",0,0.0,"[2.430465788989957e-15,-2.212981374947239e-16,-9.417220192740297e-16]","{""PspCorrection"":0.09187494522099392,""Ewald"":-14.186487397403095,""Kinetic"":29.07598436898971,""AtomicNonlocalFR"":-14.214054487255392,""AtomicLocal"":-79.43302707236005,""Hartree"":28.51677846954356,""Xc"":-7.177056811883101}",PASS,1.4258625222794953e-109,8.343204724390201e-41
153,iteration,CONTINUE,2.966533898102415e-07,2.9665338990265305e-08,2.9665338990265305e-08,False,False,linear_mixing,,014544f47bdbcf0423389c09bf84a3a8ad1c58503b27487ca856e6e14c400292,10.000000000000005,a0172d22b683680ed82f4c98c31110db2d11de8b3ec89c14af43e27583583b5f,10.0,2ea5657fc50d51c0cbe21c6051455aec79deaa3ce6b3dff43620556e2b5609f3,10.000000000000005,24,9.642820862333813e-11,1.8703437710381868e-14,d635d872197be851ab1bb5eae9307a9f56a378abfc333a3d9db698640d2f9b29,90.04470961490655,4.7891456521044464e-05,87089109e64fb9703b1267fabba3810fd9f70d37842ba7855a4750490b487e32,9.70873530657227,-57.32598798514746,1.2427102100853455e-34,-1.2427102100853456e-37,-57.32598798514746,1.2427102100853456e-37,10.0,10.000000000000004,9.065492155732208e-14,1.0918450533820681e-06,9.092835614815798e-07,-0.07907468601925034,0.0,"[10.0,10.0,10.0]","[3.333333333333333,3.333333333333333,3.333333333333333]",2.2214947895333118e-141,1.0,True,"Midpoint of the global spectral gap; Float64 counts equal at its 1/4,1/2,3/4 points","[[2.2214947895333118e-141,2.2214947895333118e-141],[1.425849436419007e-109,1.4258392196242852e-109],[1.42584943641767e-109,1.4258392196257034e-109]]",0,0.0,"[1.9185944996520716e-15,1.1301813960227427e-15,3.1061005225258573e-15]","{""PspCorrection"":0.09187494522099392,""Ewald"":-14.186487397403095,""Kinetic"":29.075984375297594,""AtomicNonlocalFR"":-14.214054488883734,""AtomicLocal"":-79.43302710090916,""Hartree"":28.51677849713237,""Xc"":-7.1770568156024295}",PASS,1.425849436419007e-109,7.677171098877601e-41
154,iteration,CONTINUE,2.697548419602864e-07,2.6975484214330597e-08,2.6975484214330597e-08,False,False,linear_mixing,,2ea5657fc50d51c0cbe21c6051455aec79deaa3ce6b3dff43620556e2b5609f3,10.000000000000005,0e5b69f30b1f90e68ae11d7cd90835bc114b3e8f3270991169ecdb011cfc83c0,10.000000000000004,69fb1dd0de6f6baa81dc4a79d8a761e23fe503e03fe16ae46d2e06c5dff78005,10.000000000000004,24,9.419391840146847e-11,1.5958007067256786e-14,0e35063536988a5dc80b68f217fc14eee0c964a33e879c204722548c2b326271,90.04470942556875,4.411323915959787e-05,50efdb144dac9f9e0d9248c6a1cec2f07eda0c48535aad4ad07f2bbae98bec69,9.70873533210482,-57.32598798514751,1.2427017360480838e-34,-1.2427017360480838e-37,-57.32598798514751,1.2427017360480838e-37,10.000000000000004,10.000000000000005,8.754197038118643e-14,1.005710580513122e-06,8.377113213102557e-07,-0.07907467249594483,0.0,"[10.0,10.0,10.0]","[3.333333333333333,3.333333333333333,3.333333333333333]",2.221525204401053e-141,1.0,True,"Midpoint of the global spectral gap; Float64 counts equal at its 1/4,1/2,3/4 points","[[2.2215252044016845e-141,2.221525204401053e-141],[1.4258374045669516e-109,1.4258271878617657e-109],[1.4258374045653713e-109,1.425827187862941e-109]]",0,0.0,"[1.4830442409373984e-15,1.9801338741471216e-15,-1.7830202358380632e-16]","{""PspCorrection"":0.09187494522099392,""Ewald"":-14.186487397403095,""Kinetic"":29.075984381137452,""AtomicNonlocalFR"":-14.214054490410176,""AtomicLocal"":-79.4330271272079,""Hartree"":28.51677852254123,""Xc"":-7.1770568190260295}",PASS,1.4258374045669516e-109,7.064275692728425e-41
155,iteration,CONTINUE,2.4534342022292024e-07,2.4534342013379398e-08,2.4534342013379398e-08,False,False,linear_mixing,,69fb1dd0de6f6baa81dc4a79d8a761e23fe503e03fe16ae46d2e06c5dff78005,10.000000000000004,c8324054671a14827863dcbbf6d7472d5b91507c1571b67ca5696952b28d67a5,10.000000000000005,8a300d3bbe8c506f0707cfffe3aa42c5c12a5c49cc673aad2cb3a735d8314184,10.000000000000004,24,9.905477962820638e-11,1.987988328842941e-14,24c31991b2ab3436717c24101931cfbcbed69b15c607b04ab073598ca1217a09,90.04470924761952,4.063264438909427e-05,6bcb9ecdc7715df0be5fa5ae06b448bb14088a7ba6ef5b979f2942cf812a6560,9.70873535562905,-57.32598798514749,1.2426939385211998e-34,-1.2426939385211998e-37,-57.32598798514749,1.2426939385211998e-37,10.000000000000005,10.000000000000007,1.0594543395969502e-13,9.263612424271902e-07,7.717655218218549e-07,-0.07907466001512663,0.0,"[10.0,10.0,10.0]","[3.333333333333333,3.333333333333333,3.333333333333333]",2.221553179155454e-141,1.0,True,"Midpoint of the global spectral gap; Float64 counts equal at its 1/4,1/2,3/4 points","[[2.2215531791573483e-141,2.221553179155454e-141],[1.4258263418490425e-109,1.4258161252270968e-109],[1.4258263418485157e-109,1.4258161252275021e-109]]",0,0.0,"[-3.5795666721548395e-15,-3.1438844471131912e-15,4.657076082463605e-16]","{""PspCorrection"":0.09187494522099392,""Ewald"":-14.186487397403095,""Kinetic"":29.075984386536767,""AtomicNonlocalFR"":-14.214054491839722,""AtomicLocal"":-79.43302715141333,""Hartree"":28.51677854592691,""Xc"":-7.177056822176027}",PASS,1.4258263418490425e-109,6.500301606179592e-41
156,iteration,CONTINUE,2.2318446876053699e-07,2.2318446863738384e-08,2.2318446863738384e-08,False,False,linear_mixing,,8a300d3bbe8c506f0707cfffe3aa42c5c12a5c49cc673aad2cb3a735d8314184,10.000000000000004,d1274f7d129ccda46c17605f52cef69f030f0dfa82ad1e9191826eb2244cbbb6,9.999999999999996,28835365f8029cac09e5e020971410e64a5961ce9e14b0b4ed8bbcd9581d36e9,10.000000000000004,24,9.559474218372547e-11,1.638884854961409e-14,9224c08b302867d4660de80e332331fd5bbd3177a107ef482c18a752533a93c2,90.04470908052923,3.742633992206943e-05,dccdd212f2345724f5d217897165a46b3387fbe218bf78beeac03b837156bb88,9.708735377302212,-57.32598798514749,1.2426867635052515e-34,-1.2426867635052516e-37,-57.32598798514749,1.2426867635052516e-37,9.999999999999996,9.999999999999996,7.184167826052787e-14,8.532595655031421e-07,7.110000811873161e-07,-0.07907464849733144,0.0,"[10.0,10.0,10.0]","[3.333333333333333,3.333333333333333,3.333333333333333]",2.2215789096982366e-141,1.0,True,"Midpoint of the global spectral gap; Float64 counts equal at its 1/4,1/2,3/4 points","[[2.2215789096987418e-141,2.2215789096982366e-141],[1.4258161701932007e-109,1.4258059536464084e-109],[1.4258161701915393e-109,1.425805953644828e-109]]",0,0.0,"[2.8202197435793293e-16,1.7954996706844537e-15,-2.1522805434244312e-15]","{""PspCorrection"":0.09187494522099392,""Ewald"":-14.186487397403095,""Kinetic"":29.075984391531975,""AtomicNonlocalFR"":-14.214054493177468,""AtomicLocal"":-79.4330271737051,""Hartree"":28.5167785674603,""Xc"":-7.177056825075101}",PASS,1.4258161701932007e-109,5.981330281516664e-41
157,iteration,CONTINUE,2.030666037732472e-07,2.0306660380437832e-08,2.0306660380437832e-08,False,False,linear_mixing,,28835365f8029cac09e5e020971410e64a5961ce9e14b0b4ed8bbcd9581d36e9,10.000000000000004,e63bac5afedddde869e8f78cae08142bee01ec0b0d0dd7bb645dd3c2b0a6effe,10.000000000000004,a5569fb861331f022e1c06d773b623a1aded1c1b09b21d175fd18880834f8c66,10.000000000000005,24,9.73947666417665e-11,1.7111227892360064e-14,9321ae3c49bde697b39383cc025d5b078298dfed65011ccbede97034e5804bc7,90.04470892376837,3.447268635478456e-05,59792d3daa5b98dc56968ae59d47535f25a9849222568506ceba19eddd5674d0,9.708735397269258,-57.325987985147556,1.242680161327279e-34,-1.242680161327279e-37,-57.325987985147556,1.242680161327279e-37,10.000000000000004,10.000000000000005,8.755407835434611e-14,7.859288744175267e-07,6.550257944870139e-07,-0.07907463786904582,0.0,"[10.0,10.0,10.0]","[3.333333333333333,3.333333333333333,3.333333333333333]",2.2216025761789048e-141,1.0,True,"Midpoint of the global spectral gap; Float64 counts equal at its 1/4,1/2,3/4 points","[[2.2216025761792835e-141,2.2216025761789048e-141],[1.4258068178362124e-109,1.4257966013598781e-109],[1.4258068178353615e-109,1.4257966013601618e-109]]",0,0.0,"[1.440067230969523e-15,7.112869164909632e-16,7.223458857702047e-16]","{""PspCorrection"":0.09187494522099392,""Ewald"":-14.186487397403095,""Kinetic"":29.07598439615171,""AtomicNonlocalFR"":-14.21405449442908,""AtomicLocal"":-79.43302719422796,""Hartree"":28.516778587282726,""Xc"":-7.177056827742855}",PASS,1.4258068178362124e-109,5.503780705282273e-41
158,iteration,CONTINUE,1.8479820400290324e-07,1.8479820407715732e-08,1.8479820407715732e-08,False,False,linear_mixing,,a5569fb861331f022e1c06d773b623a1aded1c1b09b21d175fd18880834f8c66,10.000000000000005,7eb9ac1f758170e967a54ff6ffbd3935d7082a3fdfd5e55e37b1586a257c67a8,10.000000000000004,b729af9a704b84bc85f047fd2fa47a7cb39c399a8cb7a0eaa148ec8e25d5e294,10.000000000000005,24,9.985970198764126e-11,1.889043543950594e-14,05f8c8a149415cf5294b227e546d420eda52e6006824b34560a29c5d0d5d281d,90.04470877681781,3.175181806002555e-05,8f9ff3b358773f33dfbedb126742ef015cacc9778d1565c40a1798225e0c966b,9.708735415663838,-57.325987985147584,1.2426740862661658e-34,-1.242674086266166e-37,-57.325987985147584,1.242674086266166e-37,10.000000000000004,10.000000000000002,8.764826802171348e-14,7.238925727750216e-07,6.03439292157541e-07,-0.07907462806229522,0.0,"[10.0,10.0,10.0]","[3.333333333333333,3.333333333333333,3.333333333333333]",2.221624344273865e-141,1.0,True,"Midpoint of the global spectral gap; Float64 counts equal at its 1/4,1/2,3/4 points","[[2.221624344275128e-141,2.221624344273865e-141],[1.425798218780501e-109,1.4257880023689432e-109],[1.4257982187798932e-109,1.4257880023678895e-109]]",0,0.0,"[-4.4813817896014445e-15,-2.6644722889422693e-15,2.899311192739113e-16]","{""PspCorrection"":0.09187494522099392,""Ewald"":-14.186487397403095,""Kinetic"":29.075984400421312,""AtomicNonlocalFR"":-14.214054495598404,""AtomicLocal"":-79.43302721311896,""Hartree"":28.51677860552797,""Xc"":-7.177056830197406}",PASS,1.425798218780501e-109,5.064346640735567e-41
159,iteration,CONTINUE,1.6820610493221913e-07,1.6820610490413727e-08,1.6820610490413727e-08,False,False,linear_mixing,,b729af9a704b84bc85f047fd2fa47a7cb39c399a8cb7a0eaa148ec8e25d5e294,10.000000000000005,65f6f4a56e2fb4a3f41575184cd4c8701dcdbfcdc40cf01a572bdf5690efaf8c,10.000000000000007,11f169c0166daa17b71f9fabcab2099632f3308732a071dbb89f9c5419d6db6f,10.000000000000004,24,9.139977740321723e-11,1.733683334346856e-14,165fbb85027a61aa6abf76a84905e1d4640983f781b2b904aacf84fe43ca3c82,90.04470863916958,2.9245435448745003e-05,8b1ceffc824a052b34d13a1e0f960bd577057ce2a65672d9d8e5c9d8d11a8b3f,9.708735432609252,-57.325987985147634,1.2426684962503645e-34,-1.2426684962503645e-37,-57.325987985147634,1.2426684962503645e-37,10.000000000000007,10.00000000000001,4.927757956831692e-14,6.667521276513616e-07,5.559175505349207e-07,-0.07907461901422856,0.0,"[10.0,10.0,10.0]","[3.333333333333333,3.333333333333333,3.333333333333333]",2.2216443663628002e-141,1.0,True,"Midpoint of the global spectral gap; Float64 counts equal at its 1/4,1/2,3/4 points","[[2.2216443663635577e-141,2.2216443663628002e-141],[1.4257903123475722e-109,1.42578009599445e-109],[1.4257903123489906e-109,1.425780095994612e-109]]",0,0.0,"[-7.570188758907747e-17,1.22726395671072e-15,-2.700196193212729e-15]","{""PspCorrection"":0.09187494522099392,""Ewald"":-14.186487397403095,""Kinetic"":29.075984404367862,""AtomicNonlocalFR"":-14.214054496690679,""AtomicLocal"":-79.43302723050819,""Hartree"":28.51677862232134,""Xc"":-7.177056832455864}",PASS,1.4257903123489906e-109,4.659990031853121e-41
160,iteration,CONTINUE,1.5313360474895947e-07,1.5313360477715917e-08,1.5313360477715917e-08,False,False,linear_mixing,,11f169c0166daa17b71f9fabcab2099632f3308732a071dbb89f9c5419d6db6f,10.000000000000004,89429cd7eab9df3b96c0cd051bbb1263bc22c5e3cfb8b393f58b079f6a5ccda9,9.999999999999993,1489d7ca1750deeb2cdac225b7554d9a26ecc1d13c9df4e006f8a0fe44d7a483,10.000000000000002,24,9.62001385882729e-11,1.6457737993935708e-14,d02c35f877c0ff877a07546ec87eec773bdba5035d8b051bf57bb92d951c7155,90.04470851032872,2.693665102135575e-05,98035accacbc1af1a7a4d7a741007e9ea456bc2a84dfe4a3f0ee0899eace3dc9,9.708735448219144,-57.32598798514762,1.2426633525615953e-34,-1.2426633525615953e-37,-57.32598798514762,1.2426633525615953e-37,9.999999999999993,9.999999999999996,6.534550295807591e-14,6.141114691315198e-07,5.121282909515029e-07,-0.07907461066673611,0.0,"[10.0,10.0,10.0]","[3.333333333333333,3.333333333333333,3.333333333333333]",2.2216627825830248e-141,1.0,True,"Midpoint of the global spectral gap; Float64 counts equal at its 1/4,1/2,3/4 points","[[2.22166278258353e-141,2.2216627825830248e-141],[1.4257830427380714e-109,1.425772826438457e-109],[1.4257830427384765e-109,1.425772826439997e-109]]",0,0.0,"[1.6167330180962151e-15,1.7467067631354998e-15,9.330048855764805e-16]","{""PspCorrection"":0.09187494522099392,""Ewald"":-14.186487397403095,""Kinetic"":29.075984408013753,""AtomicNonlocalFR"":-14.21405449771034,""AtomicLocal"":-79.43302724651004,""Hartree"":28.516778637774628,""Xc"":-7.177056834533527}",PASS,1.4257830427384765e-109,4.2879145766351415e-41
161,iteration,CONTINUE,1.394384434123691e-07,1.3943844353433377e-08,1.3943844353433377e-08,False,False,linear_mixing,,1489d7ca1750deeb2cdac225b7554d9a26ecc1d13c9df4e006f8a0fe44d7a483,10.000000000000002,a49de63dfe08e824b123b5652780cba6d4a65f3b1ae04806829864a4d9770894,10.000000000000004,e1b2527fa1008e4d901329ec768badd7e731bc35dcc184ecca9df1ca2dfbe7cd,10.000000000000004,24,8.821994203100596e-11,1.5623282919180313e-14,269b65af941256839dda4d933e676c2672ab92e62b35c220ce59f55e88ed22cf,90.04470838981733,2.480992980131007e-05,e13f87fb18ad511ffb86c817bf0b8c5e7a1e32b68f87b74ea4496adeb56c27c7,9.708735462598346,-57.32598798514762,1.242658619568087e-34,-1.242658619568087e-37,-57.32598798514762,1.242658619568087e-37,10.000000000000004,10.000000000000009,6.737123600436081e-14,5.656274288640289e-07,4.717918441075068e-07,-0.07907460296610416,0.0,"[10.0,10.0,10.0]","[3.333333333333333,3.333333333333333,3.333333333333333]",2.2216797218029417e-141,1.0,True,"Midpoint of the global spectral gap; Float64 counts equal at its 1/4,1/2,3/4 points","[[2.2216797218055938e-141,2.2216797218029417e-141],[1.4257763586501466e-109,1.4257661424005337e-109],[1.4257763586484852e-109,1.4257661424008173e-109]]",0,0.0,"[1.1943891333715436e-15,2.844157189351829e-15,-2.335482440849867e-15]","{""PspCorrection"":0.09187494522099392,""Ewald"":-14.186487397403095,""Kinetic"":29.075984411385093,""AtomicNonlocalFR"":-14.214054498661621,""AtomicLocal"":-79.43302726124818,""Hartree"":28.516778652004902,""Xc"":-7.177056836445699}",PASS,1.4257763586501466e-109,3.9455279927125995e-41
162,iteration,CONTINUE,1.2699201681480126e-07,1.2699201700457643e-08,1.2699201700457643e-08,False,False,linear_mixing,,e1b2527fa1008e4d901329ec768badd7e731bc35dcc184ecca9df1ca2dfbe7cd,10.000000000000004,566816a7cbef97c24ef558b63323191a36fcc1949de6a3aa5dfcdc99f948388b,10.000000000000004,1145c78c1f0e9591c5ef0cb889b3cabee34af5b213cea58f75afb283fabd2700,10.000000000000004,24,9.595550209336699e-11,1.7172281975319657e-14,96d637fa38bb9bd28d6d229257eeee7de7f82df61d03b3c5c32af785937fe3ef,90.04470827716608,2.2850861386328927e-05,9a26cc3a09584d690b72fd8fc554582200d1b63890670b5aab9210000c11d91e,9.70873547584348,-57.32598798514764,1.2426542644998496e-34,-1.2426542644998496e-37,-57.32598798514764,1.2426542644998496e-37,10.000000000000004,10.000000000000009,1.673183796128337e-13,5.209651972412496e-07,4.3462709996015857e-07,-0.07907459586267068,0.0,"[10.0,10.0,10.0]","[3.333333333333333,3.333333333333333,3.333333333333333]",2.2216953025547073e-141,1.0,True,"Midpoint of the global spectral gap; Float64 counts equal at its 1/4,1/2,3/4 points","[[2.221695302555086e-141,2.2216953025547073e-141],[1.4257702129348721e-109,1.4257599967302277e-109],[1.4257702129345074e-109,1.4257599967319702e-109]]",0,0.0,"[-1.675360524308791e-15,-3.2158455911209615e-15,5.28885254683217e-16]","{""PspCorrection"":0.09187494522099392,""Ewald"":-14.186487397403095,""Kinetic"":29.075984414490684,""AtomicNonlocalFR"":-14.21405449954837,""AtomicLocal"":-79.43302727479902,""Hartree"":28.51677866509459,""Xc"":-7.177056838203433}",PASS,1.4257702129348721e-109,3.6304764043528707e-41
163,iteration,CONTINUE,1.1567941874253083e-07,1.1567941877031971e-08,1.1567941877031971e-08,False,False,linear_mixing,,1145c78c1f0e9591c5ef0cb889b3cabee34af5b213cea58f75afb283fabd2700,10.000000000000004,05d0023c0ff3d72c5328c5879b68bc20b602e56d08528e8efaefcd36e46dfc80,10.000000000000004,d1a2f837c1663354ca03f3cbd9991205dbca57e58db613c6c704f985c786c4ed,10.000000000000005,24,9.980530118062994e-11,1.7664316543713717e-14,d1e620157072170467d9012bd6048052cf21ec074d2cb396dd5f82d238eed49b,90.04470817193017,2.1046723016554608e-05,b2f455b7bd75651f13db5d5bcb82e71b32082146023a46ccb7e58b15869b3ab0,9.708735488043654,-57.3259879851477,1.24265025718447e-34,-1.2426502571844702e-37,-57.3259879851477,1.2426502571844702e-37,10.000000000000004,10.000000000000004,1.4277702300761945e-13,4.798497034221618e-07,4.004165146646831e-07,-0.07907458931054581,0.0,"[10.0,10.0,10.0]","[3.333333333333333,3.333333333333333,3.333333333333333]",2.2217096338331238e-141,1.0,True,"Midpoint of the global spectral gap; Float64 counts equal at its 1/4,1/2,3/4 points","[[2.221709633833629e-141,2.2217096338331238e-141],[1.425764562229356e-109,1.4257543460676324e-109],[1.4257645622286267e-109,1.4257543460679567e-109]]",0,0.0,"[1.9641706484165704e-15,-2.9813213280107743e-16,-4.322099962812947e-16]","{""PspCorrection"":0.09187494522099392,""Ewald"":-14.186487397403095,""Kinetic"":29.075984417368694,""AtomicNonlocalFR"":-14.214054500375417,""AtomicLocal"":-79.43302728728378,""Hartree"":28.516778677146924,""Xc"":-7.1770568398220185}",PASS,1.425764562229356e-109,3.3405779111100257e-41
164,iteration,CONTINUE,1.0539500093342557e-07,1.0539500085154634e-08,1.0539500085154634e-08,False,False,linear_mixing,,d1a2f837c1663354ca03f3cbd9991205dbca57e58db613c6c704f985c786c4ed,10.000000000000005,8ac1f1cc8f50970bea17e6e0b6d25e58f270519a1bb977c6aea3707e384f7484,10.000000000000004,b6c6bc21df8bef0d500611953ebd886d27d583233c07f04b5d44a35877a94035,10.000000000000004,24,9.844510625936696e-11,1.657051663032144e-14,59dbbf2791a218892efd4189552403290c3b39c8da33346b15d8e264dfd93cc9,90.0447080736785,1.9384465035767238e-05,b7c01e29f81d50d53b61ddc474a64dc606ab736e09538a178ac01e8daeac1e55,9.708735499280934,-57.32598798514772,1.2426465698582093e-34,-1.2426465698582093e-37,-57.32598798514772,1.2426465698582093e-37,10.000000000000004,10.000000000000005,1.513362143216775e-13,4.419452219375807e-07,3.6885991303783626e-07,-0.07907458326732858,0.0,"[10.0,10.0,10.0]","[3.333333333333333,3.333333333333333,3.333333333333333]",2.2217228159140328e-141,1.0,True,"Midpoint of the global spectral gap; Float64 counts equal at its 1/4,1/2,3/4 points","[[2.2217228159142854e-141,2.2217228159140328e-141],[1.4257593666471918e-109,1.425749150524034e-109],[1.4257593666450442e-109,1.4257491505230209e-109]]",0,0.0,"[-9.489067876519347e-16,-1.1785062729937904e-15,3.3098956967231763e-15]","{""PspCorrection"":0.09187494522099392,""Ewald"":-14.186487397403095,""Kinetic"":29.075984420023005,""AtomicNonlocalFR"":-14.214054501145034,""AtomicLocal"":-79.43302729876521,""Hartree"":28.516778688232073,""Xc"":-7.177056841310444}",PASS,1.4257593666471918e-109,3.073828555390123e-41
165,iteration,CONTINUE,9.604228406709452e-08,9.604228414344575e-09,9.604228414344575e-09,False,False,linear_mixing,,b6c6bc21df8bef0d500611953ebd886d27d583233c07f04b5d44a35877a94035,10.000000000000004,03cc2edd35045058034370ecdd5900ba1c979bfa0649f1817472f2a7f6fe23dd,10.000000000000002,f6f9e8ab5933ccbfea69189d1a19625c899be4aa6b994df7da1571adeb3d5c7c,10.000000000000005,24,9.59518889790405e-11,1.8752204550582474e-14,0044871d68371336c1ab153ad4f36c526a9fe5f78ab8e11ac19132e91ca3e7b4,90.04470798200053,1.7853328376829607e-05,827bdbd64c62fcc526d49c39f9491f8e201f09ceda3d5454b60a32223106310b,9.708735509630996,-57.32598798514769,1.2426431769687804e-34,-1.2426431769687803e-37,-57.32598798514769,1.2426431769687803e-37,10.000000000000002,10.000000000000005,1.968899474339223e-13,4.070321943487026e-07,3.397893713963389e-07,-0.07907457769384531,0.0,"[10.0,10.0,10.0]","[3.333333333333333,3.333333333333333,3.333333333333333]",2.2217349410060377e-141,1.0,True,"Midpoint of the global spectral gap; Float64 counts equal at its 1/4,1/2,3/4 points","[[2.2217349410062903e-141,2.2217349410060377e-141],[1.4257545895090673e-109,1.4257443734224492e-109],[1.425754589507649e-109,1.4257443734231786e-109]]",0,0.0,"[-2.198333602757507e-15,-3.820318500991433e-17,4.351691058825276e-16]","{""PspCorrection"":0.09187494522099392,""Ewald"":-14.186487397403095,""Kinetic"":29.07598442254735,""AtomicNonlocalFR"":-14.214054501906421,""AtomicLocal"":-79.43302730939816,""Hartree"":28.516778698478237,""Xc"":-7.177056842686596}",PASS,1.4257545895090673e-109,2.8283414137349925e-41
166,iteration,CONTINUE,8.753647823007339e-08,8.753647826476593e-09,8.753647826476593e-09,False,False,linear_mixing,,f6f9e8ab5933ccbfea69189d1a19625c899be4aa6b994df7da1571adeb3d5c7c,10.000000000000005,e4c74de2d18e0e622a214cd6625ee02ee0d093a0299c7e3906a2e687dcd032cc,10.000000000000005,b3230cc218f3a3637d78045beea50bd572cbcd23942744d1a3457c41191e6868,10.000000000000005,24,9.352655740673714e-11,1.673240715979465e-14,174789a23d2cb1fa26ec50a4fbcf9585e466323900398cc9a94b37b034974981,90.04470789648836,1.6442796349390808e-05,64bc32cd623400c01a42eced638d67ae2b9f1ca5b8c4018de47a25f63acb350e,9.708735519163682,-57.32598798514772,1.242640055048172e-34,-1.242640055048172e-37,-57.32598798514772,1.242640055048172e-37,10.000000000000005,10.000000000000005,1.5302876509168123e-13,3.748759174836548e-07,3.130092440111557e-07,-0.07907457255385508,0.0,"[10.0,10.0,10.0]","[3.333333333333333,3.333333333333333,3.333333333333333]",2.2217460938663594e-141,1.0,True,"Midpoint of the global spectral gap; Float64 counts equal at its 1/4,1/2,3/4 points","[[2.221746093866612e-141,2.2217460938663594e-141],[1.4257501971559061e-109,1.4257399811020172e-109],[1.4257501971574865e-109,1.4257399811034354e-109]]",0,0.0,"[7.382521111051304e-16,-1.2738318338183046e-15,1.59794078400592e-15]","{""PspCorrection"":0.09187494522099392,""Ewald"":-14.186487397403095,""Kinetic"":29.075984424822813,""AtomicNonlocalFR"":-14.214054502578296,""AtomicLocal"":-79.4330273191333,""Hartree"":28.516778707870667,""Xc"":-7.177056843947512}",PASS,1.4257501971574865e-109,2.602490808615164e-41
167,iteration,CONTINUE,7.97993473253923e-08,7.9799347312533e-09,7.9799347312533e-09,False,False,linear_mixing,,b3230cc218f3a3637d78045beea50bd572cbcd23942744d1a3457c41191e6868,10.000000000000005,caf4afa93dcd74fd73071d1685845c8dd13c3b27c9e493fdf37a243c4f187b15,10.000000000000002,aff7a0fd51bc97af1aa0460b2dd31056967f32d2ce23166f05fec26125834aac,10.000000000000005,24,9.7697650239063e-11,1.5809883545577994e-14,2634a2496dfd19b02933ea9a121e8ea5f803cf5dd5c252e08b4bed1e22310f27,90.0447078167805,1.5143786644619448e-05,e1ce6954ab4d38ba1e990e1ac61be78bd1121390a1a5619ac6702d3b69475085,9.708735527943222,-57.325987985147705,1.2426371824206155e-34,-1.2426371824206155e-37,-57.325987985147705,1.2426371824206155e-37,10.000000000000002,10.000000000000002,1.362211068989394e-13,3.452565214311251e-07,2.883369973997678e-07,-0.07907456781396063,0.0,"[10.0,10.0,10.0]","[3.333333333333333,3.333333333333333,3.333333333333333]",2.221756352562923e-141,1.0,True,"Midpoint of the global spectral gap; Float64 counts equal at its 1/4,1/2,3/4 points","[[2.2217563525630492e-141,2.221756352562923e-141],[1.4257461585418806e-109,1.4257359425188344e-109],[1.4257461585420428e-109,1.4257359425189155e-109]]",0,0.0,"[-1.3909653265872322e-15,-1.061199468308945e-15,-1.5128466894544505e-15]","{""PspCorrection"":0.09187494522099392,""Ewald"":-14.186487397403095,""Kinetic"":29.075984426929878,""AtomicNonlocalFR"":-14.214054503210129,""AtomicLocal"":-79.43302732809579,""Hartree"":28.516778716518342,""Xc"":-7.1770568451079075}",PASS,1.4257461585420428e-109,2.3946618614060625e-41
168,iteration,CONTINUE,7.275936796886365e-08,7.275936796056132e-09,7.275936796056132e-09,False,False,linear_mixing,,aff7a0fd51bc97af1aa0460b2dd31056967f32d2ce23166f05fec26125834aac,10.000000000000005,788e20b0451ae74b89907fe452295c4de7066cb1fd0fe902aa078cfae1f94a4c,10.000000000000002,01c46bbac54476bf63e72f18e2ed9d51ce33f3d5ecfbad65ae9ebdd3121ac751,10.000000000000004,24,9.440976187202953e-11,1.62850719560447e-14,e7a1051b8e7b4567abdcff0495ce00dbbc444a44e18823def067bd3d514ded32,90.04470774251918,1.3947219766992357e-05,5b9d7b67f43e8e73e2c97ecb8a1b274be3bb8805eacdee12fd6c645d7850c09f,9.708735536028986,-57.32598798514768,1.242634539193953e-34,-1.242634539193953e-37,-57.32598798514768,1.242634539193953e-37,10.000000000000002,10.000000000000007,1.443564745627798e-13,3.17975862230284e-07,2.656088785773772e-07,-0.07907456344326075,0.0,"[10.0,10.0,10.0]","[3.333333333333333,3.333333333333333,3.333333333333333]",2.2217657888084107e-141,1.0,True,"Midpoint of the global spectral gap; Float64 counts equal at its 1/4,1/2,3/4 points","[[2.2217657888090423e-141,2.2217657888084107e-141],[1.425742445187852e-109,1.4257322291932368e-109],[1.4257424451867986e-109,1.4257322291928317e-109]]",0,0.0,"[-1.26861782014788e-15,-2.244786415733163e-16,-1.1031717929766197e-15]","{""PspCorrection"":0.09187494522099392,""Ewald"":-14.186487397403095,""Kinetic"":29.07598442885785,""AtomicNonlocalFR"":-14.214054503785336,""AtomicLocal"":-79.43302733633111,""Hartree"":28.516778724466867,""Xc"":-7.1770568461738495}",PASS,1.425742445187852e-109,2.2034330358531888e-41
169,iteration,CONTINUE,6.635329625638328e-08,6.635329626210028e-09,6.635329626210028e-09,False,False,linear_mixing,,01c46bbac54476bf63e72f18e2ed9d51ce33f3d5ecfbad65ae9ebdd3121ac751,10.000000000000004,1d3f986c5b454733b75f758ffee44b54fdccbe395a2d269ea12814b8c063fb43,10.0,a6f403e3a8526d0df8b2e4911cc5fad2edf657caa677bac9ad1252968e07f535,10.000000000000004,24,9.670622511227151e-11,1.5431361530225384e-14,ffb6872e08602700178902d2302a6a55ebfd33e0f31cd47b628c926fdff8a594,90.04470767336403,1.2845135451922568e-05,0361e1cfb4f10306316e1853f8e08a23efc3029b3bed49bc52300c3280dcfca4,9.708735543475582,-57.32598798514775,1.2426321070458015e-34,-1.2426321070458016e-37,-57.32598798514775,1.2426321070458016e-37,10.0,10.000000000000004,1.4367955135952002e-13,2.9284568929352387e-07,2.446671436795484e-07,-0.0790745594132321,0.0,"[10.0,10.0,10.0]","[3.333333333333333,3.333333333333333,3.333333333333333]",2.2217744685613724e-141,1.0,True,"Midpoint of the global spectral gap; Float64 counts equal at its 1/4,1/2,3/4 points","[[2.2217744685622563e-141,2.2217744685613724e-141],[1.4257390308833897e-109,1.425728814914374e-109],[1.4257390308833087e-109,1.4257288149138067e-109]]",0,0.0,"[-6.167451384549596e-16,-3.9758985597083164e-17,1.5337810028667222e-15]","{""PspCorrection"":0.09187494522099392,""Ewald"":-14.186487397403095,""Kinetic"":29.075984430627187,""AtomicNonlocalFR"":-14.214054504315271,""AtomicLocal"":-79.43302734390026,""Hartree"":28.516778731776274,""Xc"":-7.1770568471535645}",PASS,1.4257390308833897e-109,2.0274740900111414e-41
170,iteration,CONTINUE,6.05225196690224e-08,6.052251957580642e-09,6.052251957580642e-09,False,False,linear_mixing,,a6f403e3a8526d0df8b2e4911cc5fad2edf657caa677bac9ad1252968e07f535,10.000000000000004,4d5be0c2c7bc7d5198d3f6d90a8837a7b17ae400c6c873c92cf1b1661f6a86cd,10.000000000000004,e1659ce6ef5cbfa62c40c32a6b1eb153533bcbc3d915c332d454bb698dbb9e8b,10.000000000000007,24,9.79178656403221e-11,1.6309292141278797e-14,01a684a55b08ee1f6ce5d44353ab9322be2929d70d0863a1698886473d37834f,90.04470760899665,1.1830089562143241e-05,5b33cbb647fe20b4d763348928fc45544c9f685e069294f6f8b6b5a233f8e55e,9.708735550333333,-57.325987985147705,1.2426298691197212e-34,-1.2426298691197213e-37,-57.325987985147705,1.2426298691197213e-37,10.000000000000004,10.000000000000007,1.350055673238803e-13,2.697015641960509e-07,2.253774539526011e-07,-0.07907455569752547,0.0,"[10.0,10.0,10.0]","[3.333333333333333,3.333333333333333,3.333333333333333]",2.221782452522706e-141,1.0,True,"Midpoint of the global spectral gap; Float64 counts equal at its 1/4,1/2,3/4 points","[[2.2217824525229586e-141,2.221782452522706e-141],[1.4257358915368742e-109,1.4257256755909203e-109],[1.425735891535294e-109,1.4257256755909203e-109]]",0,0.0,"[-7.388079611739247e-17,-8.726013611705928e-16,-8.850628207618871e-16]","{""PspCorrection"":0.09187494522099392,""Ewald"":-14.186487397403095,""Kinetic"":29.075984432253115,""AtomicNonlocalFR"":-14.214054504806935,""AtomicLocal"":-79.43302735084467,""Hartree"":28.516778738486064,""Xc"":-7.177056848053189}",PASS,1.4257358915368742e-109,1.865579695079971e-41
171,iteration,CONTINUE,5.521369702524555e-08,5.521369703472308e-09,5.521369703472308e-09,False,False,linear_mixing,,e1659ce6ef5cbfa62c40c32a6b1eb153533bcbc3d915c332d454bb698dbb9e8b,10.000000000000007,aff5f150b52e165d1ffa3dc1cacbd3eb6c2ba89c1781d595b47ac80348338e30,9.999999999999996,fa8d25ef428782216bbc46d73a37e1048f5ea9efeab25782c5dd5c7496da232a,10.000000000000005,24,9.593402847521121e-11,1.4633847853996505e-14,b38fabffeb4a13461575501da221e947c6d3253fa777e0c369a30b26efee879b,90.04470754911465,1.0895133838571929e-05,98838e46720cf3c20d4662f8de5ac6f01642b2f1b4f7c609e3f83bd1fb9f92e1,9.708735556648687,-57.32598798514778,1.242627809893864e-34,-1.242627809893864e-37,-57.32598798514778,1.242627809893864e-37,9.999999999999996,9.999999999999998,1.1085306413255584e-13,2.48384681460197e-07,2.0760724561939615e-07,-0.07907455227182748,0.0,"[10.0,10.0,10.0]","[3.333333333333333,3.333333333333333,3.333333333333333]",2.2217897964966843e-141,1.0,True,"Midpoint of the global spectral gap; Float64 counts equal at its 1/4,1/2,3/4 points","[[2.2217897964970633e-141,2.2217897964966843e-141],[1.4257330049748411e-109,1.4257227890515966e-109],[1.4257330049751652e-109,1.4257227890507861e-109]]",0,0.0,"[-1.7473531342670627e-16,-5.404174841829924e-16,2.033615674437077e-15]","{""PspCorrection"":0.09187494522099392,""Ewald"":-14.186487397403095,""Kinetic"":29.075984433761807,""AtomicNonlocalFR"":-14.214054505264087,""AtomicLocal"":-79.43302735726141,""Hartree"":28.51677874468068,""Xc"":-7.177056848882662}",PASS,1.4257330049751652e-109,1.7165892818475834e-41
172,iteration,CONTINUE,5.0379955007943e-08,5.037995490530071e-09,5.037995490530071e-09,False,False,linear_mixing,,fa8d25ef428782216bbc46d73a37e1048f5ea9efeab25782c5dd5c7496da232a,10.000000000000005,fe1ce8dbffc21d619e6e2caac7f09c66afad7754d37519f56d5ddd07ae81b2ed,10.0,648fe96027b8da897a922817eaee6aebfdd46c2f8a01efa578972020620d6623,10.000000000000005,24,8.170660768047789e-11,1.564419693557372e-14,22f172c4eff194342ebb852b94347b97cf9679cc1b5506e96a65c2c62050818e,90.04470749342026,1.003403267042971e-05,6441989afad14438a281ec5662ebceeb9de60276714eb3ecad7831dc2d27918b,9.708735562464371,-57.32598798514771,1.2426259151231207e-34,-1.2426259151231207e-37,-57.32598798514771,1.2426259151231207e-37,10.0,9.999999999999998,1.1147561091286517e-13,2.287491751041429e-07,1.912347936244394e-07,-0.07907454911363813,0.0,"[10.0,10.0,10.0]","[3.333333333333333,3.333333333333333,3.333333333333333]",2.2217965518053235e-141,1.0,True,"Midpoint of the global spectral gap; Float64 counts equal at its 1/4,1/2,3/4 points","[[2.2217965518058287e-141,2.2217965518053235e-141],[1.4257303508766378e-109,1.4257201349722894e-109],[1.4257303508746521e-109,1.4257201349714385e-109]]",0,0.0,"[1.6550783129421612e-15,-2.4948306654261342e-15,3.846305039197735e-15]","{""PspCorrection"":0.09187494522099392,""Ewald"":-14.186487397403095,""Kinetic"":29.075984435147298,""AtomicNonlocalFR"":-14.214054505688635,""AtomicLocal"":-79.4330273631437,""Hartree"":28.51677875036347,""Xc"":-7.177056849644053}",PASS,1.4257303508766378e-109,1.5795129847539506e-41
173,iteration,CONTINUE,4.5977349165537486e-08,4.597734929888316e-09,4.597734929888316e-09,False,False,linear_mixing,,648fe96027b8da897a922817eaee6aebfdd46c2f8a01efa578972020620d6623,10.000000000000005,c8748e42638e826ee2027dd6ee66dcefcfb5d5a164c68a74ccd43bc2863453ba,10.000000000000004,6f9832f5e51e09794396d145462c65e4b5a179f89de67fb668446179ac656b11,10.000000000000004,24,9.712295585017488e-11,1.4792503063166674e-14,1d5901231a1cbf7ad3d8a6a9b452925af5a6e7eed6e80ba93f5d201ab9ba2dfd,90.04470744164696,9.240872777025271e-06,29f9a391ee8d6fb3113860d0b63116b74170f21752427a18fb825d63d048fc7c,9.708735567819833,-57.325987985147705,1.2426241716564043e-34,-1.2426241716564044e-37,-57.325987985147705,1.2426241716564044e-37,10.000000000000004,10.000000000000005,9.969967867494908e-14,2.1066514318799412e-07,1.7615310234231754e-07,-0.07907454620224037,0.0,"[10.0,10.0,10.0]","[3.333333333333333,3.333333333333333,3.333333333333333]",2.2218027656578308e-141,1.0,True,"Midpoint of the global spectral gap; Float64 counts equal at its 1/4,1/2,3/4 points","[[2.221802765659599e-141,2.2218027656578308e-141],[1.4257279104806695e-109,1.4257176945959956e-109],[1.4257279104820876e-109,1.4257176945962388e-109]]",0,0.0,"[3.417130549264687e-17,1.5162141704726802e-15,-4.406803575175732e-15]","{""PspCorrection"":0.09187494522099392,""Ewald"":-14.186487397403095,""Kinetic"":29.075984436431916,""AtomicNonlocalFR"":-14.21405450608348,""AtomicLocal"":-79.43302736857281,""Hartree"":28.5167787556045,""Xc"":-7.1770568503457355}",PASS,1.4257279104820876e-109,1.4533722110585335e-41
174,iteration,CONTINUE,4.1966928341991966e-08,4.196692839806123e-09,4.196692839806123e-09,False,False,linear_mixing,,6f9832f5e51e09794396d145462c65e4b5a179f89de67fb668446179ac656b11,10.000000000000004,41cac5efede0df73e3ad0429dceada82644ca58ee610a35852826db08107546b,9.999999999999996,2c0061bf2716ea419da7a96c6115587d9d336478640960bacdad76d5faaa5071,10.000000000000004,24,9.944922998212775e-11,1.410557393043782e-14,1c9bb239a6e1363fd2038e6981431e9a2378c558495fc6f7f6a11b81dcc6360f,90.04470739353434,8.510424026652933e-06,e4f5a54f91906ed11874437b9217c66e81efb200141ba99e1946c1d64e41d33b,9.708735572751387,-57.32598798514775,1.2426225674239033e-34,-1.2426225674239033e-37,-57.32598798514775,1.2426225674239033e-37,9.999999999999996,9.999999999999998,7.588988120936899e-14,1.9401267951946334e-07,1.6226409506554969e-07,-0.07907454351846371,0.0,"[10.0,10.0,10.0]","[3.333333333333333,3.333333333333333,3.333333333333333]",2.221808481501144e-141,1.0,True,"Midpoint of the global spectral gap; Float64 counts equal at its 1/4,1/2,3/4 points","[[2.2218084815021543e-141,2.221808481501144e-141],[1.4257256666017795e-109,1.425715450731806e-109],[1.4257256666011312e-109,1.4257154507323733e-109]]",0,0.0,"[1.3572651633191608e-15,1.3531140885231905e-15,-1.0548147878969901e-15]","{""PspCorrection"":0.09187494522099392,""Ewald"":-14.186487397403095,""Kinetic"":29.07598443761351,""AtomicNonlocalFR"":-14.214054506450143,""AtomicLocal"":-79.43302737355718,""Hartree"":28.51677876041846,""Xc"":-7.1770568509902875}",PASS,1.4257256666017795e-109,1.3373072511417818e-41
175,iteration,CONTINUE,3.831287359571789e-08,3.8312873508406706e-09,3.8312873508406706e-09,False,False,linear_mixing,,2c0061bf2716ea419da7a96c6115587d9d336478640960bacdad76d5faaa5071,10.000000000000004,85891b4aa560604bc5fb7b962f3f9b69e40e373e22602226ea767a2c9478cce4,10.000000000000002,66ecb22481318a9e63bdc1de9f38630a3328cf8349c1b29e61ff3e927a138bc7,10.000000000000004,24,9.980909102606312e-11,1.685382373962132e-14,feddc4e0b82d46fd69504e18bb0fe74f737364dc19ecaddda36108b52056b99f,90.04470734883998,7.837564932015286e-06,618774bfbb8f6591b00155e1124354efe176b49f7d00fab0efc5c7b6025d72b9,9.708735577292405,-57.32598798514776,1.2426210913043695e-34,-1.2426210913043696e-37,-57.32598798514776,1.2426210913043696e-37,10.000000000000002,10.000000000000004,1.2524849793942495e-13,1.7867505735219053e-07,1.4946856331682288e-07,-0.07907454104464298,0.0,"[10.0,10.0,10.0]","[3.333333333333333,3.333333333333333,3.333333333333333]",2.2218137392372575e-141,1.0,True,"Midpoint of the global spectral gap; Float64 counts equal at its 1/4,1/2,3/4 points","[[2.22181373923751e-141,2.2218137392372575e-141],[1.4257236033952135e-109,1.4257133875418472e-109],[1.4257236033947273e-109,1.4257133875410774e-109]]",0,0.0,"[-1.0776111804074794e-15,6.16746791782209e-16,-2.4391972841973013e-15]","{""PspCorrection"":0.09187494522099392,""Ewald"":-14.186487397403095,""Kinetic"":29.075984438707252,""AtomicNonlocalFR"":-14.214054506790594,""AtomicLocal"":-79.43302737815232,""Hartree"":28.516778764853917,""Xc"":-7.177056851583914}",PASS,1.4257236033952135e-109,1.2305097077057173e-41
176,iteration,CONTINUE,3.498310000210163e-08,3.4983100100317566e-09,3.4983100100317566e-09,False,False,linear_mixing,,66ecb22481318a9e63bdc1de9f38630a3328cf8349c1b29e61ff3e927a138bc7,10.000000000000004,b47e59806bfa3e477e942c87421d11c3e2a71c5025e7921927f85775e34d856c,10.000000000000009,6f0139439411b3e9ebff22b98d801aff159e74cc1c947f7c3c370964cd1881a9,10.000000000000005,24,8.935468353951875e-11,1.64420545371157e-14,4e8e8aa61caba1b5045166dc27ea2b148b220b0bb73692d1de92a79a01d7f9a5,90.04470730733496,7.217944739444992e-06,061d9ddedcc18986fa54bdd95f89945b728c3ecc6742266cb8a68993f96bb273,9.708735581473826,-57.325987985147734,1.2426197330672283e-34,-1.2426197330672284e-37,-57.325987985147734,1.2426197330672284e-37,10.000000000000009,10.000000000000012,7.463018312136417e-14,1.6453518972267965e-07,1.3766527769544378e-07,-0.07907453876445254,0.0,"[10.0,10.0,10.0]","[3.333333333333333,3.333333333333333,3.333333333333333]",2.2218185756297625e-141,1.0,True,"Midpoint of the global spectral gap; Float64 counts equal at its 1/4,1/2,3/4 points","[[2.221818575631152e-141,2.2218185756297625e-141],[1.4257217063150137e-109,1.42571149047674e-109],[1.4257217063147705e-109,1.4257114904769832e-109]]",0,0.0,"[1.038951340621033e-15,-1.0328042541915538e-15,-9.000877029385207e-16]","{""PspCorrection"":0.09187494522099392,""Ewald"":-14.186487397403095,""Kinetic"":29.075984439713217,""AtomicNonlocalFR"":-14.214054507106688,""AtomicLocal"":-79.4330273823707,""Hartree"":28.51677876892775,""Xc"":-7.177056852129216}",PASS,1.4257217063150137e-109,1.1322422736982347e-41
177,iteration,CONTINUE,3.194795999809531e-08,3.1947960025491077e-09,3.1947960025491077e-09,False,False,linear_mixing,,6f0139439411b3e9ebff22b98d801aff159e74cc1c947f7c3c370964cd1881a9,10.000000000000005,f501d84a40ee82974b425397e882d82bdb3c29724549750af9def8c2d504a3d1,10.0,f64219cb43e1551ca04b4a337b15b86eeb49d93dad07fb1f987df8239503b040,10.000000000000007,24,9.59242435118962e-11,1.4376766075857003e-14,3149d6447bf31ae420dd6a2f06b9474a3aeb1d1932c8f25f0610f987cf8de1c1,90.04470726880497,6.647179434223138e-06,34a8fd397c02be63ee63ad3b878fabee84d6faeecc202277599a9b6e2a7a2171,9.708735585323955,-57.32598798514773,1.2426184832983682e-34,-1.2426184832983684e-37,-57.32598798514773,1.2426184832983684e-37,10.0,10.000000000000002,7.063472362445699e-14,1.515268926260142e-07,1.268093459922857e-07,-0.07907453666284223,0.0,"[10.0,10.0,10.0]","[3.333333333333333,3.333333333333333,3.333333333333333]",2.2218230244415263e-141,1.0,True,"Midpoint of the global spectral gap; Float64 counts equal at its 1/4,1/2,3/4 points","[[2.2218230244415263e-141,2.2218230244415263e-141],[1.4257199619739481e-109,1.4257097461480923e-109],[1.4257199619733809e-109,1.4257097461489028e-109]]",0,0.0,"[-1.0966273930873676e-15,-7.928489388666882e-16,-1.6597110852009135e-15]","{""PspCorrection"":0.09187494522099392,""Ewald"":-14.186487397403095,""Kinetic"":29.075984440644394,""AtomicNonlocalFR"":-14.214054507400071,""AtomicLocal"":-79.43302738626066,""Hartree"":28.51677877268218,""Xc"":-7.177056852631456}",PASS,1.4257199619739481e-109,1.0418184629174849e-41
178,iteration,CONTINUE,2.9181123741265542e-08,2.918112373359803e-09,2.918112373359803e-09,False,False,linear_mixing,,f64219cb43e1551ca04b4a337b15b86eeb49d93dad07fb1f987df8239503b040,10.000000000000007,608339230512c21ca380aa6173d002140557dbbdb43ad9ccb2581cdd50ccdd95,9.999999999999996,f97899f9a87fddd02dc1150c731f6f8bdc0389a7ca38bb7eba671c4aa677f54c,10.000000000000005,24,9.300843116103794e-11,1.333284072061761e-14,e4883d57ace99f4ca7fc1b9266ebc737245bbe5c934fa6132c5e37007860db1f,90.0447072330479,6.121561015032981e-06,a85b78b26bab643f0b526536777af6a4a0848d4d3e982c60fdef37e511bd57df,9.708735588869002,-57.325987985147826,1.2426173333387288e-34,-1.2426173333387288e-37,-57.325987985147826,1.2426173333387288e-37,9.999999999999996,10.0,5.823238404847046e-14,1.395375084616388e-07,1.167986308220144e-07,-0.07907453472590507,0.0,"[10.0,10.0,10.0]","[3.333333333333333,3.333333333333333,3.333333333333333]",2.221827116756274e-141,1.0,True,"Midpoint of the global spectral gap; Float64 counts equal at its 1/4,1/2,3/4 points","[[2.2218271167569055e-141,2.221827116756274e-141],[1.425718358077035e-109,1.4257081422638874e-109],[1.4257183580776022e-109,1.4257081422641304e-109]]",0,0.0,"[-1.5733859300038252e-16,1.281244482389957e-15,-1.2022303903338788e-15]","{""PspCorrection"":0.09187494522099392,""Ewald"":-14.186487397403095,""Kinetic"":29.075984441500978,""AtomicNonlocalFR"":-14.21405450767218,""AtomicLocal"":-79.43302738983228,""Hartree"":28.516778776130614,""Xc"":-7.177056853092858}",PASS,1.4257183580776022e-109,9.586192188724688e-42
179,iteration,CONTINUE,2.6658105782435836e-08,2.665810585214314e-09,2.665810585214314e-09,False,False,linear_mixing,,f97899f9a87fddd02dc1150c731f6f8bdc0389a7ca38bb7eba671c4aa677f54c,10.000000000000005,877e5f8e808f3328e46ff75002b3488549ec64b71efbb1359db75c411683c8a7,10.000000000000002,57dc76463173bb4a564af25f0b01e8e3766906b485747d196672712ba01ad478,10.000000000000004,24,9.336358865380706e-11,1.625208678718021e-14,7545d23f3310f0f038cf4e5f76c4a1d6480d3500ef0b280989e298e8b425c4a5,90.04470719987411,5.6374299105679575e-06,478c79e95af8eadee4065167c80e6f7cf8ff61731a5b0d778d0e42afcb5384eb,9.708735592133086,-57.325987985147734,1.2426162752144605e-34,-1.2426162752144605e-37,-57.325987985147734,1.2426162752144605e-37,10.000000000000002,10.000000000000004,6.073885086743689e-14,1.284955149496293e-07,1.0757698585161343e-07,-0.07907453294082382,0.0,"[10.0,10.0,10.0]","[3.333333333333333,3.333333333333333,3.333333333333333]",2.2218308811530514e-141,1.0,True,"Midpoint of the global spectral gap; Float64 counts equal at its 1/4,1/2,3/4 points","[[2.2218308811536827e-141,2.2218308811530514e-141],[1.4257168833057522e-109,1.425706667504347e-109],[1.4257168833065627e-109,1.4257066675039823e-109]]",0,0.0,"[2.72826292687784e-16,1.8338220935728724e-15,-1.5646043200590693e-15]","{""PspCorrection"":0.09187494522099392,""Ewald"":-14.186487397403095,""Kinetic"":29.075984442294605,""AtomicNonlocalFR"":-14.214054507924983,""AtomicLocal"":-79.43302739312732,""Hartree"":28.516778779310016,""Xc"":-7.177056853517953}",PASS,1.4257168833065627e-109,8.820582949294819e-42
180,iteration,CONTINUE,2.435711476888842e-08,2.4357114796012766e-09,2.4357114796012766e-09,False,False,linear_mixing,,57dc76463173bb4a564af25f0b01e8e3766906b485747d196672712ba01ad478,10.000000000000004,6704ca30ba61ad3e216ea8c8635e0f84698666b6394fe61961e6cee2d0646103,10.000000000000004,9fcc86ed4960de40e98ce808973a4c3c8f0110641a0a5b4c03d4b454d42ec05f,10.000000000000004,24,9.982433447577709e-11,1.3825474101312692e-14,85eca9f2d4b38c0ffd70d1e8b6a403ce23862c5e3fd997655bb7359b6a9c6455,90.04470716910527,5.191579178288214e-06,def64ec635802ae52b6e3c687c19a5e2f80454684ff303896095b7c9b6a73cde,9.708735595138407,-57.32598798514778,1.2426153015975421e-34,-1.242615301597542e-37,-57.32598798514778,1.242615301597542e-37,10.000000000000004,10.000000000000005,2.7044556821133926e-13,1.1833475610344745e-07,9.909271941007088e-08,-0.07907453129575455,0.0,"[10.0,10.0,10.0]","[3.333333333333333,3.333333333333333,3.333333333333333]",2.221834343920736e-141,1.0,True,"Midpoint of the global spectral gap; Float64 counts equal at its 1/4,1/2,3/4 points","[[2.2218343439219988e-141,2.221834343920736e-141],[1.4257155272727596e-109,1.4257053114825702e-109],[1.425715527274016e-109,1.4257053114825702e-109]]",0,0.0,"[-5.516563259543851e-16,-2.5999110110841456e-16,-1.0837310104085942e-15]","{""PspCorrection"":0.09187494522099392,""Ewald"":-14.186487397403095,""Kinetic"":29.07598444302543,""AtomicNonlocalFR"":-14.214054508159215,""AtomicLocal"":-79.4330273961562,""Hartree"":28.516778782233004,""Xc"":-7.177056853908695}",PASS,1.425715527274016e-109,8.116122297525473e-42
181,iteration,CONTINUE,2.2258663496562983e-08,2.225866341216952e-09,2.225866341216952e-09,False,False,linear_mixing,,9fcc86ed4960de40e98ce808973a4c3c8f0110641a0a5b4c03d4b454d42ec05f,10.000000000000004,c6baa63a0288acf96cf52bd5c339792611acaf509e7c49b6be4bb4c367d1346a,10.000000000000002,b9b798626cee19188c11b2f19b76d3e53cb868210dd9a7af607a8c42f55691fb,10.000000000000005,24,9.991109886920916e-11,1.4208594665533794e-14,c50fb083854b6e9d64224b00331550f55d39fc37a293a12cc7f56d1cb0826504,90.04470714057548,4.780998015096472e-06,c17609e38b102f6338c1603b0141f7c95792f01da3b935ec2fde3bb500325a19,9.708735597905415,-57.32598798514776,1.2426144057403972e-34,-1.2426144057403973e-37,-57.32598798514776,1.2426144057403973e-37,10.000000000000002,10.000000000000002,5.805256510034264e-14,1.0896890608683805e-07,9.126751038948179e-08,-0.07907452977978176,0.0,"[10.0,10.0,10.0]","[3.333333333333333,3.333333333333333,3.333333333333333]",2.221837529257781e-141,1.0,True,"Midpoint of the global spectral gap; Float64 counts equal at its 1/4,1/2,3/4 points","[[2.2218375292579074e-141,2.221837529257781e-141],[1.4257142804224465e-109,1.4257040646389624e-109],[1.425714280421717e-109,1.4257040646396919e-109]]",0,0.0,"[-1.6296648053459767e-15,-6.490892586363488e-16,4.448943146664278e-16]","{""PspCorrection"":0.09187494522099392,""Ewald"":-14.186487397403095,""Kinetic"":29.07598444369767,""AtomicNonlocalFR"":-14.214054508376176,""AtomicLocal"":-79.43302739893637,""Hartree"":28.516778784916948,""Xc"":-7.177056854267738}",PASS,1.4257142804224465e-109,7.46800308133069e-42
182,iteration,CONTINUE,2.0342563761012723e-08,2.0342563796948617e-09,2.0342563796948617e-09,False,False,linear_mixing,,b9b798626cee19188c11b2f19b76d3e53cb868210dd9a7af607a8c42f55691fb,10.000000000000005,e056ab455d3808226daa07f56ae51b46f25b5c97b489cbc8b55ceb5163ef8000,9.999999999999996,c469eea7f6ba3d12b12bd3fd5a3aaf8c7e457fcc6b269598fa8af71b28aa7144,10.000000000000004,24,9.253829338512295e-11,1.6007919672550422e-14,fc04925010b0e6a1bc7183e0b824997d506ae584732030391ab1cc0d6216784c,90.04470711413164,4.402773763315422e-06,d5e9f7d42a78b68ce0b529d1e2e45ba5229600997da68aa857b8909f952313c5,9.708735600452966,-57.325987985147776,1.242613581421619e-34,-1.242613581421619e-37,-57.325987985147776,1.242613581421619e-37,9.999999999999996,9.999999999999995,2.0729133023633527e-13,1.0035401672970598e-07,8.407256176366265e-08,-0.0790745283828372,0.0,"[10.0,10.0,10.0]","[3.333333333333333,3.333333333333333,3.333333333333333]",2.2218404593800267e-141,1.0,True,"Midpoint of the global spectral gap; Float64 counts equal at its 1/4,1/2,3/4 points","[[2.2218404593809106e-141,2.2218404593800267e-141],[1.4257131339298176e-109,1.425702918155278e-109],[1.4257131339279132e-109,1.425702918155197e-109]]",0,0.0,"[-1.3944936063466633e-15,-1.288261853400119e-15,1.1083883512614037e-15]","{""PspCorrection"":0.09187494522099392,""Ewald"":-14.186487397403095,""Kinetic"":29.075984444328345,""AtomicNonlocalFR"":-14.214054508577624,""AtomicLocal"":-79.43302740153159,""Hartree"":28.51677878741551,""Xc"":-7.177056854600307}",PASS,1.4257131339298176e-109,6.871252413658743e-42
183,iteration,CONTINUE,1.8596020692689766e-08,1.8596020679648484e-09,1.8596020679648484e-09,False,True,linear_mixing,,c469eea7f6ba3d12b12bd3fd5a3aaf8c7e457fcc6b269598fa8af71b28aa7144,10.000000000000004,05bcb79e2dc1fdbe5181e9e59233b5e5931f8b2df3e0222e92f80b9e7d356391,10.000000000000002,51e1f10fe4728f765a9b6fd8869b384cc74784628641636762f90ef5f72d45fc,10.000000000000004,24,9.46642355225191e-11,1.2356066534345097e-14,0114f7425c4b3962b800a465739a4c279f049da4744a1ed65c046b5a3eebb99e,90.04470708961706,4.05476744698917e-06,3d4f197c21f96ec4fb2f1e383096c8f86640b8c6a3a372fc2fce9e172e8409c3,9.708735602798443,-57.325987985147776,1.2426128229722513e-34,-1.2426128229722512e-37,-57.325987985147776,1.2426128229722512e-37,10.000000000000002,10.000000000000004,2.0882173369037017e-13,9.24086419441914e-08,7.74307701564085e-08,-0.0790745270955919,0.0,"[10.0,10.0,10.0]","[3.333333333333333,3.333333333333333,3.333333333333333]",2.2218431548196026e-141,1.0,True,"Midpoint of the global spectral gap; Float64 counts equal at its 1/4,1/2,3/4 points","[[2.2218431548213708e-141,2.2218431548196026e-141],[1.4257120798313698e-109,1.4257018640670982e-109],[1.4257120798311672e-109,1.4257018640677465e-109]]",0,0.0,"[2.277412588373411e-16,7.490861073168873e-16,-6.609604551706199e-16]","{""PspCorrection"":0.09187494522099392,""Ewald"":-14.186487397403095,""Kinetic"":29.07598444489791,""AtomicNonlocalFR"":-14.214054508763756,""AtomicLocal"":-79.43302740387725,""Hartree"":28.516778789681027,""Xc"":-7.177056854903602}",PASS,1.4257120798313698e-109,6.322591898689205e-42
184,iteration,CONTINUE,1.7001631838268986e-08,1.7001631840229567e-09,1.7001631840229567e-09,False,True,linear_mixing,,51e1f10fe4728f765a9b6fd8869b384cc74784628641636762f90ef5f72d45fc,10.000000000000004,a113fda17fe9802385ac997e341fd0ff1f063a47e6220879231df3f9f7e9896c,10.0,62e6785e2a2b8694bb5534673dc9be8e052b4e0322b3a8c331e3a04bdbcb1546,10.000000000000004,24,7.678315828588603e-11,1.445831352874747e-14,489db9a57ec1861310a96ff9bafb76f1313fb81bfa304aa973859f9c9196c16e,90.04470706690827,3.733902711267223e-06,fad6034b606652ff39e9df45b3976d6669872716e1f62ed33815662bac1ded4f,9.708735604957786,-57.325987985147776,1.2426121250838993e-34,-1.2426121250838994e-37,-57.325987985147776,1.2426121250838994e-37,10.0,10.000000000000005,1.2900571215199662e-13,8.509832774083151e-08,7.132120414066482e-08,-0.07907452590952081,0.0,"[10.0,10.0,10.0]","[3.333333333333333,3.333333333333333,3.333333333333333]",2.2218456343568214e-141,1.0,True,"Midpoint of the global spectral gap; Float64 counts equal at its 1/4,1/2,3/4 points","[[2.2218456343574528e-141,2.2218456343568214e-141],[1.4257111105650034e-109,1.4257008948073124e-109],[1.4257111105651655e-109,1.4257008948076364e-109]]",0,0.0,"[3.204005905204945e-16,8.094112046609472e-16,-1.6467741392392618e-15]","{""PspCorrection"":0.09187494522099392,""Ewald"":-14.186487397403095,""Kinetic"":29.075984445425448,""AtomicNonlocalFR"":-14.21405450893646,""AtomicLocal"":-79.43302740604477,""Hartree"":28.51677879177313,""Xc"":-7.1770568551830225}",PASS,1.4257111105651655e-109,5.817647043636136e-42
185,iteration,CONTINUE,1.554634183837747e-08,1.5546341886603037e-09,1.5546341886603037e-09,False,True,linear_mixing,,62e6785e2a2b8694bb5534673dc9be8e052b4e0322b3a8c331e3a04bdbcb1546,10.000000000000004,3f03a91b1af3ada711338f32b1c8cb66e1ebca16351f8288050860198fda7b90,10.000000000000002,4dc5d486de4392697779ea8fa350a989bf268d37bdd4a3bd5c6d6abcbb3f12ce,10.000000000000002,24,9.926337550109285e-11,1.2987577345822429e-14,985a63c563b8f9818aa64011c5d3f42566d2dcc77e5d8a120820374166acfc86,90.044707045875,3.438498434551883e-06,7409099fb27694a68473ab93d40591814dd7c853f0d8b41a27afca1870e08ae1,9.70873560694576,-57.32598798514776,1.2426114829318965e-34,-1.2426114829318965e-37,-57.32598798514776,1.2426114829318965e-37,10.000000000000002,10.000000000000004,1.3984755778923237e-13,7.836439410029196e-08,6.569149765085268e-08,-0.07907452481669928,0.0,"[10.0,10.0,10.0]","[3.333333333333333,3.333333333333333,3.333333333333333]",2.2218479152296753e-141,1.0,True,"Midpoint of the global spectral gap; Float64 counts equal at its 1/4,1/2,3/4 points","[[2.2218479152301804e-141,2.2218479152296753e-141],[1.4257102193131505e-109,1.4257000035622914e-109],[1.4257102193133126e-109,1.4257000035611568e-109]]",0,0.0,"[1.6530976475769668e-15,5.640675012362422e-16,9.83736124007264e-16]","{""PspCorrection"":0.09187494522099392,""Ewald"":-14.186487397403095,""Kinetic"":29.075984445911125,""AtomicNonlocalFR"":-14.214054509096062,""AtomicLocal"":-79.43302740803564,""Hartree"":28.51677879369487,""Xc"":-7.177056855439951}",PASS,1.4257102193133126e-109,5.353061884369884e-42
186,iteration,CONTINUE,1.4217636021398445e-08,1.421763609575121e-09,1.421763609575121e-09,False,True,linear_mixing,,4dc5d486de4392697779ea8fa350a989bf268d37bdd4a3bd5c6d6abcbb3f12ce,10.000000000000002,7f6b2dd2a76a04c64d8384878c6efcffaf7ca02bc4d9d20c2d9ab9a877493c07,10.0,0f9bec8e85edd77e79b77b683f2261c6b89b2936e1937cbc0aa2230960b2e967,10.000000000000005,24,9.898194029080364e-11,1.3239397131757235e-14,0e03a9eac943b45c73aca5a0e040dacc029adb169cbd444060eb564cb23b9819,90.0447070263975,3.166380240451557e-06,4c7895eb98ecab3246b7a7b5a069f860f396f257ac6af6b027357e9d3e2c315b,9.708735608775948,-57.32598798514776,1.24261089206051e-34,-1.2426108920605102e-37,-57.32598798514776,1.2426108920605102e-37,10.0,10.000000000000004,1.2074557909753768e-13,7.216188542448657e-08,6.050473136893871e-08,-0.07907452380983802,0.0,"[10.0,10.0,10.0]","[3.333333333333333,3.333333333333333,3.333333333333333]",2.2218500134014366e-141,1.0,True,"Midpoint of the global spectral gap; Float64 counts equal at its 1/4,1/2,3/4 points","[[2.2218500134019418e-141,2.2218500134014366e-141],[1.425709399793679e-109,1.4256991840497454e-109],[1.4257093997951783e-109,1.4256991840510421e-109]]",0,0.0,"[1.7644745735350222e-16,-1.0550610792700165e-15,-3.245209802244615e-16]","{""PspCorrection"":0.09187494522099392,""Ewald"":-14.186487397403095,""Kinetic"":29.075984446359932,""AtomicNonlocalFR"":-14.214054509244159,""AtomicLocal"":-79.43302740987092,""Hartree"":28.516778795465875,""Xc"":-7.177056855676396}",PASS,1.4257093997951783e-109,4.925539513000495e-42
187,iteration,CONTINUE,1.300453468684326e-08,1.3004534740506445e-09,1.3004534740506445e-09,False,True,linear_mixing,,0f9bec8e85edd77e79b77b683f2261c6b89b2936e1937cbc0aa2230960b2e967,10.000000000000005,0c6b59082341b52cd590ea226fce2daecc101a84d8a0854c0f42e08152855a3e,10.000000000000004,a2b2f00bebe319c9fd326c9629eeba90c6ee1e7aae1cd6ca64c2a81ee35ac53e,10.000000000000004,24,9.92772747952794e-11,1.514812722015349e-14,a1ee03b5b2f87fb54afb460c9b389fc8f22e35783e7f359c573c6469c3bed21d,90.04470700836487,2.915830598139752e-06,e7265dd9f2d12087bb23b9e96ff005f68593fbbe6c3780a5a890aec70194fe9e,9.70873561046081,-57.325987985147776,1.2426103483793658e-34,-1.2426103483793659e-37,-57.325987985147776,1.2426103483793659e-37,10.000000000000004,10.000000000000009,1.309229339090659e-13,6.646710505662906e-08,5.574754441681134e-08,-0.0790745228822039,0.0,"[10.0,10.0,10.0]","[3.333333333333333,3.333333333333333,3.333333333333333]",2.2218519434894057e-141,1.0,True,"Midpoint of the global spectral gap; Float64 counts equal at its 1/4,1/2,3/4 points","[[2.221851943489911e-141,2.2218519434894057e-141],[1.4257086462354937e-109,1.4256984304970813e-109],[1.4257086462347237e-109,1.425698430496433e-109]]",0,0.0,"[1.1711083951795413e-15,1.6940117989644912e-16,-2.5732437421112017e-16]","{""PspCorrection"":0.09187494522099392,""Ewald"":-14.186487397403095,""Kinetic"":29.075984446771972,""AtomicNonlocalFR"":-14.214054509380952,""AtomicLocal"":-79.43302741155316,""Hartree"":28.516778797090033,""Xc"":-7.177056855893566}",PASS,1.4257086462354937e-109,4.53221785439689e-42
188,iteration,CONTINUE,1.1896418800847153e-08,1.1896418938887456e-09,1.1896418938887456e-09,False,True,linear_mixing,,a2b2f00bebe319c9fd326c9629eeba90c6ee1e7aae1cd6ca64c2a81ee35ac53e,10.000000000000004,c32f6ba4df1bdc4cf20c4999cfcb1b2ba501a12b583e19180636b311c78bcedb,10.000000000000004,45ee7a2a0913fdfe908b164505d01e242f795afe11d309c59df6614513ab4eb6,10.000000000000005,24,9.671118539833432e-11,1.2805996989058333e-14,b6598be11ed6178855aa182419029975d518a143f26e5551172f81e3eb744441,90.0447069916759,2.6850485446961607e-06,09a378c4936e1402d7386c46f7cfb19c495d7998e7f1093b89c1fc8a701fcb31,9.708735612011882,-57.32598798514782,1.2426098481125345e-34,-1.2426098481125345e-37,-57.32598798514782,1.2426098481125345e-37,10.000000000000004,10.000000000000007,9.981676288433143e-14,6.120406570724052e-08,5.134358055765664e-08,-0.07907452202760072,0.0,"[10.0,10.0,10.0]","[3.333333333333333,3.333333333333333,3.333333333333333]",2.221853718979724e-141,1.0,True,"Midpoint of the global spectral gap; Float64 counts equal at its 1/4,1/2,3/4 points","[[2.2218537189804817e-141,2.221853718979724e-141],[1.4257079533179132e-109,1.4256977375838175e-109],[1.425707953317346e-109,1.4256977375838983e-109]]",0,0.0,"[6.733824071682925e-16,7.516882125899823e-16,1.4124437449307805e-15]","{""PspCorrection"":0.09187494522099392,""Ewald"":-14.186487397403095,""Kinetic"":29.075984447153814,""AtomicNonlocalFR"":-14.21405450950779,""AtomicLocal"":-79.43302741310754,""Hartree"":28.51677879858948,""Xc"":-7.177056856093687}",PASS,1.4257079533179132e-109,4.1702411054044795e-42
189,iteration,CONTINUE,1.0884377180174672e-08,1.0884377257074941e-09,1.0884377257074941e-09,False,True,linear_mixing,,45ee7a2a0913fdfe908b164505d01e242f795afe11d309c59df6614513ab4eb6,10.000000000000005,c877eb8db69364d4d88472d29e548ead2f2a27e6f23909f8adf65286a667f609,10.0,6a93973f0eeb556ba08c77f3d15afe826891cbe9a2a62e98b09a857562b0295e,10.000000000000005,24,9.944054183797413e-11,1.4978327134266093e-14,5e13ad5ea6ac05446f2b82f65b349943f79e09b3f4972d12f1467163775532d2,90.04470697623067,2.4725431114862196e-06,28efe8e5d76a6cb09c4b6c6910288497c14040829f7dc660bcfeebdd4e5be538,9.708735613439776,-57.325987985147776,1.2426093878014196e-34,-1.2426093878014197e-37,-57.325987985147776,1.2426093878014197e-37,10.0,10.000000000000002,1.2042039966481533e-13,5.6358737089039754e-08,4.728872301961366e-08,-0.07907452124029717,0.0,"[10.0,10.0,10.0]","[3.333333333333333,3.333333333333333,3.333333333333333]",2.2218553522452955e-141,1.0,True,"Midpoint of the global spectral gap; Float64 counts equal at its 1/4,1/2,3/4 points","[[2.2218553522456742e-141,2.2218553522452955e-141],[1.4257073161668974e-109,1.4256971004378532e-109],[1.4257073161673027e-109,1.4256971004386637e-109]]",0,0.0,"[-1.4777335019360207e-16,8.823663987009875e-16,1.8224202910169522e-15]","{""PspCorrection"":0.09187494522099392,""Ewald"":-14.186487397403095,""Kinetic"":29.07598444750483,""AtomicNonlocalFR"":-14.214054509625154,""AtomicLocal"":-79.43302741453327,""Hartree"":28.516778799965447,""Xc"":-7.177056856277539}",PASS,1.4257073161673027e-109,3.837210943800464e-42
190,iteration,CANDIDATE,9.95968226326184e-09,9.95968220230985e-10,9.95968226326184e-09,True,True,candidate_output_for_closure,,6a93973f0eeb556ba08c77f3d15afe826891cbe9a2a62e98b09a857562b0295e,10.000000000000005,60d9f235aab7f02834a5182da244d15622a876ccc91ae811fced56d2c664f345,10.000000000000004,60d9f235aab7f02834a5182da244d15622a876ccc91ae811fced56d2c664f345,10.000000000000004,24,9.264134357254788e-11,1.2892998899772452e-14,d428d4a35680cfdfa71e7fc2e46b813635bcb59a44fe77ea529dd82681c9c56e,90.04470696194049,2.2768075651255173e-06,c66cb418230192b8f5ac897e9a741418df1dcfefbe6718128cdb1f3399d8f212,9.708735614754229,-57.325987985147755,1.2426089642491946e-34,-1.2426089642491946e-37,-57.325987985147755,1.2426089642491946e-37,10.000000000000004,10.000000000000005,9.633218551801544e-14,5.189782779368417e-08,4.355519908671843e-08,-0.07907452051502395,0.0,"[10.0,10.0,10.0]","[3.333333333333333,3.333333333333333,3.333333333333333]",2.2218568546977095e-141,1.0,True,"Midpoint of the global spectral gap; Float64 counts equal at its 1/4,1/2,3/4 points","[[2.2218568546980885e-141,2.2218568546977095e-141],[1.4257067302893197e-109,1.4256965145650814e-109],[1.425706730288347e-109,1.4256965145647977e-109]]",0,0.0,"[-2.2185681962314044e-16,-1.2308694432337802e-15,-2.784566815748125e-16]","{""PspCorrection"":0.09187494522099392,""Ewald"":-14.186487397403095,""Kinetic"":29.075984447828603,""AtomicNonlocalFR"":-14.214054509733787,""AtomicLocal"":-79.43302741584678,""Hartree"":28.516778801232995,""Xc"":-7.177056856446683}",PASS,1.4257067302893197e-109,3.5307636880631646e-42
191,closure,PASS,1.6542346674852517e-09,1.6542347072875706e-10,1.6542346674852517e-09,True,True,returned_orbital_output,,60d9f235aab7f02834a5182da244d15622a876ccc91ae811fced56d2c664f345,10.000000000000004,38e40697f7566a6efc9ca61eeaa4e42c17fcb74f1d62e01e4bf42ab9531c6130,10.000000000000002,38e40697f7566a6efc9ca61eeaa4e42c17fcb74f1d62e01e4bf42ab9531c6130,10.000000000000002,24,9.969270277980549e-11,1.4741437109303966e-14,d22d98197aea729c8ebd7b7250d23b3e3643e5acddb975952184899c0b13eb8f,90.04470682975355,2.0966076046887275e-05,14dc8bdf1a706f0bfdaac6b08037a57712397251fbbc236ae672b3dd3b6daf70,9.708735626854578,-57.325987985147734,1.2426050669902275e-34,-1.2426050669902276e-37,-57.325987985147734,1.2426050669902276e-37,10.000000000000002,10.000000000000004,1.0314304884391205e-13,1.0823042591093272e-08,9.171528350740799e-09,-0.07907451383388588,0.0,"[10.0,10.0,10.0]","[3.333333333333333,3.333333333333333,3.333333333333333]",2.2218706759351014e-141,1.0,True,"Midpoint of the global spectral gap; Float64 counts equal at its 1/4,1/2,3/4 points","[[2.221870675935859e-141,2.2218706759351014e-141],[1.4257013430024992e-109,1.4256911273194156e-109],[1.425701343001932e-109,1.4256911273190105e-109]]",0,0.0,"[-2.4964806082659983e-15,3.840885726537105e-17,2.8796731573734954e-15]","{""PspCorrection"":0.09187494522099392,""Ewald"":-14.186487397403095,""Kinetic"":29.075984450811468,""AtomicNonlocalFR"":-14.214054510747257,""AtomicLocal"":-79.43302742791043,""Hartree"":28.516778812881178,""Xc"":-7.1770568580005945}",PASS,1.4257013430024992e-109,7.109523849762031e-43
