map_index,k_index,target_states,auxiliary_states,ng,initial_source,initial_seed,initial_gram_norm,initial_imaginary_norm,initial_sha256,initial_unchanged,converged,iterations,elapsed_seconds,solver_n_matvec,operator_counts,counts_after_explicit_residual,orthogonality_frobenius,max_explicit_residual_ha
1,1,24,6,2777,Independent ComplexF64 Gaussian whole-column QR,63001,1.515824220993668e-14,3.868411396235862,2994bc5168f0bdda06748b1e9863cae0d298112ef9f4c5088809da876d122615,True,True,35,3.8167989253997803,1080,"{""full_mul_calls"":36,""full_columns"":1080,""fr_mul_calls"":36,""fr_columns"":1080,""common"":{""operator_mul_calls"":36,""operator_columns"":1080,""scalar_mul_calls"":72,""scalar_columns"":2160}}","{""full_mul_calls"":37,""full_columns"":1104,""fr_mul_calls"":37,""fr_columns"":1104,""common"":{""operator_mul_calls"":37,""operator_columns"":1104,""scalar_mul_calls"":74,""scalar_columns"":2208}}",5.540938344900915e-14,6.552159424992374e-11
1,2,24,6,2770,Independent ComplexF64 Gaussian whole-column QR,63002,1.7500874384450505e-14,3.8761006517818406,baae555abbdc51c5ae2027c554971249d370bbfb4a7f6ac9c1eacc336dfcb05b,True,True,35,2.263535976409912,1080,"{""full_mul_calls"":36,""full_columns"":1080,""fr_mul_calls"":36,""fr_columns"":1080,""common"":{""operator_mul_calls"":36,""operator_columns"":1080,""scalar_mul_calls"":72,""scalar_columns"":2160}}","{""full_mul_calls"":37,""full_columns"":1104,""fr_mul_calls"":37,""fr_columns"":1104,""common"":{""operator_mul_calls"":37,""operator_columns"":1104,""scalar_mul_calls"":74,""scalar_columns"":2208}}",4.6061558071060867e-14,6.563827548020068e-11
1,3,24,6,2770,Independent ComplexF64 Gaussian whole-column QR,63003,1.3809228243783476e-14,3.8760908856279634,55766c0b2914f710204e40c48e672f009510900a248e9f8d9eb0878c81594598,True,True,35,2.2504959106445312,1079,"{""full_mul_calls"":36,""full_columns"":1079,""fr_mul_calls"":36,""fr_columns"":1079,""common"":{""operator_mul_calls"":36,""operator_columns"":1079,""scalar_mul_calls"":72,""scalar_columns"":2158}}","{""full_mul_calls"":37,""full_columns"":1103,""fr_mul_calls"":37,""fr_columns"":1103,""common"":{""operator_mul_calls"":37,""operator_columns"":1103,""scalar_mul_calls"":74,""scalar_columns"":2206}}",4.5072847741743476e-14,9.238989255312735e-11
2,1,24,6,2777,Previous map from this run only,63001,5.756523663639913e-14,3.880966325315389,8e2e6b4a9cecee93eefde8034509331258474b34b5d4e495189fdadf6644c06a,True,True,21,1.46415114402771,660,"{""full_mul_calls"":22,""full_columns"":660,""fr_mul_calls"":22,""fr_columns"":660,""common"":{""operator_mul_calls"":22,""operator_columns"":660,""scalar_mul_calls"":44,""scalar_columns"":1320}}","{""full_mul_calls"":23,""full_columns"":684,""fr_mul_calls"":23,""fr_columns"":684,""common"":{""operator_mul_calls"":23,""operator_columns"":684,""scalar_mul_calls"":46,""scalar_columns"":1368}}",3.657884870771305e-14,6.731746743533801e-11
2,2,24,6,2770,Previous map from this run only,63002,5.121324445387312e-14,3.877436719847465,f0f6ff2c0a32aa63ea9bc5227c83b29fac8ec55ffbcbbd3619c829c9385b526c,True,True,23,1.4056220054626465,720,"{""full_mul_calls"":24,""full_columns"":720,""fr_mul_calls"":24,""fr_columns"":720,""common"":{""operator_mul_calls"":24,""operator_columns"":720,""scalar_mul_calls"":48,""scalar_columns"":1440}}","{""full_mul_calls"":25,""full_columns"":744,""fr_mul_calls"":25,""fr_columns"":744,""common"":{""operator_mul_calls"":25,""operator_columns"":744,""scalar_mul_calls"":50,""scalar_columns"":1488}}",4.2315577117223984e-14,5.2305211289421436e-11
2,3,24,6,2770,Previous map from this run only,63003,4.9969341424260306e-14,3.881018865331301,796379f985b371f5b788590461f4899d9660f08c4fd0baa8f4f841d5054dc465,True,True,23,1.3859641551971436,719,"{""full_mul_calls"":24,""full_columns"":719,""fr_mul_calls"":24,""fr_columns"":719,""common"":{""operator_mul_calls"":24,""operator_columns"":719,""scalar_mul_calls"":48,""scalar_columns"":1438}}","{""full_mul_calls"":25,""full_columns"":743,""fr_mul_calls"":25,""fr_columns"":743,""common"":{""operator_mul_calls"":25,""operator_columns"":743,""scalar_mul_calls"":50,""scalar_columns"":1486}}",3.7821569161792865e-14,9.188048618509414e-11
3,1,24,6,2777,Previous map from this run only,63001,4.1063734994573836e-14,3.8703974823270526,62d8510b91ceb1cd0bae9ebe0158ce5fa1ac5b55d92ab4a3328e48cabc8cf54a,True,True,20,1.2141590118408203,630,"{""full_mul_calls"":21,""full_columns"":630,""fr_mul_calls"":21,""fr_columns"":630,""common"":{""operator_mul_calls"":21,""operator_columns"":630,""scalar_mul_calls"":42,""scalar_columns"":1260}}","{""full_mul_calls"":22,""full_columns"":654,""fr_mul_calls"":22,""fr_columns"":654,""common"":{""operator_mul_calls"":22,""operator_columns"":654,""scalar_mul_calls"":44,""scalar_columns"":1308}}",3.219639261131078e-14,5.515761583708922e-11
3,2,24,6,2770,Previous map from this run only,63002,4.694359979684968e-14,3.864591944466196,6b02512b1112ce20877c2b0601f8165d86a1c64f09dd935c5e9a7de17d05e153,True,True,20,1.388772964477539,630,"{""full_mul_calls"":21,""full_columns"":630,""fr_mul_calls"":21,""fr_columns"":630,""common"":{""operator_mul_calls"":21,""operator_columns"":630,""scalar_mul_calls"":42,""scalar_columns"":1260}}","{""full_mul_calls"":22,""full_columns"":654,""fr_mul_calls"":22,""fr_columns"":654,""common"":{""operator_mul_calls"":22,""operator_columns"":654,""scalar_mul_calls"":44,""scalar_columns"":1308}}",3.771632203800598e-14,7.766260770835939e-11
3,3,24,6,2770,Previous map from this run only,63003,4.276244959889797e-14,3.874809339746495,a45b2e818c053411579584a6e8101022038370e558a711efeb7d59ee693a11df,True,True,20,1.2498979568481445,630,"{""full_mul_calls"":21,""full_columns"":630,""fr_mul_calls"":21,""fr_columns"":630,""common"":{""operator_mul_calls"":21,""operator_columns"":630,""scalar_mul_calls"":42,""scalar_columns"":1260}}","{""full_mul_calls"":22,""full_columns"":654,""fr_mul_calls"":22,""fr_columns"":654,""common"":{""operator_mul_calls"":22,""operator_columns"":654,""scalar_mul_calls"":44,""scalar_columns"":1308}}",3.5700434655152667e-14,8.343733204348938e-11
4,1,24,6,2777,Previous map from this run only,63001,3.6143173028259536e-14,3.8706376570670917,5ef99602bb97a1c79aaa75282cd48e07c1d59d1c31c06e3ab0c9c2b56c84a69f,True,True,19,1.1314480304718018,596,"{""full_mul_calls"":20,""full_columns"":596,""fr_mul_calls"":20,""fr_columns"":596,""common"":{""operator_mul_calls"":20,""operator_columns"":596,""scalar_mul_calls"":40,""scalar_columns"":1192}}","{""full_mul_calls"":21,""full_columns"":620,""fr_mul_calls"":21,""fr_columns"":620,""common"":{""operator_mul_calls"":21,""operator_columns"":620,""scalar_mul_calls"":42,""scalar_columns"":1240}}",3.108542929270238e-14,8.769063200586759e-11
4,2,24,6,2770,Previous map from this run only,63002,4.140373821075263e-14,3.8536998188836553,4f72849b3f63efdf6d1e487f6b917d94d7e91a5849efc8be94242805a4ac7011,True,True,19,1.325139045715332,600,"{""full_mul_calls"":20,""full_columns"":600,""fr_mul_calls"":20,""fr_columns"":600,""common"":{""operator_mul_calls"":20,""operator_columns"":600,""scalar_mul_calls"":40,""scalar_columns"":1200}}","{""full_mul_calls"":21,""full_columns"":624,""fr_mul_calls"":21,""fr_columns"":624,""common"":{""operator_mul_calls"":21,""operator_columns"":624,""scalar_mul_calls"":42,""scalar_columns"":1248}}",3.5190834023271776e-14,5.4900345070575184e-11
4,3,24,6,2770,Previous map from this run only,63003,3.9236767132192186e-14,3.8916806055714233,7454cf72e445b414d3c7d6b1cf2e9ac3a61ef17f287709551b0a8a7e0e11ca94,True,True,19,1.149709939956665,600,"{""full_mul_calls"":20,""full_columns"":600,""fr_mul_calls"":20,""fr_columns"":600,""common"":{""operator_mul_calls"":20,""operator_columns"":600,""scalar_mul_calls"":40,""scalar_columns"":1200}}","{""full_mul_calls"":21,""full_columns"":624,""fr_mul_calls"":21,""fr_columns"":624,""common"":{""operator_mul_calls"":21,""operator_columns"":624,""scalar_mul_calls"":42,""scalar_columns"":1248}}",2.9926116907139494e-14,5.822893337036451e-11
5,1,24,6,2777,Previous map from this run only,63001,3.354762701499032e-14,3.868909698207595,00f5002b2529edcc862e1ffe463f35044db9630b49e45d1798fa8bdbc01b4839,True,True,18,1.093533992767334,570,"{""full_mul_calls"":19,""full_columns"":570,""fr_mul_calls"":19,""fr_columns"":570,""common"":{""operator_mul_calls"":19,""operator_columns"":570,""scalar_mul_calls"":38,""scalar_columns"":1140}}","{""full_mul_calls"":20,""full_columns"":594,""fr_mul_calls"":20,""fr_columns"":594,""common"":{""operator_mul_calls"":20,""operator_columns"":594,""scalar_mul_calls"":40,""scalar_columns"":1188}}",2.89987056698945e-14,5.586568068662795e-11
5,2,24,6,2770,Previous map from this run only,63002,3.7500668254166835e-14,3.8588059344118872,24e0b04e38b9a3e615b11224ce81b5918581f3aa626f3c8a15d8254ce12cef0c,True,True,19,1.3246209621429443,600,"{""full_mul_calls"":20,""full_columns"":600,""fr_mul_calls"":20,""fr_columns"":600,""common"":{""operator_mul_calls"":20,""operator_columns"":600,""scalar_mul_calls"":40,""scalar_columns"":1200}}","{""full_mul_calls"":21,""full_columns"":624,""fr_mul_calls"":21,""fr_columns"":624,""common"":{""operator_mul_calls"":21,""operator_columns"":624,""scalar_mul_calls"":42,""scalar_columns"":1248}}",3.165451437317856e-14,4.257964934811002e-11
5,3,24,6,2770,Previous map from this run only,63003,3.5649299632667454e-14,3.845367249124725,d9fcf360c2656c50ae597c4483049d2c21af267bf070a5e65cdfe21485309f32,True,True,19,1.152163028717041,600,"{""full_mul_calls"":20,""full_columns"":600,""fr_mul_calls"":20,""fr_columns"":600,""common"":{""operator_mul_calls"":20,""operator_columns"":600,""scalar_mul_calls"":40,""scalar_columns"":1200}}","{""full_mul_calls"":21,""full_columns"":624,""fr_mul_calls"":21,""fr_columns"":624,""common"":{""operator_mul_calls"":21,""operator_columns"":624,""scalar_mul_calls"":42,""scalar_columns"":1248}}",3.3861931980686476e-14,4.350854312508798e-11
6,1,24,6,2777,Previous map from this run only,63001,3.4403732076079513e-14,3.8895204879314322,985b8d2ac537f11a4d2a08c87658f7ce685bfbf79a3e7ac82dfa848a95f8db34,True,True,17,1.223073959350586,540,"{""full_mul_calls"":18,""full_columns"":540,""fr_mul_calls"":18,""fr_columns"":540,""common"":{""operator_mul_calls"":18,""operator_columns"":540,""scalar_mul_calls"":36,""scalar_columns"":1080}}","{""full_mul_calls"":19,""full_columns"":564,""fr_mul_calls"":19,""fr_columns"":564,""common"":{""operator_mul_calls"":19,""operator_columns"":564,""scalar_mul_calls"":38,""scalar_columns"":1128}}",2.990534381778408e-14,6.756151847860079e-11
6,2,24,6,2770,Previous map from this run only,63002,3.519833736043211e-14,3.8720343322748274,89074751001f70a36e6b6721887ca0247304d00a168cbdcce1cd9d8dddd8f46a,True,True,18,1.0943901538848877,570,"{""full_mul_calls"":19,""full_columns"":570,""fr_mul_calls"":19,""fr_columns"":570,""common"":{""operator_mul_calls"":19,""operator_columns"":570,""scalar_mul_calls"":38,""scalar_columns"":1140}}","{""full_mul_calls"":20,""full_columns"":594,""fr_mul_calls"":20,""fr_columns"":594,""common"":{""operator_mul_calls"":20,""operator_columns"":594,""scalar_mul_calls"":40,""scalar_columns"":1188}}",3.1488510172921116e-14,5.684765316176724e-11
6,3,24,6,2770,Previous map from this run only,63003,3.827821350355839e-14,3.8375085133177667,61eb9ad59749bffb5fdcef53bd2c09544aff802ca9ca583f0b574c8e4d3293a8,True,True,18,1.2661089897155762,570,"{""full_mul_calls"":19,""full_columns"":570,""fr_mul_calls"":19,""fr_columns"":570,""common"":{""operator_mul_calls"":19,""operator_columns"":570,""scalar_mul_calls"":38,""scalar_columns"":1140}}","{""full_mul_calls"":20,""full_columns"":594,""fr_mul_calls"":20,""fr_columns"":594,""common"":{""operator_mul_calls"":20,""operator_columns"":594,""scalar_mul_calls"":40,""scalar_columns"":1188}}",3.259641258116298e-14,5.6364049042652364e-11
7,1,24,6,2777,Previous map from this run only,63001,3.424198365326669e-14,3.8271853969820446,d08886ea9f993ddc1a038bea8912a1ba9a35bcc3c03ec07e66a59f10cd100377,True,True,17,1.0959861278533936,540,"{""full_mul_calls"":18,""full_columns"":540,""fr_mul_calls"":18,""fr_columns"":540,""common"":{""operator_mul_calls"":18,""operator_columns"":540,""scalar_mul_calls"":36,""scalar_columns"":1080}}","{""full_mul_calls"":19,""full_columns"":564,""fr_mul_calls"":19,""fr_columns"":564,""common"":{""operator_mul_calls"":19,""operator_columns"":564,""scalar_mul_calls"":38,""scalar_columns"":1128}}",2.897578606565094e-14,5.833497566876927e-11
7,2,24,6,2770,Previous map from this run only,63002,3.515669408461936e-14,3.8517316291275745,1e0a35ff4aa6f6f17bcc305b845c1b8f94021032006b78988bd38b72053d35ea,True,True,17,1.0521430969238281,540,"{""full_mul_calls"":18,""full_columns"":540,""fr_mul_calls"":18,""fr_columns"":540,""common"":{""operator_mul_calls"":18,""operator_columns"":540,""scalar_mul_calls"":36,""scalar_columns"":1080}}","{""full_mul_calls"":19,""full_columns"":564,""fr_mul_calls"":19,""fr_columns"":564,""common"":{""operator_mul_calls"":19,""operator_columns"":564,""scalar_mul_calls"":38,""scalar_columns"":1128}}",3.165895938297367e-14,8.645628687609098e-11
7,3,24,6,2770,Previous map from this run only,63003,3.7542661651102704e-14,3.8770596889922717,e761d5547e6ec04d2521a88829842d93c76588f82ae6c18ac7c8643db012477d,True,True,17,1.2097439765930176,540,"{""full_mul_calls"":18,""full_columns"":540,""fr_mul_calls"":18,""fr_columns"":540,""common"":{""operator_mul_calls"":18,""operator_columns"":540,""scalar_mul_calls"":36,""scalar_columns"":1080}}","{""full_mul_calls"":19,""full_columns"":564,""fr_mul_calls"":19,""fr_columns"":564,""common"":{""operator_mul_calls"":19,""operator_columns"":564,""scalar_mul_calls"":38,""scalar_columns"":1128}}",2.90179444402226e-14,8.659184893366604e-11
8,1,24,6,2777,Previous map from this run only,63001,3.407970510520283e-14,3.795833290761565,946062e9ef19df2aab6facc7a9a89c774670773da2c20c314dcffaceb08f73ca,True,True,16,0.9800891876220703,510,"{""full_mul_calls"":17,""full_columns"":510,""fr_mul_calls"":17,""fr_columns"":510,""common"":{""operator_mul_calls"":17,""operator_columns"":510,""scalar_mul_calls"":34,""scalar_columns"":1020}}","{""full_mul_calls"":18,""full_columns"":534,""fr_mul_calls"":18,""fr_columns"":534,""common"":{""operator_mul_calls"":18,""operator_columns"":534,""scalar_mul_calls"":36,""scalar_columns"":1068}}",2.527053035228911e-14,7.486911051254025e-11
8,2,24,6,2770,Previous map from this run only,63002,3.3979651986919705e-14,3.875035441321803,0eb6c4d1521dc3a993bbe081932e5da1ca27e1fe2a368902c5143a35d62a487d,True,True,17,1.207474946975708,540,"{""full_mul_calls"":18,""full_columns"":540,""fr_mul_calls"":18,""fr_columns"":540,""common"":{""operator_mul_calls"":18,""operator_columns"":540,""scalar_mul_calls"":36,""scalar_columns"":1080}}","{""full_mul_calls"":19,""full_columns"":564,""fr_mul_calls"":19,""fr_columns"":564,""common"":{""operator_mul_calls"":19,""operator_columns"":564,""scalar_mul_calls"":38,""scalar_columns"":1128}}",3.161527967811846e-14,4.2032223550721374e-11
8,3,24,6,2770,Previous map from this run only,63003,3.3845833240049163e-14,3.917382629169406,e26857db617800ac68d8279d05cd5179a297811b102a438b71ae81b2788a30c8,True,True,17,1.0411961078643799,540,"{""full_mul_calls"":18,""full_columns"":540,""fr_mul_calls"":18,""fr_columns"":540,""common"":{""operator_mul_calls"":18,""operator_columns"":540,""scalar_mul_calls"":36,""scalar_columns"":1080}}","{""full_mul_calls"":19,""full_columns"":564,""fr_mul_calls"":19,""fr_columns"":564,""common"":{""operator_mul_calls"":19,""operator_columns"":564,""scalar_mul_calls"":38,""scalar_columns"":1128}}",3.310445086061832e-14,4.2024543168400104e-11
9,1,24,6,2777,Previous map from this run only,63001,2.811610035994254e-14,3.886679914179387,90491dd32df3f6fb8d39b1e0111555b28789e91eb008842ad9d884e14e860047,True,True,17,1.1985070705413818,536,"{""full_mul_calls"":18,""full_columns"":536,""fr_mul_calls"":18,""fr_columns"":536,""common"":{""operator_mul_calls"":18,""operator_columns"":536,""scalar_mul_calls"":36,""scalar_columns"":1072}}","{""full_mul_calls"":19,""full_columns"":560,""fr_mul_calls"":19,""fr_columns"":560,""common"":{""operator_mul_calls"":19,""operator_columns"":560,""scalar_mul_calls"":38,""scalar_columns"":1120}}",3.52876567004499e-14,6.787801613543402e-11
9,2,24,6,2770,Previous map from this run only,63002,3.4281897357332633e-14,3.9189833230156625,4672a8d858a35d6f5eb55cfb55e72d89026dfba52ca650bc475891cdbfac5af0,True,True,16,0.9781150817871094,510,"{""full_mul_calls"":17,""full_columns"":510,""fr_mul_calls"":17,""fr_columns"":510,""common"":{""operator_mul_calls"":17,""operator_columns"":510,""scalar_mul_calls"":34,""scalar_columns"":1020}}","{""full_mul_calls"":18,""full_columns"":534,""fr_mul_calls"":18,""fr_columns"":534,""common"":{""operator_mul_calls"":18,""operator_columns"":534,""scalar_mul_calls"":36,""scalar_columns"":1068}}",2.9795648277858423e-14,9.347072579147183e-11
9,3,24,6,2770,Previous map from this run only,63003,3.790139183197823e-14,3.9262889836692714,9abc14901d360b6c018e741ce8897cf8abfda09ed7f733f0907d7c86c5644d45,True,True,16,1.152198076248169,510,"{""full_mul_calls"":17,""full_columns"":510,""fr_mul_calls"":17,""fr_columns"":510,""common"":{""operator_mul_calls"":17,""operator_columns"":510,""scalar_mul_calls"":34,""scalar_columns"":1020}}","{""full_mul_calls"":18,""full_columns"":534,""fr_mul_calls"":18,""fr_columns"":534,""common"":{""operator_mul_calls"":18,""operator_columns"":534,""scalar_mul_calls"":36,""scalar_columns"":1068}}",2.463784203710452e-14,9.362456010975505e-11
10,1,24,6,2777,Previous map from this run only,63001,3.7845203801242396e-14,3.8741571656066007,3d836ee21f14d65b8a97d8b5e88ad5a6aa1027f2068a8f16b85ac073ebb73609,True,True,18,0.9937188625335693,521,"{""full_mul_calls"":19,""full_columns"":521,""fr_mul_calls"":19,""fr_columns"":521,""common"":{""operator_mul_calls"":19,""operator_columns"":521,""scalar_mul_calls"":38,""scalar_columns"":1042}}","{""full_mul_calls"":20,""full_columns"":545,""fr_mul_calls"":20,""fr_columns"":545,""common"":{""operator_mul_calls"":20,""operator_columns"":545,""scalar_mul_calls"":40,""scalar_columns"":1090}}",2.9564707690139274e-14,9.305969569477945e-11
10,2,24,6,2770,Previous map from this run only,63002,3.298472274725859e-14,3.8971107374085516,a29263e03341cee319068a1a8cb245ac2b63c4adb8f2d6ca1501961c7f788809,True,True,19,1.2088720798492432,548,"{""full_mul_calls"":20,""full_columns"":548,""fr_mul_calls"":20,""fr_columns"":548,""common"":{""operator_mul_calls"":20,""operator_columns"":548,""scalar_mul_calls"":40,""scalar_columns"":1096}}","{""full_mul_calls"":21,""full_columns"":572,""fr_mul_calls"":21,""fr_columns"":572,""common"":{""operator_mul_calls"":21,""operator_columns"":572,""scalar_mul_calls"":42,""scalar_columns"":1144}}",3.136608885338124e-14,8.164506027924471e-11
10,3,24,6,2770,Previous map from this run only,63003,2.857268530861894e-14,3.906110267664502,57429e451ade3256328a0906ab79e4bdefad15e43db35a198f390faa30f5ef13,True,True,19,1.0830738544464111,548,"{""full_mul_calls"":20,""full_columns"":548,""fr_mul_calls"":20,""fr_columns"":548,""common"":{""operator_mul_calls"":20,""operator_columns"":548,""scalar_mul_calls"":40,""scalar_columns"":1096}}","{""full_mul_calls"":21,""full_columns"":572,""fr_mul_calls"":21,""fr_columns"":572,""common"":{""operator_mul_calls"":21,""operator_columns"":572,""scalar_mul_calls"":42,""scalar_columns"":1144}}",2.8365508023933908e-14,8.39529245729484e-11
11,1,24,6,2777,Previous map from this run only,63001,3.250678926753446e-14,3.774235851326966,0d3c34817fb66d14f0ce8040af252a5356a7b8d902188382e31ede0719d12bcb,True,True,20,1.2299931049346924,546,"{""full_mul_calls"":21,""full_columns"":546,""fr_mul_calls"":21,""fr_columns"":546,""common"":{""operator_mul_calls"":21,""operator_columns"":546,""scalar_mul_calls"":42,""scalar_columns"":1092}}","{""full_mul_calls"":22,""full_columns"":570,""fr_mul_calls"":22,""fr_columns"":570,""common"":{""operator_mul_calls"":22,""operator_columns"":570,""scalar_mul_calls"":44,""scalar_columns"":1140}}",3.046886387794505e-14,9.620222237646619e-11
11,2,24,6,2770,Previous map from this run only,63002,3.65344810208299e-14,3.8340318725511175,5dcb44f8c50543a1e828857e342c6baa5088fdcd8b89db22ac7154875fde940d,True,True,21,1.0465600490570068,560,"{""full_mul_calls"":22,""full_columns"":560,""fr_mul_calls"":22,""fr_columns"":560,""common"":{""operator_mul_calls"":22,""operator_columns"":560,""scalar_mul_calls"":44,""scalar_columns"":1120}}","{""full_mul_calls"":23,""full_columns"":584,""fr_mul_calls"":23,""fr_columns"":584,""common"":{""operator_mul_calls"":23,""operator_columns"":584,""scalar_mul_calls"":46,""scalar_columns"":1168}}",3.4137500609382606e-14,9.327488124124331e-11
11,3,24,6,2770,Previous map from this run only,63003,3.255186559256661e-14,3.827321207494467,522528215b3e80e5ced1771288c538911e00dfd51e173a11a6ea58b75c5f4507,True,True,21,1.2098050117492676,560,"{""full_mul_calls"":22,""full_columns"":560,""fr_mul_calls"":22,""fr_columns"":560,""common"":{""operator_mul_calls"":22,""operator_columns"":560,""scalar_mul_calls"":44,""scalar_columns"":1120}}","{""full_mul_calls"":23,""full_columns"":584,""fr_mul_calls"":23,""fr_columns"":584,""common"":{""operator_mul_calls"":23,""operator_columns"":584,""scalar_mul_calls"":46,""scalar_columns"":1168}}",2.6794131202411276e-14,9.336647606994324e-11
12,1,24,6,2777,Previous map from this run only,63001,3.924230593032116e-14,3.8596466819294157,ebc56b06fd104e265d654366500f83dae37344437bf6cbe40bcd947917ca8f10,True,True,21,1.2065050601959229,558,"{""full_mul_calls"":22,""full_columns"":558,""fr_mul_calls"":22,""fr_columns"":558,""common"":{""operator_mul_calls"":22,""operator_columns"":558,""scalar_mul_calls"":44,""scalar_columns"":1116}}","{""full_mul_calls"":23,""full_columns"":582,""fr_mul_calls"":23,""fr_columns"":582,""common"":{""operator_mul_calls"":23,""operator_columns"":582,""scalar_mul_calls"":46,""scalar_columns"":1164}}",2.983120956269981e-14,9.001637763405013e-11
12,2,24,6,2770,Previous map from this run only,63002,3.8051672078407966e-14,3.9695538016061165,f0db96cc6796afb8f5206316d3d65f6da6e88f70de8d2538fd3a640e429d9f10,True,True,22,1.0969619750976562,586,"{""full_mul_calls"":23,""full_columns"":586,""fr_mul_calls"":23,""fr_columns"":586,""common"":{""operator_mul_calls"":23,""operator_columns"":586,""scalar_mul_calls"":46,""scalar_columns"":1172}}","{""full_mul_calls"":24,""full_columns"":610,""fr_mul_calls"":24,""fr_columns"":610,""common"":{""operator_mul_calls"":24,""operator_columns"":610,""scalar_mul_calls"":48,""scalar_columns"":1220}}",3.5681280357119505e-14,9.273902906611389e-11
12,3,24,6,2770,Previous map from this run only,63003,3.209975186491383e-14,3.95518496229647,d20cab443ea7340b5882a8fb67118b458850b33ebf5dad1012c3b94e915f6249,True,True,22,1.2604119777679443,586,"{""full_mul_calls"":23,""full_columns"":586,""fr_mul_calls"":23,""fr_columns"":586,""common"":{""operator_mul_calls"":23,""operator_columns"":586,""scalar_mul_calls"":46,""scalar_columns"":1172}}","{""full_mul_calls"":24,""full_columns"":610,""fr_mul_calls"":24,""fr_columns"":610,""common"":{""operator_mul_calls"":24,""operator_columns"":610,""scalar_mul_calls"":48,""scalar_columns"":1220}}",3.369933230500002e-14,9.75473849917545e-11
13,1,24,6,2777,Previous map from this run only,63001,3.257284539975398e-14,3.8585457497574778,38e2dc36e157e4fa8d1a49b9f49b4a4d6295f3d4daf90e1b185a211f33252dc8,True,True,23,1.0747220516204834,581,"{""full_mul_calls"":24,""full_columns"":581,""fr_mul_calls"":24,""fr_columns"":581,""common"":{""operator_mul_calls"":24,""operator_columns"":581,""scalar_mul_calls"":48,""scalar_columns"":1162}}","{""full_mul_calls"":25,""full_columns"":605,""fr_mul_calls"":25,""fr_columns"":605,""common"":{""operator_mul_calls"":25,""operator_columns"":605,""scalar_mul_calls"":50,""scalar_columns"":1210}}",2.88031460080221e-14,8.762039109674835e-11
13,2,24,6,2770,Previous map from this run only,63002,3.8301936385694295e-14,3.861228485808925,c0d0deaa63be078584bdc84d94a70a9726a1db73f1508ad73785ffc3da4d8f99,True,True,27,1.3163750171661377,623,"{""full_mul_calls"":28,""full_columns"":623,""fr_mul_calls"":28,""fr_columns"":623,""common"":{""operator_mul_calls"":28,""operator_columns"":623,""scalar_mul_calls"":56,""scalar_columns"":1246}}","{""full_mul_calls"":29,""full_columns"":647,""fr_mul_calls"":29,""fr_columns"":647,""common"":{""operator_mul_calls"":29,""operator_columns"":647,""scalar_mul_calls"":58,""scalar_columns"":1294}}",3.166389730889816e-14,9.448030095949488e-11
13,3,24,6,2770,Previous map from this run only,63003,3.813189388595199e-14,3.873046507694259,8b5552e8fa785fd7c8e675b6b99be31a30e53f58c8f9c08f3d394a7b01dfcb65,True,True,26,1.134512186050415,616,"{""full_mul_calls"":27,""full_columns"":616,""fr_mul_calls"":27,""fr_columns"":616,""common"":{""operator_mul_calls"":27,""operator_columns"":616,""scalar_mul_calls"":54,""scalar_columns"":1232}}","{""full_mul_calls"":28,""full_columns"":640,""fr_mul_calls"":28,""fr_columns"":640,""common"":{""operator_mul_calls"":28,""operator_columns"":640,""scalar_mul_calls"":56,""scalar_columns"":1280}}",3.3794787602599306e-14,9.653009199606813e-11
14,1,24,6,2777,Previous map from this run only,63001,3.3214061167452084e-14,3.8677167721315975,817b3d5ea6f0785c30746edc8ad0afe792c76f4ebf34d5acb50565832f4148f7,True,True,22,1.0450010299682617,563,"{""full_mul_calls"":23,""full_columns"":563,""fr_mul_calls"":23,""fr_columns"":563,""common"":{""operator_mul_calls"":23,""operator_columns"":563,""scalar_mul_calls"":46,""scalar_columns"":1126}}","{""full_mul_calls"":24,""full_columns"":587,""fr_mul_calls"":24,""fr_columns"":587,""common"":{""operator_mul_calls"":24,""operator_columns"":587,""scalar_mul_calls"":48,""scalar_columns"":1174}}",2.7706499639819444e-14,8.619086328517082e-11
14,2,24,6,2770,Previous map from this run only,63002,3.4398155312583743e-14,3.793232002935418,04c48728f65fca1c3996f420edaee530e566cd52b2c21587bdc8e735bcc2dfee,True,True,27,1.3300318717956543,620,"{""full_mul_calls"":28,""full_columns"":620,""fr_mul_calls"":28,""fr_columns"":620,""common"":{""operator_mul_calls"":28,""operator_columns"":620,""scalar_mul_calls"":56,""scalar_columns"":1240}}","{""full_mul_calls"":29,""full_columns"":644,""fr_mul_calls"":29,""fr_columns"":644,""common"":{""operator_mul_calls"":29,""operator_columns"":644,""scalar_mul_calls"":58,""scalar_columns"":1288}}",3.128335568748689e-14,9.751211101400234e-11
14,3,24,6,2770,Previous map from this run only,63003,3.669991765805335e-14,3.898831131932486,14a076488c441a1a55cdabe10abfba45674eddcce672b27bdd039cb2aac8d87d,True,True,28,1.1517908573150635,630,"{""full_mul_calls"":29,""full_columns"":630,""fr_mul_calls"":29,""fr_columns"":630,""common"":{""operator_mul_calls"":29,""operator_columns"":630,""scalar_mul_calls"":58,""scalar_columns"":1260}}","{""full_mul_calls"":30,""full_columns"":654,""fr_mul_calls"":30,""fr_columns"":654,""common"":{""operator_mul_calls"":30,""operator_columns"":654,""scalar_mul_calls"":60,""scalar_columns"":1308}}",2.716334813262893e-14,9.347371070765889e-11
15,1,24,6,2777,Previous map from this run only,63001,3.0387184063511626e-14,3.9047883650627746,7b7d3894237e059e1921d6388296c30b0188fe264dc07f96826ed3f245a6683b,True,True,22,1.204813003540039,553,"{""full_mul_calls"":23,""full_columns"":553,""fr_mul_calls"":23,""fr_columns"":553,""common"":{""operator_mul_calls"":23,""operator_columns"":553,""scalar_mul_calls"":46,""scalar_columns"":1106}}","{""full_mul_calls"":24,""full_columns"":577,""fr_mul_calls"":24,""fr_columns"":577,""common"":{""operator_mul_calls"":24,""operator_columns"":577,""scalar_mul_calls"":48,""scalar_columns"":1154}}",2.739580504532585e-14,8.163260964474024e-11
15,2,24,6,2770,Previous map from this run only,63002,3.592117174166076e-14,3.913693454377783,d856705fc17c9eeb77f0310a5797d9545a1d4954e5f72f62fb486483cc21c242,True,True,28,1.2295348644256592,632,"{""full_mul_calls"":29,""full_columns"":632,""fr_mul_calls"":29,""fr_columns"":632,""common"":{""operator_mul_calls"":29,""operator_columns"":632,""scalar_mul_calls"":58,""scalar_columns"":1264}}","{""full_mul_calls"":30,""full_columns"":656,""fr_mul_calls"":30,""fr_columns"":656,""common"":{""operator_mul_calls"":30,""operator_columns"":656,""scalar_mul_calls"":60,""scalar_columns"":1312}}",2.9136151366829776e-14,9.977323416948614e-11
15,3,24,6,2770,Previous map from this run only,63003,3.3871409237939145e-14,3.8908786968794797,90805de6ea38c6ae360eba65fa6c5a039a3280190525c071f8252c5c84ef406e,True,True,28,1.3582539558410645,632,"{""full_mul_calls"":29,""full_columns"":632,""fr_mul_calls"":29,""fr_columns"":632,""common"":{""operator_mul_calls"":29,""operator_columns"":632,""scalar_mul_calls"":58,""scalar_columns"":1264}}","{""full_mul_calls"":30,""full_columns"":656,""fr_mul_calls"":30,""fr_columns"":656,""common"":{""operator_mul_calls"":30,""operator_columns"":656,""scalar_mul_calls"":60,""scalar_columns"":1312}}",3.0678513601382126e-14,9.204156442981451e-11
16,1,24,6,2777,Previous map from this run only,63001,3.3882707625604e-14,3.790787183222136,e064c3dd4e02eeb968bf43ca06db2be8a020fcbe384b507bb7c42a0b2b8f332b,True,True,24,1.2152810096740723,560,"{""full_mul_calls"":25,""full_columns"":560,""fr_mul_calls"":25,""fr_columns"":560,""common"":{""operator_mul_calls"":25,""operator_columns"":560,""scalar_mul_calls"":50,""scalar_columns"":1120}}","{""full_mul_calls"":26,""full_columns"":584,""fr_mul_calls"":26,""fr_columns"":584,""common"":{""operator_mul_calls"":26,""operator_columns"":584,""scalar_mul_calls"":52,""scalar_columns"":1168}}",2.525002850132715e-14,7.760192829938865e-11
16,2,24,6,2770,Previous map from this run only,63002,3.406320724329757e-14,3.851019151586477,396a3786d0c9afb6e00d1507a6730ee1bcb5880f26689c8974bda5086ebb4591,True,True,29,1.1259500980377197,626,"{""full_mul_calls"":30,""full_columns"":626,""fr_mul_calls"":30,""fr_columns"":626,""common"":{""operator_mul_calls"":30,""operator_columns"":626,""scalar_mul_calls"":60,""scalar_columns"":1252}}","{""full_mul_calls"":31,""full_columns"":650,""fr_mul_calls"":31,""fr_columns"":650,""common"":{""operator_mul_calls"":31,""operator_columns"":650,""scalar_mul_calls"":62,""scalar_columns"":1300}}",3.5331914185476233e-14,9.974454750646147e-11
16,3,24,6,2770,Previous map from this run only,63003,3.744059365179285e-14,3.8899343069999732,2fa04554449490affe5e2d3ee03899b4ed27144d8f0c26c91ab2618cda92e52d,True,True,29,1.3337581157684326,629,"{""full_mul_calls"":30,""full_columns"":629,""fr_mul_calls"":30,""fr_columns"":629,""common"":{""operator_mul_calls"":30,""operator_columns"":629,""scalar_mul_calls"":60,""scalar_columns"":1258}}","{""full_mul_calls"":31,""full_columns"":653,""fr_mul_calls"":31,""fr_columns"":653,""common"":{""operator_mul_calls"":31,""operator_columns"":653,""scalar_mul_calls"":62,""scalar_columns"":1306}}",3.288382459997417e-14,9.892559138792043e-11
17,1,24,6,2777,Previous map from this run only,63001,3.254832258049612e-14,3.8997998894058004,271a20525bd83db5c5b8fd80c2581fa04005230baefaa559ec35d5126c27a182,True,True,25,1.2681031227111816,572,"{""full_mul_calls"":26,""full_columns"":572,""fr_mul_calls"":26,""fr_columns"":572,""common"":{""operator_mul_calls"":26,""operator_columns"":572,""scalar_mul_calls"":52,""scalar_columns"":1144}}","{""full_mul_calls"":27,""full_columns"":596,""fr_mul_calls"":27,""fr_columns"":596,""common"":{""operator_mul_calls"":27,""operator_columns"":596,""scalar_mul_calls"":54,""scalar_columns"":1192}}",2.869266340037039e-14,9.671726787061838e-11
17,2,24,6,2770,Previous map from this run only,63002,3.9749516581938455e-14,3.8587730268602702,d404270808eb937bf2a499bf350f7320b5ed2c6c81ff4b59e006591831a00678,True,True,29,1.1664400100708008,632,"{""full_mul_calls"":30,""full_columns"":632,""fr_mul_calls"":30,""fr_columns"":632,""common"":{""operator_mul_calls"":30,""operator_columns"":632,""scalar_mul_calls"":60,""scalar_columns"":1264}}","{""full_mul_calls"":31,""full_columns"":656,""fr_mul_calls"":31,""fr_columns"":656,""common"":{""operator_mul_calls"":31,""operator_columns"":656,""scalar_mul_calls"":62,""scalar_columns"":1312}}",2.8660316708315526e-14,9.53318515269293e-11
17,3,24,6,2770,Previous map from this run only,63003,4.0007431724055976e-14,3.8750608596843388,0fda7201d21f9adbddef93b561e06f32f153c6631ec8998944377af66faa6809,True,True,29,1.3320209980010986,633,"{""full_mul_calls"":30,""full_columns"":633,""fr_mul_calls"":30,""fr_columns"":633,""common"":{""operator_mul_calls"":30,""operator_columns"":633,""scalar_mul_calls"":60,""scalar_columns"":1266}}","{""full_mul_calls"":31,""full_columns"":657,""fr_mul_calls"":31,""fr_columns"":657,""common"":{""operator_mul_calls"":31,""operator_columns"":657,""scalar_mul_calls"":62,""scalar_columns"":1314}}",3.579782848585752e-14,9.217946211747213e-11
18,1,24,6,2777,Previous map from this run only,63001,3.453054873010431e-14,3.8218325461110183,2f0cb0eeb9461706bda056c99255cd3a1dceeba846ab2a15dab671685cb2983a,True,True,29,1.2562880516052246,604,"{""full_mul_calls"":30,""full_columns"":604,""fr_mul_calls"":30,""fr_columns"":604,""common"":{""operator_mul_calls"":30,""operator_columns"":604,""scalar_mul_calls"":60,""scalar_columns"":1208}}","{""full_mul_calls"":31,""full_columns"":628,""fr_mul_calls"":31,""fr_columns"":628,""common"":{""operator_mul_calls"":31,""operator_columns"":628,""scalar_mul_calls"":62,""scalar_columns"":1256}}",3.1133093798237994e-14,9.581385321561505e-11
18,2,24,6,2770,Previous map from this run only,63002,3.927511487764527e-14,3.9338049621990328,27b899b7ece87023e12f2e2ebd3c325eb9c21947358832ec011478eb93c451c5,True,True,30,1.1524250507354736,641,"{""full_mul_calls"":31,""full_columns"":641,""fr_mul_calls"":31,""fr_columns"":641,""common"":{""operator_mul_calls"":31,""operator_columns"":641,""scalar_mul_calls"":62,""scalar_columns"":1282}}","{""full_mul_calls"":32,""full_columns"":665,""fr_mul_calls"":32,""fr_columns"":665,""common"":{""operator_mul_calls"":32,""operator_columns"":665,""scalar_mul_calls"":64,""scalar_columns"":1330}}",3.244283584643261e-14,9.534413044114701e-11
18,3,24,6,2770,Previous map from this run only,63003,4.1853578083562255e-14,3.9344219895930403,c03707e41355517ef38df54ac3f298c622fd5b7fcf14b520a7760c3eeeeceaff,True,True,30,1.3205809593200684,640,"{""full_mul_calls"":31,""full_columns"":640,""fr_mul_calls"":31,""fr_columns"":640,""common"":{""operator_mul_calls"":31,""operator_columns"":640,""scalar_mul_calls"":62,""scalar_columns"":1280}}","{""full_mul_calls"":32,""full_columns"":664,""fr_mul_calls"":32,""fr_columns"":664,""common"":{""operator_mul_calls"":32,""operator_columns"":664,""scalar_mul_calls"":64,""scalar_columns"":1328}}",3.355430588005309e-14,9.817084383717366e-11
19,1,24,6,2777,Previous map from this run only,63001,3.3351408473843815e-14,3.820133270785085,7c0c720185e99a70c54dba3f9b040ebf73b61461701e68c8c5096a00107d6d2e,True,True,32,1.1331698894500732,640,"{""full_mul_calls"":33,""full_columns"":640,""fr_mul_calls"":33,""fr_columns"":640,""common"":{""operator_mul_calls"":33,""operator_columns"":640,""scalar_mul_calls"":66,""scalar_columns"":1280}}","{""full_mul_calls"":34,""full_columns"":664,""fr_mul_calls"":34,""fr_columns"":664,""common"":{""operator_mul_calls"":34,""operator_columns"":664,""scalar_mul_calls"":68,""scalar_columns"":1328}}",3.098467698399668e-14,6.909389987814059e-11
19,2,24,6,2770,Previous map from this run only,63002,3.7835519392356504e-14,3.85247321182759,51df095571802fa8e8a83b39b7ad893cdfcebed6c54811af403ed0c973140630,True,True,29,1.304171085357666,631,"{""full_mul_calls"":30,""full_columns"":631,""fr_mul_calls"":30,""fr_columns"":631,""common"":{""operator_mul_calls"":30,""operator_columns"":631,""scalar_mul_calls"":60,""scalar_columns"":1262}}","{""full_mul_calls"":31,""full_columns"":655,""fr_mul_calls"":31,""fr_columns"":655,""common"":{""operator_mul_calls"":31,""operator_columns"":655,""scalar_mul_calls"":62,""scalar_columns"":1310}}",3.2049350992173645e-14,9.779055995798312e-11
19,3,24,6,2770,Previous map from this run only,63003,4.129585062728865e-14,3.888256647040437,77a98e69ab079b7e1cb0162a10996d064eb89f7dae5da0bbf32da0da6e716d05,True,True,29,1.1417980194091797,632,"{""full_mul_calls"":30,""full_columns"":632,""fr_mul_calls"":30,""fr_columns"":632,""common"":{""operator_mul_calls"":30,""operator_columns"":632,""scalar_mul_calls"":60,""scalar_columns"":1264}}","{""full_mul_calls"":31,""full_columns"":656,""fr_mul_calls"":31,""fr_columns"":656,""common"":{""operator_mul_calls"":31,""operator_columns"":656,""scalar_mul_calls"":62,""scalar_columns"":1312}}",3.26969360115634e-14,8.790853835828085e-11
20,1,24,6,2777,Previous map from this run only,63001,3.45216365179629e-14,3.8588442416164432,d96f41dcdce85b1e871dfab32d67683a0ee8c558d39a8be2f6097154bf0d8176,True,True,33,1.1185040473937988,638,"{""full_mul_calls"":34,""full_columns"":638,""fr_mul_calls"":34,""fr_columns"":638,""common"":{""operator_mul_calls"":34,""operator_columns"":638,""scalar_mul_calls"":68,""scalar_columns"":1276}}","{""full_mul_calls"":35,""full_columns"":662,""fr_mul_calls"":35,""fr_columns"":662,""common"":{""operator_mul_calls"":35,""operator_columns"":662,""scalar_mul_calls"":70,""scalar_columns"":1324}}",2.7848665075003238e-14,8.812790439625316e-11
20,2,24,6,2770,Previous map from this run only,63002,3.76179634012649e-14,3.853550330453,143bf30bf664f4128b1a4049e80ee19eb718d3f0cd451a8e5801e2b87621c173,True,True,28,1.2941350936889648,626,"{""full_mul_calls"":29,""full_columns"":626,""fr_mul_calls"":29,""fr_columns"":626,""common"":{""operator_mul_calls"":29,""operator_columns"":626,""scalar_mul_calls"":58,""scalar_columns"":1252}}","{""full_mul_calls"":30,""full_columns"":650,""fr_mul_calls"":30,""fr_columns"":650,""common"":{""operator_mul_calls"":30,""operator_columns"":650,""scalar_mul_calls"":60,""scalar_columns"":1300}}",3.2297149110771464e-14,7.867221360703566e-11
20,3,24,6,2770,Previous map from this run only,63003,4.263556218952256e-14,4.020749859557786,d45ef81144d9ec44c8d3863790bcd05863214d69dcf607dfb85e67824e275425,True,True,28,1.1303308010101318,623,"{""full_mul_calls"":29,""full_columns"":623,""fr_mul_calls"":29,""fr_columns"":623,""common"":{""operator_mul_calls"":29,""operator_columns"":623,""scalar_mul_calls"":58,""scalar_columns"":1246}}","{""full_mul_calls"":30,""full_columns"":647,""fr_mul_calls"":30,""fr_columns"":647,""common"":{""operator_mul_calls"":30,""operator_columns"":647,""scalar_mul_calls"":60,""scalar_columns"":1294}}",2.7214184134653756e-14,9.10642448865228e-11
21,1,24,6,2777,Previous map from this run only,63001,3.261106883801893e-14,3.8686748937130453,d2c1d9fa001e619bffddd8bb1ea39c2d660349a05707d4ee2b26c86a6da9aebd,True,True,36,1.318047046661377,652,"{""full_mul_calls"":37,""full_columns"":652,""fr_mul_calls"":37,""fr_columns"":652,""common"":{""operator_mul_calls"":37,""operator_columns"":652,""scalar_mul_calls"":74,""scalar_columns"":1304}}","{""full_mul_calls"":38,""full_columns"":676,""fr_mul_calls"":38,""fr_columns"":676,""common"":{""operator_mul_calls"":38,""operator_columns"":676,""scalar_mul_calls"":76,""scalar_columns"":1352}}",2.6105253763975466e-14,9.725748634111501e-11
21,2,24,6,2770,Previous map from this run only,63002,3.9174349779393045e-14,3.9167494968751084,c5f109fc5543c00e3d9b19b5808a0592b67d6a877f8e2383d62ca2fb7355d6c7,True,True,27,1.0891549587249756,607,"{""full_mul_calls"":28,""full_columns"":607,""fr_mul_calls"":28,""fr_columns"":607,""common"":{""operator_mul_calls"":28,""operator_columns"":607,""scalar_mul_calls"":56,""scalar_columns"":1214}}","{""full_mul_calls"":29,""full_columns"":631,""fr_mul_calls"":29,""fr_columns"":631,""common"":{""operator_mul_calls"":29,""operator_columns"":631,""scalar_mul_calls"":58,""scalar_columns"":1262}}",3.404077130697878e-14,9.942914530852931e-11
21,3,24,6,2770,Previous map from this run only,63003,3.439415842175492e-14,3.917438180373012,b9c78e3bceb15b9d016bfc214c7491fcb4cf473c282ee2689eadea9f556c98f3,True,True,27,1.2499010562896729,607,"{""full_mul_calls"":28,""full_columns"":607,""fr_mul_calls"":28,""fr_columns"":607,""common"":{""operator_mul_calls"":28,""operator_columns"":607,""scalar_mul_calls"":56,""scalar_columns"":1214}}","{""full_mul_calls"":29,""full_columns"":631,""fr_mul_calls"":29,""fr_columns"":631,""common"":{""operator_mul_calls"":29,""operator_columns"":631,""scalar_mul_calls"":58,""scalar_columns"":1262}}",3.0306209837012887e-14,9.549804196212054e-11
22,1,24,6,2777,Previous map from this run only,63001,3.178363615727995e-14,3.7884471983709953,0d750975a54b4d4b49a4990519a41b1a30d0c455c5f59c0b0738ee6e4d81a25d,True,True,36,1.3485000133514404,664,"{""full_mul_calls"":37,""full_columns"":664,""fr_mul_calls"":37,""fr_columns"":664,""common"":{""operator_mul_calls"":37,""operator_columns"":664,""scalar_mul_calls"":74,""scalar_columns"":1328}}","{""full_mul_calls"":38,""full_columns"":688,""fr_mul_calls"":38,""fr_columns"":688,""common"":{""operator_mul_calls"":38,""operator_columns"":688,""scalar_mul_calls"":76,""scalar_columns"":1376}}",2.6240238829360698e-14,9.9982442622555e-11
22,2,24,6,2770,Previous map from this run only,63002,3.809491403278222e-14,3.958548448594706,b258cab85658ef8e46102d3f89ef893634306a23664eb97f5a9d4e4f4781e73d,True,True,27,1.0859448909759521,608,"{""full_mul_calls"":28,""full_columns"":608,""fr_mul_calls"":28,""fr_columns"":608,""common"":{""operator_mul_calls"":28,""operator_columns"":608,""scalar_mul_calls"":56,""scalar_columns"":1216}}","{""full_mul_calls"":29,""full_columns"":632,""fr_mul_calls"":29,""fr_columns"":632,""common"":{""operator_mul_calls"":29,""operator_columns"":632,""scalar_mul_calls"":58,""scalar_columns"":1264}}",2.826747839785692e-14,9.30933349130003e-11
22,3,24,6,2770,Previous map from this run only,63003,3.579582781704198e-14,3.833289938622595,661d65d0583af285af2a4a4e246f5e25cf61c36875b34382cdf7dc32feb7bd18,True,True,27,1.2516820430755615,608,"{""full_mul_calls"":28,""full_columns"":608,""fr_mul_calls"":28,""fr_columns"":608,""common"":{""operator_mul_calls"":28,""operator_columns"":608,""scalar_mul_calls"":56,""scalar_columns"":1216}}","{""full_mul_calls"":29,""full_columns"":632,""fr_mul_calls"":29,""fr_columns"":632,""common"":{""operator_mul_calls"":29,""operator_columns"":632,""scalar_mul_calls"":58,""scalar_columns"":1264}}",3.3421888637571323e-14,9.769825819347139e-11
23,1,24,6,2777,Previous map from this run only,63001,3.265588286101675e-14,3.8386812441639417,59b16bece918fd734836b2aee82ba1b9ac3fe9c82430a32ffb745ae030686e49,True,True,37,1.3616440296173096,670,"{""full_mul_calls"":38,""full_columns"":670,""fr_mul_calls"":38,""fr_columns"":670,""common"":{""operator_mul_calls"":38,""operator_columns"":670,""scalar_mul_calls"":76,""scalar_columns"":1340}}","{""full_mul_calls"":39,""full_columns"":694,""fr_mul_calls"":39,""fr_columns"":694,""common"":{""operator_mul_calls"":39,""operator_columns"":694,""scalar_mul_calls"":78,""scalar_columns"":1388}}",2.7182396889779778e-14,8.25226051287615e-11
23,2,24,6,2770,Previous map from this run only,63002,4.0789366502645763e-14,3.948585001304108,20511c8f2973dc8cf5cc27484f77ac46cbedeb1f97bf3ddbdb75dca14bd4660e,True,True,26,1.081820011138916,602,"{""full_mul_calls"":27,""full_columns"":602,""fr_mul_calls"":27,""fr_columns"":602,""common"":{""operator_mul_calls"":27,""operator_columns"":602,""scalar_mul_calls"":54,""scalar_columns"":1204}}","{""full_mul_calls"":28,""full_columns"":626,""fr_mul_calls"":28,""fr_columns"":626,""common"":{""operator_mul_calls"":28,""operator_columns"":626,""scalar_mul_calls"":56,""scalar_columns"":1252}}",2.4316372859022173e-14,8.43048671901936e-11
23,3,24,6,2770,Previous map from this run only,63003,3.816171695855852e-14,3.644423453334277,069adeb0cca127e201f46112714d669d03790a6c115d73ba3c7841132e72496f,True,True,26,1.259058952331543,602,"{""full_mul_calls"":27,""full_columns"":602,""fr_mul_calls"":27,""fr_columns"":602,""common"":{""operator_mul_calls"":27,""operator_columns"":602,""scalar_mul_calls"":54,""scalar_columns"":1204}}","{""full_mul_calls"":28,""full_columns"":626,""fr_mul_calls"":28,""fr_columns"":626,""common"":{""operator_mul_calls"":28,""operator_columns"":626,""scalar_mul_calls"":56,""scalar_columns"":1252}}",3.4331279032420025e-14,9.286894109529634e-11
24,1,24,6,2777,Previous map from this run only,63001,3.4004169719518234e-14,3.8725896260730712,9e880a9572a1fec9d72f67cd49ef340c009b442d0239571dc614f71caac2b29e,True,True,39,1.3755409717559814,686,"{""full_mul_calls"":40,""full_columns"":686,""fr_mul_calls"":40,""fr_columns"":686,""common"":{""operator_mul_calls"":40,""operator_columns"":686,""scalar_mul_calls"":80,""scalar_columns"":1372}}","{""full_mul_calls"":41,""full_columns"":710,""fr_mul_calls"":41,""fr_columns"":710,""common"":{""operator_mul_calls"":41,""operator_columns"":710,""scalar_mul_calls"":82,""scalar_columns"":1420}}",2.593003283834822e-14,8.97752068899359e-11
24,2,24,6,2770,Previous map from this run only,63002,2.85813896685277e-14,3.956597742511085,6e630a0df64d9467a5e1b1fe67d0876b8f72cda18c7ad76921f1a439d81cbc32,True,True,26,1.0723490715026855,590,"{""full_mul_calls"":27,""full_columns"":590,""fr_mul_calls"":27,""fr_columns"":590,""common"":{""operator_mul_calls"":27,""operator_columns"":590,""scalar_mul_calls"":54,""scalar_columns"":1180}}","{""full_mul_calls"":28,""full_columns"":614,""fr_mul_calls"":28,""fr_columns"":614,""common"":{""operator_mul_calls"":28,""operator_columns"":614,""scalar_mul_calls"":56,""scalar_columns"":1228}}",3.039581131350674e-14,9.275036327379944e-11
24,3,24,6,2770,Previous map from this run only,63003,3.895615171839054e-14,3.8777463179866984,c3fee3b1848a0130ad717e32f7bd56d123bdcab049d8cc3853caf97fb43a2412,True,True,26,1.2422230243682861,590,"{""full_mul_calls"":27,""full_columns"":590,""fr_mul_calls"":27,""fr_columns"":590,""common"":{""operator_mul_calls"":27,""operator_columns"":590,""scalar_mul_calls"":54,""scalar_columns"":1180}}","{""full_mul_calls"":28,""full_columns"":614,""fr_mul_calls"":28,""fr_columns"":614,""common"":{""operator_mul_calls"":28,""operator_columns"":614,""scalar_mul_calls"":56,""scalar_columns"":1228}}",3.3039558275895286e-14,9.47194451792873e-11
25,1,24,6,2777,Previous map from this run only,63001,3.534295678859498e-14,3.9140071194368953,736f6123eeb1d72057933c0b146a92e3e02a1563c421869061aebdeffb29dfd9,True,True,36,1.3072588443756104,654,"{""full_mul_calls"":37,""full_columns"":654,""fr_mul_calls"":37,""fr_columns"":654,""common"":{""operator_mul_calls"":37,""operator_columns"":654,""scalar_mul_calls"":74,""scalar_columns"":1308}}","{""full_mul_calls"":38,""full_columns"":678,""fr_mul_calls"":38,""fr_columns"":678,""common"":{""operator_mul_calls"":38,""operator_columns"":678,""scalar_mul_calls"":76,""scalar_columns"":1356}}",2.523338124221698e-14,9.887793442285091e-11
25,2,24,6,2770,Previous map from this run only,63002,3.4614101263681816e-14,3.8942747122091634,33dad55db56cd3e806acb6a9d0a00daa23d6d25970a042a48d6d3d6344872130,True,True,26,1.1034691333770752,587,"{""full_mul_calls"":27,""full_columns"":587,""fr_mul_calls"":27,""fr_columns"":587,""common"":{""operator_mul_calls"":27,""operator_columns"":587,""scalar_mul_calls"":54,""scalar_columns"":1174}}","{""full_mul_calls"":28,""full_columns"":611,""fr_mul_calls"":28,""fr_columns"":611,""common"":{""operator_mul_calls"":28,""operator_columns"":611,""scalar_mul_calls"":56,""scalar_columns"":1222}}",2.2649153526011815e-14,9.713230973941334e-11
25,3,24,6,2770,Previous map from this run only,63003,4.084286661856886e-14,3.8202726675649457,852a37e0f7310e0115a56f6bbfe0d0e60d747f6b3be15c538c2f77c9ccb9a16b,True,True,26,1.2885921001434326,586,"{""full_mul_calls"":27,""full_columns"":586,""fr_mul_calls"":27,""fr_columns"":586,""common"":{""operator_mul_calls"":27,""operator_columns"":586,""scalar_mul_calls"":54,""scalar_columns"":1172}}","{""full_mul_calls"":28,""full_columns"":610,""fr_mul_calls"":28,""fr_columns"":610,""common"":{""operator_mul_calls"":28,""operator_columns"":610,""scalar_mul_calls"":56,""scalar_columns"":1220}}",3.3678461038533704e-14,9.65445613302163e-11
26,1,24,6,2777,Previous map from this run only,63001,3.0139394049661104e-14,3.860737423464556,f00910e750bfbe95b4be12f82bcb599c57c542895532d47800cd58d416b223e9,True,True,38,1.2853620052337646,668,"{""full_mul_calls"":39,""full_columns"":668,""fr_mul_calls"":39,""fr_columns"":668,""common"":{""operator_mul_calls"":39,""operator_columns"":668,""scalar_mul_calls"":78,""scalar_columns"":1336}}","{""full_mul_calls"":40,""full_columns"":692,""fr_mul_calls"":40,""fr_columns"":692,""common"":{""operator_mul_calls"":40,""operator_columns"":692,""scalar_mul_calls"":80,""scalar_columns"":1384}}",2.833712794192349e-14,9.885311280028498e-11
26,2,24,6,2770,Previous map from this run only,63002,2.734639648923297e-14,3.88530014566353,215a11225d9d34affe3c3cd28ce4c6c7ce264b7b55142f941e09513f303b1e58,True,True,24,1.0470478534698486,566,"{""full_mul_calls"":25,""full_columns"":566,""fr_mul_calls"":25,""fr_columns"":566,""common"":{""operator_mul_calls"":25,""operator_columns"":566,""scalar_mul_calls"":50,""scalar_columns"":1132}}","{""full_mul_calls"":26,""full_columns"":590,""fr_mul_calls"":26,""fr_columns"":590,""common"":{""operator_mul_calls"":26,""operator_columns"":590,""scalar_mul_calls"":52,""scalar_columns"":1180}}",3.00714574046026e-14,9.903451364022808e-11
26,3,24,6,2770,Previous map from this run only,63003,3.908783430462901e-14,3.8194241648675558,89ed5f17a078a6d4aa80e522dc8ee7db08073bb4c74d7987d4e272e6de5b5702,True,True,25,1.2188971042633057,574,"{""full_mul_calls"":26,""full_columns"":574,""fr_mul_calls"":26,""fr_columns"":574,""common"":{""operator_mul_calls"":26,""operator_columns"":574,""scalar_mul_calls"":52,""scalar_columns"":1148}}","{""full_mul_calls"":27,""full_columns"":598,""fr_mul_calls"":27,""fr_columns"":598,""common"":{""operator_mul_calls"":27,""operator_columns"":598,""scalar_mul_calls"":54,""scalar_columns"":1196}}",3.1614337695617356e-14,9.91763361025207e-11
27,1,24,6,2777,Previous map from this run only,63001,3.5966810332539926e-14,3.784455308165407,68e6b6cb0599ac5022567920271eacf17ac59e47be900a2f5b0191194bfa2318,True,True,39,1.3467671871185303,674,"{""full_mul_calls"":40,""full_columns"":674,""fr_mul_calls"":40,""fr_columns"":674,""common"":{""operator_mul_calls"":40,""operator_columns"":674,""scalar_mul_calls"":80,""scalar_columns"":1348}}","{""full_mul_calls"":41,""full_columns"":698,""fr_mul_calls"":41,""fr_columns"":698,""common"":{""operator_mul_calls"":41,""operator_columns"":698,""scalar_mul_calls"":82,""scalar_columns"":1396}}",2.878946555170862e-14,9.67296917199598e-11
27,2,24,6,2770,Previous map from this run only,63002,3.8514234291176095e-14,3.842603569461793,f879dd80d5717859fbc25bb83a983dfa919a155383d5a51bfb6971f968508601,True,True,24,1.0284748077392578,566,"{""full_mul_calls"":25,""full_columns"":566,""fr_mul_calls"":25,""fr_columns"":566,""common"":{""operator_mul_calls"":25,""operator_columns"":566,""scalar_mul_calls"":50,""scalar_columns"":1132}}","{""full_mul_calls"":26,""full_columns"":590,""fr_mul_calls"":26,""fr_columns"":590,""common"":{""operator_mul_calls"":26,""operator_columns"":590,""scalar_mul_calls"":52,""scalar_columns"":1180}}",2.7477977547572993e-14,9.967527472208119e-11
27,3,24,6,2770,Previous map from this run only,63003,3.82415733595238e-14,3.909480708379823,70c01579c3e2f95038c370eaeca0f9eceb3e65094d2c91e4e8b4dbaf030e2689,True,True,24,1.2866501808166504,567,"{""full_mul_calls"":25,""full_columns"":567,""fr_mul_calls"":25,""fr_columns"":567,""common"":{""operator_mul_calls"":25,""operator_columns"":567,""scalar_mul_calls"":50,""scalar_columns"":1134}}","{""full_mul_calls"":26,""full_columns"":591,""fr_mul_calls"":26,""fr_columns"":591,""common"":{""operator_mul_calls"":26,""operator_columns"":591,""scalar_mul_calls"":52,""scalar_columns"":1182}}",3.195927730905476e-14,9.87644116356459e-11
28,1,24,6,2777,Previous map from this run only,63001,3.4976538497597566e-14,3.9815487862542955,86075245735e64ae7da83f145acad889ef5aee324dfd36156d7bb7d02cfcbe15,True,True,36,1.256516933441162,642,"{""full_mul_calls"":37,""full_columns"":642,""fr_mul_calls"":37,""fr_columns"":642,""common"":{""operator_mul_calls"":37,""operator_columns"":642,""scalar_mul_calls"":74,""scalar_columns"":1284}}","{""full_mul_calls"":38,""full_columns"":666,""fr_mul_calls"":38,""fr_columns"":666,""common"":{""operator_mul_calls"":38,""operator_columns"":666,""scalar_mul_calls"":76,""scalar_columns"":1332}}",2.4452701558475907e-14,7.668235181549386e-11
28,2,24,6,2770,Previous map from this run only,63002,3.293390687443498e-14,3.963147139648771,e0c1abab21c314b7d58f393f56c02fb339132390d984565c3a7429d871ef0aa1,True,True,24,0.9981281757354736,570,"{""full_mul_calls"":25,""full_columns"":570,""fr_mul_calls"":25,""fr_columns"":570,""common"":{""operator_mul_calls"":25,""operator_columns"":570,""scalar_mul_calls"":50,""scalar_columns"":1140}}","{""full_mul_calls"":26,""full_columns"":594,""fr_mul_calls"":26,""fr_columns"":594,""common"":{""operator_mul_calls"":26,""operator_columns"":594,""scalar_mul_calls"":52,""scalar_columns"":1188}}",3.096021440454878e-14,7.925203617579392e-11
28,3,24,6,2770,Previous map from this run only,63003,3.7736933741073834e-14,4.031770765545746,55fdeb171c11ee461fcedcb38f47a1dc062b424d50f2bad011ad370f111f8b02,True,True,24,1.1845450401306152,570,"{""full_mul_calls"":25,""full_columns"":570,""fr_mul_calls"":25,""fr_columns"":570,""common"":{""operator_mul_calls"":25,""operator_columns"":570,""scalar_mul_calls"":50,""scalar_columns"":1140}}","{""full_mul_calls"":26,""full_columns"":594,""fr_mul_calls"":26,""fr_columns"":594,""common"":{""operator_mul_calls"":26,""operator_columns"":594,""scalar_mul_calls"":52,""scalar_columns"":1188}}",2.7115178575152073e-14,8.227784887128407e-11
29,1,24,6,2777,Previous map from this run only,63001,3.006263065601406e-14,3.8780428733083876,0840c5d84c20d9727dbd2856976fb7d0eb99dc4b8c052d9676a2f0bd4687f579,True,True,37,1.2499299049377441,648,"{""full_mul_calls"":38,""full_columns"":648,""fr_mul_calls"":38,""fr_columns"":648,""common"":{""operator_mul_calls"":38,""operator_columns"":648,""scalar_mul_calls"":76,""scalar_columns"":1296}}","{""full_mul_calls"":39,""full_columns"":672,""fr_mul_calls"":39,""fr_columns"":672,""common"":{""operator_mul_calls"":39,""operator_columns"":672,""scalar_mul_calls"":78,""scalar_columns"":1344}}",2.7720218258237902e-14,9.158384583104811e-11
29,2,24,6,2770,Previous map from this run only,63002,3.727957886868632e-14,3.863705937697624,1fa65618b761f2f781a27ceaf1b05cf124035703b113c73ce5323690e4cf22d2,True,True,24,0.9953210353851318,568,"{""full_mul_calls"":25,""full_columns"":568,""fr_mul_calls"":25,""fr_columns"":568,""common"":{""operator_mul_calls"":25,""operator_columns"":568,""scalar_mul_calls"":50,""scalar_columns"":1136}}","{""full_mul_calls"":26,""full_columns"":592,""fr_mul_calls"":26,""fr_columns"":592,""common"":{""operator_mul_calls"":26,""operator_columns"":592,""scalar_mul_calls"":52,""scalar_columns"":1184}}",2.6081324543756416e-14,7.551498476186121e-11
29,3,24,6,2770,Previous map from this run only,63003,3.167917728707593e-14,3.8879940765225927,5494ed5095224363b059005d6fca89ac841368bcb4c409ca4221a9dee447e5cd,True,True,24,1.1509499549865723,567,"{""full_mul_calls"":25,""full_columns"":567,""fr_mul_calls"":25,""fr_columns"":567,""common"":{""operator_mul_calls"":25,""operator_columns"":567,""scalar_mul_calls"":50,""scalar_columns"":1134}}","{""full_mul_calls"":26,""full_columns"":591,""fr_mul_calls"":26,""fr_columns"":591,""common"":{""operator_mul_calls"":26,""operator_columns"":591,""scalar_mul_calls"":52,""scalar_columns"":1182}}",2.7296203666528878e-14,9.029667826050129e-11
30,1,24,6,2777,Previous map from this run only,63001,3.240025350029225e-14,3.930776677364666,0bab692309ad12c937ccf8ba9a667d0d4d6ea62c67aceda588f776594446c034,True,True,38,1.0932049751281738,648,"{""full_mul_calls"":39,""full_columns"":648,""fr_mul_calls"":39,""fr_columns"":648,""common"":{""operator_mul_calls"":39,""operator_columns"":648,""scalar_mul_calls"":78,""scalar_columns"":1296}}","{""full_mul_calls"":40,""full_columns"":672,""fr_mul_calls"":40,""fr_columns"":672,""common"":{""operator_mul_calls"":40,""operator_columns"":672,""scalar_mul_calls"":80,""scalar_columns"":1344}}",2.364713178250204e-14,9.121089766328256e-11
30,2,24,6,2770,Previous map from this run only,63002,3.2281286997273366e-14,3.909181562170535,bfe5c73b99417d5d6d1dcbc435635ed948388d9b4fab6b731182f60f0763bbfa,True,True,26,1.164773941040039,578,"{""full_mul_calls"":27,""full_columns"":578,""fr_mul_calls"":27,""fr_columns"":578,""common"":{""operator_mul_calls"":27,""operator_columns"":578,""scalar_mul_calls"":54,""scalar_columns"":1156}}","{""full_mul_calls"":28,""full_columns"":602,""fr_mul_calls"":28,""fr_columns"":602,""common"":{""operator_mul_calls"":28,""operator_columns"":602,""scalar_mul_calls"":56,""scalar_columns"":1204}}",2.7454751251212066e-14,9.970616688892907e-11
30,3,24,6,2770,Previous map from this run only,63003,3.241654831903074e-14,3.832511980215691,92153ecd47d42f460cd194cf332c983712dc77c8c3112e346243478eb69c28e9,True,True,26,1.0116231441497803,581,"{""full_mul_calls"":27,""full_columns"":581,""fr_mul_calls"":27,""fr_columns"":581,""common"":{""operator_mul_calls"":27,""operator_columns"":581,""scalar_mul_calls"":54,""scalar_columns"":1162}}","{""full_mul_calls"":28,""full_columns"":605,""fr_mul_calls"":28,""fr_columns"":605,""common"":{""operator_mul_calls"":28,""operator_columns"":605,""scalar_mul_calls"":56,""scalar_columns"":1210}}",2.9275911514457766e-14,9.945062174248605e-11
31,1,24,6,2777,Previous map from this run only,63001,3.167900445989927e-14,3.8912215665031065,1a6aca955b3129c2e0f8d862465b59b65c148061f9b568864893f8b4b623c42c,True,True,38,1.1051058769226074,656,"{""full_mul_calls"":39,""full_columns"":656,""fr_mul_calls"":39,""fr_columns"":656,""common"":{""operator_mul_calls"":39,""operator_columns"":656,""scalar_mul_calls"":78,""scalar_columns"":1312}}","{""full_mul_calls"":40,""full_columns"":680,""fr_mul_calls"":40,""fr_columns"":680,""common"":{""operator_mul_calls"":40,""operator_columns"":680,""scalar_mul_calls"":80,""scalar_columns"":1360}}",2.941909976294396e-14,8.873589451159767e-11
31,2,24,6,2770,Previous map from this run only,63002,3.263081024099279e-14,3.997812817075683,f31d10ae478b16db36f30bff06f66d6d11dff819f39ed72658ab686b1254c0e1,True,True,25,1.1650490760803223,576,"{""full_mul_calls"":26,""full_columns"":576,""fr_mul_calls"":26,""fr_columns"":576,""common"":{""operator_mul_calls"":26,""operator_columns"":576,""scalar_mul_calls"":52,""scalar_columns"":1152}}","{""full_mul_calls"":27,""full_columns"":600,""fr_mul_calls"":27,""fr_columns"":600,""common"":{""operator_mul_calls"":27,""operator_columns"":600,""scalar_mul_calls"":54,""scalar_columns"":1200}}",3.3211517969501535e-14,9.422020214037415e-11
31,3,24,6,2770,Previous map from this run only,63003,3.518307861351081e-14,3.774503457350046,a77aa5b67e68bc071777c7bfb93b2ca69de9ea5e942dea213fafc08ccf80556d,True,True,26,1.0208370685577393,586,"{""full_mul_calls"":27,""full_columns"":586,""fr_mul_calls"":27,""fr_columns"":586,""common"":{""operator_mul_calls"":27,""operator_columns"":586,""scalar_mul_calls"":54,""scalar_columns"":1172}}","{""full_mul_calls"":28,""full_columns"":610,""fr_mul_calls"":28,""fr_columns"":610,""common"":{""operator_mul_calls"":28,""operator_columns"":610,""scalar_mul_calls"":56,""scalar_columns"":1220}}",3.124594826454284e-14,9.478453522954653e-11
32,1,24,6,2777,Previous map from this run only,63001,3.7389556850275276e-14,3.9071484073505203,4465f82d73cd7b3b95be00faabe6c43d5a580e7f0494277ca83ebedb81ae3849,True,True,37,1.2412548065185547,641,"{""full_mul_calls"":38,""full_columns"":641,""fr_mul_calls"":38,""fr_columns"":641,""common"":{""operator_mul_calls"":38,""operator_columns"":641,""scalar_mul_calls"":76,""scalar_columns"":1282}}","{""full_mul_calls"":39,""full_columns"":665,""fr_mul_calls"":39,""fr_columns"":665,""common"":{""operator_mul_calls"":39,""operator_columns"":665,""scalar_mul_calls"":78,""scalar_columns"":1330}}",3.336493180988051e-14,9.689439013180857e-11
32,2,24,6,2770,Previous map from this run only,63002,3.8642040797417426e-14,3.8553454974150667,6c6e7fd4ce436c71e57af0b8fe81ac3d2743b1eaebb623c2a1c9a346bd2c75fd,True,True,26,1.0150859355926514,581,"{""full_mul_calls"":27,""full_columns"":581,""fr_mul_calls"":27,""fr_columns"":581,""common"":{""operator_mul_calls"":27,""operator_columns"":581,""scalar_mul_calls"":54,""scalar_columns"":1162}}","{""full_mul_calls"":28,""full_columns"":605,""fr_mul_calls"":28,""fr_columns"":605,""common"":{""operator_mul_calls"":28,""operator_columns"":605,""scalar_mul_calls"":56,""scalar_columns"":1210}}",2.6302717952658506e-14,9.54312667707923e-11
32,3,24,6,2770,Previous map from this run only,63003,3.589805217469275e-14,3.6185109369565795,14c3cdc75e187a36673d6a08a11bf6258b896e63741a09331c59738cb78c29d1,True,True,26,1.1858618259429932,581,"{""full_mul_calls"":27,""full_columns"":581,""fr_mul_calls"":27,""fr_columns"":581,""common"":{""operator_mul_calls"":27,""operator_columns"":581,""scalar_mul_calls"":54,""scalar_columns"":1162}}","{""full_mul_calls"":28,""full_columns"":605,""fr_mul_calls"":28,""fr_columns"":605,""common"":{""operator_mul_calls"":28,""operator_columns"":605,""scalar_mul_calls"":56,""scalar_columns"":1210}}",2.7897611152288907e-14,9.769159242222096e-11
33,1,24,6,2777,Previous map from this run only,63001,3.710798382083557e-14,3.994216736705621,a06344b61da998270d480d68217ae999c75787e4bff2c378e83d2d7d76d76a4d,True,True,35,1.214850902557373,626,"{""full_mul_calls"":36,""full_columns"":626,""fr_mul_calls"":36,""fr_columns"":626,""common"":{""operator_mul_calls"":36,""operator_columns"":626,""scalar_mul_calls"":72,""scalar_columns"":1252}}","{""full_mul_calls"":37,""full_columns"":650,""fr_mul_calls"":37,""fr_columns"":650,""common"":{""operator_mul_calls"":37,""operator_columns"":650,""scalar_mul_calls"":74,""scalar_columns"":1300}}",2.7587241639917665e-14,9.68614899299133e-11
33,2,24,6,2770,Previous map from this run only,63002,3.034666935936303e-14,4.064526477155499,0582458f2f9c2b66321ef2c6ce0b648b029dbd53f65c2a626f5dbe58091a9cea,True,True,26,1.0071361064910889,578,"{""full_mul_calls"":27,""full_columns"":578,""fr_mul_calls"":27,""fr_columns"":578,""common"":{""operator_mul_calls"":27,""operator_columns"":578,""scalar_mul_calls"":54,""scalar_columns"":1156}}","{""full_mul_calls"":28,""full_columns"":602,""fr_mul_calls"":28,""fr_columns"":602,""common"":{""operator_mul_calls"":28,""operator_columns"":602,""scalar_mul_calls"":56,""scalar_columns"":1204}}",3.2045612490592434e-14,7.824577009477319e-11
33,3,24,6,2770,Previous map from this run only,63003,3.7123476639513427e-14,3.8793958958812285,f475f57b0bc41ad02120527227b12df405c6c88ba9923c2d83cc7e9096809e9c,True,True,26,1.1891288757324219,578,"{""full_mul_calls"":27,""full_columns"":578,""fr_mul_calls"":27,""fr_columns"":578,""common"":{""operator_mul_calls"":27,""operator_columns"":578,""scalar_mul_calls"":54,""scalar_columns"":1156}}","{""full_mul_calls"":28,""full_columns"":602,""fr_mul_calls"":28,""fr_columns"":602,""common"":{""operator_mul_calls"":28,""operator_columns"":602,""scalar_mul_calls"":56,""scalar_columns"":1204}}",3.3046200319167535e-14,8.111267254828782e-11
34,1,24,6,2777,Previous map from this run only,63001,3.213635721752914e-14,3.840012893679817,7d898272db441be9fb676ed564ebdef1eb1cc63125c9231c548ee81ff8c52538,True,True,37,1.2543652057647705,648,"{""full_mul_calls"":38,""full_columns"":648,""fr_mul_calls"":38,""fr_columns"":648,""common"":{""operator_mul_calls"":38,""operator_columns"":648,""scalar_mul_calls"":76,""scalar_columns"":1296}}","{""full_mul_calls"":39,""full_columns"":672,""fr_mul_calls"":39,""fr_columns"":672,""common"":{""operator_mul_calls"":39,""operator_columns"":672,""scalar_mul_calls"":78,""scalar_columns"":1344}}",2.582420210594811e-14,7.208063594205075e-11
34,2,24,6,2770,Previous map from this run only,63002,3.651064421511901e-14,4.2518336522419995,07b9e991815c18746a6cca4bf0bae50a5a6afabc9e8320b219362f553beea900,True,True,26,0.9992690086364746,574,"{""full_mul_calls"":27,""full_columns"":574,""fr_mul_calls"":27,""fr_columns"":574,""common"":{""operator_mul_calls"":27,""operator_columns"":574,""scalar_mul_calls"":54,""scalar_columns"":1148}}","{""full_mul_calls"":28,""full_columns"":598,""fr_mul_calls"":28,""fr_columns"":598,""common"":{""operator_mul_calls"":28,""operator_columns"":598,""scalar_mul_calls"":56,""scalar_columns"":1196}}",2.969095977700271e-14,8.186491920707416e-11
34,3,24,6,2770,Previous map from this run only,63003,3.830049673949679e-14,3.9781731649284957,0049ca68cc00a06e4dcd1ecc01cbcb7fc11bd285b8eaf99dd000005ac4a4e6a3,True,True,26,1.1553919315338135,574,"{""full_mul_calls"":27,""full_columns"":574,""fr_mul_calls"":27,""fr_columns"":574,""common"":{""operator_mul_calls"":27,""operator_columns"":574,""scalar_mul_calls"":54,""scalar_columns"":1148}}","{""full_mul_calls"":28,""full_columns"":598,""fr_mul_calls"":28,""fr_columns"":598,""common"":{""operator_mul_calls"":28,""operator_columns"":598,""scalar_mul_calls"":56,""scalar_columns"":1196}}",3.3443965766212664e-14,8.117866901293454e-11
35,1,24,6,2777,Previous map from this run only,63001,3.310658492519827e-14,3.8757114646569852,166ff017f49ad38ac894c3afa91196b3b8ad7ab3c95b7028df2cd3ef43b51e31,True,True,37,1.2506029605865479,646,"{""full_mul_calls"":38,""full_columns"":646,""fr_mul_calls"":38,""fr_columns"":646,""common"":{""operator_mul_calls"":38,""operator_columns"":646,""scalar_mul_calls"":76,""scalar_columns"":1292}}","{""full_mul_calls"":39,""full_columns"":670,""fr_mul_calls"":39,""fr_columns"":670,""common"":{""operator_mul_calls"":39,""operator_columns"":670,""scalar_mul_calls"":78,""scalar_columns"":1340}}",2.768565749156144e-14,9.267619161301374e-11
35,2,24,6,2770,Previous map from this run only,63002,3.4248454839134386e-14,3.748518624100411,b1e91e07d9e482213f8b3b7d0830f7197234e84a9317a320b2512f289cacd866,True,True,26,0.9820280075073242,564,"{""full_mul_calls"":27,""full_columns"":564,""fr_mul_calls"":27,""fr_columns"":564,""common"":{""operator_mul_calls"":27,""operator_columns"":564,""scalar_mul_calls"":54,""scalar_columns"":1128}}","{""full_mul_calls"":28,""full_columns"":588,""fr_mul_calls"":28,""fr_columns"":588,""common"":{""operator_mul_calls"":28,""operator_columns"":588,""scalar_mul_calls"":56,""scalar_columns"":1176}}",2.5432185854757643e-14,9.713792291216241e-11
35,3,24,6,2770,Previous map from this run only,63003,3.835781125673911e-14,3.7356478036791225,8497b7111a06fcf9a3b8b3c27a29f8263eae1b2d6d6a349fd2ad3b3a6a231038,True,True,25,1.124603033065796,557,"{""full_mul_calls"":26,""full_columns"":557,""fr_mul_calls"":26,""fr_columns"":557,""common"":{""operator_mul_calls"":26,""operator_columns"":557,""scalar_mul_calls"":52,""scalar_columns"":1114}}","{""full_mul_calls"":27,""full_columns"":581,""fr_mul_calls"":27,""fr_columns"":581,""common"":{""operator_mul_calls"":27,""operator_columns"":581,""scalar_mul_calls"":54,""scalar_columns"":1162}}",3.101944444551913e-14,9.337051939485096e-11
36,1,24,6,2777,Previous map from this run only,63001,3.26788557086152e-14,3.7819776180966698,4891b7b200d134d4b24e90190c7ee6f84c05ead7d226807bdddcbd6eb19eb582,True,True,36,1.0775721073150635,638,"{""full_mul_calls"":37,""full_columns"":638,""fr_mul_calls"":37,""fr_columns"":638,""common"":{""operator_mul_calls"":37,""operator_columns"":638,""scalar_mul_calls"":74,""scalar_columns"":1276}}","{""full_mul_calls"":38,""full_columns"":662,""fr_mul_calls"":38,""fr_columns"":662,""common"":{""operator_mul_calls"":38,""operator_columns"":662,""scalar_mul_calls"":76,""scalar_columns"":1324}}",2.5854812786129957e-14,9.175827231240404e-11
36,2,24,6,2770,Previous map from this run only,63002,3.5999814495881676e-14,3.652244881825722,7a870e4e0fcfd0757800442336a28e9f2be02b48a1de07a0f814032c1b9a01a4,True,True,26,1.1335630416870117,562,"{""full_mul_calls"":27,""full_columns"":562,""fr_mul_calls"":27,""fr_columns"":562,""common"":{""operator_mul_calls"":27,""operator_columns"":562,""scalar_mul_calls"":54,""scalar_columns"":1124}}","{""full_mul_calls"":28,""full_columns"":586,""fr_mul_calls"":28,""fr_columns"":586,""common"":{""operator_mul_calls"":28,""operator_columns"":586,""scalar_mul_calls"":56,""scalar_columns"":1172}}",2.76846717453694e-14,9.303859206962241e-11
36,3,24,6,2770,Previous map from this run only,63003,3.807524927799836e-14,4.024415013789104,f29a03616a46809222d4fe9db18ba60646721ee72bb2313d9254d1932aa8d8ab,True,True,25,0.9609050750732422,553,"{""full_mul_calls"":26,""full_columns"":553,""fr_mul_calls"":26,""fr_columns"":553,""common"":{""operator_mul_calls"":26,""operator_columns"":553,""scalar_mul_calls"":52,""scalar_columns"":1106}}","{""full_mul_calls"":27,""full_columns"":577,""fr_mul_calls"":27,""fr_columns"":577,""common"":{""operator_mul_calls"":27,""operator_columns"":577,""scalar_mul_calls"":54,""scalar_columns"":1154}}",2.7051348838320338e-14,9.515238147308382e-11
37,1,24,6,2777,Previous map from this run only,63001,3.0767953510692256e-14,3.769017606293864,f74dc06ade8104e763bc0d54c85f557b5c43e1f8fadb8f9de0283703fab5ad78,True,True,38,1.0912330150604248,649,"{""full_mul_calls"":39,""full_columns"":649,""fr_mul_calls"":39,""fr_columns"":649,""common"":{""operator_mul_calls"":39,""operator_columns"":649,""scalar_mul_calls"":78,""scalar_columns"":1298}}","{""full_mul_calls"":40,""full_columns"":673,""fr_mul_calls"":40,""fr_columns"":673,""common"":{""operator_mul_calls"":40,""operator_columns"":673,""scalar_mul_calls"":80,""scalar_columns"":1346}}",2.906069082650605e-14,9.917860529180531e-11
37,2,24,6,2770,Previous map from this run only,63002,3.191789278567963e-14,3.773421810564302,cfbcf6a9fec0ae78ca80a1d2d2178df137061646cbc48d5f7e1083b002795bb3,True,True,25,1.1052181720733643,548,"{""full_mul_calls"":26,""full_columns"":548,""fr_mul_calls"":26,""fr_columns"":548,""common"":{""operator_mul_calls"":26,""operator_columns"":548,""scalar_mul_calls"":52,""scalar_columns"":1096}}","{""full_mul_calls"":27,""full_columns"":572,""fr_mul_calls"":27,""fr_columns"":572,""common"":{""operator_mul_calls"":27,""operator_columns"":572,""scalar_mul_calls"":54,""scalar_columns"":1144}}",2.4824069397455095e-14,9.518438760978784e-11
37,3,24,6,2770,Previous map from this run only,63003,3.357984175075822e-14,3.924590563900047,7ca61f547ccfd2ec3f98a0dd4e380e48b7abc82c8bbc8998b0ec281e10ad92a2,True,True,25,0.953819990158081,548,"{""full_mul_calls"":26,""full_columns"":548,""fr_mul_calls"":26,""fr_columns"":548,""common"":{""operator_mul_calls"":26,""operator_columns"":548,""scalar_mul_calls"":52,""scalar_columns"":1096}}","{""full_mul_calls"":27,""full_columns"":572,""fr_mul_calls"":27,""fr_columns"":572,""common"":{""operator_mul_calls"":27,""operator_columns"":572,""scalar_mul_calls"":54,""scalar_columns"":1144}}",2.786454264781303e-14,8.903310157211254e-11
38,1,24,6,2777,Previous map from this run only,63001,3.9430610030535417e-14,3.7740257458427138,d993ef039a2963c0a6d96ef60a23e7d686f54882381ab648b087c03b34cef566,True,True,35,1.2125279903411865,617,"{""full_mul_calls"":36,""full_columns"":617,""fr_mul_calls"":36,""fr_columns"":617,""common"":{""operator_mul_calls"":36,""operator_columns"":617,""scalar_mul_calls"":72,""scalar_columns"":1234}}","{""full_mul_calls"":37,""full_columns"":641,""fr_mul_calls"":37,""fr_columns"":641,""common"":{""operator_mul_calls"":37,""operator_columns"":641,""scalar_mul_calls"":74,""scalar_columns"":1282}}",2.952194382033864e-14,9.506875579907594e-11
38,2,24,6,2770,Previous map from this run only,63002,3.252941863719258e-14,3.7148601165902595,497f92dc495947db1f2c707fba9571961c7a63017474d51a5cde45d5521ef986,True,True,24,0.9423840045928955,536,"{""full_mul_calls"":25,""full_columns"":536,""fr_mul_calls"":25,""fr_columns"":536,""common"":{""operator_mul_calls"":25,""operator_columns"":536,""scalar_mul_calls"":50,""scalar_columns"":1072}}","{""full_mul_calls"":26,""full_columns"":560,""fr_mul_calls"":26,""fr_columns"":560,""common"":{""operator_mul_calls"":26,""operator_columns"":560,""scalar_mul_calls"":52,""scalar_columns"":1120}}",3.0123176487007544e-14,9.927570291699686e-11
38,3,24,6,2770,Previous map from this run only,63003,3.415395041481489e-14,3.9549017059450158,8e964296af30590328d81f180c11ac2c426b8f123522038f264d4b0541e34207,True,True,24,1.1054439544677734,536,"{""full_mul_calls"":25,""full_columns"":536,""fr_mul_calls"":25,""fr_columns"":536,""common"":{""operator_mul_calls"":25,""operator_columns"":536,""scalar_mul_calls"":50,""scalar_columns"":1072}}","{""full_mul_calls"":26,""full_columns"":560,""fr_mul_calls"":26,""fr_columns"":560,""common"":{""operator_mul_calls"":26,""operator_columns"":560,""scalar_mul_calls"":52,""scalar_columns"":1120}}",3.3478223855844004e-14,9.816470007552386e-11
39,1,24,6,2777,Previous map from this run only,63001,3.748979006864942e-14,3.8969868912300663,1170702b8b829adc0d37d866d0f7812d8c58a3b6188003f058ecea6ddc0dd23d,True,True,40,1.118135929107666,650,"{""full_mul_calls"":41,""full_columns"":650,""fr_mul_calls"":41,""fr_columns"":650,""common"":{""operator_mul_calls"":41,""operator_columns"":650,""scalar_mul_calls"":82,""scalar_columns"":1300}}","{""full_mul_calls"":42,""full_columns"":674,""fr_mul_calls"":42,""fr_columns"":674,""common"":{""operator_mul_calls"":42,""operator_columns"":674,""scalar_mul_calls"":84,""scalar_columns"":1348}}",2.664225645189556e-14,9.84612501463214e-11
39,2,24,6,2770,Previous map from this run only,63002,3.9554623987810717e-14,3.7754891716550505,e9d8b938b7678873fcd36c174624c729c12467c13da49ecb5110dd3ee644cbe1,True,True,24,1.0953290462493896,540,"{""full_mul_calls"":25,""full_columns"":540,""fr_mul_calls"":25,""fr_columns"":540,""common"":{""operator_mul_calls"":25,""operator_columns"":540,""scalar_mul_calls"":50,""scalar_columns"":1080}}","{""full_mul_calls"":26,""full_columns"":564,""fr_mul_calls"":26,""fr_columns"":564,""common"":{""operator_mul_calls"":26,""operator_columns"":564,""scalar_mul_calls"":52,""scalar_columns"":1128}}",3.399941439911572e-14,8.661100532741505e-11
39,3,24,6,2770,Previous map from this run only,63003,4.1256106068633e-14,3.975502640450896,149e8adee55652f89fcaab8da2fea443c9e3f9fe9282f8d4e65026b1e82367cb,True,True,24,0.9392950534820557,540,"{""full_mul_calls"":25,""full_columns"":540,""fr_mul_calls"":25,""fr_columns"":540,""common"":{""operator_mul_calls"":25,""operator_columns"":540,""scalar_mul_calls"":50,""scalar_columns"":1080}}","{""full_mul_calls"":26,""full_columns"":564,""fr_mul_calls"":26,""fr_columns"":564,""common"":{""operator_mul_calls"":26,""operator_columns"":564,""scalar_mul_calls"":52,""scalar_columns"":1128}}",2.612599897610869e-14,8.679417569142395e-11
40,1,24,6,2777,Previous map from this run only,63001,3.3404489325234106e-14,3.895066602520075,0600bea5bf1d17a3d9e97c3d17ea5158dac89c4a1b735cd45864d1209672742a,True,True,37,1.0407288074493408,620,"{""full_mul_calls"":38,""full_columns"":620,""fr_mul_calls"":38,""fr_columns"":620,""common"":{""operator_mul_calls"":38,""operator_columns"":620,""scalar_mul_calls"":76,""scalar_columns"":1240}}","{""full_mul_calls"":39,""full_columns"":644,""fr_mul_calls"":39,""fr_columns"":644,""common"":{""operator_mul_calls"":39,""operator_columns"":644,""scalar_mul_calls"":78,""scalar_columns"":1288}}",2.4612092618034273e-14,9.215349225303143e-11
40,2,24,6,2770,Previous map from this run only,63002,3.7623870470345616e-14,3.7761792200791366,bb64b81ed1eb1a7e3e0dd4cdef3f0619932d620fd5a28f15a5856fd290d3132c,True,True,24,1.099241018295288,540,"{""full_mul_calls"":25,""full_columns"":540,""fr_mul_calls"":25,""fr_columns"":540,""common"":{""operator_mul_calls"":25,""operator_columns"":540,""scalar_mul_calls"":50,""scalar_columns"":1080}}","{""full_mul_calls"":26,""full_columns"":564,""fr_mul_calls"":26,""fr_columns"":564,""common"":{""operator_mul_calls"":26,""operator_columns"":564,""scalar_mul_calls"":52,""scalar_columns"":1128}}",2.767790408466075e-14,8.272522860813194e-11
40,3,24,6,2770,Previous map from this run only,63003,3.137115955338195e-14,3.803736208834526,9b2e3207b525b986aafdcd8e31ec10fce720437c66b0a61205898ccc11f6f36e,True,True,24,0.9404890537261963,540,"{""full_mul_calls"":25,""full_columns"":540,""fr_mul_calls"":25,""fr_columns"":540,""common"":{""operator_mul_calls"":25,""operator_columns"":540,""scalar_mul_calls"":50,""scalar_columns"":1080}}","{""full_mul_calls"":26,""full_columns"":564,""fr_mul_calls"":26,""fr_columns"":564,""common"":{""operator_mul_calls"":26,""operator_columns"":564,""scalar_mul_calls"":52,""scalar_columns"":1128}}",2.857687839972001e-14,8.502151415753948e-11
41,1,24,6,2777,Previous map from this run only,63001,3.0143848631789415e-14,3.955450304247606,0eef70b3d99a04e7b8f8d3d8b1b2c9422c79e24850df1c1a801d0929ba1f6e97,True,True,38,1.0547549724578857,628,"{""full_mul_calls"":39,""full_columns"":628,""fr_mul_calls"":39,""fr_columns"":628,""common"":{""operator_mul_calls"":39,""operator_columns"":628,""scalar_mul_calls"":78,""scalar_columns"":1256}}","{""full_mul_calls"":40,""full_columns"":652,""fr_mul_calls"":40,""fr_columns"":652,""common"":{""operator_mul_calls"":40,""operator_columns"":652,""scalar_mul_calls"":80,""scalar_columns"":1304}}",2.8136583461602492e-14,9.86410305205838e-11
41,2,24,6,2770,Previous map from this run only,63002,3.091492754321578e-14,3.9679498813955116,94dde6ff26c162553a2d41c9384729b8d6b32866d4c06f7980d6ae80bee5c7e7,True,True,24,1.0922629833221436,538,"{""full_mul_calls"":25,""full_columns"":538,""fr_mul_calls"":25,""fr_columns"":538,""common"":{""operator_mul_calls"":25,""operator_columns"":538,""scalar_mul_calls"":50,""scalar_columns"":1076}}","{""full_mul_calls"":26,""full_columns"":562,""fr_mul_calls"":26,""fr_columns"":562,""common"":{""operator_mul_calls"":26,""operator_columns"":562,""scalar_mul_calls"":52,""scalar_columns"":1124}}",2.636079732514795e-14,9.467706319421535e-11
41,3,24,6,2770,Previous map from this run only,63003,3.298688329019656e-14,3.738983444390611,a1abdb8da99bdf56769fdf39e807334f8cd444b828691bea2b6d7c806388e32c,True,True,24,0.9416589736938477,537,"{""full_mul_calls"":25,""full_columns"":537,""fr_mul_calls"":25,""fr_columns"":537,""common"":{""operator_mul_calls"":25,""operator_columns"":537,""scalar_mul_calls"":50,""scalar_columns"":1074}}","{""full_mul_calls"":26,""full_columns"":561,""fr_mul_calls"":26,""fr_columns"":561,""common"":{""operator_mul_calls"":26,""operator_columns"":561,""scalar_mul_calls"":52,""scalar_columns"":1122}}",3.046107446986906e-14,9.872113338060098e-11
42,1,24,6,2777,Previous map from this run only,63001,3.3269922392475007e-14,3.8069192894050565,b867c4071f142cbe5e62b95cd6f21328a5e794418e0050960ab76c2d8448e69a,True,True,36,1.196173906326294,618,"{""full_mul_calls"":37,""full_columns"":618,""fr_mul_calls"":37,""fr_columns"":618,""common"":{""operator_mul_calls"":37,""operator_columns"":618,""scalar_mul_calls"":74,""scalar_columns"":1236}}","{""full_mul_calls"":38,""full_columns"":642,""fr_mul_calls"":38,""fr_columns"":642,""common"":{""operator_mul_calls"":38,""operator_columns"":642,""scalar_mul_calls"":76,""scalar_columns"":1284}}",2.1072652781189736e-14,9.102686879686313e-11
42,2,24,6,2770,Previous map from this run only,63002,3.0641770046917887e-14,3.8499034318418994,63a6e226187ef63b5776c712bd314dc8e3a825438d1996d7fd815f43891ee205,True,True,24,0.9313549995422363,536,"{""full_mul_calls"":25,""full_columns"":536,""fr_mul_calls"":25,""fr_columns"":536,""common"":{""operator_mul_calls"":25,""operator_columns"":536,""scalar_mul_calls"":50,""scalar_columns"":1072}}","{""full_mul_calls"":26,""full_columns"":560,""fr_mul_calls"":26,""fr_columns"":560,""common"":{""operator_mul_calls"":26,""operator_columns"":560,""scalar_mul_calls"":52,""scalar_columns"":1120}}",2.329093414172929e-14,9.301663726618903e-11
42,3,24,6,2770,Previous map from this run only,63003,3.473940868752413e-14,3.821077110624524,b476601334f79bc943b05639616042b65070287df25300a169a602afe15f6c59,True,True,24,1.089181900024414,536,"{""full_mul_calls"":25,""full_columns"":536,""fr_mul_calls"":25,""fr_columns"":536,""common"":{""operator_mul_calls"":25,""operator_columns"":536,""scalar_mul_calls"":50,""scalar_columns"":1072}}","{""full_mul_calls"":26,""full_columns"":560,""fr_mul_calls"":26,""fr_columns"":560,""common"":{""operator_mul_calls"":26,""operator_columns"":560,""scalar_mul_calls"":52,""scalar_columns"":1120}}",2.245798231534376e-14,9.147018768596334e-11
43,1,24,6,2777,Previous map from this run only,63001,2.8880244518675944e-14,3.8424413809342712,e481dea02e986c15802dda474129f3645f7bf9ba55db563a0ce4245763a00488,True,True,34,1.1708800792694092,598,"{""full_mul_calls"":35,""full_columns"":598,""fr_mul_calls"":35,""fr_columns"":598,""common"":{""operator_mul_calls"":35,""operator_columns"":598,""scalar_mul_calls"":70,""scalar_columns"":1196}}","{""full_mul_calls"":36,""full_columns"":622,""fr_mul_calls"":36,""fr_columns"":622,""common"":{""operator_mul_calls"":36,""operator_columns"":622,""scalar_mul_calls"":72,""scalar_columns"":1244}}",2.3588887483042487e-14,9.619612736758635e-11
43,2,24,6,2770,Previous map from this run only,63002,2.9170642835575615e-14,4.045210034451294,b4f8c8f8f0b6b866643a968081ec89450a0c9c991796649c3c2bb8a5ca828bd2,True,True,24,0.9244542121887207,532,"{""full_mul_calls"":25,""full_columns"":532,""fr_mul_calls"":25,""fr_columns"":532,""common"":{""operator_mul_calls"":25,""operator_columns"":532,""scalar_mul_calls"":50,""scalar_columns"":1064}}","{""full_mul_calls"":26,""full_columns"":556,""fr_mul_calls"":26,""fr_columns"":556,""common"":{""operator_mul_calls"":26,""operator_columns"":556,""scalar_mul_calls"":52,""scalar_columns"":1112}}",2.7604317046603163e-14,9.90384900506161e-11
43,3,24,6,2770,Previous map from this run only,63003,2.933890437142318e-14,3.848032675226457,25f2353ea723fc3096257c6ac77dd923ba7a228a61b9224c4a0dae3dae7ea1cb,True,True,24,1.0854899883270264,532,"{""full_mul_calls"":25,""full_columns"":532,""fr_mul_calls"":25,""fr_columns"":532,""common"":{""operator_mul_calls"":25,""operator_columns"":532,""scalar_mul_calls"":50,""scalar_columns"":1064}}","{""full_mul_calls"":26,""full_columns"":556,""fr_mul_calls"":26,""fr_columns"":556,""common"":{""operator_mul_calls"":26,""operator_columns"":556,""scalar_mul_calls"":52,""scalar_columns"":1112}}",2.402346767821865e-14,9.817059739188467e-11
44,1,24,6,2777,Previous map from this run only,63001,3.153571109271608e-14,3.961328490613391,fc126ad7a357cb3ef5053821bebab04ecf623792eb6088838c11cc0c887b4b42,True,True,33,1.168092966079712,593,"{""full_mul_calls"":34,""full_columns"":593,""fr_mul_calls"":34,""fr_columns"":593,""common"":{""operator_mul_calls"":34,""operator_columns"":593,""scalar_mul_calls"":68,""scalar_columns"":1186}}","{""full_mul_calls"":35,""full_columns"":617,""fr_mul_calls"":35,""fr_columns"":617,""common"":{""operator_mul_calls"":35,""operator_columns"":617,""scalar_mul_calls"":70,""scalar_columns"":1234}}",2.7045746120227752e-14,8.771475584451449e-11
44,2,24,6,2770,Previous map from this run only,63002,3.5319197897241344e-14,3.9624015757161395,bdcca49707a7b44a687d46e17b10e38d7d1f424339161d296adfad38ae28c9ed,True,True,24,0.9264891147613525,530,"{""full_mul_calls"":25,""full_columns"":530,""fr_mul_calls"":25,""fr_columns"":530,""common"":{""operator_mul_calls"":25,""operator_columns"":530,""scalar_mul_calls"":50,""scalar_columns"":1060}}","{""full_mul_calls"":26,""full_columns"":554,""fr_mul_calls"":26,""fr_columns"":554,""common"":{""operator_mul_calls"":26,""operator_columns"":554,""scalar_mul_calls"":52,""scalar_columns"":1108}}",2.774248556833411e-14,9.125864920694211e-11
44,3,24,6,2770,Previous map from this run only,63003,3.0742451271554124e-14,3.9817250752408957,40fc6250dcec94a9ee4b3665c0ed7c9fff7b2dfcd735a8d4ba1f8bbba6cc5897,True,True,24,1.0823159217834473,531,"{""full_mul_calls"":25,""full_columns"":531,""fr_mul_calls"":25,""fr_columns"":531,""common"":{""operator_mul_calls"":25,""operator_columns"":531,""scalar_mul_calls"":50,""scalar_columns"":1062}}","{""full_mul_calls"":26,""full_columns"":555,""fr_mul_calls"":26,""fr_columns"":555,""common"":{""operator_mul_calls"":26,""operator_columns"":555,""scalar_mul_calls"":52,""scalar_columns"":1110}}",2.7868053049143563e-14,9.623009492340533e-11
45,1,24,6,2777,Previous map from this run only,63001,3.086129467557924e-14,3.9010137259740785,65f61eec87841b12a71406ee49b4317abe158387271cb4d21103b192f1b5d54f,True,True,35,1.0244569778442383,605,"{""full_mul_calls"":36,""full_columns"":605,""fr_mul_calls"":36,""fr_columns"":605,""common"":{""operator_mul_calls"":36,""operator_columns"":605,""scalar_mul_calls"":72,""scalar_columns"":1210}}","{""full_mul_calls"":37,""full_columns"":629,""fr_mul_calls"":37,""fr_columns"":629,""common"":{""operator_mul_calls"":37,""operator_columns"":629,""scalar_mul_calls"":74,""scalar_columns"":1258}}",2.31801234493385e-14,9.641613504063896e-11
45,2,24,6,2770,Previous map from this run only,63002,3.4757308525259506e-14,4.007228843972015,0f0540909306f0c7e4043bb0a2eff2a92996cd0efa8e25bea900a9a28f644c65,True,True,24,1.0816988945007324,531,"{""full_mul_calls"":25,""full_columns"":531,""fr_mul_calls"":25,""fr_columns"":531,""common"":{""operator_mul_calls"":25,""operator_columns"":531,""scalar_mul_calls"":50,""scalar_columns"":1062}}","{""full_mul_calls"":26,""full_columns"":555,""fr_mul_calls"":26,""fr_columns"":555,""common"":{""operator_mul_calls"":26,""operator_columns"":555,""scalar_mul_calls"":52,""scalar_columns"":1110}}",2.7416846207264044e-14,8.483069972123692e-11
45,3,24,6,2770,Previous map from this run only,63003,3.4995081812996866e-14,3.9701380312516594,1ddcbe0001570afa67f71b3a8ee06b36ff65dbfb33b13b8d2a34297e9fb6ed6f,True,True,24,0.9295198917388916,532,"{""full_mul_calls"":25,""full_columns"":532,""fr_mul_calls"":25,""fr_columns"":532,""common"":{""operator_mul_calls"":25,""operator_columns"":532,""scalar_mul_calls"":50,""scalar_columns"":1064}}","{""full_mul_calls"":26,""full_columns"":556,""fr_mul_calls"":26,""fr_columns"":556,""common"":{""operator_mul_calls"":26,""operator_columns"":556,""scalar_mul_calls"":52,""scalar_columns"":1112}}",3.0358921683118526e-14,9.416244346867266e-11
46,1,24,6,2777,Previous map from this run only,63001,2.95421582253373e-14,3.9485547312449474,0cb59a408e08a4d0a1a8d8e744753c85bf390f6602496621ea6997f657d74745,True,True,31,0.9714210033416748,572,"{""full_mul_calls"":32,""full_columns"":572,""fr_mul_calls"":32,""fr_columns"":572,""common"":{""operator_mul_calls"":32,""operator_columns"":572,""scalar_mul_calls"":64,""scalar_columns"":1144}}","{""full_mul_calls"":33,""full_columns"":596,""fr_mul_calls"":33,""fr_columns"":596,""common"":{""operator_mul_calls"":33,""operator_columns"":596,""scalar_mul_calls"":66,""scalar_columns"":1192}}",2.1671308352614784e-14,9.775845183958151e-11
46,2,24,6,2770,Previous map from this run only,63002,3.2997432286008135e-14,3.8466810068715347,ebd49194e8d91a4c60a64e493e2378b153bc841344d45494aef187bc78226d18,True,True,24,1.080338954925537,531,"{""full_mul_calls"":25,""full_columns"":531,""fr_mul_calls"":25,""fr_columns"":531,""common"":{""operator_mul_calls"":25,""operator_columns"":531,""scalar_mul_calls"":50,""scalar_columns"":1062}}","{""full_mul_calls"":26,""full_columns"":555,""fr_mul_calls"":26,""fr_columns"":555,""common"":{""operator_mul_calls"":26,""operator_columns"":555,""scalar_mul_calls"":52,""scalar_columns"":1110}}",2.5450583187492728e-14,7.669048728719951e-11
46,3,24,6,2770,Previous map from this run only,63003,3.7519238510155135e-14,3.8573264740254194,cbde98fb1eeb53ff5dac82c4c16aa2d1ca81c12347613fdff9ec01f2414cc29a,True,True,24,0.9499528408050537,532,"{""full_mul_calls"":25,""full_columns"":532,""fr_mul_calls"":25,""fr_columns"":532,""common"":{""operator_mul_calls"":25,""operator_columns"":532,""scalar_mul_calls"":50,""scalar_columns"":1064}}","{""full_mul_calls"":26,""full_columns"":556,""fr_mul_calls"":26,""fr_columns"":556,""common"":{""operator_mul_calls"":26,""operator_columns"":556,""scalar_mul_calls"":52,""scalar_columns"":1112}}",3.1096373643262354e-14,7.543647291952003e-11
47,1,24,6,2777,Previous map from this run only,63001,2.8341409081630942e-14,3.8796778287347937,74cc9bb1d435f4b734c760140ee243b6c88ead96eb2c19affb36b0e01605ad30,True,True,34,1.0141289234161377,594,"{""full_mul_calls"":35,""full_columns"":594,""fr_mul_calls"":35,""fr_columns"":594,""common"":{""operator_mul_calls"":35,""operator_columns"":594,""scalar_mul_calls"":70,""scalar_columns"":1188}}","{""full_mul_calls"":36,""full_columns"":618,""fr_mul_calls"":36,""fr_columns"":618,""common"":{""operator_mul_calls"":36,""operator_columns"":618,""scalar_mul_calls"":72,""scalar_columns"":1236}}",1.9558398367042198e-14,9.790586104300696e-11
47,2,24,6,2770,Previous map from this run only,63002,2.832396860343056e-14,4.010758305332402,b8f56913467c87ae2080e884921ade43d6c4af0fb7d4cc0b1c802589c5b942dc,True,True,24,1.0639278888702393,521,"{""full_mul_calls"":25,""full_columns"":521,""fr_mul_calls"":25,""fr_columns"":521,""common"":{""operator_mul_calls"":25,""operator_columns"":521,""scalar_mul_calls"":50,""scalar_columns"":1042}}","{""full_mul_calls"":26,""full_columns"":545,""fr_mul_calls"":26,""fr_columns"":545,""common"":{""operator_mul_calls"":26,""operator_columns"":545,""scalar_mul_calls"":52,""scalar_columns"":1090}}",2.9408586245754425e-14,8.204468759670173e-11
47,3,24,6,2770,Previous map from this run only,63003,3.5487571196495455e-14,3.8950738206151496,ecbd66c36c06ca6f1e1c9978664cbd3650ee92f8c2713b595d9ebd4c3e8091e9,True,True,24,0.9040939807891846,522,"{""full_mul_calls"":25,""full_columns"":522,""fr_mul_calls"":25,""fr_columns"":522,""common"":{""operator_mul_calls"":25,""operator_columns"":522,""scalar_mul_calls"":50,""scalar_columns"":1044}}","{""full_mul_calls"":26,""full_columns"":546,""fr_mul_calls"":26,""fr_columns"":546,""common"":{""operator_mul_calls"":26,""operator_columns"":546,""scalar_mul_calls"":52,""scalar_columns"":1092}}",3.118978223894197e-14,9.125443147789048e-11
48,1,24,6,2777,Previous map from this run only,63001,2.6194732260814988e-14,3.8041585587199265,a7bce81ad10b051b40dd471c06030cf38c446596b7ccc9dbfe4422097d82e27f,True,True,32,0.9808759689331055,578,"{""full_mul_calls"":33,""full_columns"":578,""fr_mul_calls"":33,""fr_columns"":578,""common"":{""operator_mul_calls"":33,""operator_columns"":578,""scalar_mul_calls"":66,""scalar_columns"":1156}}","{""full_mul_calls"":34,""full_columns"":602,""fr_mul_calls"":34,""fr_columns"":602,""common"":{""operator_mul_calls"":34,""operator_columns"":602,""scalar_mul_calls"":68,""scalar_columns"":1204}}",2.5305318542302046e-14,9.192785066599184e-11
48,2,24,6,2770,Previous map from this run only,63002,3.6893828302382716e-14,3.9736260459804793,9d14ea3632028d47f763a0a2da7b8f1d49de307639c38f01c31d6d9f5e0b5ede,True,True,24,1.05672287940979,520,"{""full_mul_calls"":25,""full_columns"":520,""fr_mul_calls"":25,""fr_columns"":520,""common"":{""operator_mul_calls"":25,""operator_columns"":520,""scalar_mul_calls"":50,""scalar_columns"":1040}}","{""full_mul_calls"":26,""full_columns"":544,""fr_mul_calls"":26,""fr_columns"":544,""common"":{""operator_mul_calls"":26,""operator_columns"":544,""scalar_mul_calls"":52,""scalar_columns"":1088}}",2.4688637460674567e-14,9.002859773845754e-11
48,3,24,6,2770,Previous map from this run only,63003,3.48069932394364e-14,4.013235055436463,763fe2ae52f14bc1db1052cf363337a378ae7a6bd4e39d8f38787c9fb420aaf3,True,True,23,0.8881981372833252,512,"{""full_mul_calls"":24,""full_columns"":512,""fr_mul_calls"":24,""fr_columns"":512,""common"":{""operator_mul_calls"":24,""operator_columns"":512,""scalar_mul_calls"":48,""scalar_columns"":1024}}","{""full_mul_calls"":25,""full_columns"":536,""fr_mul_calls"":25,""fr_columns"":536,""common"":{""operator_mul_calls"":25,""operator_columns"":536,""scalar_mul_calls"":50,""scalar_columns"":1072}}",3.146083154124746e-14,9.813117816893212e-11
49,1,24,6,2777,Previous map from this run only,63001,3.2298686682776413e-14,3.8399272934423463,b4ff399119aeae180ae8dc92affe26ca14d394c83562f91dccd65990880e013d,True,True,31,0.9743030071258545,571,"{""full_mul_calls"":32,""full_columns"":571,""fr_mul_calls"":32,""fr_columns"":571,""common"":{""operator_mul_calls"":32,""operator_columns"":571,""scalar_mul_calls"":64,""scalar_columns"":1142}}","{""full_mul_calls"":33,""full_columns"":595,""fr_mul_calls"":33,""fr_columns"":595,""common"":{""operator_mul_calls"":33,""operator_columns"":595,""scalar_mul_calls"":66,""scalar_columns"":1190}}",2.8831901311345325e-14,8.676701475494914e-11
49,2,24,6,2770,Previous map from this run only,63002,2.86056118533707e-14,3.945809057842546,13d5d762d489e43a8f155f79d7f25b35ec419625196e3d857320e2e3756f3fad,True,True,23,1.0462560653686523,511,"{""full_mul_calls"":24,""full_columns"":511,""fr_mul_calls"":24,""fr_columns"":511,""common"":{""operator_mul_calls"":24,""operator_columns"":511,""scalar_mul_calls"":48,""scalar_columns"":1022}}","{""full_mul_calls"":25,""full_columns"":535,""fr_mul_calls"":25,""fr_columns"":535,""common"":{""operator_mul_calls"":25,""operator_columns"":535,""scalar_mul_calls"":50,""scalar_columns"":1070}}",3.193996187921313e-14,9.989962546405092e-11
49,3,24,6,2770,Previous map from this run only,63003,3.646288371002115e-14,3.911814434874715,e39259d1a52c9c0cc9efb4f00b29f7c816ded113b5a02f58841b4f36b48c380e,True,True,23,0.889279842376709,511,"{""full_mul_calls"":24,""full_columns"":511,""fr_mul_calls"":24,""fr_columns"":511,""common"":{""operator_mul_calls"":24,""operator_columns"":511,""scalar_mul_calls"":48,""scalar_columns"":1022}}","{""full_mul_calls"":25,""full_columns"":535,""fr_mul_calls"":25,""fr_columns"":535,""common"":{""operator_mul_calls"":25,""operator_columns"":535,""scalar_mul_calls"":50,""scalar_columns"":1070}}",2.5198237113105982e-14,9.852684899928884e-11
50,1,24,6,2777,Previous map from this run only,63001,3.3905912026360805e-14,3.8287265762577536,fb3a0395852c253a1b13e56968145b1d302993b68f5eb8dc09090448971efeea,True,True,31,0.9734618663787842,572,"{""full_mul_calls"":32,""full_columns"":572,""fr_mul_calls"":32,""fr_columns"":572,""common"":{""operator_mul_calls"":32,""operator_columns"":572,""scalar_mul_calls"":64,""scalar_columns"":1144}}","{""full_mul_calls"":33,""full_columns"":596,""fr_mul_calls"":33,""fr_columns"":596,""common"":{""operator_mul_calls"":33,""operator_columns"":596,""scalar_mul_calls"":66,""scalar_columns"":1192}}",2.5821898675548174e-14,9.028468289798122e-11
50,2,24,6,2770,Previous map from this run only,63002,3.6054188353682775e-14,3.9125656659579544,b8b51a9695adf3759fe33d289fd6974dfc2cf5706a19d4604af42ae2c6b7b804,True,True,23,1.0472619533538818,514,"{""full_mul_calls"":24,""full_columns"":514,""fr_mul_calls"":24,""fr_columns"":514,""common"":{""operator_mul_calls"":24,""operator_columns"":514,""scalar_mul_calls"":48,""scalar_columns"":1028}}","{""full_mul_calls"":25,""full_columns"":538,""fr_mul_calls"":25,""fr_columns"":538,""common"":{""operator_mul_calls"":25,""operator_columns"":538,""scalar_mul_calls"":50,""scalar_columns"":1076}}",2.8086507270693888e-14,9.262178682509937e-11
50,3,24,6,2770,Previous map from this run only,63003,3.416553150019013e-14,3.768575260404664,3e015f9e99c2c74a14f9d5d6b432b077b69fcdeed38d8923bc39ade83094f472,True,True,23,0.8934271335601807,512,"{""full_mul_calls"":24,""full_columns"":512,""fr_mul_calls"":24,""fr_columns"":512,""common"":{""operator_mul_calls"":24,""operator_columns"":512,""scalar_mul_calls"":48,""scalar_columns"":1024}}","{""full_mul_calls"":25,""full_columns"":536,""fr_mul_calls"":25,""fr_columns"":536,""common"":{""operator_mul_calls"":25,""operator_columns"":536,""scalar_mul_calls"":50,""scalar_columns"":1072}}",2.22328161427558e-14,9.181195024358111e-11
51,1,24,6,2777,Previous map from this run only,63001,3.8725916450123786e-14,3.8461045842529775,d917f9831e965fa4b4ad047551dc158d84e0c654fa276e89a6f91373e76553ff,True,True,33,1.1590189933776855,577,"{""full_mul_calls"":34,""full_columns"":577,""fr_mul_calls"":34,""fr_columns"":577,""common"":{""operator_mul_calls"":34,""operator_columns"":577,""scalar_mul_calls"":68,""scalar_columns"":1154}}","{""full_mul_calls"":35,""full_columns"":601,""fr_mul_calls"":35,""fr_columns"":601,""common"":{""operator_mul_calls"":35,""operator_columns"":601,""scalar_mul_calls"":70,""scalar_columns"":1202}}",2.570161559922838e-14,9.122191329058653e-11
51,2,24,6,2770,Previous map from this run only,63002,3.503796765860214e-14,4.033953526672182,953329c7cc1b2c7d822b25acc60eaccfb627e581fd2432150e22016edc814e23,True,True,23,0.9136989116668701,510,"{""full_mul_calls"":24,""full_columns"":510,""fr_mul_calls"":24,""fr_columns"":510,""common"":{""operator_mul_calls"":24,""operator_columns"":510,""scalar_mul_calls"":48,""scalar_columns"":1020}}","{""full_mul_calls"":25,""full_columns"":534,""fr_mul_calls"":25,""fr_columns"":534,""common"":{""operator_mul_calls"":25,""operator_columns"":534,""scalar_mul_calls"":50,""scalar_columns"":1068}}",2.5089112739297367e-14,9.370700967583611e-11
51,3,24,6,2770,Previous map from this run only,63003,2.7018083404760002e-14,3.6303593336983813,9b8647a6577d4eef90c066f6cbc9ab79d26627a276da680e2dbf3db5f70d35ef,True,True,23,1.0575809478759766,508,"{""full_mul_calls"":24,""full_columns"":508,""fr_mul_calls"":24,""fr_columns"":508,""common"":{""operator_mul_calls"":24,""operator_columns"":508,""scalar_mul_calls"":48,""scalar_columns"":1016}}","{""full_mul_calls"":25,""full_columns"":532,""fr_mul_calls"":25,""fr_columns"":532,""common"":{""operator_mul_calls"":25,""operator_columns"":532,""scalar_mul_calls"":50,""scalar_columns"":1064}}",2.5044642087475764e-14,9.827010575573245e-11
52,1,24,6,2777,Previous map from this run only,63001,3.303799325013946e-14,3.698470954295606,5dd8911397580d1d22b9a156976e3cc6e43c1ec2706a192f72e117c8be975c77,True,True,33,0.959326982498169,570,"{""full_mul_calls"":34,""full_columns"":570,""fr_mul_calls"":34,""fr_columns"":570,""common"":{""operator_mul_calls"":34,""operator_columns"":570,""scalar_mul_calls"":68,""scalar_columns"":1140}}","{""full_mul_calls"":35,""full_columns"":594,""fr_mul_calls"":35,""fr_columns"":594,""common"":{""operator_mul_calls"":35,""operator_columns"":594,""scalar_mul_calls"":70,""scalar_columns"":1188}}",2.5256194677252718e-14,9.837925912876231e-11
52,2,24,6,2770,Previous map from this run only,63002,3.285207841725226e-14,4.011346961149022,3527177285638705bf3bec2938a403e67c4171c633a1df95a1cc64f09657766e,True,True,23,1.034977912902832,508,"{""full_mul_calls"":24,""full_columns"":508,""fr_mul_calls"":24,""fr_columns"":508,""common"":{""operator_mul_calls"":24,""operator_columns"":508,""scalar_mul_calls"":48,""scalar_columns"":1016}}","{""full_mul_calls"":25,""full_columns"":532,""fr_mul_calls"":25,""fr_columns"":532,""common"":{""operator_mul_calls"":25,""operator_columns"":532,""scalar_mul_calls"":50,""scalar_columns"":1064}}",2.4961206253828106e-14,9.807981927399969e-11
52,3,24,6,2770,Previous map from this run only,63003,3.0710694935412774e-14,3.9956677069759996,89ecb188adf817fde3acc9c85115e5b010f5e068adf18bcf2a39eb3e22ab4063,True,True,23,0.8805220127105713,508,"{""full_mul_calls"":24,""full_columns"":508,""fr_mul_calls"":24,""fr_columns"":508,""common"":{""operator_mul_calls"":24,""operator_columns"":508,""scalar_mul_calls"":48,""scalar_columns"":1016}}","{""full_mul_calls"":25,""full_columns"":532,""fr_mul_calls"":25,""fr_columns"":532,""common"":{""operator_mul_calls"":25,""operator_columns"":532,""scalar_mul_calls"":50,""scalar_columns"":1064}}",2.4602748819413997e-14,9.48891158715516e-11
53,1,24,6,2777,Previous map from this run only,63001,3.0213528442315755e-14,3.939410802106472,db5c51cdfbcc5e47c42a5cf58cc7f4d1887f191a60ad6f5a444a81b67be27877,True,True,33,0.9868929386138916,575,"{""full_mul_calls"":34,""full_columns"":575,""fr_mul_calls"":34,""fr_columns"":575,""common"":{""operator_mul_calls"":34,""operator_columns"":575,""scalar_mul_calls"":68,""scalar_columns"":1150}}","{""full_mul_calls"":35,""full_columns"":599,""fr_mul_calls"":35,""fr_columns"":599,""common"":{""operator_mul_calls"":35,""operator_columns"":599,""scalar_mul_calls"":70,""scalar_columns"":1198}}",2.5630318499438328e-14,9.757317375712487e-11
53,2,24,6,2770,Previous map from this run only,63002,2.938519252525707e-14,3.6896634612400288,c21d561645bab79fa09257d164e178311de2f0ed47e095fd372846d44dc2c63e,True,True,23,1.0289461612701416,499,"{""full_mul_calls"":24,""full_columns"":499,""fr_mul_calls"":24,""fr_columns"":499,""common"":{""operator_mul_calls"":24,""operator_columns"":499,""scalar_mul_calls"":48,""scalar_columns"":998}}","{""full_mul_calls"":25,""full_columns"":523,""fr_mul_calls"":25,""fr_columns"":523,""common"":{""operator_mul_calls"":25,""operator_columns"":523,""scalar_mul_calls"":50,""scalar_columns"":1046}}",2.8163028014329293e-14,9.971357720225658e-11
53,3,24,6,2770,Previous map from this run only,63003,3.0635539976117354e-14,3.749799765296997,57522bf6390fd151ac363b6699d485673f6bdc241d06211f6c1a0c679b412b99,True,True,23,0.8715200424194336,499,"{""full_mul_calls"":24,""full_columns"":499,""fr_mul_calls"":24,""fr_columns"":499,""common"":{""operator_mul_calls"":24,""operator_columns"":499,""scalar_mul_calls"":48,""scalar_columns"":998}}","{""full_mul_calls"":25,""full_columns"":523,""fr_mul_calls"":25,""fr_columns"":523,""common"":{""operator_mul_calls"":25,""operator_columns"":523,""scalar_mul_calls"":50,""scalar_columns"":1046}}",2.8358064699803315e-14,9.96368976909328e-11
54,1,24,6,2777,Previous map from this run only,63001,3.010730975489477e-14,3.9372586562790985,55466ea00edfa4278a150fe04e8272d1583870708afdb57d5662601129efe7b9,True,True,30,0.9335439205169678,552,"{""full_mul_calls"":31,""full_columns"":552,""fr_mul_calls"":31,""fr_columns"":552,""common"":{""operator_mul_calls"":31,""operator_columns"":552,""scalar_mul_calls"":62,""scalar_columns"":1104}}","{""full_mul_calls"":32,""full_columns"":576,""fr_mul_calls"":32,""fr_columns"":576,""common"":{""operator_mul_calls"":32,""operator_columns"":576,""scalar_mul_calls"":64,""scalar_columns"":1152}}",2.4403755910291067e-14,9.532363712993332e-11
54,2,24,6,2770,Previous map from this run only,63002,3.203974781808746e-14,3.547368429892018,7e7d2dae9289f74c12c37362f4f54ac90a6ef368739adc7c0ec13c70f2daf5c4,True,True,23,1.023118019104004,496,"{""full_mul_calls"":24,""full_columns"":496,""fr_mul_calls"":24,""fr_columns"":496,""common"":{""operator_mul_calls"":24,""operator_columns"":496,""scalar_mul_calls"":48,""scalar_columns"":992}}","{""full_mul_calls"":25,""full_columns"":520,""fr_mul_calls"":25,""fr_columns"":520,""common"":{""operator_mul_calls"":25,""operator_columns"":520,""scalar_mul_calls"":50,""scalar_columns"":1040}}",2.461830242019422e-14,9.846854325418285e-11
54,3,24,6,2770,Previous map from this run only,63003,3.273586534892625e-14,3.6608040968959124,294461a143aa1f78c68bd00d67561345fa5223937d1bc8b9c736bfd9ceb5cda2,True,True,23,0.8680849075317383,499,"{""full_mul_calls"":24,""full_columns"":499,""fr_mul_calls"":24,""fr_columns"":499,""common"":{""operator_mul_calls"":24,""operator_columns"":499,""scalar_mul_calls"":48,""scalar_columns"":998}}","{""full_mul_calls"":25,""full_columns"":523,""fr_mul_calls"":25,""fr_columns"":523,""common"":{""operator_mul_calls"":25,""operator_columns"":523,""scalar_mul_calls"":50,""scalar_columns"":1046}}",2.7656809378152784e-14,9.798576836509107e-11
55,1,24,6,2777,Previous map from this run only,63001,2.9727231043342836e-14,4.041706290604151,1ed36aa371aefd7a5127df8bbae21abfb803bb60aab170cec27b68a5fa5dac84,True,True,30,1.1429600715637207,551,"{""full_mul_calls"":31,""full_columns"":551,""fr_mul_calls"":31,""fr_columns"":551,""common"":{""operator_mul_calls"":31,""operator_columns"":551,""scalar_mul_calls"":62,""scalar_columns"":1102}}","{""full_mul_calls"":32,""full_columns"":575,""fr_mul_calls"":32,""fr_columns"":575,""common"":{""operator_mul_calls"":32,""operator_columns"":575,""scalar_mul_calls"":64,""scalar_columns"":1150}}",2.5318365736597836e-14,8.552783237573037e-11
55,2,24,6,2770,Previous map from this run only,63002,3.3351931286091625e-14,3.908820202707583,058d0398e4a7182ab8399f7dda54d9a4bebebaf3cda50e2e6882413f71bac159,True,True,23,0.8810389041900635,499,"{""full_mul_calls"":24,""full_columns"":499,""fr_mul_calls"":24,""fr_columns"":499,""common"":{""operator_mul_calls"":24,""operator_columns"":499,""scalar_mul_calls"":48,""scalar_columns"":998}}","{""full_mul_calls"":25,""full_columns"":523,""fr_mul_calls"":25,""fr_columns"":523,""common"":{""operator_mul_calls"":25,""operator_columns"":523,""scalar_mul_calls"":50,""scalar_columns"":1046}}",2.5879744360640805e-14,9.256040650759959e-11
55,3,24,6,2770,Previous map from this run only,63003,3.095345150296195e-14,3.687351766616931,d3a16e81c766026cfa125cdc961e521ed70494722a0754263ced19936ef82b1c,True,True,23,1.0348329544067383,497,"{""full_mul_calls"":24,""full_columns"":497,""fr_mul_calls"":24,""fr_columns"":497,""common"":{""operator_mul_calls"":24,""operator_columns"":497,""scalar_mul_calls"":48,""scalar_columns"":994}}","{""full_mul_calls"":25,""full_columns"":521,""fr_mul_calls"":25,""fr_columns"":521,""common"":{""operator_mul_calls"":25,""operator_columns"":521,""scalar_mul_calls"":50,""scalar_columns"":1042}}",3.013631151528376e-14,9.575966800328453e-11
56,1,24,6,2777,Previous map from this run only,63001,2.987516189879391e-14,3.7627625287926576,fdf514e20631d6dc9009c0f6495161a7a0b7526d0c5b124924def9df028cac1b,True,True,29,0.9108889102935791,536,"{""full_mul_calls"":30,""full_columns"":536,""fr_mul_calls"":30,""fr_columns"":536,""common"":{""operator_mul_calls"":30,""operator_columns"":536,""scalar_mul_calls"":60,""scalar_columns"":1072}}","{""full_mul_calls"":31,""full_columns"":560,""fr_mul_calls"":31,""fr_columns"":560,""common"":{""operator_mul_calls"":31,""operator_columns"":560,""scalar_mul_calls"":62,""scalar_columns"":1120}}",2.4452213324952013e-14,8.529444213212927e-11
56,2,24,6,2770,Previous map from this run only,63002,3.2770557026766766e-14,4.1048220260911386,fb201862d817b45a1ec069f49505ddec50a64d0b6f1f859ec3e8322634b03f5f,True,True,23,1.012887954711914,495,"{""full_mul_calls"":24,""full_columns"":495,""fr_mul_calls"":24,""fr_columns"":495,""common"":{""operator_mul_calls"":24,""operator_columns"":495,""scalar_mul_calls"":48,""scalar_columns"":990}}","{""full_mul_calls"":25,""full_columns"":519,""fr_mul_calls"":25,""fr_columns"":519,""common"":{""operator_mul_calls"":25,""operator_columns"":519,""scalar_mul_calls"":50,""scalar_columns"":1038}}",2.7114754137022003e-14,9.987571343849615e-11
56,3,24,6,2770,Previous map from this run only,63003,3.434170910202217e-14,3.775449016037219,029c2f5e949e38b2d15920cbbabd7d47bd9be0b994dbfb685f13c41555cd604c,True,True,23,0.8596959114074707,496,"{""full_mul_calls"":24,""full_columns"":496,""fr_mul_calls"":24,""fr_columns"":496,""common"":{""operator_mul_calls"":24,""operator_columns"":496,""scalar_mul_calls"":48,""scalar_columns"":992}}","{""full_mul_calls"":25,""full_columns"":520,""fr_mul_calls"":25,""fr_columns"":520,""common"":{""operator_mul_calls"":25,""operator_columns"":520,""scalar_mul_calls"":50,""scalar_columns"":1040}}",2.504109586998619e-14,9.809289745786898e-11
57,1,24,6,2777,Previous map from this run only,63001,2.927466008193185e-14,3.9877408255297744,ffbaa298df0f944bee9aa995118ebfcd526ad604e35b152a77f87a5e36c65215,True,True,30,1.0915467739105225,552,"{""full_mul_calls"":31,""full_columns"":552,""fr_mul_calls"":31,""fr_columns"":552,""common"":{""operator_mul_calls"":31,""operator_columns"":552,""scalar_mul_calls"":62,""scalar_columns"":1104}}","{""full_mul_calls"":32,""full_columns"":576,""fr_mul_calls"":32,""fr_columns"":576,""common"":{""operator_mul_calls"":32,""operator_columns"":576,""scalar_mul_calls"":64,""scalar_columns"":1152}}",2.6414515665380456e-14,7.77805370377194e-11
57,2,24,6,2770,Previous map from this run only,63002,3.175375751821559e-14,3.7609346541450868,08e2912eab3086eba29f8b61a332fff8c9e4c44987f887e6069a2091cb51bf3a,True,True,23,0.8545379638671875,496,"{""full_mul_calls"":24,""full_columns"":496,""fr_mul_calls"":24,""fr_columns"":496,""common"":{""operator_mul_calls"":24,""operator_columns"":496,""scalar_mul_calls"":48,""scalar_columns"":992}}","{""full_mul_calls"":25,""full_columns"":520,""fr_mul_calls"":25,""fr_columns"":520,""common"":{""operator_mul_calls"":25,""operator_columns"":520,""scalar_mul_calls"":50,""scalar_columns"":1040}}",2.4405176662568273e-14,9.241237759356211e-11
57,3,24,6,2770,Previous map from this run only,63003,3.07267416286543e-14,3.4696621469667313,7410f6f85a27ad0ed3127120d96356ad5b09496448d0607683ba6862159e4dd8,True,True,23,1.013159990310669,496,"{""full_mul_calls"":24,""full_columns"":496,""fr_mul_calls"":24,""fr_columns"":496,""common"":{""operator_mul_calls"":24,""operator_columns"":496,""scalar_mul_calls"":48,""scalar_columns"":992}}","{""full_mul_calls"":25,""full_columns"":520,""fr_mul_calls"":25,""fr_columns"":520,""common"":{""operator_mul_calls"":25,""operator_columns"":520,""scalar_mul_calls"":50,""scalar_columns"":1040}}",3.068631580365421e-14,9.618320655929533e-11
58,1,24,6,2777,Previous map from this run only,63001,3.416570620219448e-14,3.928704573995527,3917a4c4c2238174c6b4256fa8e3f89e815a6e190d88c035b9a149cd891bb022,True,True,29,0.9697408676147461,543,"{""full_mul_calls"":30,""full_columns"":543,""fr_mul_calls"":30,""fr_columns"":543,""common"":{""operator_mul_calls"":30,""operator_columns"":543,""scalar_mul_calls"":60,""scalar_columns"":1086}}","{""full_mul_calls"":31,""full_columns"":567,""fr_mul_calls"":31,""fr_columns"":567,""common"":{""operator_mul_calls"":31,""operator_columns"":567,""scalar_mul_calls"":62,""scalar_columns"":1134}}",2.6112677720265726e-14,9.049989407500287e-11
58,2,24,6,2770,Previous map from this run only,63002,3.079612242040892e-14,4.1408021912377055,635c4edb982b68d3e85c99103011fd216ef2533f3307740c261e253d662c96fe,True,True,24,1.0477190017700195,504,"{""full_mul_calls"":25,""full_columns"":504,""fr_mul_calls"":25,""fr_columns"":504,""common"":{""operator_mul_calls"":25,""operator_columns"":504,""scalar_mul_calls"":50,""scalar_columns"":1008}}","{""full_mul_calls"":26,""full_columns"":528,""fr_mul_calls"":26,""fr_columns"":528,""common"":{""operator_mul_calls"":26,""operator_columns"":528,""scalar_mul_calls"":52,""scalar_columns"":1056}}",3.492936035548085e-14,9.178186568563125e-11
58,3,24,6,2770,Previous map from this run only,63003,3.4302591702480046e-14,4.169114295400335,d0e2ae4795ae052759713d1ca83c37bdd29936a4b394554b40bdcde92bd3c0ad,True,True,24,0.8831310272216797,503,"{""full_mul_calls"":25,""full_columns"":503,""fr_mul_calls"":25,""fr_columns"":503,""common"":{""operator_mul_calls"":25,""operator_columns"":503,""scalar_mul_calls"":50,""scalar_columns"":1006}}","{""full_mul_calls"":26,""full_columns"":527,""fr_mul_calls"":26,""fr_columns"":527,""common"":{""operator_mul_calls"":26,""operator_columns"":527,""scalar_mul_calls"":52,""scalar_columns"":1054}}",2.1770257264114414e-14,9.126828721077482e-11
59,1,24,6,2777,Previous map from this run only,63001,3.096031526425862e-14,4.024757942980866,6a1b0926a8fdd3f7a330cb75520dc671af55c8fd2bffdaeef87987ecf0b5d61a,True,True,30,1.1416149139404297,552,"{""full_mul_calls"":31,""full_columns"":552,""fr_mul_calls"":31,""fr_columns"":552,""common"":{""operator_mul_calls"":31,""operator_columns"":552,""scalar_mul_calls"":62,""scalar_columns"":1104}}","{""full_mul_calls"":32,""full_columns"":576,""fr_mul_calls"":32,""fr_columns"":576,""common"":{""operator_mul_calls"":32,""operator_columns"":576,""scalar_mul_calls"":64,""scalar_columns"":1152}}",2.0461992621538607e-14,7.38975385798478e-11
59,2,24,6,2770,Previous map from this run only,63002,4.063767196404446e-14,4.014713510083353,490235e77a3ef6ddc42abad4bab045f5e5b9de17de495f410abc184466e198f8,True,True,23,0.8971118927001953,496,"{""full_mul_calls"":24,""full_columns"":496,""fr_mul_calls"":24,""fr_columns"":496,""common"":{""operator_mul_calls"":24,""operator_columns"":496,""scalar_mul_calls"":48,""scalar_columns"":992}}","{""full_mul_calls"":25,""full_columns"":520,""fr_mul_calls"":25,""fr_columns"":520,""common"":{""operator_mul_calls"":25,""operator_columns"":520,""scalar_mul_calls"":50,""scalar_columns"":1040}}",2.6573840225238848e-14,9.745957604135441e-11
59,3,24,6,2770,Previous map from this run only,63003,3.2713744366641503e-14,3.7023944277045873,73f144456d80b5da135fc15a67350c65dbfe58c9f04e3865e40e97bbbe19369c,True,True,23,1.065457820892334,496,"{""full_mul_calls"":24,""full_columns"":496,""fr_mul_calls"":24,""fr_columns"":496,""common"":{""operator_mul_calls"":24,""operator_columns"":496,""scalar_mul_calls"":48,""scalar_columns"":992}}","{""full_mul_calls"":25,""full_columns"":520,""fr_mul_calls"":25,""fr_columns"":520,""common"":{""operator_mul_calls"":25,""operator_columns"":520,""scalar_mul_calls"":50,""scalar_columns"":1040}}",2.3608269105555278e-14,8.859927292892486e-11
60,1,24,6,2777,Previous map from this run only,63001,2.5931107103619675e-14,3.857372776860394,9f830b62a84a2ba156905612efd3133fcf8dc8b191b98cbdc317367a9547859a,True,True,28,0.9169471263885498,520,"{""full_mul_calls"":29,""full_columns"":520,""fr_mul_calls"":29,""fr_columns"":520,""common"":{""operator_mul_calls"":29,""operator_columns"":520,""scalar_mul_calls"":58,""scalar_columns"":1040}}","{""full_mul_calls"":30,""full_columns"":544,""fr_mul_calls"":30,""fr_columns"":544,""common"":{""operator_mul_calls"":30,""operator_columns"":544,""scalar_mul_calls"":60,""scalar_columns"":1088}}",2.868056831201901e-14,9.661932908144996e-11
60,2,24,6,2770,Previous map from this run only,63002,3.055468019924879e-14,3.803052793872058,4255f917c6325ff456419faed9b12c401341c6a03c37198e07ae2cc947e82001,True,True,23,1.0114548206329346,496,"{""full_mul_calls"":24,""full_columns"":496,""fr_mul_calls"":24,""fr_columns"":496,""common"":{""operator_mul_calls"":24,""operator_columns"":496,""scalar_mul_calls"":48,""scalar_columns"":992}}","{""full_mul_calls"":25,""full_columns"":520,""fr_mul_calls"":25,""fr_columns"":520,""common"":{""operator_mul_calls"":25,""operator_columns"":520,""scalar_mul_calls"":50,""scalar_columns"":1040}}",2.7160400933195407e-14,8.485889821443299e-11
60,3,24,6,2770,Previous map from this run only,63003,3.062305631624907e-14,3.855822834701669,6304beaa163b0f0e6bd8fa7fba957fc7f393cfe02aaf87739a0ac93e56b3a241,True,True,23,1.0209250450134277,495,"{""full_mul_calls"":24,""full_columns"":495,""fr_mul_calls"":24,""fr_columns"":495,""common"":{""operator_mul_calls"":24,""operator_columns"":495,""scalar_mul_calls"":48,""scalar_columns"":990}}","{""full_mul_calls"":25,""full_columns"":519,""fr_mul_calls"":25,""fr_columns"":519,""common"":{""operator_mul_calls"":25,""operator_columns"":519,""scalar_mul_calls"":50,""scalar_columns"":1038}}",2.2795155720927192e-14,9.468359696063421e-11
61,1,24,6,2777,Previous map from this run only,63001,3.393726086215407e-14,3.914610669009744,02a6c724e9f070bdf789c613017e93d4c89c49ecddb8ef98c4054702b4a52d3d,True,True,29,1.09775710105896,527,"{""full_mul_calls"":30,""full_columns"":527,""fr_mul_calls"":30,""fr_columns"":527,""common"":{""operator_mul_calls"":30,""operator_columns"":527,""scalar_mul_calls"":60,""scalar_columns"":1054}}","{""full_mul_calls"":31,""full_columns"":551,""fr_mul_calls"":31,""fr_columns"":551,""common"":{""operator_mul_calls"":31,""operator_columns"":551,""scalar_mul_calls"":62,""scalar_columns"":1102}}",2.5199675313677044e-14,8.166575793715898e-11
61,2,24,6,2770,Previous map from this run only,63002,3.2835138675738813e-14,4.013122494015248,88f9f79fb2f8baf7a27c5f6a05701ba3593d579978db8bc002e8ef8d921e2c26,True,True,23,0.8732948303222656,485,"{""full_mul_calls"":24,""full_columns"":485,""fr_mul_calls"":24,""fr_columns"":485,""common"":{""operator_mul_calls"":24,""operator_columns"":485,""scalar_mul_calls"":48,""scalar_columns"":970}}","{""full_mul_calls"":25,""full_columns"":509,""fr_mul_calls"":25,""fr_columns"":509,""common"":{""operator_mul_calls"":25,""operator_columns"":509,""scalar_mul_calls"":50,""scalar_columns"":1018}}",2.589975939716332e-14,9.914176402757338e-11
61,3,24,6,2770,Previous map from this run only,63003,2.73721554918147e-14,3.7360044257830074,e2fa3fe0d5659103adcc2e21fedb4fcf5f353b9eeafbb9dcba448fc6c9777caf,True,True,24,1.0803492069244385,493,"{""full_mul_calls"":25,""full_columns"":493,""fr_mul_calls"":25,""fr_columns"":493,""common"":{""operator_mul_calls"":25,""operator_columns"":493,""scalar_mul_calls"":50,""scalar_columns"":986}}","{""full_mul_calls"":26,""full_columns"":517,""fr_mul_calls"":26,""fr_columns"":517,""common"":{""operator_mul_calls"":26,""operator_columns"":517,""scalar_mul_calls"":52,""scalar_columns"":1034}}",2.6564381911264592e-14,9.158319513851126e-11
62,1,24,6,2777,Previous map from this run only,63001,3.1383592238561185e-14,3.987393027355369,5b4a07fa53d368a2e15266dd4b1d0c2083a6aa89a9520cc11b46c1b9299f6a3f,True,True,28,0.9011268615722656,520,"{""full_mul_calls"":29,""full_columns"":520,""fr_mul_calls"":29,""fr_columns"":520,""common"":{""operator_mul_calls"":29,""operator_columns"":520,""scalar_mul_calls"":58,""scalar_columns"":1040}}","{""full_mul_calls"":30,""full_columns"":544,""fr_mul_calls"":30,""fr_columns"":544,""common"":{""operator_mul_calls"":30,""operator_columns"":544,""scalar_mul_calls"":60,""scalar_columns"":1088}}",2.7403975967331076e-14,9.169745620130466e-11
62,2,24,6,2770,Previous map from this run only,63002,2.9120559725178935e-14,3.6528596429116766,0ec296e6831cf44f403a0b6cdc3b1945cfd267f7e43d0f561228d41aed76552b,True,True,24,1.0592060089111328,493,"{""full_mul_calls"":25,""full_columns"":493,""fr_mul_calls"":25,""fr_columns"":493,""common"":{""operator_mul_calls"":25,""operator_columns"":493,""scalar_mul_calls"":50,""scalar_columns"":986}}","{""full_mul_calls"":26,""full_columns"":517,""fr_mul_calls"":26,""fr_columns"":517,""common"":{""operator_mul_calls"":26,""operator_columns"":517,""scalar_mul_calls"":52,""scalar_columns"":1034}}",2.6101932829483013e-14,9.765117882338927e-11
62,3,24,6,2770,Previous map from this run only,63003,3.262044457600155e-14,3.9877619513528337,8d1b1d36c931579d9469b690211a268a5f12368a8b0e1f35199d405d4bb1a9b0,True,True,24,0.8822669982910156,493,"{""full_mul_calls"":25,""full_columns"":493,""fr_mul_calls"":25,""fr_columns"":493,""common"":{""operator_mul_calls"":25,""operator_columns"":493,""scalar_mul_calls"":50,""scalar_columns"":986}}","{""full_mul_calls"":26,""full_columns"":517,""fr_mul_calls"":26,""fr_columns"":517,""common"":{""operator_mul_calls"":26,""operator_columns"":517,""scalar_mul_calls"":52,""scalar_columns"":1034}}",2.354179465197219e-14,9.120355600990293e-11
63,1,24,6,2777,Previous map from this run only,63001,3.2529760650118467e-14,3.9714194384425454,2b700921851bd0ef127dfe6ecf6b3c10817f011b0d18b56446ee0df08fdddc11,True,True,28,1.08274507522583,518,"{""full_mul_calls"":29,""full_columns"":518,""fr_mul_calls"":29,""fr_columns"":518,""common"":{""operator_mul_calls"":29,""operator_columns"":518,""scalar_mul_calls"":58,""scalar_columns"":1036}}","{""full_mul_calls"":30,""full_columns"":542,""fr_mul_calls"":30,""fr_columns"":542,""common"":{""operator_mul_calls"":30,""operator_columns"":542,""scalar_mul_calls"":60,""scalar_columns"":1084}}",2.5587565139775557e-14,8.917025507572528e-11
63,2,24,6,2770,Previous map from this run only,63002,3.3974385075477074e-14,3.882117762615819,7d92a756cbc8b5c0bd777e65a9f4f5410c6147daca5b843e4c852c4a3fe53612,True,True,24,0.8691561222076416,494,"{""full_mul_calls"":25,""full_columns"":494,""fr_mul_calls"":25,""fr_columns"":494,""common"":{""operator_mul_calls"":25,""operator_columns"":494,""scalar_mul_calls"":50,""scalar_columns"":988}}","{""full_mul_calls"":26,""full_columns"":518,""fr_mul_calls"":26,""fr_columns"":518,""common"":{""operator_mul_calls"":26,""operator_columns"":518,""scalar_mul_calls"":52,""scalar_columns"":1036}}",2.8725801285120956e-14,7.833859268720378e-11
63,3,24,6,2770,Previous map from this run only,63003,3.198484607291054e-14,4.05452125890831,1de6bcea595c0f8b82beab71fbca7824c6df2ae0c325bcd4daa22b3b1c26751c,True,True,24,0.8684530258178711,494,"{""full_mul_calls"":25,""full_columns"":494,""fr_mul_calls"":25,""fr_columns"":494,""common"":{""operator_mul_calls"":25,""operator_columns"":494,""scalar_mul_calls"":50,""scalar_columns"":988}}","{""full_mul_calls"":26,""full_columns"":518,""fr_mul_calls"":26,""fr_columns"":518,""common"":{""operator_mul_calls"":26,""operator_columns"":518,""scalar_mul_calls"":52,""scalar_columns"":1036}}",3.1052204128555365e-14,7.906528746978073e-11
64,1,24,6,2777,Previous map from this run only,63001,3.2821539379603446e-14,3.6946749266482244,89d8d6d9878302b9813dde746e85ccba70cdd1e7317fbf86d865e62653a4a77d,True,True,28,0.9268999099731445,514,"{""full_mul_calls"":29,""full_columns"":514,""fr_mul_calls"":29,""fr_columns"":514,""common"":{""operator_mul_calls"":29,""operator_columns"":514,""scalar_mul_calls"":58,""scalar_columns"":1028}}","{""full_mul_calls"":30,""full_columns"":538,""fr_mul_calls"":30,""fr_columns"":538,""common"":{""operator_mul_calls"":30,""operator_columns"":538,""scalar_mul_calls"":60,""scalar_columns"":1076}}",2.5486395597616873e-14,9.870275078026474e-11
64,2,24,6,2770,Previous map from this run only,63002,3.2913468050040296e-14,3.847594294053058,fa19f1c55b48a5559c46621a8002d83bc98bc0e4dcbdf13d9f72eda28c09ac1b,True,True,24,1.050055980682373,494,"{""full_mul_calls"":25,""full_columns"":494,""fr_mul_calls"":25,""fr_columns"":494,""common"":{""operator_mul_calls"":25,""operator_columns"":494,""scalar_mul_calls"":50,""scalar_columns"":988}}","{""full_mul_calls"":26,""full_columns"":518,""fr_mul_calls"":26,""fr_columns"":518,""common"":{""operator_mul_calls"":26,""operator_columns"":518,""scalar_mul_calls"":52,""scalar_columns"":1036}}",2.217074544006468e-14,7.180610583816712e-11
64,3,24,6,2770,Previous map from this run only,63003,3.4912606291377915e-14,3.8941096807352698,dad9bce6cd8ddd9ba16e393b31d0a99f7c7514e4f26dabe886d206b6327a2b7b,True,True,24,0.8718600273132324,493,"{""full_mul_calls"":25,""full_columns"":493,""fr_mul_calls"":25,""fr_columns"":493,""common"":{""operator_mul_calls"":25,""operator_columns"":493,""scalar_mul_calls"":50,""scalar_columns"":986}}","{""full_mul_calls"":26,""full_columns"":517,""fr_mul_calls"":26,""fr_columns"":517,""common"":{""operator_mul_calls"":26,""operator_columns"":517,""scalar_mul_calls"":52,""scalar_columns"":1034}}",2.6136226086082787e-14,9.913570651066866e-11
65,1,24,6,2777,Previous map from this run only,63001,3.4933423633557743e-14,3.6839343701676954,9fbf694a761f6b98140404687c9c0bb41a38afad3409ccf5df5e631bebd217ce,True,True,28,1.1303248405456543,516,"{""full_mul_calls"":29,""full_columns"":516,""fr_mul_calls"":29,""fr_columns"":516,""common"":{""operator_mul_calls"":29,""operator_columns"":516,""scalar_mul_calls"":58,""scalar_columns"":1032}}","{""full_mul_calls"":30,""full_columns"":540,""fr_mul_calls"":30,""fr_columns"":540,""common"":{""operator_mul_calls"":30,""operator_columns"":540,""scalar_mul_calls"":60,""scalar_columns"":1080}}",2.954858652574672e-14,8.145078164145905e-11
65,2,24,6,2770,Previous map from this run only,63002,2.7065816396630056e-14,4.037433538089125,dc8abb6b3cc1d63f865a3c22fdc545051959881d609635ae3f1637f242fe036b,True,True,23,0.8726098537445068,486,"{""full_mul_calls"":24,""full_columns"":486,""fr_mul_calls"":24,""fr_columns"":486,""common"":{""operator_mul_calls"":24,""operator_columns"":486,""scalar_mul_calls"":48,""scalar_columns"":972}}","{""full_mul_calls"":25,""full_columns"":510,""fr_mul_calls"":25,""fr_columns"":510,""common"":{""operator_mul_calls"":25,""operator_columns"":510,""scalar_mul_calls"":50,""scalar_columns"":1020}}",2.3948490626789715e-14,7.76249126073406e-11
65,3,24,6,2770,Previous map from this run only,63003,3.1372283459136404e-14,3.8957060413885225,7b2885068d5b1cc9d839e830c1d03f8140e0e8396b694a85d8f70b7319a306f7,True,True,23,1.0221219062805176,486,"{""full_mul_calls"":24,""full_columns"":486,""fr_mul_calls"":24,""fr_columns"":486,""common"":{""operator_mul_calls"":24,""operator_columns"":486,""scalar_mul_calls"":48,""scalar_columns"":972}}","{""full_mul_calls"":25,""full_columns"":510,""fr_mul_calls"":25,""fr_columns"":510,""common"":{""operator_mul_calls"":25,""operator_columns"":510,""scalar_mul_calls"":50,""scalar_columns"":1020}}",2.25559671745818e-14,8.906887376878542e-11
66,1,24,6,2777,Previous map from this run only,63001,3.27249174307151e-14,4.03258344325489,d9f603b34bdd41b72fe29cd30d7c32b17e5075b5d21a225b3eb6a7a27b6451a6,True,True,26,0.8519980907440186,490,"{""full_mul_calls"":27,""full_columns"":490,""fr_mul_calls"":27,""fr_columns"":490,""common"":{""operator_mul_calls"":27,""operator_columns"":490,""scalar_mul_calls"":54,""scalar_columns"":980}}","{""full_mul_calls"":28,""full_columns"":514,""fr_mul_calls"":28,""fr_columns"":514,""common"":{""operator_mul_calls"":28,""operator_columns"":514,""scalar_mul_calls"":56,""scalar_columns"":1028}}",1.9229042258834233e-14,9.964482287799791e-11
66,2,24,6,2770,Previous map from this run only,63002,3.2200363686230615e-14,3.862202045761909,0075d7e1ab3db7c04a4ae1db35e423fa5a16c4dd90ff23021d1567f816a61e71,True,True,23,1.0255529880523682,486,"{""full_mul_calls"":24,""full_columns"":486,""fr_mul_calls"":24,""fr_columns"":486,""common"":{""operator_mul_calls"":24,""operator_columns"":486,""scalar_mul_calls"":48,""scalar_columns"":972}}","{""full_mul_calls"":25,""full_columns"":510,""fr_mul_calls"":25,""fr_columns"":510,""common"":{""operator_mul_calls"":25,""operator_columns"":510,""scalar_mul_calls"":50,""scalar_columns"":1020}}",2.553474681464985e-14,8.84375540421196e-11
66,3,24,6,2770,Previous map from this run only,63003,2.886138208826465e-14,4.0182326701837265,4a4b610c383b866c4d9d038adafef9b1d5df8dcc1fdcb85f0cfc4ac83afac412,True,True,23,0.8560230731964111,482,"{""full_mul_calls"":24,""full_columns"":482,""fr_mul_calls"":24,""fr_columns"":482,""common"":{""operator_mul_calls"":24,""operator_columns"":482,""scalar_mul_calls"":48,""scalar_columns"":964}}","{""full_mul_calls"":25,""full_columns"":506,""fr_mul_calls"":25,""fr_columns"":506,""common"":{""operator_mul_calls"":25,""operator_columns"":506,""scalar_mul_calls"":50,""scalar_columns"":1012}}",2.461357985530476e-14,9.729950705551322e-11
67,1,24,6,2777,Previous map from this run only,63001,2.3890210880773617e-14,3.9661951484805402,24e399580bb637570dc596630fe48e2b04cfde338308e83b1cce02a95a03a7f2,True,True,27,0.8628621101379395,500,"{""full_mul_calls"":28,""full_columns"":500,""fr_mul_calls"":28,""fr_columns"":500,""common"":{""operator_mul_calls"":28,""operator_columns"":500,""scalar_mul_calls"":56,""scalar_columns"":1000}}","{""full_mul_calls"":29,""full_columns"":524,""fr_mul_calls"":29,""fr_columns"":524,""common"":{""operator_mul_calls"":29,""operator_columns"":524,""scalar_mul_calls"":58,""scalar_columns"":1048}}",2.1380803420244102e-14,7.318104539609253e-11
67,2,24,6,2770,Previous map from this run only,63002,3.0756362947013486e-14,3.9269984322311178,a35a9113d23262cad6ae56ddc1a4d0a64e2809ac3d293cdd3e4a9667707f934d,True,True,22,0.995305061340332,474,"{""full_mul_calls"":23,""full_columns"":474,""fr_mul_calls"":23,""fr_columns"":474,""common"":{""operator_mul_calls"":23,""operator_columns"":474,""scalar_mul_calls"":46,""scalar_columns"":948}}","{""full_mul_calls"":24,""full_columns"":498,""fr_mul_calls"":24,""fr_columns"":498,""common"":{""operator_mul_calls"":24,""operator_columns"":498,""scalar_mul_calls"":48,""scalar_columns"":996}}",2.6276807027943552e-14,9.864926804557643e-11
67,3,24,6,2770,Previous map from this run only,63003,2.9606051603266525e-14,3.942025178695887,c2e93ac68bfa60f5cc03560d276d6f86b75080bdc0402c1efcb999e419d789d2,True,True,23,0.8774271011352539,482,"{""full_mul_calls"":24,""full_columns"":482,""fr_mul_calls"":24,""fr_columns"":482,""common"":{""operator_mul_calls"":24,""operator_columns"":482,""scalar_mul_calls"":48,""scalar_columns"":964}}","{""full_mul_calls"":25,""full_columns"":506,""fr_mul_calls"":25,""fr_columns"":506,""common"":{""operator_mul_calls"":25,""operator_columns"":506,""scalar_mul_calls"":50,""scalar_columns"":1012}}",2.1107304386384495e-14,9.178757152829668e-11
68,1,24,6,2777,Previous map from this run only,63001,2.5922856107186695e-14,3.8247148237329602,c28d668b0270f560d9c53f5de74ab16bb82e30cff75ee82ba7c8c079af32e133,True,True,26,1.0474810600280762,492,"{""full_mul_calls"":27,""full_columns"":492,""fr_mul_calls"":27,""fr_columns"":492,""common"":{""operator_mul_calls"":27,""operator_columns"":492,""scalar_mul_calls"":54,""scalar_columns"":984}}","{""full_mul_calls"":28,""full_columns"":516,""fr_mul_calls"":28,""fr_columns"":516,""common"":{""operator_mul_calls"":28,""operator_columns"":516,""scalar_mul_calls"":56,""scalar_columns"":1032}}",2.201076129810379e-14,7.544351714959445e-11
68,2,24,6,2770,Previous map from this run only,63002,3.2628321517251294e-14,3.7763454385841446,1d0f2b9836969dbe87d94c886bc3895e7901f1515a03b7ccad6afe983025f34c,True,True,23,0.8634228706359863,482,"{""full_mul_calls"":24,""full_columns"":482,""fr_mul_calls"":24,""fr_columns"":482,""common"":{""operator_mul_calls"":24,""operator_columns"":482,""scalar_mul_calls"":48,""scalar_columns"":964}}","{""full_mul_calls"":25,""full_columns"":506,""fr_mul_calls"":25,""fr_columns"":506,""common"":{""operator_mul_calls"":25,""operator_columns"":506,""scalar_mul_calls"":50,""scalar_columns"":1012}}",2.6684681657279404e-14,9.131284749326733e-11
68,3,24,6,2770,Previous map from this run only,63003,2.566346384965486e-14,3.955059399675672,c6c15036da2717bf87160895192f76a65515a6e9ad5e2ac78059c3294d529628,True,True,22,0.9165048599243164,475,"{""full_mul_calls"":23,""full_columns"":475,""fr_mul_calls"":23,""fr_columns"":475,""common"":{""operator_mul_calls"":23,""operator_columns"":475,""scalar_mul_calls"":46,""scalar_columns"":950}}","{""full_mul_calls"":24,""full_columns"":499,""fr_mul_calls"":24,""fr_columns"":499,""common"":{""operator_mul_calls"":24,""operator_columns"":499,""scalar_mul_calls"":48,""scalar_columns"":998}}",2.8929236120016694e-14,9.489015437330118e-11
69,1,24,6,2777,Previous map from this run only,63001,2.613309212257335e-14,3.7642009414538835,75c1130b45a527bf89f4bb4c02f43f6be7ac8c98c0aab62d9a3186dd841b4054,True,True,26,0.8735032081604004,491,"{""full_mul_calls"":27,""full_columns"":491,""fr_mul_calls"":27,""fr_columns"":491,""common"":{""operator_mul_calls"":27,""operator_columns"":491,""scalar_mul_calls"":54,""scalar_columns"":982}}","{""full_mul_calls"":28,""full_columns"":515,""fr_mul_calls"":28,""fr_columns"":515,""common"":{""operator_mul_calls"":28,""operator_columns"":515,""scalar_mul_calls"":56,""scalar_columns"":1030}}",2.652242150553942e-14,9.890215770846754e-11
69,2,24,6,2770,Previous map from this run only,63002,2.99656211444985e-14,3.7639565982877548,c3cd383f6746d19202a9db7d0bd16ce20258a8496bbeb04c2a109ba8ed0a255e,True,True,22,0.9965560436248779,476,"{""full_mul_calls"":23,""full_columns"":476,""fr_mul_calls"":23,""fr_columns"":476,""common"":{""operator_mul_calls"":23,""operator_columns"":476,""scalar_mul_calls"":46,""scalar_columns"":952}}","{""full_mul_calls"":24,""full_columns"":500,""fr_mul_calls"":24,""fr_columns"":500,""common"":{""operator_mul_calls"":24,""operator_columns"":500,""scalar_mul_calls"":48,""scalar_columns"":1000}}",2.8722378287624225e-14,7.589082101364903e-11
69,3,24,6,2770,Previous map from this run only,63003,3.4765943775696935e-14,4.181058048880892,92091ad195a723bf626e520a43fc5dde97298c83783d922b576b6678f5567d37,True,True,22,0.8372130393981934,476,"{""full_mul_calls"":23,""full_columns"":476,""fr_mul_calls"":23,""fr_columns"":476,""common"":{""operator_mul_calls"":23,""operator_columns"":476,""scalar_mul_calls"":46,""scalar_columns"":952}}","{""full_mul_calls"":24,""full_columns"":500,""fr_mul_calls"":24,""fr_columns"":500,""common"":{""operator_mul_calls"":24,""operator_columns"":500,""scalar_mul_calls"":48,""scalar_columns"":1000}}",2.5430666512094205e-14,8.136653548939691e-11
70,1,24,6,2777,Previous map from this run only,63001,3.1701489963666547e-14,3.9756376904356783,15ccc15265a2436afbf0e9cab27c378ac568c442ec92595653781eb4ce803547,True,True,26,1.019179105758667,490,"{""full_mul_calls"":27,""full_columns"":490,""fr_mul_calls"":27,""fr_columns"":490,""common"":{""operator_mul_calls"":27,""operator_columns"":490,""scalar_mul_calls"":54,""scalar_columns"":980}}","{""full_mul_calls"":28,""full_columns"":514,""fr_mul_calls"":28,""fr_columns"":514,""common"":{""operator_mul_calls"":28,""operator_columns"":514,""scalar_mul_calls"":56,""scalar_columns"":1028}}",2.148418193174952e-14,8.804584119307117e-11
70,2,24,6,2770,Previous map from this run only,63002,3.3654369019993556e-14,4.041677402563876,42ab46fd2ac027df536f5859011fb9306cf8acb6751d61b3a55ff25e4843dfe5,True,True,22,0.8305871486663818,474,"{""full_mul_calls"":23,""full_columns"":474,""fr_mul_calls"":23,""fr_columns"":474,""common"":{""operator_mul_calls"":23,""operator_columns"":474,""scalar_mul_calls"":46,""scalar_columns"":948}}","{""full_mul_calls"":24,""full_columns"":498,""fr_mul_calls"":24,""fr_columns"":498,""common"":{""operator_mul_calls"":24,""operator_columns"":498,""scalar_mul_calls"":48,""scalar_columns"":996}}",2.4659920911937905e-14,9.909628466271913e-11
70,3,24,6,2770,Previous map from this run only,63003,2.9310641268528083e-14,3.7414390726328466,0aaeb054e7ddd4c05b4fdfe17374ea6a5164b886e399a19ae4471bbee4cd2ca3,True,True,21,0.985508918762207,466,"{""full_mul_calls"":22,""full_columns"":466,""fr_mul_calls"":22,""fr_columns"":466,""common"":{""operator_mul_calls"":22,""operator_columns"":466,""scalar_mul_calls"":44,""scalar_columns"":932}}","{""full_mul_calls"":23,""full_columns"":490,""fr_mul_calls"":23,""fr_columns"":490,""common"":{""operator_mul_calls"":23,""operator_columns"":490,""scalar_mul_calls"":46,""scalar_columns"":980}}",2.489928652717789e-14,9.640440682281136e-11
71,1,24,6,2777,Previous map from this run only,63001,2.485496739441864e-14,3.821820644311755,4310038706d92aaa6755c82f0630cae69f5d80302da4cb508ac3da3adc5609e5,True,True,23,1.0236701965332031,464,"{""full_mul_calls"":24,""full_columns"":464,""fr_mul_calls"":24,""fr_columns"":464,""common"":{""operator_mul_calls"":24,""operator_columns"":464,""scalar_mul_calls"":48,""scalar_columns"":928}}","{""full_mul_calls"":25,""full_columns"":488,""fr_mul_calls"":25,""fr_columns"":488,""common"":{""operator_mul_calls"":25,""operator_columns"":488,""scalar_mul_calls"":50,""scalar_columns"":976}}",2.6885012698755753e-14,9.66751911584464e-11
71,2,24,6,2770,Previous map from this run only,63002,2.8786065406905e-14,3.88523367924654,e2dccc327ce060c9e2335a3908fdb733731598dc6b3516590edfc5eedd439eeb,True,True,21,0.8182787895202637,462,"{""full_mul_calls"":22,""full_columns"":462,""fr_mul_calls"":22,""fr_columns"":462,""common"":{""operator_mul_calls"":22,""operator_columns"":462,""scalar_mul_calls"":44,""scalar_columns"":924}}","{""full_mul_calls"":23,""full_columns"":486,""fr_mul_calls"":23,""fr_columns"":486,""common"":{""operator_mul_calls"":23,""operator_columns"":486,""scalar_mul_calls"":46,""scalar_columns"":972}}",2.7978998663670205e-14,9.723166955899144e-11
71,3,24,6,2770,Previous map from this run only,63003,2.85766876005775e-14,3.9551708773512853,c4e32b035227f5969e1f5487db661f49302145f7b3ac1c2ca34034dc0e21ad50,True,True,21,0.9936089515686035,462,"{""full_mul_calls"":22,""full_columns"":462,""fr_mul_calls"":22,""fr_columns"":462,""common"":{""operator_mul_calls"":22,""operator_columns"":462,""scalar_mul_calls"":44,""scalar_columns"":924}}","{""full_mul_calls"":23,""full_columns"":486,""fr_mul_calls"":23,""fr_columns"":486,""common"":{""operator_mul_calls"":23,""operator_columns"":486,""scalar_mul_calls"":46,""scalar_columns"":972}}",2.6080229564198464e-14,9.570107130669591e-11
72,1,24,6,2777,Previous map from this run only,63001,3.1124009400681274e-14,3.835351311216336,e6b608c91899605d17361222e704e1069aed0cb5f766113ab8f6dfa7722ec071,True,True,23,0.7814819812774658,452,"{""full_mul_calls"":24,""full_columns"":452,""fr_mul_calls"":24,""fr_columns"":452,""common"":{""operator_mul_calls"":24,""operator_columns"":452,""scalar_mul_calls"":48,""scalar_columns"":904}}","{""full_mul_calls"":25,""full_columns"":476,""fr_mul_calls"":25,""fr_columns"":476,""common"":{""operator_mul_calls"":25,""operator_columns"":476,""scalar_mul_calls"":50,""scalar_columns"":952}}",2.1533641990833173e-14,9.93821280199509e-11
72,2,24,6,2770,Previous map from this run only,63002,3.6836382389165897e-14,3.8120448178793986,61fa9fc1e72fb54cb4be13b8214665d8ed16a4393edb7fd5362272bf9762d91a,True,True,22,0.9923379421234131,470,"{""full_mul_calls"":23,""full_columns"":470,""fr_mul_calls"":23,""fr_columns"":470,""common"":{""operator_mul_calls"":23,""operator_columns"":470,""scalar_mul_calls"":46,""scalar_columns"":940}}","{""full_mul_calls"":24,""full_columns"":494,""fr_mul_calls"":24,""fr_columns"":494,""common"":{""operator_mul_calls"":24,""operator_columns"":494,""scalar_mul_calls"":48,""scalar_columns"":988}}",2.9959345130798916e-14,9.22553422040247e-11
72,3,24,6,2770,Previous map from this run only,63003,3.774857211596722e-14,3.927400868225174,8c99a97b9eaa66259f66179197a754ca0f64f64bb6fce9d431db18a2551ddc35,True,True,22,0.8295729160308838,470,"{""full_mul_calls"":23,""full_columns"":470,""fr_mul_calls"":23,""fr_columns"":470,""common"":{""operator_mul_calls"":23,""operator_columns"":470,""scalar_mul_calls"":46,""scalar_columns"":940}}","{""full_mul_calls"":24,""full_columns"":494,""fr_mul_calls"":24,""fr_columns"":494,""common"":{""operator_mul_calls"":24,""operator_columns"":494,""scalar_mul_calls"":48,""scalar_columns"":988}}",2.231118048098259e-14,8.527421476369351e-11
73,1,24,6,2777,Previous map from this run only,63001,2.5980563200693882e-14,3.9746845431493942,9b0b49b240da2880fda2fa996db5ca69ed08a58b2935af1f0d87cf84ae0e959e,True,True,23,0.9575438499450684,451,"{""full_mul_calls"":24,""full_columns"":451,""fr_mul_calls"":24,""fr_columns"":451,""common"":{""operator_mul_calls"":24,""operator_columns"":451,""scalar_mul_calls"":48,""scalar_columns"":902}}","{""full_mul_calls"":25,""full_columns"":475,""fr_mul_calls"":25,""fr_columns"":475,""common"":{""operator_mul_calls"":25,""operator_columns"":475,""scalar_mul_calls"":50,""scalar_columns"":950}}",2.3122948399728212e-14,9.560553011371557e-11
73,2,24,6,2770,Previous map from this run only,63002,3.428061528739525e-14,3.848624315940066,402bf5524e1e68d8f7152da42c9aa140e9e55b4fc671af2b5e0ac8621b3daecf,True,True,22,0.8278810977935791,469,"{""full_mul_calls"":23,""full_columns"":469,""fr_mul_calls"":23,""fr_columns"":469,""common"":{""operator_mul_calls"":23,""operator_columns"":469,""scalar_mul_calls"":46,""scalar_columns"":938}}","{""full_mul_calls"":24,""full_columns"":493,""fr_mul_calls"":24,""fr_columns"":493,""common"":{""operator_mul_calls"":24,""operator_columns"":493,""scalar_mul_calls"":48,""scalar_columns"":986}}",2.3954802030663303e-14,9.916251216818162e-11
73,3,24,6,2770,Previous map from this run only,63003,2.609504880481698e-14,3.9549451844045627,dc77c6405d7afa8cd6a7062ac9e41dcdeb612f1b98f73a93ec241e2632ceff7e,True,True,22,1.0205509662628174,468,"{""full_mul_calls"":23,""full_columns"":468,""fr_mul_calls"":23,""fr_columns"":468,""common"":{""operator_mul_calls"":23,""operator_columns"":468,""scalar_mul_calls"":46,""scalar_columns"":936}}","{""full_mul_calls"":24,""full_columns"":492,""fr_mul_calls"":24,""fr_columns"":492,""common"":{""operator_mul_calls"":24,""operator_columns"":492,""scalar_mul_calls"":48,""scalar_columns"":984}}",2.193036436292059e-14,9.814701966704437e-11
74,1,24,6,2777,Previous map from this run only,63001,2.7051595139829375e-14,3.8094511994029507,c6e9ab5c25fa0a0d86e46b23715f19bb6c85b5e5df451a0dfa80f499b5d75ac5,True,True,23,0.7870550155639648,452,"{""full_mul_calls"":24,""full_columns"":452,""fr_mul_calls"":24,""fr_columns"":452,""common"":{""operator_mul_calls"":24,""operator_columns"":452,""scalar_mul_calls"":48,""scalar_columns"":904}}","{""full_mul_calls"":25,""full_columns"":476,""fr_mul_calls"":25,""fr_columns"":476,""common"":{""operator_mul_calls"":25,""operator_columns"":476,""scalar_mul_calls"":50,""scalar_columns"":952}}",2.351807430463697e-14,9.134384423373183e-11
74,2,24,6,2770,Previous map from this run only,63002,2.918087074577594e-14,4.004802734237567,abb738ac0938f4a1ad6f8af3992e5f60976d4b981e6bf4d12166b2d6cd47f8b3,True,True,21,0.9635090827941895,452,"{""full_mul_calls"":22,""full_columns"":452,""fr_mul_calls"":22,""fr_columns"":452,""common"":{""operator_mul_calls"":22,""operator_columns"":452,""scalar_mul_calls"":44,""scalar_columns"":904}}","{""full_mul_calls"":23,""full_columns"":476,""fr_mul_calls"":23,""fr_columns"":476,""common"":{""operator_mul_calls"":23,""operator_columns"":476,""scalar_mul_calls"":46,""scalar_columns"":952}}",2.7734150931381798e-14,9.513113730374335e-11
74,3,24,6,2770,Previous map from this run only,63003,2.6015385850947054e-14,3.737822037391405,db5534cc491223ea760f0cf5cb4979a402e55dbd0034794803866e167b1b1884,True,True,21,0.7907800674438477,452,"{""full_mul_calls"":22,""full_columns"":452,""fr_mul_calls"":22,""fr_columns"":452,""common"":{""operator_mul_calls"":22,""operator_columns"":452,""scalar_mul_calls"":44,""scalar_columns"":904}}","{""full_mul_calls"":23,""full_columns"":476,""fr_mul_calls"":23,""fr_columns"":476,""common"":{""operator_mul_calls"":23,""operator_columns"":476,""scalar_mul_calls"":46,""scalar_columns"":952}}",2.774034441819593e-14,8.924739214041331e-11
75,1,24,6,2777,Previous map from this run only,63001,2.869339357664217e-14,3.9904388073252366,e26428a1cfe837af0827e2e34ae9c1be0eb297cb3b96c9eda1d0d6dd6c2e1852,True,True,27,0.9975261688232422,483,"{""full_mul_calls"":28,""full_columns"":483,""fr_mul_calls"":28,""fr_columns"":483,""common"":{""operator_mul_calls"":28,""operator_columns"":483,""scalar_mul_calls"":56,""scalar_columns"":966}}","{""full_mul_calls"":29,""full_columns"":507,""fr_mul_calls"":29,""fr_columns"":507,""common"":{""operator_mul_calls"":29,""operator_columns"":507,""scalar_mul_calls"":58,""scalar_columns"":1014}}",2.384686518819222e-14,9.85301302692813e-11
75,2,24,6,2770,Previous map from this run only,63002,3.4930275248290584e-14,3.8082089467788616,fe579bef14669604a590275a2cdea71b003db87c98564e51c87f2c2e49bea5ba,True,True,20,0.7734799385070801,444,"{""full_mul_calls"":21,""full_columns"":444,""fr_mul_calls"":21,""fr_columns"":444,""common"":{""operator_mul_calls"":21,""operator_columns"":444,""scalar_mul_calls"":42,""scalar_columns"":888}}","{""full_mul_calls"":22,""full_columns"":468,""fr_mul_calls"":22,""fr_columns"":468,""common"":{""operator_mul_calls"":22,""operator_columns"":468,""scalar_mul_calls"":44,""scalar_columns"":936}}",2.5082476781321558e-14,9.7712435893005e-11
75,3,24,6,2770,Previous map from this run only,63003,3.3104728562102194e-14,3.674815927982121,a3a33ede8b29709a271c4b7c586edff26bd72e80b84fd892255497e87ee44cc7,True,True,21,0.9482848644256592,451,"{""full_mul_calls"":22,""full_columns"":451,""fr_mul_calls"":22,""fr_columns"":451,""common"":{""operator_mul_calls"":22,""operator_columns"":451,""scalar_mul_calls"":44,""scalar_columns"":902}}","{""full_mul_calls"":23,""full_columns"":475,""fr_mul_calls"":23,""fr_columns"":475,""common"":{""operator_mul_calls"":23,""operator_columns"":475,""scalar_mul_calls"":46,""scalar_columns"":950}}",2.7131977362464103e-14,9.821973752474e-11
76,1,24,6,2777,Previous map from this run only,63001,3.033339293145458e-14,3.7311364372674856,b5815ff12451c15d798c89066b05da35bffec8e92487b5dbca7a08b71f06e762,True,True,23,0.7879889011383057,452,"{""full_mul_calls"":24,""full_columns"":452,""fr_mul_calls"":24,""fr_columns"":452,""common"":{""operator_mul_calls"":24,""operator_columns"":452,""scalar_mul_calls"":48,""scalar_columns"":904}}","{""full_mul_calls"":25,""full_columns"":476,""fr_mul_calls"":25,""fr_columns"":476,""common"":{""operator_mul_calls"":25,""operator_columns"":476,""scalar_mul_calls"":50,""scalar_columns"":952}}",2.0050606224043005e-14,9.861685343886214e-11
76,2,24,6,2770,Previous map from this run only,63002,3.0129926496315916e-14,4.153298623852607,370271775f7c21b969bd7944f9798efd5816f702b7a84c89f9ff706eb8132989,True,True,20,0.9443249702453613,442,"{""full_mul_calls"":21,""full_columns"":442,""fr_mul_calls"":21,""fr_columns"":442,""common"":{""operator_mul_calls"":21,""operator_columns"":442,""scalar_mul_calls"":42,""scalar_columns"":884}}","{""full_mul_calls"":22,""full_columns"":466,""fr_mul_calls"":22,""fr_columns"":466,""common"":{""operator_mul_calls"":22,""operator_columns"":466,""scalar_mul_calls"":44,""scalar_columns"":932}}",2.4537271120604464e-14,9.714899005694963e-11
76,3,24,6,2770,Previous map from this run only,63003,3.409289492813332e-14,3.794053418583314,3af4fcfd15dc7f5146f113d8807ee5c1e8309715049d421378a16afee5d8057f,True,True,20,0.7686409950256348,444,"{""full_mul_calls"":21,""full_columns"":444,""fr_mul_calls"":21,""fr_columns"":444,""common"":{""operator_mul_calls"":21,""operator_columns"":444,""scalar_mul_calls"":42,""scalar_columns"":888}}","{""full_mul_calls"":22,""full_columns"":468,""fr_mul_calls"":22,""fr_columns"":468,""common"":{""operator_mul_calls"":22,""operator_columns"":468,""scalar_mul_calls"":44,""scalar_columns"":936}}",2.5884556466382285e-14,8.272806379702132e-11
77,1,24,6,2777,Previous map from this run only,63001,2.6217744898271167e-14,3.7826783404355835,5b9c7e1eb883f7887e65f5e2a3d217345b3c41fbc1c3f3aa298ff1cbc951e4be,True,True,23,0.981093168258667,452,"{""full_mul_calls"":24,""full_columns"":452,""fr_mul_calls"":24,""fr_columns"":452,""common"":{""operator_mul_calls"":24,""operator_columns"":452,""scalar_mul_calls"":48,""scalar_columns"":904}}","{""full_mul_calls"":25,""full_columns"":476,""fr_mul_calls"":25,""fr_columns"":476,""common"":{""operator_mul_calls"":25,""operator_columns"":476,""scalar_mul_calls"":50,""scalar_columns"":952}}",2.299181874532822e-14,8.451280931232661e-11
77,2,24,6,2770,Previous map from this run only,63002,2.894661499123527e-14,4.087642880879311,c6532913aa24f539e23f35c8cba9a2205f3e7c2128cc78e8697e6a4fe08c121c,True,True,20,0.768712043762207,442,"{""full_mul_calls"":21,""full_columns"":442,""fr_mul_calls"":21,""fr_columns"":442,""common"":{""operator_mul_calls"":21,""operator_columns"":442,""scalar_mul_calls"":42,""scalar_columns"":884}}","{""full_mul_calls"":22,""full_columns"":466,""fr_mul_calls"":22,""fr_columns"":466,""common"":{""operator_mul_calls"":22,""operator_columns"":466,""scalar_mul_calls"":44,""scalar_columns"":932}}",2.456608455003858e-14,9.362778126646408e-11
77,3,24,6,2770,Previous map from this run only,63003,3.200193939863539e-14,3.7458345260097152,42870e7b6a3a96171a60c7c782f41844678e2753ceb4d70341b295418b7bd195,True,True,20,0.7955460548400879,441,"{""full_mul_calls"":21,""full_columns"":441,""fr_mul_calls"":21,""fr_columns"":441,""common"":{""operator_mul_calls"":21,""operator_columns"":441,""scalar_mul_calls"":42,""scalar_columns"":882}}","{""full_mul_calls"":22,""full_columns"":465,""fr_mul_calls"":22,""fr_columns"":465,""common"":{""operator_mul_calls"":22,""operator_columns"":465,""scalar_mul_calls"":44,""scalar_columns"":930}}",2.1742306260668612e-14,9.417416370933495e-11
78,1,24,6,2777,Previous map from this run only,63001,2.774730808482484e-14,3.7546797025552388,6930c3d9b19fcb56478c0c90e2e928044703b59820179c64a32651e70c358e95,True,True,26,0.8082180023193359,473,"{""full_mul_calls"":27,""full_columns"":473,""fr_mul_calls"":27,""fr_columns"":473,""common"":{""operator_mul_calls"":27,""operator_columns"":473,""scalar_mul_calls"":54,""scalar_columns"":946}}","{""full_mul_calls"":28,""full_columns"":497,""fr_mul_calls"":28,""fr_columns"":497,""common"":{""operator_mul_calls"":28,""operator_columns"":497,""scalar_mul_calls"":56,""scalar_columns"":994}}",2.2446813594996373e-14,9.153929000573043e-11
78,2,24,6,2770,Previous map from this run only,63002,3.087717763491693e-14,3.8888779529397794,f09b7b6f5b55fc906116c7866d21642d352c85cb6cde68fdaaa4ed1f5d4a15c3,True,True,20,0.9430749416351318,440,"{""full_mul_calls"":21,""full_columns"":440,""fr_mul_calls"":21,""fr_columns"":440,""common"":{""operator_mul_calls"":21,""operator_columns"":440,""scalar_mul_calls"":42,""scalar_columns"":880}}","{""full_mul_calls"":22,""full_columns"":464,""fr_mul_calls"":22,""fr_columns"":464,""common"":{""operator_mul_calls"":22,""operator_columns"":464,""scalar_mul_calls"":44,""scalar_columns"":928}}",2.2437899209613693e-14,8.890441100329081e-11
78,3,24,6,2770,Previous map from this run only,63003,2.6750379818928825e-14,3.883852953703267,ffddc9ab902317613a08396469ce209d2b479905644e18bd7b87067fab3f32c2,True,True,20,0.772244930267334,440,"{""full_mul_calls"":21,""full_columns"":440,""fr_mul_calls"":21,""fr_columns"":440,""common"":{""operator_mul_calls"":21,""operator_columns"":440,""scalar_mul_calls"":42,""scalar_columns"":880}}","{""full_mul_calls"":22,""full_columns"":464,""fr_mul_calls"":22,""fr_columns"":464,""common"":{""operator_mul_calls"":22,""operator_columns"":464,""scalar_mul_calls"":44,""scalar_columns"":928}}",2.45764466949331e-14,9.604517782898394e-11
79,1,24,6,2777,Previous map from this run only,63001,2.686641229825568e-14,3.9662456347595314,608d6140863f0a62335a6316a789fc9a6f61085304bf5281a374d8cfcba4774b,True,True,25,0.9696531295776367,462,"{""full_mul_calls"":26,""full_columns"":462,""fr_mul_calls"":26,""fr_columns"":462,""common"":{""operator_mul_calls"":26,""operator_columns"":462,""scalar_mul_calls"":52,""scalar_columns"":924}}","{""full_mul_calls"":27,""full_columns"":486,""fr_mul_calls"":27,""fr_columns"":486,""common"":{""operator_mul_calls"":27,""operator_columns"":486,""scalar_mul_calls"":54,""scalar_columns"":972}}",1.7257077719300788e-14,9.72158620047025e-11
79,2,24,6,2770,Previous map from this run only,63002,2.6975243390166385e-14,3.921387682838201,cb9910208518ed4282d3d4f77b30205dfbb632f5d6ba26815fb553fefeead513,True,True,19,0.7497320175170898,428,"{""full_mul_calls"":20,""full_columns"":428,""fr_mul_calls"":20,""fr_columns"":428,""common"":{""operator_mul_calls"":20,""operator_columns"":428,""scalar_mul_calls"":40,""scalar_columns"":856}}","{""full_mul_calls"":21,""full_columns"":452,""fr_mul_calls"":21,""fr_columns"":452,""common"":{""operator_mul_calls"":21,""operator_columns"":452,""scalar_mul_calls"":42,""scalar_columns"":904}}",2.9366925293321314e-14,9.63571353640229e-11
79,3,24,6,2770,Previous map from this run only,63003,2.966016959563086e-14,3.633830697128731,36f0310932a0700ee4234edf6cadab977aa9b6b776d70a870381a9f49fe3885d,True,True,20,0.778810977935791,436,"{""full_mul_calls"":21,""full_columns"":436,""fr_mul_calls"":21,""fr_columns"":436,""common"":{""operator_mul_calls"":21,""operator_columns"":436,""scalar_mul_calls"":42,""scalar_columns"":872}}","{""full_mul_calls"":22,""full_columns"":460,""fr_mul_calls"":22,""fr_columns"":460,""common"":{""operator_mul_calls"":22,""operator_columns"":460,""scalar_mul_calls"":44,""scalar_columns"":920}}",1.882943291514727e-14,9.866479253935827e-11
80,1,24,6,2777,Previous map from this run only,63001,2.495319376653731e-14,3.789587587163118,3fa46240460317254ae4993c403e409e6927fbdc395c6785fa3d846ee007d025,True,True,24,0.7709510326385498,453,"{""full_mul_calls"":25,""full_columns"":453,""fr_mul_calls"":25,""fr_columns"":453,""common"":{""operator_mul_calls"":25,""operator_columns"":453,""scalar_mul_calls"":50,""scalar_columns"":906}}","{""full_mul_calls"":26,""full_columns"":477,""fr_mul_calls"":26,""fr_columns"":477,""common"":{""operator_mul_calls"":26,""operator_columns"":477,""scalar_mul_calls"":52,""scalar_columns"":954}}",2.0458582680679302e-14,9.51405620492577e-11
80,2,24,6,2770,Previous map from this run only,63002,3.236633436583976e-14,3.758690764479113,a9d0f2169be0bf534ae9bf99520e7863ae63431044e2fd93e30b406b96a0a83a,True,True,19,0.9413909912109375,427,"{""full_mul_calls"":20,""full_columns"":427,""fr_mul_calls"":20,""fr_columns"":427,""common"":{""operator_mul_calls"":20,""operator_columns"":427,""scalar_mul_calls"":40,""scalar_columns"":854}}","{""full_mul_calls"":21,""full_columns"":451,""fr_mul_calls"":21,""fr_columns"":451,""common"":{""operator_mul_calls"":21,""operator_columns"":451,""scalar_mul_calls"":42,""scalar_columns"":902}}",3.0453228443958124e-14,9.375015789456258e-11
80,3,24,6,2770,Previous map from this run only,63003,2.4905732043227482e-14,4.079015969709275,9af49787ae23e57cd381527450ed9376b177f0d8a7bd7cd4820729b485d751b6,True,True,19,0.7511551380157471,428,"{""full_mul_calls"":20,""full_columns"":428,""fr_mul_calls"":20,""fr_columns"":428,""common"":{""operator_mul_calls"":20,""operator_columns"":428,""scalar_mul_calls"":40,""scalar_columns"":856}}","{""full_mul_calls"":21,""full_columns"":452,""fr_mul_calls"":21,""fr_columns"":452,""common"":{""operator_mul_calls"":21,""operator_columns"":452,""scalar_mul_calls"":42,""scalar_columns"":904}}",2.2504421189780283e-14,9.82123275734026e-11
81,1,24,6,2777,Previous map from this run only,63001,2.412692130880683e-14,4.008327187291561,dfea9578ed8cdcaddc9d376752f0e1c34df6fddc285c836c9fc5b067e790fb7e,True,True,24,0.956928014755249,454,"{""full_mul_calls"":25,""full_columns"":454,""fr_mul_calls"":25,""fr_columns"":454,""common"":{""operator_mul_calls"":25,""operator_columns"":454,""scalar_mul_calls"":50,""scalar_columns"":908}}","{""full_mul_calls"":26,""full_columns"":478,""fr_mul_calls"":26,""fr_columns"":478,""common"":{""operator_mul_calls"":26,""operator_columns"":478,""scalar_mul_calls"":52,""scalar_columns"":956}}",2.0829610486464228e-14,9.19536581589407e-11
81,2,24,6,2770,Previous map from this run only,63002,3.324822507366734e-14,3.856490241411491,90fde00496957f739504392b5bb9a8233bd80db8ec5116f07382568ad6018f48,True,True,19,0.7921569347381592,428,"{""full_mul_calls"":20,""full_columns"":428,""fr_mul_calls"":20,""fr_columns"":428,""common"":{""operator_mul_calls"":20,""operator_columns"":428,""scalar_mul_calls"":40,""scalar_columns"":856}}","{""full_mul_calls"":21,""full_columns"":452,""fr_mul_calls"":21,""fr_columns"":452,""common"":{""operator_mul_calls"":21,""operator_columns"":452,""scalar_mul_calls"":42,""scalar_columns"":904}}",2.0547425741306932e-14,9.486430490297247e-11
81,3,24,6,2770,Previous map from this run only,63003,2.859185061920137e-14,3.681328269143311,1ff9715fdb70961eff886ac8d8cec9485aebe247a3c91f44ab26da6865fe42f5,True,True,19,0.7951738834381104,428,"{""full_mul_calls"":20,""full_columns"":428,""fr_mul_calls"":20,""fr_columns"":428,""common"":{""operator_mul_calls"":20,""operator_columns"":428,""scalar_mul_calls"":40,""scalar_columns"":856}}","{""full_mul_calls"":21,""full_columns"":452,""fr_mul_calls"":21,""fr_columns"":452,""common"":{""operator_mul_calls"":21,""operator_columns"":452,""scalar_mul_calls"":42,""scalar_columns"":904}}",3.109697768631463e-14,8.247288774895832e-11
82,1,24,6,2777,Previous map from this run only,63001,2.4442325830713434e-14,3.9347908207453814,d907a18980e4e44f5c16b2499ac4828b94bf73864edb26487511e77fff0323c1,True,True,23,0.7679259777069092,446,"{""full_mul_calls"":24,""full_columns"":446,""fr_mul_calls"":24,""fr_columns"":446,""common"":{""operator_mul_calls"":24,""operator_columns"":446,""scalar_mul_calls"":48,""scalar_columns"":892}}","{""full_mul_calls"":25,""full_columns"":470,""fr_mul_calls"":25,""fr_columns"":470,""common"":{""operator_mul_calls"":25,""operator_columns"":470,""scalar_mul_calls"":50,""scalar_columns"":940}}",1.9642740770876285e-14,9.993377931572824e-11
82,2,24,6,2770,Previous map from this run only,63002,2.5955597795385294e-14,4.064199275806381,74600fed230377b71901d9af72c00104db7004d9e0c5d99576753ae572a18244,True,True,19,0.7727501392364502,428,"{""full_mul_calls"":20,""full_columns"":428,""fr_mul_calls"":20,""fr_columns"":428,""common"":{""operator_mul_calls"":20,""operator_columns"":428,""scalar_mul_calls"":40,""scalar_columns"":856}}","{""full_mul_calls"":21,""full_columns"":452,""fr_mul_calls"":21,""fr_columns"":452,""common"":{""operator_mul_calls"":21,""operator_columns"":452,""scalar_mul_calls"":42,""scalar_columns"":904}}",2.6275710199560632e-14,8.983913726094136e-11
82,3,24,6,2770,Previous map from this run only,63003,3.771365798285363e-14,3.9288909206079166,bb8a88fe83bfeafaadbcde5698ba2aefae2e5467b26b6898daa40f646ef19777,True,True,19,0.8903899192810059,426,"{""full_mul_calls"":20,""full_columns"":426,""fr_mul_calls"":20,""fr_columns"":426,""common"":{""operator_mul_calls"":20,""operator_columns"":426,""scalar_mul_calls"":40,""scalar_columns"":852}}","{""full_mul_calls"":21,""full_columns"":450,""fr_mul_calls"":21,""fr_columns"":450,""common"":{""operator_mul_calls"":21,""operator_columns"":450,""scalar_mul_calls"":42,""scalar_columns"":900}}",2.3955258125753167e-14,9.924247468988296e-11
83,1,24,6,2777,Previous map from this run only,63001,2.5512583145812298e-14,3.922633898949417,bd53235716d35c46ee6ab93a05d2365e10feb9034b85293e3c6057c54ae4d582,True,True,22,0.9245090484619141,438,"{""full_mul_calls"":23,""full_columns"":438,""fr_mul_calls"":23,""fr_columns"":438,""common"":{""operator_mul_calls"":23,""operator_columns"":438,""scalar_mul_calls"":46,""scalar_columns"":876}}","{""full_mul_calls"":24,""full_columns"":462,""fr_mul_calls"":24,""fr_columns"":462,""common"":{""operator_mul_calls"":24,""operator_columns"":462,""scalar_mul_calls"":48,""scalar_columns"":924}}",1.9553857398323834e-14,9.844381705954396e-11
83,2,24,6,2770,Previous map from this run only,63002,3.107723232292907e-14,4.177853490964398,b955a08d83ce66d5af2e15cfb6dfdb753349027e948e8b2323bf1134ca5d3674,True,True,19,0.7605040073394775,426,"{""full_mul_calls"":20,""full_columns"":426,""fr_mul_calls"":20,""fr_columns"":426,""common"":{""operator_mul_calls"":20,""operator_columns"":426,""scalar_mul_calls"":40,""scalar_columns"":852}}","{""full_mul_calls"":21,""full_columns"":450,""fr_mul_calls"":21,""fr_columns"":450,""common"":{""operator_mul_calls"":21,""operator_columns"":450,""scalar_mul_calls"":42,""scalar_columns"":900}}",2.3693361920080863e-14,9.763390206685987e-11
83,3,24,6,2770,Previous map from this run only,63003,3.0696553431636604e-14,4.035256415673383,05985faf0c695d5513db80ec4ec0853c046d6698e03237dee88e0fd0869ab841,True,True,19,0.779559850692749,426,"{""full_mul_calls"":20,""full_columns"":426,""fr_mul_calls"":20,""fr_columns"":426,""common"":{""operator_mul_calls"":20,""operator_columns"":426,""scalar_mul_calls"":40,""scalar_columns"":852}}","{""full_mul_calls"":21,""full_columns"":450,""fr_mul_calls"":21,""fr_columns"":450,""common"":{""operator_mul_calls"":21,""operator_columns"":450,""scalar_mul_calls"":42,""scalar_columns"":900}}",2.839941918332153e-14,9.2921404037373e-11
84,1,24,6,2777,Previous map from this run only,63001,2.3292469182753697e-14,3.762924075421512,a5d2373411e9383f4bf51f184dd92d16acabb3e8fde2f3bfe15d0a21a14db5ea,True,True,21,0.7579309940338135,430,"{""full_mul_calls"":22,""full_columns"":430,""fr_mul_calls"":22,""fr_columns"":430,""common"":{""operator_mul_calls"":22,""operator_columns"":430,""scalar_mul_calls"":44,""scalar_columns"":860}}","{""full_mul_calls"":23,""full_columns"":454,""fr_mul_calls"":23,""fr_columns"":454,""common"":{""operator_mul_calls"":23,""operator_columns"":454,""scalar_mul_calls"":46,""scalar_columns"":908}}",2.3505865803330465e-14,9.010420908424339e-11
84,2,24,6,2770,Previous map from this run only,63002,2.923835827668782e-14,4.078527044367719,d37fe6163171bdff02c5f2cf1fac12296917df6360787cad9e98bf853ba774de,True,True,19,0.9387099742889404,426,"{""full_mul_calls"":20,""full_columns"":426,""fr_mul_calls"":20,""fr_columns"":426,""common"":{""operator_mul_calls"":20,""operator_columns"":426,""scalar_mul_calls"":40,""scalar_columns"":852}}","{""full_mul_calls"":21,""full_columns"":450,""fr_mul_calls"":21,""fr_columns"":450,""common"":{""operator_mul_calls"":21,""operator_columns"":450,""scalar_mul_calls"":42,""scalar_columns"":900}}",2.300293443835266e-14,7.196036609782988e-11
84,3,24,6,2770,Previous map from this run only,63003,3.2655408055922573e-14,3.8635593832791955,9724c610ad29a257f0e0da366fa258b8fc2ce0dd4306194a219ba68f8849b375,True,True,19,0.7497031688690186,422,"{""full_mul_calls"":20,""full_columns"":422,""fr_mul_calls"":20,""fr_columns"":422,""common"":{""operator_mul_calls"":20,""operator_columns"":422,""scalar_mul_calls"":40,""scalar_columns"":844}}","{""full_mul_calls"":21,""full_columns"":446,""fr_mul_calls"":21,""fr_columns"":446,""common"":{""operator_mul_calls"":21,""operator_columns"":446,""scalar_mul_calls"":42,""scalar_columns"":892}}",2.997779465366377e-14,9.983827797708654e-11
85,1,24,6,2777,Previous map from this run only,63001,2.759376527496903e-14,3.9559689808254714,aff159818dd7625cb8143317befd53c417221c259e22263b948d34c838cf7eb4,True,True,21,0.9235060214996338,426,"{""full_mul_calls"":22,""full_columns"":426,""fr_mul_calls"":22,""fr_columns"":426,""common"":{""operator_mul_calls"":22,""operator_columns"":426,""scalar_mul_calls"":44,""scalar_columns"":852}}","{""full_mul_calls"":23,""full_columns"":450,""fr_mul_calls"":23,""fr_columns"":450,""common"":{""operator_mul_calls"":23,""operator_columns"":450,""scalar_mul_calls"":46,""scalar_columns"":900}}",2.3128941633763e-14,9.910379957827942e-11
85,2,24,6,2770,Previous map from this run only,63002,3.095485992409748e-14,3.6587679327210245,5a593e1960a72a75a9361ead3a4adc8225e2b2f52de07e43009121987813c109,True,True,19,0.7547199726104736,422,"{""full_mul_calls"":20,""full_columns"":422,""fr_mul_calls"":20,""fr_columns"":422,""common"":{""operator_mul_calls"":20,""operator_columns"":422,""scalar_mul_calls"":40,""scalar_columns"":844}}","{""full_mul_calls"":21,""full_columns"":446,""fr_mul_calls"":21,""fr_columns"":446,""common"":{""operator_mul_calls"":21,""operator_columns"":446,""scalar_mul_calls"":42,""scalar_columns"":892}}",2.2982157039814798e-14,9.380766417706276e-11
85,3,24,6,2770,Previous map from this run only,63003,3.466237117791694e-14,3.7972706324328787,d7e7ffa315365080fe4d50723ce83f82f79e89da29097c6bbc0adb09211811dd,True,True,19,0.8097569942474365,421,"{""full_mul_calls"":20,""full_columns"":421,""fr_mul_calls"":20,""fr_columns"":421,""common"":{""operator_mul_calls"":20,""operator_columns"":421,""scalar_mul_calls"":40,""scalar_columns"":842}}","{""full_mul_calls"":21,""full_columns"":445,""fr_mul_calls"":21,""fr_columns"":445,""common"":{""operator_mul_calls"":21,""operator_columns"":445,""scalar_mul_calls"":42,""scalar_columns"":890}}",2.0980519917795484e-14,9.990877524782266e-11
86,1,24,6,2777,Previous map from this run only,63001,2.798593036226663e-14,3.8688726569350926,c10daa247a2166ebb582d3c25e06d7b200ff93e64d4f36d6e05535838dcbdb75,True,True,21,0.7421388626098633,426,"{""full_mul_calls"":22,""full_columns"":426,""fr_mul_calls"":22,""fr_columns"":426,""common"":{""operator_mul_calls"":22,""operator_columns"":426,""scalar_mul_calls"":44,""scalar_columns"":852}}","{""full_mul_calls"":23,""full_columns"":450,""fr_mul_calls"":23,""fr_columns"":450,""common"":{""operator_mul_calls"":23,""operator_columns"":450,""scalar_mul_calls"":46,""scalar_columns"":900}}",2.2196937069923405e-14,8.62683055303711e-11
86,2,24,6,2770,Previous map from this run only,63002,2.749737158990913e-14,3.9921851434787716,685d47ff31d1ea0fc8871de6d55dfaa4b626d5efd244258d62aa97003154dbd0,True,True,19,0.899036169052124,419,"{""full_mul_calls"":20,""full_columns"":419,""fr_mul_calls"":20,""fr_columns"":419,""common"":{""operator_mul_calls"":20,""operator_columns"":419,""scalar_mul_calls"":40,""scalar_columns"":838}}","{""full_mul_calls"":21,""full_columns"":443,""fr_mul_calls"":21,""fr_columns"":443,""common"":{""operator_mul_calls"":21,""operator_columns"":443,""scalar_mul_calls"":42,""scalar_columns"":886}}",2.2753465020560607e-14,9.4502181987992e-11
86,3,24,6,2770,Previous map from this run only,63003,2.761271123504396e-14,3.9514996234665927,871bc08902cd8374a7a5a966ab57b64e1028bc47b4db7ea5ef388fc74870d84a,True,True,18,0.7165501117706299,411,"{""full_mul_calls"":19,""full_columns"":411,""fr_mul_calls"":19,""fr_columns"":411,""common"":{""operator_mul_calls"":19,""operator_columns"":411,""scalar_mul_calls"":38,""scalar_columns"":822}}","{""full_mul_calls"":20,""full_columns"":435,""fr_mul_calls"":20,""fr_columns"":435,""common"":{""operator_mul_calls"":20,""operator_columns"":435,""scalar_mul_calls"":40,""scalar_columns"":870}}",2.5119663161938523e-14,9.881673157541335e-11
87,1,24,6,2777,Previous map from this run only,63001,2.6394112862300867e-14,4.031700956512331,5a6cfbb66c3422850a0b1a79a0410dfdbf5b7bf55e54a9029fc9c911d4e3c811,True,True,21,0.9116621017456055,426,"{""full_mul_calls"":22,""full_columns"":426,""fr_mul_calls"":22,""fr_columns"":426,""common"":{""operator_mul_calls"":22,""operator_columns"":426,""scalar_mul_calls"":44,""scalar_columns"":852}}","{""full_mul_calls"":23,""full_columns"":450,""fr_mul_calls"":23,""fr_columns"":450,""common"":{""operator_mul_calls"":23,""operator_columns"":450,""scalar_mul_calls"":46,""scalar_columns"":900}}",2.2370373933269924e-14,8.386199544487109e-11
87,2,24,6,2770,Previous map from this run only,63002,2.894213631471139e-14,3.6377138547739687,1cf09b12fd6a7e1d4817a27f3a9b41c40a281d6e8819d9c997838ed737098561,True,True,18,0.7171590328216553,410,"{""full_mul_calls"":19,""full_columns"":410,""fr_mul_calls"":19,""fr_columns"":410,""common"":{""operator_mul_calls"":19,""operator_columns"":410,""scalar_mul_calls"":38,""scalar_columns"":820}}","{""full_mul_calls"":20,""full_columns"":434,""fr_mul_calls"":20,""fr_columns"":434,""common"":{""operator_mul_calls"":20,""operator_columns"":434,""scalar_mul_calls"":40,""scalar_columns"":868}}",2.010898113326005e-14,9.708694387969051e-11
87,3,24,6,2770,Previous map from this run only,63003,3.0092125053539753e-14,3.7438945163968267,e0ba9e0835eade5375d2a7e8bd5b33cab72bcc9793cce118cf6f9f36c792cf37,True,True,19,0.901170015335083,418,"{""full_mul_calls"":20,""full_columns"":418,""fr_mul_calls"":20,""fr_columns"":418,""common"":{""operator_mul_calls"":20,""operator_columns"":418,""scalar_mul_calls"":40,""scalar_columns"":836}}","{""full_mul_calls"":21,""full_columns"":442,""fr_mul_calls"":21,""fr_columns"":442,""common"":{""operator_mul_calls"":21,""operator_columns"":442,""scalar_mul_calls"":42,""scalar_columns"":884}}",2.5685276094287445e-14,9.735041744140095e-11
88,1,24,6,2777,Previous map from this run only,63001,2.528834681474321e-14,3.967386569108397,d432e293ac55a7be9599a51e0d5908567fdcb1b20ee7a33e1fa54bdfaa2714f0,True,True,20,0.7282130718231201,416,"{""full_mul_calls"":21,""full_columns"":416,""fr_mul_calls"":21,""fr_columns"":416,""common"":{""operator_mul_calls"":21,""operator_columns"":416,""scalar_mul_calls"":42,""scalar_columns"":832}}","{""full_mul_calls"":22,""full_columns"":440,""fr_mul_calls"":22,""fr_columns"":440,""common"":{""operator_mul_calls"":22,""operator_columns"":440,""scalar_mul_calls"":44,""scalar_columns"":880}}",1.6541458991416042e-14,9.834432095145601e-11
88,2,24,6,2770,Previous map from this run only,63002,2.4508766316733515e-14,3.665499144144095,3a49e3fc758619dcdaa5f8178a3f1943d65384fc67643b513a293fd2e2d48998,True,True,18,0.8783648014068604,410,"{""full_mul_calls"":19,""full_columns"":410,""fr_mul_calls"":19,""fr_columns"":410,""common"":{""operator_mul_calls"":19,""operator_columns"":410,""scalar_mul_calls"":38,""scalar_columns"":820}}","{""full_mul_calls"":20,""full_columns"":434,""fr_mul_calls"":20,""fr_columns"":434,""common"":{""operator_mul_calls"":20,""operator_columns"":434,""scalar_mul_calls"":40,""scalar_columns"":868}}",2.499746871914803e-14,8.880011536773802e-11
88,3,24,6,2770,Previous map from this run only,63003,3.316913624197714e-14,3.79612918011251,680ca63468a366b09c17cd2d6fafc890856fa26be3ea0f3b0d0bd9607f927e0d,True,True,18,0.7142391204833984,410,"{""full_mul_calls"":19,""full_columns"":410,""fr_mul_calls"":19,""fr_columns"":410,""common"":{""operator_mul_calls"":19,""operator_columns"":410,""scalar_mul_calls"":38,""scalar_columns"":820}}","{""full_mul_calls"":20,""full_columns"":434,""fr_mul_calls"":20,""fr_columns"":434,""common"":{""operator_mul_calls"":20,""operator_columns"":434,""scalar_mul_calls"":40,""scalar_columns"":868}}",2.481036867818623e-14,8.581939995027632e-11
89,1,24,6,2777,Previous map from this run only,63001,2.205112380688927e-14,3.8473966752478126,959abde1c026f7a95160d0f39f31d37ee2b5d043839ef91b519e0685bc4daaea,True,True,20,0.8951511383056641,416,"{""full_mul_calls"":21,""full_columns"":416,""fr_mul_calls"":21,""fr_columns"":416,""common"":{""operator_mul_calls"":21,""operator_columns"":416,""scalar_mul_calls"":42,""scalar_columns"":832}}","{""full_mul_calls"":22,""full_columns"":440,""fr_mul_calls"":22,""fr_columns"":440,""common"":{""operator_mul_calls"":22,""operator_columns"":440,""scalar_mul_calls"":44,""scalar_columns"":880}}",2.0746863494124747e-14,9.069487509220082e-11
89,2,24,6,2770,Previous map from this run only,63002,3.259433010335474e-14,3.9592528912757627,53f91894af7e3a55e24e95414aef9fac4e31ae29f58e89678a4f8448375e4cf8,True,True,18,0.746661901473999,410,"{""full_mul_calls"":19,""full_columns"":410,""fr_mul_calls"":19,""fr_columns"":410,""common"":{""operator_mul_calls"":19,""operator_columns"":410,""scalar_mul_calls"":38,""scalar_columns"":820}}","{""full_mul_calls"":20,""full_columns"":434,""fr_mul_calls"":20,""fr_columns"":434,""common"":{""operator_mul_calls"":20,""operator_columns"":434,""scalar_mul_calls"":40,""scalar_columns"":868}}",2.1712813833957365e-14,9.653802271626432e-11
89,3,24,6,2770,Previous map from this run only,63003,2.8359341595125474e-14,3.6913776590967635,03f1082cccd8d9e9d0406f65908f774841d77a0d70f8c11141c7b5fd045c1890,True,True,18,0.7155849933624268,409,"{""full_mul_calls"":19,""full_columns"":409,""fr_mul_calls"":19,""fr_columns"":409,""common"":{""operator_mul_calls"":19,""operator_columns"":409,""scalar_mul_calls"":38,""scalar_columns"":818}}","{""full_mul_calls"":20,""full_columns"":433,""fr_mul_calls"":20,""fr_columns"":433,""common"":{""operator_mul_calls"":20,""operator_columns"":433,""scalar_mul_calls"":40,""scalar_columns"":866}}",2.9345072305271676e-14,9.61424249802129e-11
90,1,24,6,2777,Previous map from this run only,63001,2.4119361799743838e-14,3.93758458505578,8beeb239954e7ceb74ed2917683735dc5e68173b606af4901724958a7b04a6a7,True,True,20,0.7498998641967773,416,"{""full_mul_calls"":21,""full_columns"":416,""fr_mul_calls"":21,""fr_columns"":416,""common"":{""operator_mul_calls"":21,""operator_columns"":416,""scalar_mul_calls"":42,""scalar_columns"":832}}","{""full_mul_calls"":22,""full_columns"":440,""fr_mul_calls"":22,""fr_columns"":440,""common"":{""operator_mul_calls"":22,""operator_columns"":440,""scalar_mul_calls"":44,""scalar_columns"":880}}",2.2480259306851503e-14,8.981385938274973e-11
90,2,24,6,2770,Previous map from this run only,63002,2.7471185685045198e-14,3.7873124256584103,cbd429ccad63242a71b8a911bfb35d93242e932787c4ee3c4fa05d507cf3da78,True,True,18,0.9276328086853027,406,"{""full_mul_calls"":19,""full_columns"":406,""fr_mul_calls"":19,""fr_columns"":406,""common"":{""operator_mul_calls"":19,""operator_columns"":406,""scalar_mul_calls"":38,""scalar_columns"":812}}","{""full_mul_calls"":20,""full_columns"":430,""fr_mul_calls"":20,""fr_columns"":430,""common"":{""operator_mul_calls"":20,""operator_columns"":430,""scalar_mul_calls"":40,""scalar_columns"":860}}",2.7671960898599325e-14,9.869734183492773e-11
90,3,24,6,2770,Previous map from this run only,63003,3.2724678582946855e-14,3.9893050191955637,3fc1fe60a9960b90f81d34776e9e354ae9598b551369dcb05e7afc33ae5ae715,True,True,18,0.7435481548309326,410,"{""full_mul_calls"":19,""full_columns"":410,""fr_mul_calls"":19,""fr_columns"":410,""common"":{""operator_mul_calls"":19,""operator_columns"":410,""scalar_mul_calls"":38,""scalar_columns"":820}}","{""full_mul_calls"":20,""full_columns"":434,""fr_mul_calls"":20,""fr_columns"":434,""common"":{""operator_mul_calls"":20,""operator_columns"":434,""scalar_mul_calls"":40,""scalar_columns"":868}}",2.8417655201175103e-14,9.220235848422052e-11
91,1,24,6,2777,Previous map from this run only,63001,2.74707938008662e-14,3.8258362391385647,1dd22eb03a3274bf466e22d6136f577e8e19c5f90d229e78da771b3bbce01350,True,True,20,0.9167590141296387,416,"{""full_mul_calls"":21,""full_columns"":416,""fr_mul_calls"":21,""fr_columns"":416,""common"":{""operator_mul_calls"":21,""operator_columns"":416,""scalar_mul_calls"":42,""scalar_columns"":832}}","{""full_mul_calls"":22,""full_columns"":440,""fr_mul_calls"":22,""fr_columns"":440,""common"":{""operator_mul_calls"":22,""operator_columns"":440,""scalar_mul_calls"":44,""scalar_columns"":880}}",2.487036867238869e-14,8.212831753331971e-11
91,2,24,6,2770,Previous map from this run only,63002,3.072766320802196e-14,4.117818940657648,9dff31533cf6c8f719b867ea13d6d5a29f964345e794a46f6669b559db63afeb,True,True,18,0.7409548759460449,408,"{""full_mul_calls"":19,""full_columns"":408,""fr_mul_calls"":19,""fr_columns"":408,""common"":{""operator_mul_calls"":19,""operator_columns"":408,""scalar_mul_calls"":38,""scalar_columns"":816}}","{""full_mul_calls"":20,""full_columns"":432,""fr_mul_calls"":20,""fr_columns"":432,""common"":{""operator_mul_calls"":20,""operator_columns"":432,""scalar_mul_calls"":40,""scalar_columns"":864}}",2.4599001084207046e-14,8.213758639998562e-11
91,3,24,6,2770,Previous map from this run only,63003,3.363588753404736e-14,3.868375362357921,4e1cb71a44027adab9bfda6d6526b4ea1d8e4ddd313ec6c48982d6b3b9cc6b06,True,True,18,0.7562379837036133,408,"{""full_mul_calls"":19,""full_columns"":408,""fr_mul_calls"":19,""fr_columns"":408,""common"":{""operator_mul_calls"":19,""operator_columns"":408,""scalar_mul_calls"":38,""scalar_columns"":816}}","{""full_mul_calls"":20,""full_columns"":432,""fr_mul_calls"":20,""fr_columns"":432,""common"":{""operator_mul_calls"":20,""operator_columns"":432,""scalar_mul_calls"":40,""scalar_columns"":864}}",2.419520399791587e-14,9.078965463549025e-11
92,1,24,6,2777,Previous map from this run only,63001,2.9607505782363784e-14,3.825827360908011,d516340648729756d8c0210d57d938e1352140e7df6db8c846cc003daf5e7858,True,True,20,0.7437970638275146,416,"{""full_mul_calls"":21,""full_columns"":416,""fr_mul_calls"":21,""fr_columns"":416,""common"":{""operator_mul_calls"":21,""operator_columns"":416,""scalar_mul_calls"":42,""scalar_columns"":832}}","{""full_mul_calls"":22,""full_columns"":440,""fr_mul_calls"":22,""fr_columns"":440,""common"":{""operator_mul_calls"":22,""operator_columns"":440,""scalar_mul_calls"":44,""scalar_columns"":880}}",2.310445105334426e-14,7.918834866499577e-11
92,2,24,6,2770,Previous map from this run only,63002,2.9118791001332036e-14,3.8184215121439955,4ec1edd814ffe3ba86cec2c5e5eafaa6520d0f2eb9f627a81bb553043a3521e5,True,True,18,0.736732006072998,406,"{""full_mul_calls"":19,""full_columns"":406,""fr_mul_calls"":19,""fr_columns"":406,""common"":{""operator_mul_calls"":19,""operator_columns"":406,""scalar_mul_calls"":38,""scalar_columns"":812}}","{""full_mul_calls"":20,""full_columns"":430,""fr_mul_calls"":20,""fr_columns"":430,""common"":{""operator_mul_calls"":20,""operator_columns"":430,""scalar_mul_calls"":40,""scalar_columns"":860}}",2.056376994800658e-14,8.570574116852357e-11
92,3,24,6,2770,Previous map from this run only,63003,2.9491203804456806e-14,3.981799009868497,7bc2a54e3fd3a06f762d907c032d81fa7b2e86f1b0d281b5352220abc453e387,True,True,18,0.8916289806365967,406,"{""full_mul_calls"":19,""full_columns"":406,""fr_mul_calls"":19,""fr_columns"":406,""common"":{""operator_mul_calls"":19,""operator_columns"":406,""scalar_mul_calls"":38,""scalar_columns"":812}}","{""full_mul_calls"":20,""full_columns"":430,""fr_mul_calls"":20,""fr_columns"":430,""common"":{""operator_mul_calls"":20,""operator_columns"":430,""scalar_mul_calls"":40,""scalar_columns"":860}}",2.491962662548514e-14,9.9039375682782e-11
93,1,24,6,2777,Previous map from this run only,63001,2.6002273710305578e-14,3.681872872963679,7e9d96c4de9d5b4c858da5bd9c70da60522854c899245de4fe558c7c2dd40665,True,True,20,0.9225020408630371,416,"{""full_mul_calls"":21,""full_columns"":416,""fr_mul_calls"":21,""fr_columns"":416,""common"":{""operator_mul_calls"":21,""operator_columns"":416,""scalar_mul_calls"":42,""scalar_columns"":832}}","{""full_mul_calls"":22,""full_columns"":440,""fr_mul_calls"":22,""fr_columns"":440,""common"":{""operator_mul_calls"":22,""operator_columns"":440,""scalar_mul_calls"":44,""scalar_columns"":880}}",1.9935162636923876e-14,7.407030859636428e-11
93,2,24,6,2770,Previous map from this run only,63002,2.7173053182312342e-14,4.046395519899976,2244497e1d9b6d370716b3bc3ea1e502f0576c123da8e5149679500ad18fca81,True,True,18,0.7107629776000977,396,"{""full_mul_calls"":19,""full_columns"":396,""fr_mul_calls"":19,""fr_columns"":396,""common"":{""operator_mul_calls"":19,""operator_columns"":396,""scalar_mul_calls"":38,""scalar_columns"":792}}","{""full_mul_calls"":20,""full_columns"":420,""fr_mul_calls"":20,""fr_columns"":420,""common"":{""operator_mul_calls"":20,""operator_columns"":420,""scalar_mul_calls"":40,""scalar_columns"":840}}",2.1889833545319056e-14,9.997245597849597e-11
93,3,24,6,2770,Previous map from this run only,63003,2.958101604456046e-14,3.9079508561735428,a8548e47847a61c4b204ede822a7f0351b50a708b9a24bbf0641ba0562413e48,True,True,18,0.7375500202178955,396,"{""full_mul_calls"":19,""full_columns"":396,""fr_mul_calls"":19,""fr_columns"":396,""common"":{""operator_mul_calls"":19,""operator_columns"":396,""scalar_mul_calls"":38,""scalar_columns"":792}}","{""full_mul_calls"":20,""full_columns"":420,""fr_mul_calls"":20,""fr_columns"":420,""common"":{""operator_mul_calls"":20,""operator_columns"":420,""scalar_mul_calls"":40,""scalar_columns"":840}}",2.4595121874715646e-14,9.995254476897722e-11
94,1,24,6,2777,Previous map from this run only,63001,2.607993343259124e-14,3.9641566704083475,9b58eab834214264f633e002ac036450b5e736d75e8f8be1cea51d61b4f19557,True,True,19,0.7369399070739746,407,"{""full_mul_calls"":20,""full_columns"":407,""fr_mul_calls"":20,""fr_columns"":407,""common"":{""operator_mul_calls"":20,""operator_columns"":407,""scalar_mul_calls"":40,""scalar_columns"":814}}","{""full_mul_calls"":21,""full_columns"":431,""fr_mul_calls"":21,""fr_columns"":431,""common"":{""operator_mul_calls"":21,""operator_columns"":431,""scalar_mul_calls"":42,""scalar_columns"":862}}",2.204808136519872e-14,9.968785566640067e-11
94,2,24,6,2770,Previous map from this run only,63002,2.636674402270199e-14,3.9035572356754966,78a779d0c83cc87d225116556097c2e0c2ebf8abf40c3bc7c54dcafdea07c9f3,True,True,18,0.8877339363098145,393,"{""full_mul_calls"":19,""full_columns"":393,""fr_mul_calls"":19,""fr_columns"":393,""common"":{""operator_mul_calls"":19,""operator_columns"":393,""scalar_mul_calls"":38,""scalar_columns"":786}}","{""full_mul_calls"":20,""full_columns"":417,""fr_mul_calls"":20,""fr_columns"":417,""common"":{""operator_mul_calls"":20,""operator_columns"":417,""scalar_mul_calls"":40,""scalar_columns"":834}}",2.4098455455439346e-14,9.770300742356717e-11
94,3,24,6,2770,Previous map from this run only,63003,2.906432495756054e-14,3.8853753456733626,733b5ad36c1509dfc22a2ab8deecabb5fbcf1e7a792665949eaf510e72f96986,True,True,18,0.7062971591949463,394,"{""full_mul_calls"":19,""full_columns"":394,""fr_mul_calls"":19,""fr_columns"":394,""common"":{""operator_mul_calls"":19,""operator_columns"":394,""scalar_mul_calls"":38,""scalar_columns"":788}}","{""full_mul_calls"":20,""full_columns"":418,""fr_mul_calls"":20,""fr_columns"":418,""common"":{""operator_mul_calls"":20,""operator_columns"":418,""scalar_mul_calls"":40,""scalar_columns"":836}}",2.1026184803258505e-14,9.850520671527855e-11
95,1,24,6,2777,Previous map from this run only,63001,2.6126373606419698e-14,4.034351226382136,41a2a5b2956d1e67b236ce812b25e9b09257e1d80a071e4c73e17265d833efb4,True,True,19,0.9075918197631836,402,"{""full_mul_calls"":20,""full_columns"":402,""fr_mul_calls"":20,""fr_columns"":402,""common"":{""operator_mul_calls"":20,""operator_columns"":402,""scalar_mul_calls"":40,""scalar_columns"":804}}","{""full_mul_calls"":21,""full_columns"":426,""fr_mul_calls"":21,""fr_columns"":426,""common"":{""operator_mul_calls"":21,""operator_columns"":426,""scalar_mul_calls"":42,""scalar_columns"":852}}",2.3921497740288836e-14,9.976950627240667e-11
95,2,24,6,2770,Previous map from this run only,63002,3.039561902068543e-14,3.9744347137834444,542c2d8d9c0b4089650a3294b4b69be615a03565f7570840e1d76bcedff43a9f,True,True,18,0.7138359546661377,394,"{""full_mul_calls"":19,""full_columns"":394,""fr_mul_calls"":19,""fr_columns"":394,""common"":{""operator_mul_calls"":19,""operator_columns"":394,""scalar_mul_calls"":38,""scalar_columns"":788}}","{""full_mul_calls"":20,""full_columns"":418,""fr_mul_calls"":20,""fr_columns"":418,""common"":{""operator_mul_calls"":20,""operator_columns"":418,""scalar_mul_calls"":40,""scalar_columns"":836}}",1.9870808571652256e-14,9.195157343870746e-11
95,3,24,6,2770,Previous map from this run only,63003,2.6081743979012932e-14,3.7931208717822793,74955ff979311e14dff66bbf2683a5aa64b2a3fa9330d5585fb4dea4d7ba342f,True,True,18,0.7197139263153076,394,"{""full_mul_calls"":19,""full_columns"":394,""fr_mul_calls"":19,""fr_columns"":394,""common"":{""operator_mul_calls"":19,""operator_columns"":394,""scalar_mul_calls"":38,""scalar_columns"":788}}","{""full_mul_calls"":20,""full_columns"":418,""fr_mul_calls"":20,""fr_columns"":418,""common"":{""operator_mul_calls"":20,""operator_columns"":418,""scalar_mul_calls"":40,""scalar_columns"":836}}",2.4786710731807506e-14,9.252361415020682e-11
96,1,24,6,2777,Previous map from this run only,63001,2.7354713542706015e-14,3.8191837045223473,be94d436d697d0dd37303548b921885270793027ed48f32069e5647f2c6c6bb6,True,True,20,0.7285408973693848,408,"{""full_mul_calls"":21,""full_columns"":408,""fr_mul_calls"":21,""fr_columns"":408,""common"":{""operator_mul_calls"":21,""operator_columns"":408,""scalar_mul_calls"":42,""scalar_columns"":816}}","{""full_mul_calls"":22,""full_columns"":432,""fr_mul_calls"":22,""fr_columns"":432,""common"":{""operator_mul_calls"":22,""operator_columns"":432,""scalar_mul_calls"":44,""scalar_columns"":864}}",2.297653087406477e-14,9.657640478270992e-11
96,2,24,6,2770,Previous map from this run only,63002,2.551971439114046e-14,3.8872285136181906,5ce79e3fcfca6265914cc767cc1f2c64416e2283f6483ca250e5ffe57868f8c7,True,True,18,0.8770627975463867,391,"{""full_mul_calls"":19,""full_columns"":391,""fr_mul_calls"":19,""fr_columns"":391,""common"":{""operator_mul_calls"":19,""operator_columns"":391,""scalar_mul_calls"":38,""scalar_columns"":782}}","{""full_mul_calls"":20,""full_columns"":415,""fr_mul_calls"":20,""fr_columns"":415,""common"":{""operator_mul_calls"":20,""operator_columns"":415,""scalar_mul_calls"":40,""scalar_columns"":830}}",1.984875519140828e-14,9.917298899128907e-11
96,3,24,6,2770,Previous map from this run only,63003,2.9957364558903194e-14,3.791454273417016,10069b4dd61918a8a3ce8202b2e44a34de7e156fdf872f43f7946a719a877586,True,True,18,0.695518970489502,390,"{""full_mul_calls"":19,""full_columns"":390,""fr_mul_calls"":19,""fr_columns"":390,""common"":{""operator_mul_calls"":19,""operator_columns"":390,""scalar_mul_calls"":38,""scalar_columns"":780}}","{""full_mul_calls"":20,""full_columns"":414,""fr_mul_calls"":20,""fr_columns"":414,""common"":{""operator_mul_calls"":20,""operator_columns"":414,""scalar_mul_calls"":40,""scalar_columns"":828}}",2.085199711481122e-14,9.841843403402692e-11
97,1,24,6,2777,Previous map from this run only,63001,2.6637950740694078e-14,4.027299978951948,768e2aa29cffb2487c22496dc9aaadbdc54cc34aa479db091ad465746f621ca2,True,True,20,0.8932960033416748,400,"{""full_mul_calls"":21,""full_columns"":400,""fr_mul_calls"":21,""fr_columns"":400,""common"":{""operator_mul_calls"":21,""operator_columns"":400,""scalar_mul_calls"":42,""scalar_columns"":800}}","{""full_mul_calls"":22,""full_columns"":424,""fr_mul_calls"":22,""fr_columns"":424,""common"":{""operator_mul_calls"":22,""operator_columns"":424,""scalar_mul_calls"":44,""scalar_columns"":848}}",2.0341829715047383e-14,9.861708674941371e-11
97,2,24,6,2770,Previous map from this run only,63002,2.4514865676883702e-14,3.8589360943481097,ad30af7848d7dc43de022af3b85dfe70e4703e702d7bbca49a4357de108e1729,True,True,18,0.6912879943847656,386,"{""full_mul_calls"":19,""full_columns"":386,""fr_mul_calls"":19,""fr_columns"":386,""common"":{""operator_mul_calls"":19,""operator_columns"":386,""scalar_mul_calls"":38,""scalar_columns"":772}}","{""full_mul_calls"":20,""full_columns"":410,""fr_mul_calls"":20,""fr_columns"":410,""common"":{""operator_mul_calls"":20,""operator_columns"":410,""scalar_mul_calls"":40,""scalar_columns"":820}}",2.139474129707844e-14,9.562545909348687e-11
97,3,24,6,2770,Previous map from this run only,63003,2.5344666151797457e-14,3.8798166430675107,4600e0e6d649c0c54beca0cb921241c8b5d6d9a2de25766a89210a30602d1c12,True,True,18,0.9271130561828613,386,"{""full_mul_calls"":19,""full_columns"":386,""fr_mul_calls"":19,""fr_columns"":386,""common"":{""operator_mul_calls"":19,""operator_columns"":386,""scalar_mul_calls"":38,""scalar_columns"":772}}","{""full_mul_calls"":20,""full_columns"":410,""fr_mul_calls"":20,""fr_columns"":410,""common"":{""operator_mul_calls"":20,""operator_columns"":410,""scalar_mul_calls"":40,""scalar_columns"":820}}",2.1575146201854073e-14,9.843882510984577e-11
98,1,24,6,2777,Previous map from this run only,63001,2.484023904905263e-14,3.9154492690363445,66a5043ae65ee0399c7b79ca4b3a980c5b3534ea31fa82fa8881231f54ad5f74,True,True,20,0.7264318466186523,400,"{""full_mul_calls"":21,""full_columns"":400,""fr_mul_calls"":21,""fr_columns"":400,""common"":{""operator_mul_calls"":21,""operator_columns"":400,""scalar_mul_calls"":42,""scalar_columns"":800}}","{""full_mul_calls"":22,""full_columns"":424,""fr_mul_calls"":22,""fr_columns"":424,""common"":{""operator_mul_calls"":22,""operator_columns"":424,""scalar_mul_calls"":44,""scalar_columns"":848}}",1.9687479167976004e-14,9.174277023065807e-11
98,2,24,6,2770,Previous map from this run only,63002,2.6362958091423225e-14,4.000424734472694,c666a1a29c5b810827a36e2499d16053353ad19cba97bbffec891e92638b2004,True,True,18,0.9508590698242188,386,"{""full_mul_calls"":19,""full_columns"":386,""fr_mul_calls"":19,""fr_columns"":386,""common"":{""operator_mul_calls"":19,""operator_columns"":386,""scalar_mul_calls"":38,""scalar_columns"":772}}","{""full_mul_calls"":20,""full_columns"":410,""fr_mul_calls"":20,""fr_columns"":410,""common"":{""operator_mul_calls"":20,""operator_columns"":410,""scalar_mul_calls"":40,""scalar_columns"":820}}",1.9440448832912083e-14,8.969932931323547e-11
98,3,24,6,2770,Previous map from this run only,63003,2.6442442978701984e-14,3.784297114180621,90dd98e69e8c1584314398d07dc3ae76f715172e4d35d02de362e2c1db683805,True,True,18,0.7119381427764893,386,"{""full_mul_calls"":19,""full_columns"":386,""fr_mul_calls"":19,""fr_columns"":386,""common"":{""operator_mul_calls"":19,""operator_columns"":386,""scalar_mul_calls"":38,""scalar_columns"":772}}","{""full_mul_calls"":20,""full_columns"":410,""fr_mul_calls"":20,""fr_columns"":410,""common"":{""operator_mul_calls"":20,""operator_columns"":410,""scalar_mul_calls"":40,""scalar_columns"":820}}",2.453131898708055e-14,9.873256513829076e-11
99,1,24,6,2777,Previous map from this run only,63001,2.3411318738207832e-14,3.9307882169513073,2ec35b77a37b97d44ad686f54fe8e405b3b67b9a05ea4e59a847d00f9ba1b812,True,True,20,0.7396550178527832,399,"{""full_mul_calls"":21,""full_columns"":399,""fr_mul_calls"":21,""fr_columns"":399,""common"":{""operator_mul_calls"":21,""operator_columns"":399,""scalar_mul_calls"":42,""scalar_columns"":798}}","{""full_mul_calls"":22,""full_columns"":423,""fr_mul_calls"":22,""fr_columns"":423,""common"":{""operator_mul_calls"":22,""operator_columns"":423,""scalar_mul_calls"":44,""scalar_columns"":846}}",2.3516551313606875e-14,9.677819197730387e-11
99,2,24,6,2770,Previous map from this run only,63002,2.3915607762295607e-14,3.896894346933996,acf751de97439157b48c753b9ce1e97150efb6fae30e7b86df8e927e2b55b99a,True,True,18,0.8585898876190186,384,"{""full_mul_calls"":19,""full_columns"":384,""fr_mul_calls"":19,""fr_columns"":384,""common"":{""operator_mul_calls"":19,""operator_columns"":384,""scalar_mul_calls"":38,""scalar_columns"":768}}","{""full_mul_calls"":20,""full_columns"":408,""fr_mul_calls"":20,""fr_columns"":408,""common"":{""operator_mul_calls"":20,""operator_columns"":408,""scalar_mul_calls"":40,""scalar_columns"":816}}",2.3837750399324404e-14,9.80403266851995e-11
99,3,24,6,2770,Previous map from this run only,63003,2.7447297604546044e-14,3.9358214199428017,d444ebe205e33c4398727c63ee28a890e8444ba4922e100c85ff027f7c853a21,True,True,18,0.6856780052185059,386,"{""full_mul_calls"":19,""full_columns"":386,""fr_mul_calls"":19,""fr_columns"":386,""common"":{""operator_mul_calls"":19,""operator_columns"":386,""scalar_mul_calls"":38,""scalar_columns"":772}}","{""full_mul_calls"":20,""full_columns"":410,""fr_mul_calls"":20,""fr_columns"":410,""common"":{""operator_mul_calls"":20,""operator_columns"":410,""scalar_mul_calls"":40,""scalar_columns"":820}}",2.2335535813944898e-14,9.001234802510362e-11
100,1,24,6,2777,Previous map from this run only,63001,2.7178171991165302e-14,3.7537888970259337,b1435ea62fe81ff22bdfefb61893c5c525d9ac1d9d7e99712f6e4ccd53423101,True,True,20,0.6975679397583008,398,"{""full_mul_calls"":21,""full_columns"":398,""fr_mul_calls"":21,""fr_columns"":398,""common"":{""operator_mul_calls"":21,""operator_columns"":398,""scalar_mul_calls"":42,""scalar_columns"":796}}","{""full_mul_calls"":22,""full_columns"":422,""fr_mul_calls"":22,""fr_columns"":422,""common"":{""operator_mul_calls"":22,""operator_columns"":422,""scalar_mul_calls"":44,""scalar_columns"":844}}",2.0675213096257313e-14,9.196268719403057e-11
100,2,24,6,2770,Previous map from this run only,63002,2.721372790300146e-14,4.103063798754298,373e4a6bf60b139653b6a0d4b80a08dbb4508afa42cd87c476b32e451267fb5b,True,True,17,0.8369498252868652,377,"{""full_mul_calls"":18,""full_columns"":377,""fr_mul_calls"":18,""fr_columns"":377,""common"":{""operator_mul_calls"":18,""operator_columns"":377,""scalar_mul_calls"":36,""scalar_columns"":754}}","{""full_mul_calls"":19,""full_columns"":401,""fr_mul_calls"":19,""fr_columns"":401,""common"":{""operator_mul_calls"":19,""operator_columns"":401,""scalar_mul_calls"":38,""scalar_columns"":802}}",2.1571206793904122e-14,9.76149978113766e-11
100,3,24,6,2770,Previous map from this run only,63003,2.778895605247359e-14,3.80325835453747,489db46cca9a5c6a220e13f882a29604c4a0fd24366edc66a377332928bee1fe,True,True,18,0.6828508377075195,384,"{""full_mul_calls"":19,""full_columns"":384,""fr_mul_calls"":19,""fr_columns"":384,""common"":{""operator_mul_calls"":19,""operator_columns"":384,""scalar_mul_calls"":38,""scalar_columns"":768}}","{""full_mul_calls"":20,""full_columns"":408,""fr_mul_calls"":20,""fr_columns"":408,""common"":{""operator_mul_calls"":20,""operator_columns"":408,""scalar_mul_calls"":40,""scalar_columns"":816}}",2.3078864772697326e-14,9.744878298935866e-11
101,1,24,6,2777,Previous map from this run only,63001,2.3641517383777463e-14,4.021987605518346,c05a63616d5300024ea5dc42fa52658d342444c2882c10531c019699fcb5b77d,True,True,19,0.8324549198150635,380,"{""full_mul_calls"":20,""full_columns"":380,""fr_mul_calls"":20,""fr_columns"":380,""common"":{""operator_mul_calls"":20,""operator_columns"":380,""scalar_mul_calls"":40,""scalar_columns"":760}}","{""full_mul_calls"":21,""full_columns"":404,""fr_mul_calls"":21,""fr_columns"":404,""common"":{""operator_mul_calls"":21,""operator_columns"":404,""scalar_mul_calls"":42,""scalar_columns"":808}}",1.7192109573215436e-14,9.496560587457903e-11
101,2,24,6,2770,Previous map from this run only,63002,2.999606228876923e-14,3.846706810740112,436ca084a421de3c8d78b483b141519433ad08833480dd4690eead46d997f14b,True,True,17,0.6899819374084473,377,"{""full_mul_calls"":18,""full_columns"":377,""fr_mul_calls"":18,""fr_columns"":377,""common"":{""operator_mul_calls"":18,""operator_columns"":377,""scalar_mul_calls"":36,""scalar_columns"":754}}","{""full_mul_calls"":19,""full_columns"":401,""fr_mul_calls"":19,""fr_columns"":401,""common"":{""operator_mul_calls"":19,""operator_columns"":401,""scalar_mul_calls"":38,""scalar_columns"":802}}",2.7408770946821555e-14,9.626822050446734e-11
101,3,24,6,2770,Previous map from this run only,63003,3.042060659569017e-14,3.9072719498974053,e792fd7055ed20ee6f5d5560733ca16457935929de463b0542c6c134b7f1af34,True,True,17,0.6680009365081787,374,"{""full_mul_calls"":18,""full_columns"":374,""fr_mul_calls"":18,""fr_columns"":374,""common"":{""operator_mul_calls"":18,""operator_columns"":374,""scalar_mul_calls"":36,""scalar_columns"":748}}","{""full_mul_calls"":19,""full_columns"":398,""fr_mul_calls"":19,""fr_columns"":398,""common"":{""operator_mul_calls"":19,""operator_columns"":398,""scalar_mul_calls"":38,""scalar_columns"":796}}",2.2823621612370698e-14,9.990945242378342e-11
102,1,24,6,2777,Previous map from this run only,63001,2.0483826218771397e-14,3.732560632420445,63ea4721cc861e978e5ff85d25147bcd6fb500a4ef981dc4ebef2d604323a8f3,True,True,20,0.6742079257965088,387,"{""full_mul_calls"":21,""full_columns"":387,""fr_mul_calls"":21,""fr_columns"":387,""common"":{""operator_mul_calls"":21,""operator_columns"":387,""scalar_mul_calls"":42,""scalar_columns"":774}}","{""full_mul_calls"":22,""full_columns"":411,""fr_mul_calls"":22,""fr_columns"":411,""common"":{""operator_mul_calls"":22,""operator_columns"":411,""scalar_mul_calls"":44,""scalar_columns"":822}}",2.089021084926343e-14,8.910644131330591e-11
102,2,24,6,2770,Previous map from this run only,63002,3.126816059211919e-14,3.9159402667798604,4fbb807eddf27b3b79cd20a3b1f0e1bdf521bb666a6ca3dcbc448598b273fb49,True,True,17,0.8357980251312256,374,"{""full_mul_calls"":18,""full_columns"":374,""fr_mul_calls"":18,""fr_columns"":374,""common"":{""operator_mul_calls"":18,""operator_columns"":374,""scalar_mul_calls"":36,""scalar_columns"":748}}","{""full_mul_calls"":19,""full_columns"":398,""fr_mul_calls"":19,""fr_columns"":398,""common"":{""operator_mul_calls"":19,""operator_columns"":398,""scalar_mul_calls"":38,""scalar_columns"":796}}",2.4528378933922375e-14,9.562117364711066e-11
102,3,24,6,2770,Previous map from this run only,63003,2.7098442879437386e-14,4.0034549978927965,07035e31d243d928b38a8329bbcbf3044747bf2b8d77867c24a85d60adf12acc,True,True,17,0.6463298797607422,374,"{""full_mul_calls"":18,""full_columns"":374,""fr_mul_calls"":18,""fr_columns"":374,""common"":{""operator_mul_calls"":18,""operator_columns"":374,""scalar_mul_calls"":36,""scalar_columns"":748}}","{""full_mul_calls"":19,""full_columns"":398,""fr_mul_calls"":19,""fr_columns"":398,""common"":{""operator_mul_calls"":19,""operator_columns"":398,""scalar_mul_calls"":38,""scalar_columns"":796}}",1.8033216479376442e-14,9.629328465234111e-11
103,1,24,6,2777,Previous map from this run only,63001,2.4438919235411565e-14,3.8046458630097857,b5e9674210c30c623af19aba5ffa139353e38d14b3ab237f409e5ac0e95d059f,True,True,19,0.8282740116119385,380,"{""full_mul_calls"":20,""full_columns"":380,""fr_mul_calls"":20,""fr_columns"":380,""common"":{""operator_mul_calls"":20,""operator_columns"":380,""scalar_mul_calls"":40,""scalar_columns"":760}}","{""full_mul_calls"":21,""full_columns"":404,""fr_mul_calls"":21,""fr_columns"":404,""common"":{""operator_mul_calls"":21,""operator_columns"":404,""scalar_mul_calls"":42,""scalar_columns"":808}}",2.0091536339894618e-14,8.338534028108444e-11
103,2,24,6,2770,Previous map from this run only,63002,3.067494093171315e-14,3.7110890468401165,933d6ab2bebe4b2a4dd330f67f2c75b3412907968778d5291cd4889c396c7241,True,True,17,0.6543369293212891,374,"{""full_mul_calls"":18,""full_columns"":374,""fr_mul_calls"":18,""fr_columns"":374,""common"":{""operator_mul_calls"":18,""operator_columns"":374,""scalar_mul_calls"":36,""scalar_columns"":748}}","{""full_mul_calls"":19,""full_columns"":398,""fr_mul_calls"":19,""fr_columns"":398,""common"":{""operator_mul_calls"":19,""operator_columns"":398,""scalar_mul_calls"":38,""scalar_columns"":796}}",1.9492574342520683e-14,8.883960259755021e-11
103,3,24,6,2770,Previous map from this run only,63003,2.4939607447680994e-14,4.183630004415328,8f5510e34f4b3f9b6bdb2601cb290bfe204bbcc50430a35bb7350f15b6418bc0,True,True,17,0.6548929214477539,374,"{""full_mul_calls"":18,""full_columns"":374,""fr_mul_calls"":18,""fr_columns"":374,""common"":{""operator_mul_calls"":18,""operator_columns"":374,""scalar_mul_calls"":36,""scalar_columns"":748}}","{""full_mul_calls"":19,""full_columns"":398,""fr_mul_calls"":19,""fr_columns"":398,""common"":{""operator_mul_calls"":19,""operator_columns"":398,""scalar_mul_calls"":38,""scalar_columns"":796}}",2.2543766368994975e-14,8.951264758370344e-11
104,1,24,6,2777,Previous map from this run only,63001,2.398673916614302e-14,3.919240726637006,b15749b83623e8f5d2e6039ac93f0f19d46aa784df6c9afc5ea7126a967338c2,True,True,19,0.6916029453277588,380,"{""full_mul_calls"":20,""full_columns"":380,""fr_mul_calls"":20,""fr_columns"":380,""common"":{""operator_mul_calls"":20,""operator_columns"":380,""scalar_mul_calls"":40,""scalar_columns"":760}}","{""full_mul_calls"":21,""full_columns"":404,""fr_mul_calls"":21,""fr_columns"":404,""common"":{""operator_mul_calls"":21,""operator_columns"":404,""scalar_mul_calls"":42,""scalar_columns"":808}}",1.7732678141530417e-14,8.140113649551671e-11
104,2,24,6,2770,Previous map from this run only,63002,2.6331057645685815e-14,3.9037125940591677,66bd52763494b7ef4f68c7b787e15ff667216a4b7409d930a84a257d8ef9a36b,True,True,17,0.6516728401184082,374,"{""full_mul_calls"":18,""full_columns"":374,""fr_mul_calls"":18,""fr_columns"":374,""common"":{""operator_mul_calls"":18,""operator_columns"":374,""scalar_mul_calls"":36,""scalar_columns"":748}}","{""full_mul_calls"":19,""full_columns"":398,""fr_mul_calls"":19,""fr_columns"":398,""common"":{""operator_mul_calls"":19,""operator_columns"":398,""scalar_mul_calls"":38,""scalar_columns"":796}}",2.0555737184857402e-14,8.147803385964443e-11
104,3,24,6,2770,Previous map from this run only,63003,2.647328636728916e-14,3.7598659084398363,f1717846aca8c66a82bac4ce8ecab2869921ed86d4bf31839afa33bb326a630b,True,True,17,0.8145110607147217,374,"{""full_mul_calls"":18,""full_columns"":374,""fr_mul_calls"":18,""fr_columns"":374,""common"":{""operator_mul_calls"":18,""operator_columns"":374,""scalar_mul_calls"":36,""scalar_columns"":748}}","{""full_mul_calls"":19,""full_columns"":398,""fr_mul_calls"":19,""fr_columns"":398,""common"":{""operator_mul_calls"":19,""operator_columns"":398,""scalar_mul_calls"":38,""scalar_columns"":796}}",1.9388636499506677e-14,8.006182344999727e-11
105,1,24,6,2777,Previous map from this run only,63001,2.3591638605502736e-14,3.828757825802118,a8031868ee86d23d3da99dd4ce89a77c81308ed668b18ae964ca10c5729760cb,True,True,19,0.8227128982543945,380,"{""full_mul_calls"":20,""full_columns"":380,""fr_mul_calls"":20,""fr_columns"":380,""common"":{""operator_mul_calls"":20,""operator_columns"":380,""scalar_mul_calls"":40,""scalar_columns"":760}}","{""full_mul_calls"":21,""full_columns"":404,""fr_mul_calls"":21,""fr_columns"":404,""common"":{""operator_mul_calls"":21,""operator_columns"":404,""scalar_mul_calls"":42,""scalar_columns"":808}}",1.7081799006607912e-14,7.76778051332223e-11
105,2,24,6,2770,Previous map from this run only,63002,2.5449805173666017e-14,4.008848283216963,b5d8ab40b2fc88531f0055d777939709810550bd5ae682a416f948b27ad9e58f,True,True,17,0.6536741256713867,374,"{""full_mul_calls"":18,""full_columns"":374,""fr_mul_calls"":18,""fr_columns"":374,""common"":{""operator_mul_calls"":18,""operator_columns"":374,""scalar_mul_calls"":36,""scalar_columns"":748}}","{""full_mul_calls"":19,""full_columns"":398,""fr_mul_calls"":19,""fr_columns"":398,""common"":{""operator_mul_calls"":19,""operator_columns"":398,""scalar_mul_calls"":38,""scalar_columns"":796}}",1.870189014376664e-14,7.62979522737826e-11
105,3,24,6,2770,Previous map from this run only,63003,2.545110669856678e-14,3.724013555137524,65d7a0419664ca1a714c6e705c4d48d4f2331fa7d825bca81c03a6536d1bee54,True,True,17,0.6430160999298096,372,"{""full_mul_calls"":18,""full_columns"":372,""fr_mul_calls"":18,""fr_columns"":372,""common"":{""operator_mul_calls"":18,""operator_columns"":372,""scalar_mul_calls"":36,""scalar_columns"":744}}","{""full_mul_calls"":19,""full_columns"":396,""fr_mul_calls"":19,""fr_columns"":396,""common"":{""operator_mul_calls"":19,""operator_columns"":396,""scalar_mul_calls"":38,""scalar_columns"":792}}",1.929423165988487e-14,9.37328659245044e-11
106,1,24,6,2777,Previous map from this run only,63001,2.0333834185961148e-14,3.881880667303447,ba0e4b50cdc79cd4ad2c091fb0bb45d442735600ad9bff87609f9d0a46ed791c,True,True,19,0.6629531383514404,380,"{""full_mul_calls"":20,""full_columns"":380,""fr_mul_calls"":20,""fr_columns"":380,""common"":{""operator_mul_calls"":20,""operator_columns"":380,""scalar_mul_calls"":40,""scalar_columns"":760}}","{""full_mul_calls"":21,""full_columns"":404,""fr_mul_calls"":21,""fr_columns"":404,""common"":{""operator_mul_calls"":21,""operator_columns"":404,""scalar_mul_calls"":42,""scalar_columns"":808}}",1.7141967588993815e-14,6.513432488027571e-11
106,2,24,6,2770,Previous map from this run only,63002,2.2660057545060354e-14,3.9868764543314956,c47f3ec16b09cbc3f743eb407a1870a8a74bd9374c8dd173e1f450499a58458d,True,True,17,0.6485579013824463,373,"{""full_mul_calls"":18,""full_columns"":373,""fr_mul_calls"":18,""fr_columns"":373,""common"":{""operator_mul_calls"":18,""operator_columns"":373,""scalar_mul_calls"":36,""scalar_columns"":746}}","{""full_mul_calls"":19,""full_columns"":397,""fr_mul_calls"":19,""fr_columns"":397,""common"":{""operator_mul_calls"":19,""operator_columns"":397,""scalar_mul_calls"":38,""scalar_columns"":794}}",2.2928649794509976e-14,9.419903409931386e-11
106,3,24,6,2770,Previous map from this run only,63003,2.5724212749672453e-14,3.9398015311331407,9887dd439b6883e7a745abba9e32d996936052a7592ededd3c7a64bee0178600,True,True,17,0.8194429874420166,371,"{""full_mul_calls"":18,""full_columns"":371,""fr_mul_calls"":18,""fr_columns"":371,""common"":{""operator_mul_calls"":18,""operator_columns"":371,""scalar_mul_calls"":36,""scalar_columns"":742}}","{""full_mul_calls"":19,""full_columns"":395,""fr_mul_calls"":19,""fr_columns"":395,""common"":{""operator_mul_calls"":19,""operator_columns"":395,""scalar_mul_calls"":38,""scalar_columns"":790}}",1.8573601613564083e-14,9.507608160728459e-11
107,1,24,6,2777,Previous map from this run only,63001,2.225152784557993e-14,3.9233229900946234,d64212a4585b033150b5ef3a9484699ea9204e5e387bbe47f444e6ba8f9b4a5e,True,True,19,0.660851001739502,380,"{""full_mul_calls"":20,""full_columns"":380,""fr_mul_calls"":20,""fr_columns"":380,""common"":{""operator_mul_calls"":20,""operator_columns"":380,""scalar_mul_calls"":40,""scalar_columns"":760}}","{""full_mul_calls"":21,""full_columns"":404,""fr_mul_calls"":21,""fr_columns"":404,""common"":{""operator_mul_calls"":21,""operator_columns"":404,""scalar_mul_calls"":42,""scalar_columns"":808}}",1.8104363027060554e-14,6.54258821161249e-11
107,2,24,6,2770,Previous map from this run only,63002,2.6423487218704857e-14,3.794044278478755,fb6699e33afd4a653a33c552103c242bac7574f7e52e1a242943f406d16e532e,True,True,16,0.8085348606109619,362,"{""full_mul_calls"":17,""full_columns"":362,""fr_mul_calls"":17,""fr_columns"":362,""common"":{""operator_mul_calls"":17,""operator_columns"":362,""scalar_mul_calls"":34,""scalar_columns"":724}}","{""full_mul_calls"":18,""full_columns"":386,""fr_mul_calls"":18,""fr_columns"":386,""common"":{""operator_mul_calls"":18,""operator_columns"":386,""scalar_mul_calls"":36,""scalar_columns"":772}}",2.181921187086682e-14,9.835634325508817e-11
107,3,24,6,2770,Previous map from this run only,63003,2.3386024729525762e-14,3.855650017321445,0b424c484d1a01e7fac3efad37a61740a3ce3d13be931507e995b8041109d8d9,True,True,17,0.6478040218353271,370,"{""full_mul_calls"":18,""full_columns"":370,""fr_mul_calls"":18,""fr_columns"":370,""common"":{""operator_mul_calls"":18,""operator_columns"":370,""scalar_mul_calls"":36,""scalar_columns"":740}}","{""full_mul_calls"":19,""full_columns"":394,""fr_mul_calls"":19,""fr_columns"":394,""common"":{""operator_mul_calls"":19,""operator_columns"":394,""scalar_mul_calls"":38,""scalar_columns"":788}}",2.435234835392838e-14,9.121128092453493e-11
108,1,24,6,2777,Previous map from this run only,63001,2.0978493645810824e-14,3.68287576774848,a72cc75efdbc27b6e9175089023090c2b7a24cc70cbbed5b90d6a8c5fe7101c0,True,True,18,0.8129239082336426,372,"{""full_mul_calls"":19,""full_columns"":372,""fr_mul_calls"":19,""fr_columns"":372,""common"":{""operator_mul_calls"":19,""operator_columns"":372,""scalar_mul_calls"":38,""scalar_columns"":744}}","{""full_mul_calls"":20,""full_columns"":396,""fr_mul_calls"":20,""fr_columns"":396,""common"":{""operator_mul_calls"":20,""operator_columns"":396,""scalar_mul_calls"":40,""scalar_columns"":792}}",1.9054474280823874e-14,9.503231264363099e-11
108,2,24,6,2770,Previous map from this run only,63002,2.7666979458956354e-14,3.9693441856952387,a1ac5de521f669290fd00f60e512465bb53777dde120f92fa7c6a5020de2a42c,True,True,16,0.6284940242767334,359,"{""full_mul_calls"":17,""full_columns"":359,""fr_mul_calls"":17,""fr_columns"":359,""common"":{""operator_mul_calls"":17,""operator_columns"":359,""scalar_mul_calls"":34,""scalar_columns"":718}}","{""full_mul_calls"":18,""full_columns"":383,""fr_mul_calls"":18,""fr_columns"":383,""common"":{""operator_mul_calls"":18,""operator_columns"":383,""scalar_mul_calls"":36,""scalar_columns"":766}}",1.953969539045305e-14,9.860380660537969e-11
108,3,24,6,2770,Previous map from this run only,63003,3.03250657428534e-14,3.678874681899381,1cf097cccf462867cb50bca5b5e0759ed19a25d57c76c9da25b23f4e4edcab70,True,True,16,0.8028669357299805,360,"{""full_mul_calls"":17,""full_columns"":360,""fr_mul_calls"":17,""fr_columns"":360,""common"":{""operator_mul_calls"":17,""operator_columns"":360,""scalar_mul_calls"":34,""scalar_columns"":720}}","{""full_mul_calls"":18,""full_columns"":384,""fr_mul_calls"":18,""fr_columns"":384,""common"":{""operator_mul_calls"":18,""operator_columns"":384,""scalar_mul_calls"":36,""scalar_columns"":768}}",1.874194775801566e-14,9.8845518540244e-11
109,1,24,6,2777,Previous map from this run only,63001,2.2224483528841054e-14,3.8128865182311342,30d19a0ed842c15e57fe80d617d3e3aecc3c806261926bd447467f2dab27b988,True,True,18,0.6357388496398926,370,"{""full_mul_calls"":19,""full_columns"":370,""fr_mul_calls"":19,""fr_columns"":370,""common"":{""operator_mul_calls"":19,""operator_columns"":370,""scalar_mul_calls"":38,""scalar_columns"":740}}","{""full_mul_calls"":20,""full_columns"":394,""fr_mul_calls"":20,""fr_columns"":394,""common"":{""operator_mul_calls"":20,""operator_columns"":394,""scalar_mul_calls"":40,""scalar_columns"":788}}",2.1846890547041686e-14,8.690891757300263e-11
109,2,24,6,2770,Previous map from this run only,63002,2.2511795693060478e-14,3.741134741354965,643e4f49fdf4ccddd8461aa59db3a32c603ed2fdd17d4da8fb260f0187678e2f,True,True,16,0.7956259250640869,358,"{""full_mul_calls"":17,""full_columns"":358,""fr_mul_calls"":17,""fr_columns"":358,""common"":{""operator_mul_calls"":17,""operator_columns"":358,""scalar_mul_calls"":34,""scalar_columns"":716}}","{""full_mul_calls"":18,""full_columns"":382,""fr_mul_calls"":18,""fr_columns"":382,""common"":{""operator_mul_calls"":18,""operator_columns"":382,""scalar_mul_calls"":36,""scalar_columns"":764}}",1.9213022082038836e-14,9.394432521396405e-11
109,3,24,6,2770,Previous map from this run only,63003,2.565466946320507e-14,3.8761522941517863,b66dcff958cc1b4b9a25c5efcb97030566285e26e45b84c3e35a2cfc7dd163e5,True,True,17,0.6383650302886963,367,"{""full_mul_calls"":18,""full_columns"":367,""fr_mul_calls"":18,""fr_columns"":367,""common"":{""operator_mul_calls"":18,""operator_columns"":367,""scalar_mul_calls"":36,""scalar_columns"":734}}","{""full_mul_calls"":19,""full_columns"":391,""fr_mul_calls"":19,""fr_columns"":391,""common"":{""operator_mul_calls"":19,""operator_columns"":391,""scalar_mul_calls"":38,""scalar_columns"":782}}",2.355224095021512e-14,9.125364293290023e-11
110,1,24,6,2777,Previous map from this run only,63001,2.522702711190218e-14,3.9512299740869046,c9abeeb02eb18f06d53b51d03914a32f2cc0fd9b624ba2483239838bad3d33c9,True,True,18,0.6601269245147705,367,"{""full_mul_calls"":19,""full_columns"":367,""fr_mul_calls"":19,""fr_columns"":367,""common"":{""operator_mul_calls"":19,""operator_columns"":367,""scalar_mul_calls"":38,""scalar_columns"":734}}","{""full_mul_calls"":20,""full_columns"":391,""fr_mul_calls"":20,""fr_columns"":391,""common"":{""operator_mul_calls"":20,""operator_columns"":391,""scalar_mul_calls"":40,""scalar_columns"":782}}",1.791180027446138e-14,9.920336152808887e-11
110,2,24,6,2770,Previous map from this run only,63002,2.4735468075116392e-14,3.8896064936472894,99a50c8589e1bbe9c2e47bae903a8a9df8a6efc4b644fc9b6d743e934a087126,True,True,16,0.7676630020141602,358,"{""full_mul_calls"":17,""full_columns"":358,""fr_mul_calls"":17,""fr_columns"":358,""common"":{""operator_mul_calls"":17,""operator_columns"":358,""scalar_mul_calls"":34,""scalar_columns"":716}}","{""full_mul_calls"":18,""full_columns"":382,""fr_mul_calls"":18,""fr_columns"":382,""common"":{""operator_mul_calls"":18,""operator_columns"":382,""scalar_mul_calls"":36,""scalar_columns"":764}}",2.1012295664519924e-14,9.862425507176119e-11
110,3,24,6,2770,Previous map from this run only,63003,2.7977424315779336e-14,4.100124250472784,ba670792bcbf347d69e1dabd40a3276bb916128842ac05bdcb5a8ab6a8a66707,True,True,16,0.6178209781646729,358,"{""full_mul_calls"":17,""full_columns"":358,""fr_mul_calls"":17,""fr_columns"":358,""common"":{""operator_mul_calls"":17,""operator_columns"":358,""scalar_mul_calls"":34,""scalar_columns"":716}}","{""full_mul_calls"":18,""full_columns"":382,""fr_mul_calls"":18,""fr_columns"":382,""common"":{""operator_mul_calls"":18,""operator_columns"":382,""scalar_mul_calls"":36,""scalar_columns"":764}}",2.1488478296118215e-14,9.075803321591191e-11
111,1,24,6,2777,Previous map from this run only,63001,2.0144071453070193e-14,3.775560950444721,b10e958a5a47d6fcb5cb444328bfd0749f92ffe1bbb2c987b98fdbfe18d00b14,True,True,17,0.6390838623046875,363,"{""full_mul_calls"":18,""full_columns"":363,""fr_mul_calls"":18,""fr_columns"":363,""common"":{""operator_mul_calls"":18,""operator_columns"":363,""scalar_mul_calls"":36,""scalar_columns"":726}}","{""full_mul_calls"":19,""full_columns"":387,""fr_mul_calls"":19,""fr_columns"":387,""common"":{""operator_mul_calls"":19,""operator_columns"":387,""scalar_mul_calls"":38,""scalar_columns"":774}}",2.3582596909432437e-14,9.786037866407918e-11
111,2,24,6,2770,Previous map from this run only,63002,2.5498078206665736e-14,3.7767975829849987,4bc04f584957d23b67a72da2f0a4af203bee903450ae32aaf82bfea96f324743,True,True,17,0.6831300258636475,359,"{""full_mul_calls"":18,""full_columns"":359,""fr_mul_calls"":18,""fr_columns"":359,""common"":{""operator_mul_calls"":18,""operator_columns"":359,""scalar_mul_calls"":36,""scalar_columns"":718}}","{""full_mul_calls"":19,""full_columns"":383,""fr_mul_calls"":19,""fr_columns"":383,""common"":{""operator_mul_calls"":19,""operator_columns"":383,""scalar_mul_calls"":38,""scalar_columns"":766}}",2.26852201698565e-14,9.826531164721777e-11
111,3,24,6,2770,Previous map from this run only,63003,2.698833341487154e-14,3.639228851427611,67a40475d057349ef5cf0c395d5317270d3a92e0916485e50e5b045a67bccef3,True,True,17,0.7643129825592041,359,"{""full_mul_calls"":18,""full_columns"":359,""fr_mul_calls"":18,""fr_columns"":359,""common"":{""operator_mul_calls"":18,""operator_columns"":359,""scalar_mul_calls"":36,""scalar_columns"":718}}","{""full_mul_calls"":19,""full_columns"":383,""fr_mul_calls"":19,""fr_columns"":383,""common"":{""operator_mul_calls"":19,""operator_columns"":383,""scalar_mul_calls"":38,""scalar_columns"":766}}",1.7264188515320714e-14,9.824565002392159e-11
112,1,24,6,2777,Previous map from this run only,63001,2.7536767995731048e-14,3.9961261062713236,8b918b746c1aaebea469f60160a0f5e94c018358a171bc6198cf1ed92ef8b22a,True,True,18,0.8141758441925049,367,"{""full_mul_calls"":19,""full_columns"":367,""fr_mul_calls"":19,""fr_columns"":367,""common"":{""operator_mul_calls"":19,""operator_columns"":367,""scalar_mul_calls"":38,""scalar_columns"":734}}","{""full_mul_calls"":20,""full_columns"":391,""fr_mul_calls"":20,""fr_columns"":391,""common"":{""operator_mul_calls"":20,""operator_columns"":391,""scalar_mul_calls"":40,""scalar_columns"":782}}",1.850289438680493e-14,9.937873567586252e-11
112,2,24,6,2770,Previous map from this run only,63002,2.789330074009577e-14,3.8767745063609693,07a63b038171b30fa21b780d0fc49005990c0de567796d225fff9a2c10ef60e4,True,True,17,0.6189680099487305,357,"{""full_mul_calls"":18,""full_columns"":357,""fr_mul_calls"":18,""fr_columns"":357,""common"":{""operator_mul_calls"":18,""operator_columns"":357,""scalar_mul_calls"":36,""scalar_columns"":714}}","{""full_mul_calls"":19,""full_columns"":381,""fr_mul_calls"":19,""fr_columns"":381,""common"":{""operator_mul_calls"":19,""operator_columns"":381,""scalar_mul_calls"":38,""scalar_columns"":762}}",2.0590983204863637e-14,9.892590035148444e-11
112,3,24,6,2770,Previous map from this run only,63003,2.5218027811508067e-14,3.9273948134602885,5e2c2829f2fa96a46916fbce295650ba0979b0c869dd28a5dabc4d7c782b36e6,True,True,16,0.610072135925293,351,"{""full_mul_calls"":17,""full_columns"":351,""fr_mul_calls"":17,""fr_columns"":351,""common"":{""operator_mul_calls"":17,""operator_columns"":351,""scalar_mul_calls"":34,""scalar_columns"":702}}","{""full_mul_calls"":18,""full_columns"":375,""fr_mul_calls"":18,""fr_columns"":375,""common"":{""operator_mul_calls"":18,""operator_columns"":375,""scalar_mul_calls"":36,""scalar_columns"":750}}",2.1428312603939957e-14,9.715088825473641e-11
113,1,24,6,2777,Previous map from this run only,63001,2.3403625350391618e-14,3.9627162822857036,22298c397846c39fbbe7fa6f31a1fbb5e245c6c1b5118261317c8831068f666a,True,True,18,0.6260180473327637,359,"{""full_mul_calls"":19,""full_columns"":359,""fr_mul_calls"":19,""fr_columns"":359,""common"":{""operator_mul_calls"":19,""operator_columns"":359,""scalar_mul_calls"":38,""scalar_columns"":718}}","{""full_mul_calls"":20,""full_columns"":383,""fr_mul_calls"":20,""fr_columns"":383,""common"":{""operator_mul_calls"":20,""operator_columns"":383,""scalar_mul_calls"":40,""scalar_columns"":766}}",1.8929297917397035e-14,9.861489218518584e-11
113,2,24,6,2770,Previous map from this run only,63002,2.300277796237177e-14,3.8233333039951805,3a08da3d4cab585586c92b49ba33cf748d9bf50abd5d0334e908019171a5f75a,True,True,16,0.618149995803833,348,"{""full_mul_calls"":17,""full_columns"":348,""fr_mul_calls"":17,""fr_columns"":348,""common"":{""operator_mul_calls"":17,""operator_columns"":348,""scalar_mul_calls"":34,""scalar_columns"":696}}","{""full_mul_calls"":18,""full_columns"":372,""fr_mul_calls"":18,""fr_columns"":372,""common"":{""operator_mul_calls"":18,""operator_columns"":372,""scalar_mul_calls"":36,""scalar_columns"":744}}",1.5945599550416928e-14,9.585669409079393e-11
113,3,24,6,2770,Previous map from this run only,63003,2.5584433343476516e-14,4.033022943070742,fbe3432ea5a5bb786cb9314106d0f5f6c130b98a5ac31a3267e0249bc4a73e25,True,True,17,0.7858908176422119,357,"{""full_mul_calls"":18,""full_columns"":357,""fr_mul_calls"":18,""fr_columns"":357,""common"":{""operator_mul_calls"":18,""operator_columns"":357,""scalar_mul_calls"":36,""scalar_columns"":714}}","{""full_mul_calls"":19,""full_columns"":381,""fr_mul_calls"":19,""fr_columns"":381,""common"":{""operator_mul_calls"":19,""operator_columns"":381,""scalar_mul_calls"":38,""scalar_columns"":762}}",2.0907128640762468e-14,9.300100918344596e-11
114,1,24,6,2777,Previous map from this run only,63001,2.4035093046118715e-14,3.7604219033589152,fb0a599e9053f6744f5f8d275cb893f636a0481a5080073af96a041b8bb5178e,True,True,15,0.5926709175109863,338,"{""full_mul_calls"":16,""full_columns"":338,""fr_mul_calls"":16,""fr_columns"":338,""common"":{""operator_mul_calls"":16,""operator_columns"":338,""scalar_mul_calls"":32,""scalar_columns"":676}}","{""full_mul_calls"":17,""full_columns"":362,""fr_mul_calls"":17,""fr_columns"":362,""common"":{""operator_mul_calls"":17,""operator_columns"":362,""scalar_mul_calls"":34,""scalar_columns"":724}}",1.8360511332382828e-14,9.223713584141761e-11
114,2,24,6,2770,Previous map from this run only,63002,2.3545377582171504e-14,3.9709306626798706,bf0894edbd194da4fa9b41d3824f9914e56640ac0d6baf0f9e25872e496d36fe,True,True,17,0.7813470363616943,353,"{""full_mul_calls"":18,""full_columns"":353,""fr_mul_calls"":18,""fr_columns"":353,""common"":{""operator_mul_calls"":18,""operator_columns"":353,""scalar_mul_calls"":36,""scalar_columns"":706}}","{""full_mul_calls"":19,""full_columns"":377,""fr_mul_calls"":19,""fr_columns"":377,""common"":{""operator_mul_calls"":19,""operator_columns"":377,""scalar_mul_calls"":38,""scalar_columns"":754}}",2.0226483855156288e-14,9.993361428366505e-11
114,3,24,6,2770,Previous map from this run only,63003,2.4955519208139815e-14,3.731716779593005,10c2da10481d57d151b69850f589fc18e4e89b634a04db95fc2a4e15a93d22db,True,True,16,0.6044378280639648,347,"{""full_mul_calls"":17,""full_columns"":347,""fr_mul_calls"":17,""fr_columns"":347,""common"":{""operator_mul_calls"":17,""operator_columns"":347,""scalar_mul_calls"":34,""scalar_columns"":694}}","{""full_mul_calls"":18,""full_columns"":371,""fr_mul_calls"":18,""fr_columns"":371,""common"":{""operator_mul_calls"":18,""operator_columns"":371,""scalar_mul_calls"":36,""scalar_columns"":742}}",2.3541978372654724e-14,9.48588167589167e-11
115,1,24,6,2777,Previous map from this run only,63001,2.2831302152684017e-14,3.921745437937239,07d126eb40064321177ae78ea812c13946985d949a4ea6a4aa52af15fd2a9059,True,True,15,0.7631518840789795,338,"{""full_mul_calls"":16,""full_columns"":338,""fr_mul_calls"":16,""fr_columns"":338,""common"":{""operator_mul_calls"":16,""operator_columns"":338,""scalar_mul_calls"":32,""scalar_columns"":676}}","{""full_mul_calls"":17,""full_columns"":362,""fr_mul_calls"":17,""fr_columns"":362,""common"":{""operator_mul_calls"":17,""operator_columns"":362,""scalar_mul_calls"":34,""scalar_columns"":724}}",1.8961911624597808e-14,8.378413473115866e-11
115,2,24,6,2770,Previous map from this run only,63002,2.4163876190996034e-14,3.7250031045796943,8285056da5f33a0891c457d1df461f877172ffb10b47535273295ff39ff73de4,True,True,16,0.6002850532531738,344,"{""full_mul_calls"":17,""full_columns"":344,""fr_mul_calls"":17,""fr_columns"":344,""common"":{""operator_mul_calls"":17,""operator_columns"":344,""scalar_mul_calls"":34,""scalar_columns"":688}}","{""full_mul_calls"":18,""full_columns"":368,""fr_mul_calls"":18,""fr_columns"":368,""common"":{""operator_mul_calls"":18,""operator_columns"":368,""scalar_mul_calls"":36,""scalar_columns"":736}}",2.586088358598736e-14,9.948134131867816e-11
115,3,24,6,2770,Previous map from this run only,63003,2.5888772392189593e-14,3.8180956025332615,2dc8a326d9d7970174f90f6bc23f1ed4f6f74ab00c6d1e70a0aa1adbcaa823e1,True,True,16,0.594512939453125,344,"{""full_mul_calls"":17,""full_columns"":344,""fr_mul_calls"":17,""fr_columns"":344,""common"":{""operator_mul_calls"":17,""operator_columns"":344,""scalar_mul_calls"":34,""scalar_columns"":688}}","{""full_mul_calls"":18,""full_columns"":368,""fr_mul_calls"":18,""fr_columns"":368,""common"":{""operator_mul_calls"":18,""operator_columns"":368,""scalar_mul_calls"":36,""scalar_columns"":736}}",1.8925331941439105e-14,9.188904298714051e-11
116,1,24,6,2777,Previous map from this run only,63001,2.1866035094402066e-14,3.8215440048853413,288a6ce00033d85a1e1111ac7fd041a1fe5577f5a7577820398dca3a107237fd,True,True,14,0.575812816619873,330,"{""full_mul_calls"":15,""full_columns"":330,""fr_mul_calls"":15,""fr_columns"":330,""common"":{""operator_mul_calls"":15,""operator_columns"":330,""scalar_mul_calls"":30,""scalar_columns"":660}}","{""full_mul_calls"":16,""full_columns"":354,""fr_mul_calls"":16,""fr_columns"":354,""common"":{""operator_mul_calls"":16,""operator_columns"":354,""scalar_mul_calls"":32,""scalar_columns"":708}}",1.697610171790693e-14,9.662654434235238e-11
116,2,24,6,2770,Previous map from this run only,63002,2.8262583813131672e-14,4.061569575732733,03eabf48f3e0e9e2a4ed56d179bf4f115ff1a16d8d7b76be323e4684e53e9c8b,True,True,16,0.5908191204071045,342,"{""full_mul_calls"":17,""full_columns"":342,""fr_mul_calls"":17,""fr_columns"":342,""common"":{""operator_mul_calls"":17,""operator_columns"":342,""scalar_mul_calls"":34,""scalar_columns"":684}}","{""full_mul_calls"":18,""full_columns"":366,""fr_mul_calls"":18,""fr_columns"":366,""common"":{""operator_mul_calls"":18,""operator_columns"":366,""scalar_mul_calls"":36,""scalar_columns"":732}}",1.9220407698868172e-14,9.406837059907392e-11
116,3,24,6,2770,Previous map from this run only,63003,2.325187006556999e-14,4.043010370848219,3858b4ad7c3954ab9ffcffb4535e947c8e651acc06aa93bd099fb02265131c18,True,True,16,0.755842924118042,342,"{""full_mul_calls"":17,""full_columns"":342,""fr_mul_calls"":17,""fr_columns"":342,""common"":{""operator_mul_calls"":17,""operator_columns"":342,""scalar_mul_calls"":34,""scalar_columns"":684}}","{""full_mul_calls"":18,""full_columns"":366,""fr_mul_calls"":18,""fr_columns"":366,""common"":{""operator_mul_calls"":18,""operator_columns"":366,""scalar_mul_calls"":36,""scalar_columns"":732}}",2.1298635782441412e-14,9.66596281133309e-11
117,1,24,6,2777,Previous map from this run only,63001,2.0107676467131884e-14,4.1443435006040055,3e7dc36de7962478deeea53a75b7bb9003a988d1e886ceb0146f501c6245223c,True,True,17,0.5860960483551025,342,"{""full_mul_calls"":18,""full_columns"":342,""fr_mul_calls"":18,""fr_columns"":342,""common"":{""operator_mul_calls"":18,""operator_columns"":342,""scalar_mul_calls"":36,""scalar_columns"":684}}","{""full_mul_calls"":19,""full_columns"":366,""fr_mul_calls"":19,""fr_columns"":366,""common"":{""operator_mul_calls"":19,""operator_columns"":366,""scalar_mul_calls"":38,""scalar_columns"":732}}",1.8022846391610162e-14,9.582558967356276e-11
117,2,24,6,2770,Previous map from this run only,63002,2.1956796850179557e-14,3.9358595215511527,7c0612ce118dc1a1fd2aa73f5ab82693015db6acf77b822ff6ee73f163ab3a5e,True,True,16,0.7609050273895264,342,"{""full_mul_calls"":17,""full_columns"":342,""fr_mul_calls"":17,""fr_columns"":342,""common"":{""operator_mul_calls"":17,""operator_columns"":342,""scalar_mul_calls"":34,""scalar_columns"":684}}","{""full_mul_calls"":18,""full_columns"":366,""fr_mul_calls"":18,""fr_columns"":366,""common"":{""operator_mul_calls"":18,""operator_columns"":366,""scalar_mul_calls"":36,""scalar_columns"":732}}",2.511332218817389e-14,8.586351383029215e-11
117,3,24,6,2770,Previous map from this run only,63003,2.5813216530148248e-14,3.98034878088926,092cfd4dd66a646b39105989a15e7558538499d147eff5968801c2eb9f9530fc,True,True,16,0.5815949440002441,340,"{""full_mul_calls"":17,""full_columns"":340,""fr_mul_calls"":17,""fr_columns"":340,""common"":{""operator_mul_calls"":17,""operator_columns"":340,""scalar_mul_calls"":34,""scalar_columns"":680}}","{""full_mul_calls"":18,""full_columns"":364,""fr_mul_calls"":18,""fr_columns"":364,""common"":{""operator_mul_calls"":18,""operator_columns"":364,""scalar_mul_calls"":36,""scalar_columns"":728}}",1.736600668415211e-14,9.729946025893875e-11
118,1,24,6,2777,Previous map from this run only,63001,2.1580298799671286e-14,3.9754983386416054,914f78d0f0d22e4412ccdf60d79604fb30e525a82f145b4ab5754bc60dc093eb,True,True,16,0.7705981731414795,334,"{""full_mul_calls"":17,""full_columns"":334,""fr_mul_calls"":17,""fr_columns"":334,""common"":{""operator_mul_calls"":17,""operator_columns"":334,""scalar_mul_calls"":34,""scalar_columns"":668}}","{""full_mul_calls"":18,""full_columns"":358,""fr_mul_calls"":18,""fr_columns"":358,""common"":{""operator_mul_calls"":18,""operator_columns"":358,""scalar_mul_calls"":36,""scalar_columns"":716}}",2.0963486906373204e-14,9.724036115890367e-11
118,2,24,6,2770,Previous map from this run only,63002,2.933051849313868e-14,3.8883114979746325,a542905edfe22446b3171e52aead086cc36867fc8b18923bc4571e00ba603456,True,True,16,0.5971930027008057,342,"{""full_mul_calls"":17,""full_columns"":342,""fr_mul_calls"":17,""fr_columns"":342,""common"":{""operator_mul_calls"":17,""operator_columns"":342,""scalar_mul_calls"":34,""scalar_columns"":684}}","{""full_mul_calls"":18,""full_columns"":366,""fr_mul_calls"":18,""fr_columns"":366,""common"":{""operator_mul_calls"":18,""operator_columns"":366,""scalar_mul_calls"":36,""scalar_columns"":732}}",2.081064051275848e-14,8.067041723585118e-11
118,3,24,6,2770,Previous map from this run only,63003,2.4353795567169682e-14,3.9049685268267167,fabee485917737eb53b13a06d2f9039430d7ec64ccc4995bdfa5c32d721a4a75,True,True,16,0.5860919952392578,340,"{""full_mul_calls"":17,""full_columns"":340,""fr_mul_calls"":17,""fr_columns"":340,""common"":{""operator_mul_calls"":17,""operator_columns"":340,""scalar_mul_calls"":34,""scalar_columns"":680}}","{""full_mul_calls"":18,""full_columns"":364,""fr_mul_calls"":18,""fr_columns"":364,""common"":{""operator_mul_calls"":18,""operator_columns"":364,""scalar_mul_calls"":36,""scalar_columns"":728}}",2.002143959975463e-14,9.672388809950357e-11
119,1,24,6,2777,Previous map from this run only,63001,2.3852189647107035e-14,3.7779157927238836,1671c7641d49cf04d1cbff01648f308ab140c94b9b130aeef5a57b4fa64f7231,True,True,16,0.5826718807220459,334,"{""full_mul_calls"":17,""full_columns"":334,""fr_mul_calls"":17,""fr_columns"":334,""common"":{""operator_mul_calls"":17,""operator_columns"":334,""scalar_mul_calls"":34,""scalar_columns"":668}}","{""full_mul_calls"":18,""full_columns"":358,""fr_mul_calls"":18,""fr_columns"":358,""common"":{""operator_mul_calls"":18,""operator_columns"":358,""scalar_mul_calls"":36,""scalar_columns"":716}}",1.684450744241626e-14,9.905043375106363e-11
119,2,24,6,2770,Previous map from this run only,63002,2.358566559297353e-14,3.967758237429889,4f429e033aa0213f1ca70b48e5efe9b572f0eebd2b93b2f8203e263bc3d70cc5,True,True,16,0.5922088623046875,340,"{""full_mul_calls"":17,""full_columns"":340,""fr_mul_calls"":17,""fr_columns"":340,""common"":{""operator_mul_calls"":17,""operator_columns"":340,""scalar_mul_calls"":34,""scalar_columns"":680}}","{""full_mul_calls"":18,""full_columns"":364,""fr_mul_calls"":18,""fr_columns"":364,""common"":{""operator_mul_calls"":18,""operator_columns"":364,""scalar_mul_calls"":36,""scalar_columns"":728}}",1.7534554274344056e-14,9.11268228705064e-11
119,3,24,6,2770,Previous map from this run only,63003,2.4485129901459586e-14,3.888330626630598,b67bba520189c79bdf528d3071b56ea5f32d29e30cc34226f94c645766c72ddb,True,True,16,0.7386720180511475,340,"{""full_mul_calls"":17,""full_columns"":340,""fr_mul_calls"":17,""fr_columns"":340,""common"":{""operator_mul_calls"":17,""operator_columns"":340,""scalar_mul_calls"":34,""scalar_columns"":680}}","{""full_mul_calls"":18,""full_columns"":364,""fr_mul_calls"":18,""fr_columns"":364,""common"":{""operator_mul_calls"":18,""operator_columns"":364,""scalar_mul_calls"":36,""scalar_columns"":728}}",2.4578800680909793e-14,9.333226855629324e-11
120,1,24,6,2777,Previous map from this run only,63001,2.2109350524951563e-14,3.826310484079067,eddd5d40b99f62d93a16346209eb6564af95c5a2d3536988ee652b50a2c56f04,True,True,16,0.5700769424438477,334,"{""full_mul_calls"":17,""full_columns"":334,""fr_mul_calls"":17,""fr_columns"":334,""common"":{""operator_mul_calls"":17,""operator_columns"":334,""scalar_mul_calls"":34,""scalar_columns"":668}}","{""full_mul_calls"":18,""full_columns"":358,""fr_mul_calls"":18,""fr_columns"":358,""common"":{""operator_mul_calls"":18,""operator_columns"":358,""scalar_mul_calls"":36,""scalar_columns"":716}}",2.086404110301511e-14,8.73185542778975e-11
120,2,24,6,2770,Previous map from this run only,63002,2.248485228071931e-14,3.7624640992967295,51e028b09fb1154e7c854b40cac5539868f9d33cc41d24812b187dcdf1dae988,True,True,16,0.6065390110015869,340,"{""full_mul_calls"":17,""full_columns"":340,""fr_mul_calls"":17,""fr_columns"":340,""common"":{""operator_mul_calls"":17,""operator_columns"":340,""scalar_mul_calls"":34,""scalar_columns"":680}}","{""full_mul_calls"":18,""full_columns"":364,""fr_mul_calls"":18,""fr_columns"":364,""common"":{""operator_mul_calls"":18,""operator_columns"":364,""scalar_mul_calls"":36,""scalar_columns"":728}}",2.4206534278501437e-14,8.472319812398109e-11
120,3,24,6,2770,Previous map from this run only,63003,2.739954630092746e-14,3.7679146258264495,1c526b22ec712bb5d5a383b62734fd74440d32436cb73040ab1ada4739b03fd3,True,True,16,0.7333881855010986,340,"{""full_mul_calls"":17,""full_columns"":340,""fr_mul_calls"":17,""fr_columns"":340,""common"":{""operator_mul_calls"":17,""operator_columns"":340,""scalar_mul_calls"":34,""scalar_columns"":680}}","{""full_mul_calls"":18,""full_columns"":364,""fr_mul_calls"":18,""fr_columns"":364,""common"":{""operator_mul_calls"":18,""operator_columns"":364,""scalar_mul_calls"":36,""scalar_columns"":728}}",1.9368440746368364e-14,9.169670433550318e-11
121,1,24,6,2777,Previous map from this run only,63001,2.5957855506217273e-14,3.889064924886727,bfeeb9a8cae80ff160480722a2669382033988f3b3863cb9f717d8e693f852bd,True,True,16,0.7517681121826172,333,"{""full_mul_calls"":17,""full_columns"":333,""fr_mul_calls"":17,""fr_columns"":333,""common"":{""operator_mul_calls"":17,""operator_columns"":333,""scalar_mul_calls"":34,""scalar_columns"":666}}","{""full_mul_calls"":18,""full_columns"":357,""fr_mul_calls"":18,""fr_columns"":357,""common"":{""operator_mul_calls"":18,""operator_columns"":357,""scalar_mul_calls"":36,""scalar_columns"":714}}",1.7774025967773805e-14,9.882532708968683e-11
121,2,24,6,2770,Previous map from this run only,63002,2.6902815424698426e-14,3.8487542613547863,9cb5f4bbd97dfb6e31e597e9f19f72f747c45a509173d41ff10b16e699ee6962,True,True,16,0.5810470581054688,338,"{""full_mul_calls"":17,""full_columns"":338,""fr_mul_calls"":17,""fr_columns"":338,""common"":{""operator_mul_calls"":17,""operator_columns"":338,""scalar_mul_calls"":34,""scalar_columns"":676}}","{""full_mul_calls"":18,""full_columns"":362,""fr_mul_calls"":18,""fr_columns"":362,""common"":{""operator_mul_calls"":18,""operator_columns"":362,""scalar_mul_calls"":36,""scalar_columns"":724}}",2.004885919118662e-14,9.090024270066669e-11
121,3,24,6,2770,Previous map from this run only,63003,2.5461136867617575e-14,3.989152525987034,6e1471ae2a4c97326a9458ee61f4b61107c6d0d6e57acf51b52100eaf96655e7,True,True,16,0.5855510234832764,338,"{""full_mul_calls"":17,""full_columns"":338,""fr_mul_calls"":17,""fr_columns"":338,""common"":{""operator_mul_calls"":17,""operator_columns"":338,""scalar_mul_calls"":34,""scalar_columns"":676}}","{""full_mul_calls"":18,""full_columns"":362,""fr_mul_calls"":18,""fr_columns"":362,""common"":{""operator_mul_calls"":18,""operator_columns"":362,""scalar_mul_calls"":36,""scalar_columns"":724}}",2.0830533316363383e-14,9.135757410052196e-11
122,1,24,6,2777,Previous map from this run only,63001,2.219463519577224e-14,3.8085442333338126,a6d9bdbf592d10ddce3c52d72becf61936601432ac77d1813944026fdfe24f55,True,True,14,0.5494990348815918,318,"{""full_mul_calls"":15,""full_columns"":318,""fr_mul_calls"":15,""fr_columns"":318,""common"":{""operator_mul_calls"":15,""operator_columns"":318,""scalar_mul_calls"":30,""scalar_columns"":636}}","{""full_mul_calls"":16,""full_columns"":342,""fr_mul_calls"":16,""fr_columns"":342,""common"":{""operator_mul_calls"":16,""operator_columns"":342,""scalar_mul_calls"":32,""scalar_columns"":684}}",1.872852331000744e-14,8.233737619202302e-11
122,2,24,6,2770,Previous map from this run only,63002,2.5432403685363946e-14,4.023390377464787,386c7f191de59692109d61b8fa1fdc344fdb660a22d5ef88ce79eefa82e07dfd,True,True,16,0.5978949069976807,335,"{""full_mul_calls"":17,""full_columns"":335,""fr_mul_calls"":17,""fr_columns"":335,""common"":{""operator_mul_calls"":17,""operator_columns"":335,""scalar_mul_calls"":34,""scalar_columns"":670}}","{""full_mul_calls"":18,""full_columns"":359,""fr_mul_calls"":18,""fr_columns"":359,""common"":{""operator_mul_calls"":18,""operator_columns"":359,""scalar_mul_calls"":36,""scalar_columns"":718}}",1.8801963296826453e-14,9.882443629624925e-11
122,3,24,6,2770,Previous map from this run only,63003,2.5059702280107247e-14,3.824714678759888,f4b5472ef8c090bf36f05669911339d0db842a366d93550bc7676dcb4c083fd5,True,True,16,0.7303829193115234,335,"{""full_mul_calls"":17,""full_columns"":335,""fr_mul_calls"":17,""fr_columns"":335,""common"":{""operator_mul_calls"":17,""operator_columns"":335,""scalar_mul_calls"":34,""scalar_columns"":670}}","{""full_mul_calls"":18,""full_columns"":359,""fr_mul_calls"":18,""fr_columns"":359,""common"":{""operator_mul_calls"":18,""operator_columns"":359,""scalar_mul_calls"":36,""scalar_columns"":718}}",2.195273852571039e-14,9.572861406449833e-11
123,1,24,6,2777,Previous map from this run only,63001,2.2384108622708226e-14,3.886018446379863,e40d70eede091cc71329f251149e169e2e11af9a7e9074b212a19fb11b560b7b,True,True,13,0.5708949565887451,310,"{""full_mul_calls"":14,""full_columns"":310,""fr_mul_calls"":14,""fr_columns"":310,""common"":{""operator_mul_calls"":14,""operator_columns"":310,""scalar_mul_calls"":28,""scalar_columns"":620}}","{""full_mul_calls"":15,""full_columns"":334,""fr_mul_calls"":15,""fr_columns"":334,""common"":{""operator_mul_calls"":15,""operator_columns"":334,""scalar_mul_calls"":30,""scalar_columns"":668}}",1.9245626534212492e-14,9.846181658622615e-11
123,2,24,6,2770,Previous map from this run only,63002,2.3388763841838845e-14,3.8080937097796417,c686bb6b8dfb7e7b2aa6f1c47ba41989c895fbc54e5e19a4aacd9da7ea6be4e5,True,True,15,0.7158081531524658,326,"{""full_mul_calls"":16,""full_columns"":326,""fr_mul_calls"":16,""fr_columns"":326,""common"":{""operator_mul_calls"":16,""operator_columns"":326,""scalar_mul_calls"":32,""scalar_columns"":652}}","{""full_mul_calls"":17,""full_columns"":350,""fr_mul_calls"":17,""fr_columns"":350,""common"":{""operator_mul_calls"":17,""operator_columns"":350,""scalar_mul_calls"":34,""scalar_columns"":700}}",1.9927432093618735e-14,9.549142228122194e-11
123,3,24,6,2770,Previous map from this run only,63003,2.5836374084115882e-14,3.9153522591912346,81a11c4a66af7d13818be904698b653f008c65dc034d56cd581495699b3e642f,True,True,15,0.5644519329071045,326,"{""full_mul_calls"":16,""full_columns"":326,""fr_mul_calls"":16,""fr_columns"":326,""common"":{""operator_mul_calls"":16,""operator_columns"":326,""scalar_mul_calls"":32,""scalar_columns"":652}}","{""full_mul_calls"":17,""full_columns"":350,""fr_mul_calls"":17,""fr_columns"":350,""common"":{""operator_mul_calls"":17,""operator_columns"":350,""scalar_mul_calls"":34,""scalar_columns"":700}}",1.7818372074982933e-14,8.74621933185542e-11
124,1,24,6,2777,Previous map from this run only,63001,2.1917314487160967e-14,3.8615070086739762,67cc59102a01a6c68be985cb3eec94c03d439b920cb80444774b08e0f75a8913,True,True,13,0.5364820957183838,310,"{""full_mul_calls"":14,""full_columns"":310,""fr_mul_calls"":14,""fr_columns"":310,""common"":{""operator_mul_calls"":14,""operator_columns"":310,""scalar_mul_calls"":28,""scalar_columns"":620}}","{""full_mul_calls"":15,""full_columns"":334,""fr_mul_calls"":15,""fr_columns"":334,""common"":{""operator_mul_calls"":15,""operator_columns"":334,""scalar_mul_calls"":30,""scalar_columns"":668}}",1.9221448470623622e-14,8.193435404468525e-11
124,2,24,6,2770,Previous map from this run only,63002,2.6203480348359757e-14,3.8632597756875406,e3e0f1fd21e55a10bb4063aeed7679fbd8f722eeef0bfcb8c04eaabbc76c96ad,True,True,15,0.596790075302124,326,"{""full_mul_calls"":16,""full_columns"":326,""fr_mul_calls"":16,""fr_columns"":326,""common"":{""operator_mul_calls"":16,""operator_columns"":326,""scalar_mul_calls"":32,""scalar_columns"":652}}","{""full_mul_calls"":17,""full_columns"":350,""fr_mul_calls"":17,""fr_columns"":350,""common"":{""operator_mul_calls"":17,""operator_columns"":350,""scalar_mul_calls"":34,""scalar_columns"":700}}",2.0887338351085603e-14,8.718325589595098e-11
124,3,24,6,2770,Previous map from this run only,63003,2.1961546235520653e-14,3.7656436018107216,b523e33478064feed50884aa3eec3dd2e90eb2d57f47e958fc0181626984b6e0,True,True,15,0.7324151992797852,324,"{""full_mul_calls"":16,""full_columns"":324,""fr_mul_calls"":16,""fr_columns"":324,""common"":{""operator_mul_calls"":16,""operator_columns"":324,""scalar_mul_calls"":32,""scalar_columns"":648}}","{""full_mul_calls"":17,""full_columns"":348,""fr_mul_calls"":17,""fr_columns"":348,""common"":{""operator_mul_calls"":17,""operator_columns"":348,""scalar_mul_calls"":34,""scalar_columns"":696}}",2.217489392573155e-14,9.460195471679777e-11
125,1,24,6,2777,Previous map from this run only,63001,2.291025728620263e-14,3.805229577382457,106e84e05dd6f27a4ef44814beed0926402ebc7644f31155d3b87272c1c2c841,True,True,13,0.5544638633728027,308,"{""full_mul_calls"":14,""full_columns"":308,""fr_mul_calls"":14,""fr_columns"":308,""common"":{""operator_mul_calls"":14,""operator_columns"":308,""scalar_mul_calls"":28,""scalar_columns"":616}}","{""full_mul_calls"":15,""full_columns"":332,""fr_mul_calls"":15,""fr_columns"":332,""common"":{""operator_mul_calls"":15,""operator_columns"":332,""scalar_mul_calls"":30,""scalar_columns"":664}}",1.7601812202282592e-14,9.731991761397949e-11
125,2,24,6,2770,Previous map from this run only,63002,2.676893516608556e-14,3.8561661492851393,d3bc091457e2351976426abea0811484eef3235ec32e3c592c36da376dbdd926,True,True,15,0.570897102355957,323,"{""full_mul_calls"":16,""full_columns"":323,""fr_mul_calls"":16,""fr_columns"":323,""common"":{""operator_mul_calls"":16,""operator_columns"":323,""scalar_mul_calls"":32,""scalar_columns"":646}}","{""full_mul_calls"":17,""full_columns"":347,""fr_mul_calls"":17,""fr_columns"":347,""common"":{""operator_mul_calls"":17,""operator_columns"":347,""scalar_mul_calls"":34,""scalar_columns"":694}}",2.0694386670865714e-14,9.774941811160381e-11
125,3,24,6,2770,Previous map from this run only,63003,2.636635973815583e-14,3.7257504161128985,251c335b907a552069bba7183374f28033366bea3587f24501ee312f9c07c374,True,True,15,0.7837159633636475,324,"{""full_mul_calls"":16,""full_columns"":324,""fr_mul_calls"":16,""fr_columns"":324,""common"":{""operator_mul_calls"":16,""operator_columns"":324,""scalar_mul_calls"":32,""scalar_columns"":648}}","{""full_mul_calls"":17,""full_columns"":348,""fr_mul_calls"":17,""fr_columns"":348,""common"":{""operator_mul_calls"":17,""operator_columns"":348,""scalar_mul_calls"":34,""scalar_columns"":696}}",1.8794996239154437e-14,8.63504137877985e-11
126,1,24,6,2777,Previous map from this run only,63001,2.2002076715807974e-14,3.8894311490678906,2fb133ca4e45a610f23d19c0205d328767070e6ede005060746b9aee3f174f19,True,True,13,0.551738977432251,307,"{""full_mul_calls"":14,""full_columns"":307,""fr_mul_calls"":14,""fr_columns"":307,""common"":{""operator_mul_calls"":14,""operator_columns"":307,""scalar_mul_calls"":28,""scalar_columns"":614}}","{""full_mul_calls"":15,""full_columns"":331,""fr_mul_calls"":15,""fr_columns"":331,""common"":{""operator_mul_calls"":15,""operator_columns"":331,""scalar_mul_calls"":30,""scalar_columns"":662}}",1.760517885720627e-14,9.903098256773396e-11
126,2,24,6,2770,Previous map from this run only,63002,2.5021840267398765e-14,4.00063365712997,29ab88ffc98ec5148c3c8af7c8ca2abca3e0fdf10898a639f97a52f4cb639934,True,True,15,0.5679290294647217,321,"{""full_mul_calls"":16,""full_columns"":321,""fr_mul_calls"":16,""fr_columns"":321,""common"":{""operator_mul_calls"":16,""operator_columns"":321,""scalar_mul_calls"":32,""scalar_columns"":642}}","{""full_mul_calls"":17,""full_columns"":345,""fr_mul_calls"":17,""fr_columns"":345,""common"":{""operator_mul_calls"":17,""operator_columns"":345,""scalar_mul_calls"":34,""scalar_columns"":690}}",2.1641183668964923e-14,9.952941961784432e-11
126,3,24,6,2770,Previous map from this run only,63003,2.4954584824287877e-14,3.690351479732799,ab6656bd794be5b77a9344d5c7eaa34d25795262d36b9c547ba5640a6ed04350,True,True,15,0.7494921684265137,321,"{""full_mul_calls"":16,""full_columns"":321,""fr_mul_calls"":16,""fr_columns"":321,""common"":{""operator_mul_calls"":16,""operator_columns"":321,""scalar_mul_calls"":32,""scalar_columns"":642}}","{""full_mul_calls"":17,""full_columns"":345,""fr_mul_calls"":17,""fr_columns"":345,""common"":{""operator_mul_calls"":17,""operator_columns"":345,""scalar_mul_calls"":34,""scalar_columns"":690}}",1.950018475658238e-14,9.752265678138863e-11
127,1,24,6,2777,Previous map from this run only,63001,2.0253980502034212e-14,4.015518630956925,56b171ad19fb150ebd1d4af2c2e00bad3c19fd54fc16b0136136676accf714d1,True,True,13,0.5578250885009766,304,"{""full_mul_calls"":14,""full_columns"":304,""fr_mul_calls"":14,""fr_columns"":304,""common"":{""operator_mul_calls"":14,""operator_columns"":304,""scalar_mul_calls"":28,""scalar_columns"":608}}","{""full_mul_calls"":15,""full_columns"":328,""fr_mul_calls"":15,""fr_columns"":328,""common"":{""operator_mul_calls"":15,""operator_columns"":328,""scalar_mul_calls"":30,""scalar_columns"":656}}",2.011512388729045e-14,9.445449225216332e-11
127,2,24,6,2770,Previous map from this run only,63002,2.604300350090188e-14,4.038326365169246,4b42f2c9b7b6835393381f0ba6207d39dfb13b5887d55bbed0d489a8dc959743,True,True,15,0.734935998916626,320,"{""full_mul_calls"":16,""full_columns"":320,""fr_mul_calls"":16,""fr_columns"":320,""common"":{""operator_mul_calls"":16,""operator_columns"":320,""scalar_mul_calls"":32,""scalar_columns"":640}}","{""full_mul_calls"":17,""full_columns"":344,""fr_mul_calls"":17,""fr_columns"":344,""common"":{""operator_mul_calls"":17,""operator_columns"":344,""scalar_mul_calls"":34,""scalar_columns"":688}}",1.8625817789109602e-14,9.311462343768939e-11
127,3,24,6,2770,Previous map from this run only,63003,2.3139362721112118e-14,3.928003964654554,2fbf5e57e0084995dc9025505e3f6ad5898b37d4483bdd738379f6e588ca2816,True,True,15,0.5584878921508789,320,"{""full_mul_calls"":16,""full_columns"":320,""fr_mul_calls"":16,""fr_columns"":320,""common"":{""operator_mul_calls"":16,""operator_columns"":320,""scalar_mul_calls"":32,""scalar_columns"":640}}","{""full_mul_calls"":17,""full_columns"":344,""fr_mul_calls"":17,""fr_columns"":344,""common"":{""operator_mul_calls"":17,""operator_columns"":344,""scalar_mul_calls"":34,""scalar_columns"":688}}",2.1953805137394216e-14,9.615292250687307e-11
128,1,24,6,2777,Previous map from this run only,63001,2.3653740514692046e-14,3.8800160881465393,8035392d569e5d1bd5bb7de46bce3a571898c908533d8257f21057138e701557,True,True,13,0.5347318649291992,306,"{""full_mul_calls"":14,""full_columns"":306,""fr_mul_calls"":14,""fr_columns"":306,""common"":{""operator_mul_calls"":14,""operator_columns"":306,""scalar_mul_calls"":28,""scalar_columns"":612}}","{""full_mul_calls"":15,""full_columns"":330,""fr_mul_calls"":15,""fr_columns"":330,""common"":{""operator_mul_calls"":15,""operator_columns"":330,""scalar_mul_calls"":30,""scalar_columns"":660}}",2.0751672409715348e-14,9.164329815121782e-11
128,2,24,6,2770,Previous map from this run only,63002,2.116865710073332e-14,3.9201647646082605,a6f284ce98121ee1e87d49dea604ac0522942a897c4a2e7c55e7db28a0436a5d,True,True,15,0.573418140411377,320,"{""full_mul_calls"":16,""full_columns"":320,""fr_mul_calls"":16,""fr_columns"":320,""common"":{""operator_mul_calls"":16,""operator_columns"":320,""scalar_mul_calls"":32,""scalar_columns"":640}}","{""full_mul_calls"":17,""full_columns"":344,""fr_mul_calls"":17,""fr_columns"":344,""common"":{""operator_mul_calls"":17,""operator_columns"":344,""scalar_mul_calls"":34,""scalar_columns"":688}}",2.2009680915020505e-14,8.174849674438715e-11
128,3,24,6,2770,Previous map from this run only,63003,2.7979383700607062e-14,3.9328638008462544,1222b16fc093e50bcab5879fd0b935d520cdf9e2118f3d0766f97c5298504b51,True,True,15,0.7076361179351807,320,"{""full_mul_calls"":16,""full_columns"":320,""fr_mul_calls"":16,""fr_columns"":320,""common"":{""operator_mul_calls"":16,""operator_columns"":320,""scalar_mul_calls"":32,""scalar_columns"":640}}","{""full_mul_calls"":17,""full_columns"":344,""fr_mul_calls"":17,""fr_columns"":344,""common"":{""operator_mul_calls"":17,""operator_columns"":344,""scalar_mul_calls"":34,""scalar_columns"":688}}",2.407943785488897e-14,8.78189787868795e-11
129,1,24,6,2777,Previous map from this run only,63001,2.477327471116762e-14,3.8580739144276985,11092f9f6c95ef45981eb921fdef5de5a4fda13544da69a99938e94006131fa5,True,True,13,0.5326948165893555,302,"{""full_mul_calls"":14,""full_columns"":302,""fr_mul_calls"":14,""fr_columns"":302,""common"":{""operator_mul_calls"":14,""operator_columns"":302,""scalar_mul_calls"":28,""scalar_columns"":604}}","{""full_mul_calls"":15,""full_columns"":326,""fr_mul_calls"":15,""fr_columns"":326,""common"":{""operator_mul_calls"":15,""operator_columns"":326,""scalar_mul_calls"":30,""scalar_columns"":652}}",1.6744555766362028e-14,9.79614238869834e-11
129,2,24,6,2770,Previous map from this run only,63002,2.8305406941765422e-14,4.007657643907065,5d2a028028bb2dc6243d5d28731e574436ce9ec2b7958920259e8d8d67cfe929,True,True,15,0.5729789733886719,319,"{""full_mul_calls"":16,""full_columns"":319,""fr_mul_calls"":16,""fr_columns"":319,""common"":{""operator_mul_calls"":16,""operator_columns"":319,""scalar_mul_calls"":32,""scalar_columns"":638}}","{""full_mul_calls"":17,""full_columns"":343,""fr_mul_calls"":17,""fr_columns"":343,""common"":{""operator_mul_calls"":17,""operator_columns"":343,""scalar_mul_calls"":34,""scalar_columns"":686}}",1.868173752709653e-14,9.788099794190719e-11
129,3,24,6,2770,Previous map from this run only,63003,2.7621486672243393e-14,3.940237134497878,506abe7bd92b7ef14132a45f1e52bac7981302ade33717ddf4c05ec69445e2d4,True,True,15,0.7039661407470703,319,"{""full_mul_calls"":16,""full_columns"":319,""fr_mul_calls"":16,""fr_columns"":319,""common"":{""operator_mul_calls"":16,""operator_columns"":319,""scalar_mul_calls"":32,""scalar_columns"":638}}","{""full_mul_calls"":17,""full_columns"":343,""fr_mul_calls"":17,""fr_columns"":343,""common"":{""operator_mul_calls"":17,""operator_columns"":343,""scalar_mul_calls"":34,""scalar_columns"":686}}",1.6935385257979846e-14,8.645218742187346e-11
130,1,24,6,2777,Previous map from this run only,63001,2.1928600441434882e-14,3.8038249919741847,6135b7d62cce3ef6646f65cea47950bdbaf25062ad752fde9548ce970ac22818,True,True,13,0.5177209377288818,301,"{""full_mul_calls"":14,""full_columns"":301,""fr_mul_calls"":14,""fr_columns"":301,""common"":{""operator_mul_calls"":14,""operator_columns"":301,""scalar_mul_calls"":28,""scalar_columns"":602}}","{""full_mul_calls"":15,""full_columns"":325,""fr_mul_calls"":15,""fr_columns"":325,""common"":{""operator_mul_calls"":15,""operator_columns"":325,""scalar_mul_calls"":30,""scalar_columns"":650}}",1.854051605130724e-14,9.609406016406466e-11
130,2,24,6,2770,Previous map from this run only,63002,2.2709528248309036e-14,4.115273641985829,81826ca76d984a0ab4bb4efebfcd02aabb8bbe8d6b14c78745f4d7db97c3e0fc,True,True,14,0.5220890045166016,306,"{""full_mul_calls"":15,""full_columns"":306,""fr_mul_calls"":15,""fr_columns"":306,""common"":{""operator_mul_calls"":15,""operator_columns"":306,""scalar_mul_calls"":30,""scalar_columns"":612}}","{""full_mul_calls"":16,""full_columns"":330,""fr_mul_calls"":16,""fr_columns"":330,""common"":{""operator_mul_calls"":16,""operator_columns"":330,""scalar_mul_calls"":32,""scalar_columns"":660}}",1.8081821589931898e-14,9.303845702096579e-11
130,3,24,6,2770,Previous map from this run only,63003,2.121446855378823e-14,3.8335826868844127,e3543a63b0172fde649a4570a8dd3d15d6f8fa2f6a4e8572997f747b7a6afc16,True,True,14,0.7018799781799316,306,"{""full_mul_calls"":15,""full_columns"":306,""fr_mul_calls"":15,""fr_columns"":306,""common"":{""operator_mul_calls"":15,""operator_columns"":306,""scalar_mul_calls"":30,""scalar_columns"":612}}","{""full_mul_calls"":16,""full_columns"":330,""fr_mul_calls"":16,""fr_columns"":330,""common"":{""operator_mul_calls"":16,""operator_columns"":330,""scalar_mul_calls"":32,""scalar_columns"":660}}",1.8403331686972456e-14,9.257764741956615e-11
131,1,24,6,2777,Previous map from this run only,63001,2.2515141883444e-14,3.92290435410415,da7ca30c496fe2231f5969d780325bf9d5a83296f84a742a4994f58d97386aca,True,True,12,0.520827054977417,294,"{""full_mul_calls"":13,""full_columns"":294,""fr_mul_calls"":13,""fr_columns"":294,""common"":{""operator_mul_calls"":13,""operator_columns"":294,""scalar_mul_calls"":26,""scalar_columns"":588}}","{""full_mul_calls"":14,""full_columns"":318,""fr_mul_calls"":14,""fr_columns"":318,""common"":{""operator_mul_calls"":14,""operator_columns"":318,""scalar_mul_calls"":28,""scalar_columns"":636}}",1.4613087801703283e-14,8.684339457261533e-11
131,2,24,6,2770,Previous map from this run only,63002,2.1850125949570608e-14,3.6411878525014614,1807066865de6472e9c0827696783b4c523f20fb185a0182edc93cfb8ac80fa5,True,True,14,0.690554141998291,306,"{""full_mul_calls"":15,""full_columns"":306,""fr_mul_calls"":15,""fr_columns"":306,""common"":{""operator_mul_calls"":15,""operator_columns"":306,""scalar_mul_calls"":30,""scalar_columns"":612}}","{""full_mul_calls"":16,""full_columns"":330,""fr_mul_calls"":16,""fr_columns"":330,""common"":{""operator_mul_calls"":16,""operator_columns"":330,""scalar_mul_calls"":32,""scalar_columns"":660}}",2.0884543458354535e-14,8.04889902533072e-11
131,3,24,6,2770,Previous map from this run only,63003,2.455264521776051e-14,4.028205709727692,ff0a46b981910db329eb7536ebe98a0a6ddf472ea76cdd93d4cd5e401f45c850,True,True,14,0.5307230949401855,306,"{""full_mul_calls"":15,""full_columns"":306,""fr_mul_calls"":15,""fr_columns"":306,""common"":{""operator_mul_calls"":15,""operator_columns"":306,""scalar_mul_calls"":30,""scalar_columns"":612}}","{""full_mul_calls"":16,""full_columns"":330,""fr_mul_calls"":16,""fr_columns"":330,""common"":{""operator_mul_calls"":16,""operator_columns"":330,""scalar_mul_calls"":32,""scalar_columns"":660}}",2.0611523966075375e-14,8.4001637256113e-11
132,1,24,6,2777,Previous map from this run only,63001,1.7964184363833814e-14,3.7943929979610482,0ca70e9b2749e61d97438912bc1f7bbe7526b6f5fe64c7cd0c5b4459efc41095,True,True,12,0.5071671009063721,288,"{""full_mul_calls"":13,""full_columns"":288,""fr_mul_calls"":13,""fr_columns"":288,""common"":{""operator_mul_calls"":13,""operator_columns"":288,""scalar_mul_calls"":26,""scalar_columns"":576}}","{""full_mul_calls"":14,""full_columns"":312,""fr_mul_calls"":14,""fr_columns"":312,""common"":{""operator_mul_calls"":14,""operator_columns"":312,""scalar_mul_calls"":28,""scalar_columns"":624}}",1.6445817103390837e-14,9.770718792925696e-11
132,2,24,6,2770,Previous map from this run only,63002,2.5895930822869677e-14,3.967885377158229,00bfb1c6568914c37d25071f7c04174fa495ff8e209b4815d34967cde6dd23d4,True,True,15,0.5305399894714355,309,"{""full_mul_calls"":16,""full_columns"":309,""fr_mul_calls"":16,""fr_columns"":309,""common"":{""operator_mul_calls"":16,""operator_columns"":309,""scalar_mul_calls"":32,""scalar_columns"":618}}","{""full_mul_calls"":17,""full_columns"":333,""fr_mul_calls"":17,""fr_columns"":333,""common"":{""operator_mul_calls"":17,""operator_columns"":333,""scalar_mul_calls"":34,""scalar_columns"":666}}",1.9349673040831986e-14,9.926144102478369e-11
132,3,24,6,2770,Previous map from this run only,63003,2.3676795215799037e-14,3.6461076699154256,1960f4c5d5be2ea829ccb2efbe7fea84cddc3321ef7f00d34056731aa3eb940f,True,True,15,0.6947381496429443,310,"{""full_mul_calls"":16,""full_columns"":310,""fr_mul_calls"":16,""fr_columns"":310,""common"":{""operator_mul_calls"":16,""operator_columns"":310,""scalar_mul_calls"":32,""scalar_columns"":620}}","{""full_mul_calls"":17,""full_columns"":334,""fr_mul_calls"":17,""fr_columns"":334,""common"":{""operator_mul_calls"":17,""operator_columns"":334,""scalar_mul_calls"":34,""scalar_columns"":668}}",1.8054428247685424e-14,9.654616829279047e-11
133,1,24,6,2777,Previous map from this run only,63001,1.985016320000901e-14,3.97962662043749,700f4797503ae2c29fb77a18f8d005276ccd3775d482bde9bd566009c3d4a253,True,True,12,0.48242998123168945,280,"{""full_mul_calls"":13,""full_columns"":280,""fr_mul_calls"":13,""fr_columns"":280,""common"":{""operator_mul_calls"":13,""operator_columns"":280,""scalar_mul_calls"":26,""scalar_columns"":560}}","{""full_mul_calls"":14,""full_columns"":304,""fr_mul_calls"":14,""fr_columns"":304,""common"":{""operator_mul_calls"":14,""operator_columns"":304,""scalar_mul_calls"":28,""scalar_columns"":608}}",1.8107576458574183e-14,9.651643900580153e-11
133,2,24,6,2770,Previous map from this run only,63002,2.2427266125959004e-14,3.874086715360308,63ffa33e2e7cc5d66a9c657ca324292e972ac5ede5f171a0847a4b5404b957b7,True,True,15,0.6935698986053467,308,"{""full_mul_calls"":16,""full_columns"":308,""fr_mul_calls"":16,""fr_columns"":308,""common"":{""operator_mul_calls"":16,""operator_columns"":308,""scalar_mul_calls"":32,""scalar_columns"":616}}","{""full_mul_calls"":17,""full_columns"":332,""fr_mul_calls"":17,""fr_columns"":332,""common"":{""operator_mul_calls"":17,""operator_columns"":332,""scalar_mul_calls"":34,""scalar_columns"":664}}",2.0887411706271484e-14,9.250845101783619e-11
133,3,24,6,2770,Previous map from this run only,63003,2.1913254676205862e-14,3.8332581507292187,5273044931f0eaeb023b538acf96e817f125769a7c4365198e3452297f0e273b,True,True,15,0.5254180431365967,308,"{""full_mul_calls"":16,""full_columns"":308,""fr_mul_calls"":16,""fr_columns"":308,""common"":{""operator_mul_calls"":16,""operator_columns"":308,""scalar_mul_calls"":32,""scalar_columns"":616}}","{""full_mul_calls"":17,""full_columns"":332,""fr_mul_calls"":17,""fr_columns"":332,""common"":{""operator_mul_calls"":17,""operator_columns"":332,""scalar_mul_calls"":34,""scalar_columns"":664}}",1.985437127336044e-14,9.383962427753804e-11
134,1,24,6,2777,Previous map from this run only,63001,2.2804620927998228e-14,3.817830069190869,fd2a9b5c68f2f9427404df5a43d80ade0e081b9acaeb93f7f008ee186932d463,True,True,12,0.5406100749969482,280,"{""full_mul_calls"":13,""full_columns"":280,""fr_mul_calls"":13,""fr_columns"":280,""common"":{""operator_mul_calls"":13,""operator_columns"":280,""scalar_mul_calls"":26,""scalar_columns"":560}}","{""full_mul_calls"":14,""full_columns"":304,""fr_mul_calls"":14,""fr_columns"":304,""common"":{""operator_mul_calls"":14,""operator_columns"":304,""scalar_mul_calls"":28,""scalar_columns"":608}}",1.5405919589430722e-14,9.027157318886591e-11
134,2,24,6,2770,Previous map from this run only,63002,2.5774290645287723e-14,4.033556046941888,1840a65126a4e1a31f259bd372db020a67428bc6f4bb0040e8fc44d6f25ce6bb,True,True,15,0.6883938312530518,307,"{""full_mul_calls"":16,""full_columns"":307,""fr_mul_calls"":16,""fr_columns"":307,""common"":{""operator_mul_calls"":16,""operator_columns"":307,""scalar_mul_calls"":32,""scalar_columns"":614}}","{""full_mul_calls"":17,""full_columns"":331,""fr_mul_calls"":17,""fr_columns"":331,""common"":{""operator_mul_calls"":17,""operator_columns"":331,""scalar_mul_calls"":34,""scalar_columns"":662}}",1.9795439514982645e-14,9.412588617429938e-11
134,3,24,6,2770,Previous map from this run only,63003,2.37528906666642e-14,3.9318049459839814,32dcf84cbe15f63d1551fc575946ef3879d25e8e717d776fe4f0bc1eaf7c1f6c,True,True,15,0.5382070541381836,307,"{""full_mul_calls"":16,""full_columns"":307,""fr_mul_calls"":16,""fr_columns"":307,""common"":{""operator_mul_calls"":16,""operator_columns"":307,""scalar_mul_calls"":32,""scalar_columns"":614}}","{""full_mul_calls"":17,""full_columns"":331,""fr_mul_calls"":17,""fr_columns"":331,""common"":{""operator_mul_calls"":17,""operator_columns"":331,""scalar_mul_calls"":34,""scalar_columns"":662}}",1.7743570154175085e-14,8.940076556282379e-11
135,1,24,6,2777,Previous map from this run only,63001,1.793380372540178e-14,3.888117943431258,690124c884a41807c4be4729a42630e3f7d34f0434a863c5c98eab227f8f731a,True,True,12,0.4947240352630615,279,"{""full_mul_calls"":13,""full_columns"":279,""fr_mul_calls"":13,""fr_columns"":279,""common"":{""operator_mul_calls"":13,""operator_columns"":279,""scalar_mul_calls"":26,""scalar_columns"":558}}","{""full_mul_calls"":14,""full_columns"":303,""fr_mul_calls"":14,""fr_columns"":303,""common"":{""operator_mul_calls"":14,""operator_columns"":303,""scalar_mul_calls"":28,""scalar_columns"":606}}",2.0741216259162644e-14,9.889459610355772e-11
135,2,24,6,2770,Previous map from this run only,63002,2.4380295464203126e-14,3.8923550309984263,545ee92577e82a4a7cd6532ce619f738178c9e74ceebccba627ac24474b6f8f5,True,True,15,0.5395739078521729,307,"{""full_mul_calls"":16,""full_columns"":307,""fr_mul_calls"":16,""fr_columns"":307,""common"":{""operator_mul_calls"":16,""operator_columns"":307,""scalar_mul_calls"":32,""scalar_columns"":614}}","{""full_mul_calls"":17,""full_columns"":331,""fr_mul_calls"":17,""fr_columns"":331,""common"":{""operator_mul_calls"":17,""operator_columns"":331,""scalar_mul_calls"":34,""scalar_columns"":662}}",1.9287392354359747e-14,9.685587653214148e-11
135,3,24,6,2770,Previous map from this run only,63003,2.2131007538368908e-14,3.8791177651441258,f8d04ece156f97cb4017e9c843f234d3c841e2c3dc89c03c3c04334f5b54f6c7,True,True,14,0.728132963180542,297,"{""full_mul_calls"":15,""full_columns"":297,""fr_mul_calls"":15,""fr_columns"":297,""common"":{""operator_mul_calls"":15,""operator_columns"":297,""scalar_mul_calls"":30,""scalar_columns"":594}}","{""full_mul_calls"":16,""full_columns"":321,""fr_mul_calls"":16,""fr_columns"":321,""common"":{""operator_mul_calls"":16,""operator_columns"":321,""scalar_mul_calls"":32,""scalar_columns"":642}}",1.7212528675186108e-14,9.96728137505543e-11
136,1,24,6,2777,Previous map from this run only,63001,2.4525374081096208e-14,3.737602588113479,f26a3d404d60f0a366934f03625aa59a107fd823bcf34deb2a501e285afb1d70,True,True,11,0.4821808338165283,271,"{""full_mul_calls"":12,""full_columns"":271,""fr_mul_calls"":12,""fr_columns"":271,""common"":{""operator_mul_calls"":12,""operator_columns"":271,""scalar_mul_calls"":24,""scalar_columns"":542}}","{""full_mul_calls"":13,""full_columns"":295,""fr_mul_calls"":13,""fr_columns"":295,""common"":{""operator_mul_calls"":13,""operator_columns"":295,""scalar_mul_calls"":26,""scalar_columns"":590}}",1.85674100071705e-14,9.987665266517087e-11
136,2,24,6,2770,Previous map from this run only,63002,2.4182332994979204e-14,3.859262353925003,b2c352352d3e68840e8599023866922e04da56e27c82552fadd654dcde619ed0,True,True,14,0.6797678470611572,295,"{""full_mul_calls"":15,""full_columns"":295,""fr_mul_calls"":15,""fr_columns"":295,""common"":{""operator_mul_calls"":15,""operator_columns"":295,""scalar_mul_calls"":30,""scalar_columns"":590}}","{""full_mul_calls"":16,""full_columns"":319,""fr_mul_calls"":16,""fr_columns"":319,""common"":{""operator_mul_calls"":16,""operator_columns"":319,""scalar_mul_calls"":32,""scalar_columns"":638}}",1.750611556061839e-14,9.437584409095118e-11
136,3,24,6,2770,Previous map from this run only,63003,2.097369210867999e-14,4.028034019093779,dc9016099dcfec3a9090ecc69c778dd6542eca9efc54ea4aad989daad1d54c91,True,True,14,0.5084168910980225,296,"{""full_mul_calls"":15,""full_columns"":296,""fr_mul_calls"":15,""fr_columns"":296,""common"":{""operator_mul_calls"":15,""operator_columns"":296,""scalar_mul_calls"":30,""scalar_columns"":592}}","{""full_mul_calls"":16,""full_columns"":320,""fr_mul_calls"":16,""fr_columns"":320,""common"":{""operator_mul_calls"":16,""operator_columns"":320,""scalar_mul_calls"":32,""scalar_columns"":640}}",1.9450883145092382e-14,9.482008653854511e-11
137,1,24,6,2777,Previous map from this run only,63001,2.1890137979601823e-14,3.7324762301547105,728491a62270f14857874cff40faf2264461d557fc3ebdc3f628a5678d0ec83d,True,True,12,0.4988720417022705,276,"{""full_mul_calls"":13,""full_columns"":276,""fr_mul_calls"":13,""fr_columns"":276,""common"":{""operator_mul_calls"":13,""operator_columns"":276,""scalar_mul_calls"":26,""scalar_columns"":552}}","{""full_mul_calls"":14,""full_columns"":300,""fr_mul_calls"":14,""fr_columns"":300,""common"":{""operator_mul_calls"":14,""operator_columns"":300,""scalar_mul_calls"":28,""scalar_columns"":600}}",1.6251227437833624e-14,9.510300142355334e-11
137,2,24,6,2770,Previous map from this run only,63002,2.2743371947792524e-14,3.9365572014370884,ee094bd25990ee291aae566ff65ec0caac8fcbe5db2199bf366368a28b679deb,True,True,14,0.5205700397491455,295,"{""full_mul_calls"":15,""full_columns"":295,""fr_mul_calls"":15,""fr_columns"":295,""common"":{""operator_mul_calls"":15,""operator_columns"":295,""scalar_mul_calls"":30,""scalar_columns"":590}}","{""full_mul_calls"":16,""full_columns"":319,""fr_mul_calls"":16,""fr_columns"":319,""common"":{""operator_mul_calls"":16,""operator_columns"":319,""scalar_mul_calls"":32,""scalar_columns"":638}}",1.7439903815473962e-14,9.891103262307347e-11
137,3,24,6,2770,Previous map from this run only,63003,2.441956372908292e-14,3.7327494966825068,b5ac238248c3ae50fa64fb32e4aff3d4237ede84b816f8bff76608ee89200bdf,True,True,14,0.498798131942749,294,"{""full_mul_calls"":15,""full_columns"":294,""fr_mul_calls"":15,""fr_columns"":294,""common"":{""operator_mul_calls"":15,""operator_columns"":294,""scalar_mul_calls"":30,""scalar_columns"":588}}","{""full_mul_calls"":16,""full_columns"":318,""fr_mul_calls"":16,""fr_columns"":318,""common"":{""operator_mul_calls"":16,""operator_columns"":318,""scalar_mul_calls"":32,""scalar_columns"":636}}",2.0438894472417172e-14,9.714582368219691e-11
138,1,24,6,2777,Previous map from this run only,63001,1.9998723200236976e-14,3.878151981903211,93df972fa1851b7f619aadfa97ad5d6048325bb721e5bb64f755b6c620cdd282,True,True,11,0.47255396842956543,270,"{""full_mul_calls"":12,""full_columns"":270,""fr_mul_calls"":12,""fr_columns"":270,""common"":{""operator_mul_calls"":12,""operator_columns"":270,""scalar_mul_calls"":24,""scalar_columns"":540}}","{""full_mul_calls"":13,""full_columns"":294,""fr_mul_calls"":13,""fr_columns"":294,""common"":{""operator_mul_calls"":13,""operator_columns"":294,""scalar_mul_calls"":26,""scalar_columns"":588}}",1.5294734809611948e-14,8.761868903670482e-11
138,2,24,6,2770,Previous map from this run only,63002,2.2436867870035386e-14,4.157539527598913,7f232db15f0adb4b0f2bed65d56a32daa5f880ea9c030500cc54ca815e669be6,True,True,14,0.6887640953063965,294,"{""full_mul_calls"":15,""full_columns"":294,""fr_mul_calls"":15,""fr_columns"":294,""common"":{""operator_mul_calls"":15,""operator_columns"":294,""scalar_mul_calls"":30,""scalar_columns"":588}}","{""full_mul_calls"":16,""full_columns"":318,""fr_mul_calls"":16,""fr_columns"":318,""common"":{""operator_mul_calls"":16,""operator_columns"":318,""scalar_mul_calls"":32,""scalar_columns"":636}}",1.898821056178917e-14,9.17799428267283e-11
138,3,24,6,2770,Previous map from this run only,63003,2.5308252860950903e-14,3.8557374873385624,353e1077c8c3794c17aa8461c77c14f6084a655e4aeab96c18100840aae59964,True,True,14,0.5340290069580078,294,"{""full_mul_calls"":15,""full_columns"":294,""fr_mul_calls"":15,""fr_columns"":294,""common"":{""operator_mul_calls"":15,""operator_columns"":294,""scalar_mul_calls"":30,""scalar_columns"":588}}","{""full_mul_calls"":16,""full_columns"":318,""fr_mul_calls"":16,""fr_columns"":318,""common"":{""operator_mul_calls"":16,""operator_columns"":318,""scalar_mul_calls"":32,""scalar_columns"":636}}",1.905593109132922e-14,8.892333643569118e-11
139,1,24,6,2777,Previous map from this run only,63001,2.003634938657735e-14,3.936849920473821,e319ea986067bb88570f7dac2bcbdf2dff80fe2c48c0782baa24871fb9b04d4b,True,True,11,0.4912700653076172,266,"{""full_mul_calls"":12,""full_columns"":266,""fr_mul_calls"":12,""fr_columns"":266,""common"":{""operator_mul_calls"":12,""operator_columns"":266,""scalar_mul_calls"":24,""scalar_columns"":532}}","{""full_mul_calls"":13,""full_columns"":290,""fr_mul_calls"":13,""fr_columns"":290,""common"":{""operator_mul_calls"":13,""operator_columns"":290,""scalar_mul_calls"":26,""scalar_columns"":580}}",1.8794455525119752e-14,9.757353923528405e-11
139,2,24,6,2770,Previous map from this run only,63002,2.3870183589538772e-14,3.825800855442324,e5e4c4f8c2cdaf824c700e6dec0afece2dcec4f244923310dad2d48ffbc29003,True,True,13,0.6438701152801514,286,"{""full_mul_calls"":14,""full_columns"":286,""fr_mul_calls"":14,""fr_columns"":286,""common"":{""operator_mul_calls"":14,""operator_columns"":286,""scalar_mul_calls"":28,""scalar_columns"":572}}","{""full_mul_calls"":15,""full_columns"":310,""fr_mul_calls"":15,""fr_columns"":310,""common"":{""operator_mul_calls"":15,""operator_columns"":310,""scalar_mul_calls"":30,""scalar_columns"":620}}",2.1076260934143684e-14,9.955681982015909e-11
139,3,24,6,2770,Previous map from this run only,63003,2.4753181603797712e-14,4.084264054518155,daa87b977fbd08e7d3bce615d0f133f3af0c83445b0b902b59335e2f45f84b0c,True,True,13,0.5042400360107422,286,"{""full_mul_calls"":14,""full_columns"":286,""fr_mul_calls"":14,""fr_columns"":286,""common"":{""operator_mul_calls"":14,""operator_columns"":286,""scalar_mul_calls"":28,""scalar_columns"":572}}","{""full_mul_calls"":15,""full_columns"":310,""fr_mul_calls"":15,""fr_columns"":310,""common"":{""operator_mul_calls"":15,""operator_columns"":310,""scalar_mul_calls"":30,""scalar_columns"":620}}",1.6855390196030414e-14,9.932736466637095e-11
140,1,24,6,2777,Previous map from this run only,63001,2.2117317262837777e-14,3.944873684885074,377751ad2388e35fb31550e10db8a8ff35dbd032df6be8111846b18b39bb71f0,True,True,11,0.46729493141174316,266,"{""full_mul_calls"":12,""full_columns"":266,""fr_mul_calls"":12,""fr_columns"":266,""common"":{""operator_mul_calls"":12,""operator_columns"":266,""scalar_mul_calls"":24,""scalar_columns"":532}}","{""full_mul_calls"":13,""full_columns"":290,""fr_mul_calls"":13,""fr_columns"":290,""common"":{""operator_mul_calls"":13,""operator_columns"":290,""scalar_mul_calls"":26,""scalar_columns"":580}}",1.7691638185149526e-14,8.856512525578708e-11
140,2,24,6,2770,Previous map from this run only,63002,2.365499820457114e-14,3.730013921004775,655c8f267a651cd66d8994fba11c1837325a6aea35784dba4c433ed0e04b19da,True,True,13,0.5092868804931641,281,"{""full_mul_calls"":14,""full_columns"":281,""fr_mul_calls"":14,""fr_columns"":281,""common"":{""operator_mul_calls"":14,""operator_columns"":281,""scalar_mul_calls"":28,""scalar_columns"":562}}","{""full_mul_calls"":15,""full_columns"":305,""fr_mul_calls"":15,""fr_columns"":305,""common"":{""operator_mul_calls"":15,""operator_columns"":305,""scalar_mul_calls"":30,""scalar_columns"":610}}",2.034254161929319e-14,9.763229756856176e-11
140,3,24,6,2770,Previous map from this run only,63003,2.0741099326515524e-14,3.880052420027896,3773025087f1ba366df508532901893f91166f6fd585adf844eecc100d63352b,True,True,13,0.6383869647979736,282,"{""full_mul_calls"":14,""full_columns"":282,""fr_mul_calls"":14,""fr_columns"":282,""common"":{""operator_mul_calls"":14,""operator_columns"":282,""scalar_mul_calls"":28,""scalar_columns"":564}}","{""full_mul_calls"":15,""full_columns"":306,""fr_mul_calls"":15,""fr_columns"":306,""common"":{""operator_mul_calls"":15,""operator_columns"":306,""scalar_mul_calls"":30,""scalar_columns"":612}}",1.8603387589033675e-14,9.958789927188863e-11
141,1,24,6,2777,Previous map from this run only,63001,2.153979399765092e-14,3.8781789333781718,6187b08935e2a85332117e9dd40f1def5aef13ec506c8178b0a1c632ded2d350,True,True,11,0.462069034576416,260,"{""full_mul_calls"":12,""full_columns"":260,""fr_mul_calls"":12,""fr_columns"":260,""common"":{""operator_mul_calls"":12,""operator_columns"":260,""scalar_mul_calls"":24,""scalar_columns"":520}}","{""full_mul_calls"":13,""full_columns"":284,""fr_mul_calls"":13,""fr_columns"":284,""common"":{""operator_mul_calls"":13,""operator_columns"":284,""scalar_mul_calls"":26,""scalar_columns"":568}}",1.6318958655496e-14,9.990568395886662e-11
141,2,24,6,2770,Previous map from this run only,63002,2.2892078488985604e-14,3.9523411600447615,0873119bd94e0852b22529fa87c2906425d241590e4d4afea9d9590096f18d6e,True,True,14,0.5067498683929443,288,"{""full_mul_calls"":15,""full_columns"":288,""fr_mul_calls"":15,""fr_columns"":288,""common"":{""operator_mul_calls"":15,""operator_columns"":288,""scalar_mul_calls"":30,""scalar_columns"":576}}","{""full_mul_calls"":16,""full_columns"":312,""fr_mul_calls"":16,""fr_columns"":312,""common"":{""operator_mul_calls"":16,""operator_columns"":312,""scalar_mul_calls"":32,""scalar_columns"":624}}",1.4619997779681545e-14,9.81727837743906e-11
141,3,24,6,2770,Previous map from this run only,63003,2.2448217504054607e-14,4.03256852996386,ebfb6a6ae2dc2207e2b8c48bfe3179f92235f2b4f970c818248051d7dc470d89,True,True,14,0.529047966003418,287,"{""full_mul_calls"":15,""full_columns"":287,""fr_mul_calls"":15,""fr_columns"":287,""common"":{""operator_mul_calls"":15,""operator_columns"":287,""scalar_mul_calls"":30,""scalar_columns"":574}}","{""full_mul_calls"":16,""full_columns"":311,""fr_mul_calls"":16,""fr_columns"":311,""common"":{""operator_mul_calls"":16,""operator_columns"":311,""scalar_mul_calls"":32,""scalar_columns"":622}}",1.6289893796964658e-14,9.585194456685334e-11
142,1,24,6,2777,Previous map from this run only,63001,1.905049357402058e-14,3.7840466789046703,9479d9d5db74fa9642740afc4c8037d76fc3e832b93174e8060044156e4f976a,True,True,10,0.4600188732147217,252,"{""full_mul_calls"":11,""full_columns"":252,""fr_mul_calls"":11,""fr_columns"":252,""common"":{""operator_mul_calls"":11,""operator_columns"":252,""scalar_mul_calls"":22,""scalar_columns"":504}}","{""full_mul_calls"":12,""full_columns"":276,""fr_mul_calls"":12,""fr_columns"":276,""common"":{""operator_mul_calls"":12,""operator_columns"":276,""scalar_mul_calls"":24,""scalar_columns"":552}}",1.6166365094141487e-14,9.413509850484363e-11
142,2,24,6,2770,Previous map from this run only,63002,1.8790937129711534e-14,3.756052519100184,b3ef47cca6ef240d0b520dc64fa77141c7fe112353913e7e68a7eb3ded4b7d3f,True,True,14,0.5115230083465576,288,"{""full_mul_calls"":15,""full_columns"":288,""fr_mul_calls"":15,""fr_columns"":288,""common"":{""operator_mul_calls"":15,""operator_columns"":288,""scalar_mul_calls"":30,""scalar_columns"":576}}","{""full_mul_calls"":16,""full_columns"":312,""fr_mul_calls"":16,""fr_columns"":312,""common"":{""operator_mul_calls"":16,""operator_columns"":312,""scalar_mul_calls"":32,""scalar_columns"":624}}",1.5245840193715466e-14,9.003565260875364e-11
142,3,24,6,2770,Previous map from this run only,63003,2.1132976230015786e-14,3.8635101418737943,1cd295e5c9bcf5bab2a14b9d7bc3ec7202eb1351aa4297ca79709866a4060b50,True,True,14,0.7049098014831543,287,"{""full_mul_calls"":15,""full_columns"":287,""fr_mul_calls"":15,""fr_columns"":287,""common"":{""operator_mul_calls"":15,""operator_columns"":287,""scalar_mul_calls"":30,""scalar_columns"":574}}","{""full_mul_calls"":16,""full_columns"":311,""fr_mul_calls"":16,""fr_columns"":311,""common"":{""operator_mul_calls"":16,""operator_columns"":311,""scalar_mul_calls"":32,""scalar_columns"":622}}",1.5710859902684743e-14,9.47827331289404e-11
143,1,24,6,2777,Previous map from this run only,63001,1.9440127698794828e-14,3.864462634248602,a4dfe9b71fa96a67d8fdcbf0cb1fc6b960834d66124c2135b7ae7deafad50ef3,True,True,9,0.4566781520843506,244,"{""full_mul_calls"":10,""full_columns"":244,""fr_mul_calls"":10,""fr_columns"":244,""common"":{""operator_mul_calls"":10,""operator_columns"":244,""scalar_mul_calls"":20,""scalar_columns"":488}}","{""full_mul_calls"":11,""full_columns"":268,""fr_mul_calls"":11,""fr_columns"":268,""common"":{""operator_mul_calls"":11,""operator_columns"":268,""scalar_mul_calls"":22,""scalar_columns"":536}}",1.6460057069065857e-14,9.475588959259646e-11
143,2,24,6,2770,Previous map from this run only,63002,2.0858932861040774e-14,3.6370619156103046,2e959e06d986821118b057e781027600ecffb8f602e3326485122b06c6db334d,True,True,13,0.5100710391998291,280,"{""full_mul_calls"":14,""full_columns"":280,""fr_mul_calls"":14,""fr_columns"":280,""common"":{""operator_mul_calls"":14,""operator_columns"":280,""scalar_mul_calls"":28,""scalar_columns"":560}}","{""full_mul_calls"":15,""full_columns"":304,""fr_mul_calls"":15,""fr_columns"":304,""common"":{""operator_mul_calls"":15,""operator_columns"":304,""scalar_mul_calls"":30,""scalar_columns"":608}}",1.7493102478630342e-14,9.303098744656455e-11
143,3,24,6,2770,Previous map from this run only,63003,1.9466591824950253e-14,3.962140734824214,4d7a83950d956153ef0afb403d65f559a5449ab01e49b4c30e88f7d415707229,True,True,13,0.6633470058441162,280,"{""full_mul_calls"":14,""full_columns"":280,""fr_mul_calls"":14,""fr_columns"":280,""common"":{""operator_mul_calls"":14,""operator_columns"":280,""scalar_mul_calls"":28,""scalar_columns"":560}}","{""full_mul_calls"":15,""full_columns"":304,""fr_mul_calls"":15,""fr_columns"":304,""common"":{""operator_mul_calls"":15,""operator_columns"":304,""scalar_mul_calls"":30,""scalar_columns"":608}}",2.305163462452909e-14,9.420730028203238e-11
144,1,24,6,2777,Previous map from this run only,63001,1.993563967535969e-14,3.9047031843095064,76e45b163e98eb33bea5a5a99b90568ddb99aeff8af591180e1fd96a55fd3ace,True,True,9,0.47937512397766113,242,"{""full_mul_calls"":10,""full_columns"":242,""fr_mul_calls"":10,""fr_columns"":242,""common"":{""operator_mul_calls"":10,""operator_columns"":242,""scalar_mul_calls"":20,""scalar_columns"":484}}","{""full_mul_calls"":11,""full_columns"":266,""fr_mul_calls"":11,""fr_columns"":266,""common"":{""operator_mul_calls"":11,""operator_columns"":266,""scalar_mul_calls"":22,""scalar_columns"":532}}",1.730446053092237e-14,9.860964147820687e-11
144,2,24,6,2770,Previous map from this run only,63002,2.3538166692863127e-14,3.9119798330574818,135c3623276834c9fdf0a6668b9f80ce672c8882f943ab26e3629e0a56fa845e,True,True,13,0.7137582302093506,280,"{""full_mul_calls"":14,""full_columns"":280,""fr_mul_calls"":14,""fr_columns"":280,""common"":{""operator_mul_calls"":14,""operator_columns"":280,""scalar_mul_calls"":28,""scalar_columns"":560}}","{""full_mul_calls"":15,""full_columns"":304,""fr_mul_calls"":15,""fr_columns"":304,""common"":{""operator_mul_calls"":15,""operator_columns"":304,""scalar_mul_calls"":30,""scalar_columns"":608}}",1.5733842992955152e-14,9.103555282336256e-11
144,3,24,6,2770,Previous map from this run only,63003,2.7656580748934575e-14,3.8941291977865156,fd4eb02e52f6087f9a6ec096fb07d965cce28c1527df6a78db3eabf433a92bae,True,True,13,0.5218870639801025,280,"{""full_mul_calls"":14,""full_columns"":280,""fr_mul_calls"":14,""fr_columns"":280,""common"":{""operator_mul_calls"":14,""operator_columns"":280,""scalar_mul_calls"":28,""scalar_columns"":560}}","{""full_mul_calls"":15,""full_columns"":304,""fr_mul_calls"":15,""fr_columns"":304,""common"":{""operator_mul_calls"":15,""operator_columns"":304,""scalar_mul_calls"":30,""scalar_columns"":608}}",1.7540846368833654e-14,9.992618305359374e-11
145,1,24,6,2777,Previous map from this run only,63001,2.017164581871664e-14,3.920946374864567,3b3a877e08c6304f72f2e403539c2063f2e966c8d2cad536d81593fb7ab8b2be,True,True,9,0.6368389129638672,242,"{""full_mul_calls"":10,""full_columns"":242,""fr_mul_calls"":10,""fr_columns"":242,""common"":{""operator_mul_calls"":10,""operator_columns"":242,""scalar_mul_calls"":20,""scalar_columns"":484}}","{""full_mul_calls"":11,""full_columns"":266,""fr_mul_calls"":11,""fr_columns"":266,""common"":{""operator_mul_calls"":11,""operator_columns"":266,""scalar_mul_calls"":22,""scalar_columns"":532}}",1.710004665639024e-14,9.468907112978222e-11
145,2,24,6,2770,Previous map from this run only,63002,1.989703160865723e-14,3.9018569583372216,f29b354a374d49e38900d70cf90eb84c32505f18d7903d01a9734c8c3ba193fe,True,True,13,0.5158557891845703,280,"{""full_mul_calls"":14,""full_columns"":280,""fr_mul_calls"":14,""fr_columns"":280,""common"":{""operator_mul_calls"":14,""operator_columns"":280,""scalar_mul_calls"":28,""scalar_columns"":560}}","{""full_mul_calls"":15,""full_columns"":304,""fr_mul_calls"":15,""fr_columns"":304,""common"":{""operator_mul_calls"":15,""operator_columns"":304,""scalar_mul_calls"":30,""scalar_columns"":608}}",2.0219748415767098e-14,7.55138487062128e-11
145,3,24,6,2770,Previous map from this run only,63003,1.9966495447254667e-14,4.092221909470857,d9b9a7d17ca29194a11e015397a5367fff9ac0bf315840063a0d364a8a42a613,True,True,13,0.5194809436798096,280,"{""full_mul_calls"":14,""full_columns"":280,""fr_mul_calls"":14,""fr_columns"":280,""common"":{""operator_mul_calls"":14,""operator_columns"":280,""scalar_mul_calls"":28,""scalar_columns"":560}}","{""full_mul_calls"":15,""full_columns"":304,""fr_mul_calls"":15,""fr_columns"":304,""common"":{""operator_mul_calls"":15,""operator_columns"":304,""scalar_mul_calls"":30,""scalar_columns"":608}}",1.9650270861786157e-14,9.42443553904382e-11
146,1,24,6,2777,Previous map from this run only,63001,1.8708595646227354e-14,3.8352299763171733,a305cd2e674866d8511f6bff90574865d7f15746e950cdca20f66c1222ea9ad4,True,True,9,0.500568151473999,241,"{""full_mul_calls"":10,""full_columns"":241,""fr_mul_calls"":10,""fr_columns"":241,""common"":{""operator_mul_calls"":10,""operator_columns"":241,""scalar_mul_calls"":20,""scalar_columns"":482}}","{""full_mul_calls"":11,""full_columns"":265,""fr_mul_calls"":11,""fr_columns"":265,""common"":{""operator_mul_calls"":11,""operator_columns"":265,""scalar_mul_calls"":22,""scalar_columns"":530}}",1.6863171311428036e-14,9.222344512282597e-11
146,2,24,6,2770,Previous map from this run only,63002,2.4185575476124876e-14,3.921494637210897,4c8a7966fe525dde1c2c2599b8e7acc712ce7a503bb34b835212a8472115ab67,True,True,13,0.6804311275482178,275,"{""full_mul_calls"":14,""full_columns"":275,""fr_mul_calls"":14,""fr_columns"":275,""common"":{""operator_mul_calls"":14,""operator_columns"":275,""scalar_mul_calls"":28,""scalar_columns"":550}}","{""full_mul_calls"":15,""full_columns"":299,""fr_mul_calls"":15,""fr_columns"":299,""common"":{""operator_mul_calls"":15,""operator_columns"":299,""scalar_mul_calls"":30,""scalar_columns"":598}}",1.5494650431160786e-14,9.926537849568006e-11
146,3,24,6,2770,Previous map from this run only,63003,2.262590245827341e-14,3.979006471823873,d0ef5f5c04577a21585b94a293c6cbedf44ea817a85a236b957a76385067d2c4,True,True,13,0.5158119201660156,280,"{""full_mul_calls"":14,""full_columns"":280,""fr_mul_calls"":14,""fr_columns"":280,""common"":{""operator_mul_calls"":14,""operator_columns"":280,""scalar_mul_calls"":28,""scalar_columns"":560}}","{""full_mul_calls"":15,""full_columns"":304,""fr_mul_calls"":15,""fr_columns"":304,""common"":{""operator_mul_calls"":15,""operator_columns"":304,""scalar_mul_calls"":30,""scalar_columns"":608}}",1.7537747828665806e-14,7.436298414071072e-11
147,1,24,6,2777,Previous map from this run only,63001,2.0330398632119725e-14,3.8253922049844817,eb01c94cc16fe3feece5a3c206e0b18e0b33502105242f471406ebecfac62b5a,True,True,9,0.46778106689453125,240,"{""full_mul_calls"":10,""full_columns"":240,""fr_mul_calls"":10,""fr_columns"":240,""common"":{""operator_mul_calls"":10,""operator_columns"":240,""scalar_mul_calls"":20,""scalar_columns"":480}}","{""full_mul_calls"":11,""full_columns"":264,""fr_mul_calls"":11,""fr_columns"":264,""common"":{""operator_mul_calls"":11,""operator_columns"":264,""scalar_mul_calls"":22,""scalar_columns"":528}}",1.6977193374293186e-14,9.991014490212062e-11
147,2,24,6,2770,Previous map from this run only,63002,2.0206834175620855e-14,3.7078270489702265,57771e33dbdd9ca6e9f494c34f05fd07aae9a53d8c708d9142aaedb85cce07d6,True,True,13,0.6691479682922363,275,"{""full_mul_calls"":14,""full_columns"":275,""fr_mul_calls"":14,""fr_columns"":275,""common"":{""operator_mul_calls"":14,""operator_columns"":275,""scalar_mul_calls"":28,""scalar_columns"":550}}","{""full_mul_calls"":15,""full_columns"":299,""fr_mul_calls"":15,""fr_columns"":299,""common"":{""operator_mul_calls"":15,""operator_columns"":299,""scalar_mul_calls"":30,""scalar_columns"":598}}",1.535589632424156e-14,9.455893387406216e-11
147,3,24,6,2770,Previous map from this run only,63003,2.1099958987454657e-14,3.8942789200031607,464c43a366d2783674a78ac5bd44ddc0edf2dc6dc7a8d69dd953378b0057b8a2,True,True,13,0.5059101581573486,275,"{""full_mul_calls"":14,""full_columns"":275,""fr_mul_calls"":14,""fr_columns"":275,""common"":{""operator_mul_calls"":14,""operator_columns"":275,""scalar_mul_calls"":28,""scalar_columns"":550}}","{""full_mul_calls"":15,""full_columns"":299,""fr_mul_calls"":15,""fr_columns"":299,""common"":{""operator_mul_calls"":15,""operator_columns"":299,""scalar_mul_calls"":30,""scalar_columns"":598}}",1.973957942387977e-14,9.817391943315615e-11
148,1,24,6,2777,Previous map from this run only,63001,1.980821102515618e-14,3.854582607719835,5050dc9c2ce2a96c5c30687d09d4c2030dd5fabdd99d8b8c3026252bf7dcbd3d,True,True,9,0.4771418571472168,240,"{""full_mul_calls"":10,""full_columns"":240,""fr_mul_calls"":10,""fr_columns"":240,""common"":{""operator_mul_calls"":10,""operator_columns"":240,""scalar_mul_calls"":20,""scalar_columns"":480}}","{""full_mul_calls"":11,""full_columns"":264,""fr_mul_calls"":11,""fr_columns"":264,""common"":{""operator_mul_calls"":11,""operator_columns"":264,""scalar_mul_calls"":22,""scalar_columns"":528}}",1.5327876417858703e-14,9.824287878505432e-11
148,2,24,6,2770,Previous map from this run only,63002,2.0375244711965097e-14,4.061150983161742,dc274d21b8accdf460f5093ab8134585612b76926d1a5887956d427bd604699d,True,True,13,0.6307299137115479,264,"{""full_mul_calls"":14,""full_columns"":264,""fr_mul_calls"":14,""fr_columns"":264,""common"":{""operator_mul_calls"":14,""operator_columns"":264,""scalar_mul_calls"":28,""scalar_columns"":528}}","{""full_mul_calls"":15,""full_columns"":288,""fr_mul_calls"":15,""fr_columns"":288,""common"":{""operator_mul_calls"":15,""operator_columns"":288,""scalar_mul_calls"":30,""scalar_columns"":576}}",1.90667476031249e-14,9.454401128852119e-11
148,3,24,6,2770,Previous map from this run only,63003,2.333565654411637e-14,3.766565965466892,af12014c58d39a6c7f491cb3c236cedce22906cf90dfb1a508d694b4ee4506c7,True,True,13,0.4776911735534668,264,"{""full_mul_calls"":14,""full_columns"":264,""fr_mul_calls"":14,""fr_columns"":264,""common"":{""operator_mul_calls"":14,""operator_columns"":264,""scalar_mul_calls"":28,""scalar_columns"":528}}","{""full_mul_calls"":15,""full_columns"":288,""fr_mul_calls"":15,""fr_columns"":288,""common"":{""operator_mul_calls"":15,""operator_columns"":288,""scalar_mul_calls"":30,""scalar_columns"":576}}",1.5543145360279097e-14,9.444948296699491e-11
149,1,24,6,2777,Previous map from this run only,63001,1.808078677468212e-14,3.89042266909021,3f02671b96ad7fdf192558f7f319cef7dcf43fbf8e4ebfaa2ee88008a751da20,True,True,9,0.5049479007720947,237,"{""full_mul_calls"":10,""full_columns"":237,""fr_mul_calls"":10,""fr_columns"":237,""common"":{""operator_mul_calls"":10,""operator_columns"":237,""scalar_mul_calls"":20,""scalar_columns"":474}}","{""full_mul_calls"":11,""full_columns"":261,""fr_mul_calls"":11,""fr_columns"":261,""common"":{""operator_mul_calls"":11,""operator_columns"":261,""scalar_mul_calls"":22,""scalar_columns"":522}}",1.8898095130458458e-14,9.700649393869355e-11
149,2,24,6,2770,Previous map from this run only,63002,2.1915965103688572e-14,3.7498409437156215,4eb543697ef32d28069c821a11c6d57cde59cc6fbf84e7b9a90f7641468fcfc9,True,True,13,0.650169849395752,264,"{""full_mul_calls"":14,""full_columns"":264,""fr_mul_calls"":14,""fr_columns"":264,""common"":{""operator_mul_calls"":14,""operator_columns"":264,""scalar_mul_calls"":28,""scalar_columns"":528}}","{""full_mul_calls"":15,""full_columns"":288,""fr_mul_calls"":15,""fr_columns"":288,""common"":{""operator_mul_calls"":15,""operator_columns"":288,""scalar_mul_calls"":30,""scalar_columns"":576}}",1.8511889161139833e-14,9.448860856746915e-11
149,3,24,6,2770,Previous map from this run only,63003,2.1685763819977107e-14,3.5404758250069404,7578775641c4141cd01c87e6aaf9409bbf9037d7e205b97d7f1bf5d0233a5ecb,True,True,12,0.46546220779418945,256,"{""full_mul_calls"":13,""full_columns"":256,""fr_mul_calls"":13,""fr_columns"":256,""common"":{""operator_mul_calls"":13,""operator_columns"":256,""scalar_mul_calls"":26,""scalar_columns"":512}}","{""full_mul_calls"":14,""full_columns"":280,""fr_mul_calls"":14,""fr_columns"":280,""common"":{""operator_mul_calls"":14,""operator_columns"":280,""scalar_mul_calls"":28,""scalar_columns"":560}}",1.6937137192057495e-14,9.5916701374052e-11
150,1,24,6,2777,Previous map from this run only,63001,2.1666162419073013e-14,4.066831081101602,da626ad3909f6cf7eda9c5ce36dda2b677417e3bb9fb4d7156113edfef47d456,True,True,9,0.4469108581542969,228,"{""full_mul_calls"":10,""full_columns"":228,""fr_mul_calls"":10,""fr_columns"":228,""common"":{""operator_mul_calls"":10,""operator_columns"":228,""scalar_mul_calls"":20,""scalar_columns"":456}}","{""full_mul_calls"":11,""full_columns"":252,""fr_mul_calls"":11,""fr_columns"":252,""common"":{""operator_mul_calls"":11,""operator_columns"":252,""scalar_mul_calls"":22,""scalar_columns"":504}}",1.5647969389639238e-14,9.536352941066154e-11
150,2,24,6,2770,Previous map from this run only,63002,2.5692651205712594e-14,3.8029821014133915,a5290dcb4fbdc963a2309a9f79148b44ec0ea9dee5dabe5f6d8ccdbb3f97b4fe,True,True,12,0.637969970703125,256,"{""full_mul_calls"":13,""full_columns"":256,""fr_mul_calls"":13,""fr_columns"":256,""common"":{""operator_mul_calls"":13,""operator_columns"":256,""scalar_mul_calls"":26,""scalar_columns"":512}}","{""full_mul_calls"":14,""full_columns"":280,""fr_mul_calls"":14,""fr_columns"":280,""common"":{""operator_mul_calls"":14,""operator_columns"":280,""scalar_mul_calls"":28,""scalar_columns"":560}}",1.5275458481427904e-14,9.654091561930524e-11
150,3,24,6,2770,Previous map from this run only,63003,2.2271174928477446e-14,4.11167748558056,4d80279c0d299c485d48da7ed8fb6a0bf60138b33a3f6d63c16b8ccf42d92aec,True,True,12,0.48729991912841797,256,"{""full_mul_calls"":13,""full_columns"":256,""fr_mul_calls"":13,""fr_columns"":256,""common"":{""operator_mul_calls"":13,""operator_columns"":256,""scalar_mul_calls"":26,""scalar_columns"":512}}","{""full_mul_calls"":14,""full_columns"":280,""fr_mul_calls"":14,""fr_columns"":280,""common"":{""operator_mul_calls"":14,""operator_columns"":280,""scalar_mul_calls"":28,""scalar_columns"":560}}",1.6117006962926587e-14,8.762913802650416e-11
151,1,24,6,2777,Previous map from this run only,63001,1.8442269669970476e-14,3.775128580944548,eae895d6688067d084eb5489fc3da77284539ef95fcfa81c14b09fe8415b1aff,True,True,9,0.5504179000854492,228,"{""full_mul_calls"":10,""full_columns"":228,""fr_mul_calls"":10,""fr_columns"":228,""common"":{""operator_mul_calls"":10,""operator_columns"":228,""scalar_mul_calls"":20,""scalar_columns"":456}}","{""full_mul_calls"":11,""full_columns"":252,""fr_mul_calls"":11,""fr_columns"":252,""common"":{""operator_mul_calls"":11,""operator_columns"":252,""scalar_mul_calls"":22,""scalar_columns"":504}}",1.8956142861760787e-14,9.72285403513092e-11
151,2,24,6,2770,Previous map from this run only,63002,1.9772047401706487e-14,3.867209908203604,43be86c0aeefaea2456369014040bdd183b4e3cc24be33f31c71167b0d8e0f7f,True,True,12,0.6630508899688721,254,"{""full_mul_calls"":13,""full_columns"":254,""fr_mul_calls"":13,""fr_columns"":254,""common"":{""operator_mul_calls"":13,""operator_columns"":254,""scalar_mul_calls"":26,""scalar_columns"":508}}","{""full_mul_calls"":14,""full_columns"":278,""fr_mul_calls"":14,""fr_columns"":278,""common"":{""operator_mul_calls"":14,""operator_columns"":278,""scalar_mul_calls"":28,""scalar_columns"":556}}",1.7291545062471448e-14,9.752567132882946e-11
151,3,24,6,2770,Previous map from this run only,63003,1.963036269078777e-14,3.864195172730252,34cd165c7ca8b7922af479d06b83b8c5acf6c27910913699daa9dfccf6947c5e,True,True,12,0.49858903884887695,254,"{""full_mul_calls"":13,""full_columns"":254,""fr_mul_calls"":13,""fr_columns"":254,""common"":{""operator_mul_calls"":13,""operator_columns"":254,""scalar_mul_calls"":26,""scalar_columns"":508}}","{""full_mul_calls"":14,""full_columns"":278,""fr_mul_calls"":14,""fr_columns"":278,""common"":{""operator_mul_calls"":14,""operator_columns"":278,""scalar_mul_calls"":28,""scalar_columns"":556}}",1.6567169952924316e-14,9.996292602305498e-11
152,1,24,6,2777,Previous map from this run only,63001,2.107431212081826e-14,3.6295627528121566,e2d13d1c73020205c7615b17889892cf8d70dae5d34d0b6b39740fdd23eb20d5,True,True,9,0.44937610626220703,228,"{""full_mul_calls"":10,""full_columns"":228,""fr_mul_calls"":10,""fr_columns"":228,""common"":{""operator_mul_calls"":10,""operator_columns"":228,""scalar_mul_calls"":20,""scalar_columns"":456}}","{""full_mul_calls"":11,""full_columns"":252,""fr_mul_calls"":11,""fr_columns"":252,""common"":{""operator_mul_calls"":11,""operator_columns"":252,""scalar_mul_calls"":22,""scalar_columns"":504}}",1.8286672708495066e-14,8.979198746863911e-11
152,2,24,6,2770,Previous map from this run only,63002,2.2658060640492212e-14,3.9944854883841843,f012d0f04aa8c6ece86b646e1a8eb6fc1fe25d7bb0f8996748559bee94ba9b7d,True,True,12,0.4556999206542969,252,"{""full_mul_calls"":13,""full_columns"":252,""fr_mul_calls"":13,""fr_columns"":252,""common"":{""operator_mul_calls"":13,""operator_columns"":252,""scalar_mul_calls"":26,""scalar_columns"":504}}","{""full_mul_calls"":14,""full_columns"":276,""fr_mul_calls"":14,""fr_columns"":276,""common"":{""operator_mul_calls"":14,""operator_columns"":276,""scalar_mul_calls"":28,""scalar_columns"":552}}",1.7473013564975886e-14,9.868648506072444e-11
152,3,24,6,2770,Previous map from this run only,63003,2.056460999660941e-14,3.8202878783802876,8c05a266d60aac708b8eb8bb190794be41494ac7abb05e2ab2a16f2437bc8637,True,True,12,0.4571568965911865,252,"{""full_mul_calls"":13,""full_columns"":252,""fr_mul_calls"":13,""fr_columns"":252,""common"":{""operator_mul_calls"":13,""operator_columns"":252,""scalar_mul_calls"":26,""scalar_columns"":504}}","{""full_mul_calls"":14,""full_columns"":276,""fr_mul_calls"":14,""fr_columns"":276,""common"":{""operator_mul_calls"":14,""operator_columns"":276,""scalar_mul_calls"":28,""scalar_columns"":552}}",1.388131645873226e-14,9.80865142102879e-11
153,1,24,6,2777,Previous map from this run only,63001,2.0154619106335894e-14,3.7488138649381653,388ceb2e974969c344f6a5e7c2ae53149e12f8cac7587f114a592e8a86646fb7,True,True,8,0.424807071685791,214,"{""full_mul_calls"":9,""full_columns"":214,""fr_mul_calls"":9,""fr_columns"":214,""common"":{""operator_mul_calls"":9,""operator_columns"":214,""scalar_mul_calls"":18,""scalar_columns"":428}}","{""full_mul_calls"":10,""full_columns"":238,""fr_mul_calls"":10,""fr_columns"":238,""common"":{""operator_mul_calls"":10,""operator_columns"":238,""scalar_mul_calls"":20,""scalar_columns"":476}}",1.5230973883357136e-14,9.30054357830753e-11
153,2,24,6,2770,Previous map from this run only,63002,2.1459662495702884e-14,3.941852503230351,0f165f228bcfd140a5bedbeb6a3df562028c8042ee8753080eac482bfd7caa3c,True,True,12,0.6116170883178711,250,"{""full_mul_calls"":13,""full_columns"":250,""fr_mul_calls"":13,""fr_columns"":250,""common"":{""operator_mul_calls"":13,""operator_columns"":250,""scalar_mul_calls"":26,""scalar_columns"":500}}","{""full_mul_calls"":14,""full_columns"":274,""fr_mul_calls"":14,""fr_columns"":274,""common"":{""operator_mul_calls"":14,""operator_columns"":274,""scalar_mul_calls"":28,""scalar_columns"":548}}",1.8703437710381868e-14,9.642820862333813e-11
153,3,24,6,2770,Previous map from this run only,63003,1.723103856243102e-14,3.781617861320921,be5cb22338012b166924cef900d17a1c7dc4cd2216d559329fe0d72a8b26f8af,True,True,12,0.45601701736450195,252,"{""full_mul_calls"":13,""full_columns"":252,""fr_mul_calls"":13,""fr_columns"":252,""common"":{""operator_mul_calls"":13,""operator_columns"":252,""scalar_mul_calls"":26,""scalar_columns"":504}}","{""full_mul_calls"":14,""full_columns"":276,""fr_mul_calls"":14,""fr_columns"":276,""common"":{""operator_mul_calls"":14,""operator_columns"":276,""scalar_mul_calls"":28,""scalar_columns"":552}}",1.502186266529357e-14,8.953553867818875e-11
154,1,24,6,2777,Previous map from this run only,63001,1.8921356419111426e-14,4.0533955755752435,7de950204f93a6562f0d77ea6fbd19e3a1ae68f033a8150e523c535423369730,True,True,8,0.4478001594543457,214,"{""full_mul_calls"":9,""full_columns"":214,""fr_mul_calls"":9,""fr_columns"":214,""common"":{""operator_mul_calls"":9,""operator_columns"":214,""scalar_mul_calls"":18,""scalar_columns"":428}}","{""full_mul_calls"":10,""full_columns"":238,""fr_mul_calls"":10,""fr_columns"":238,""common"":{""operator_mul_calls"":10,""operator_columns"":238,""scalar_mul_calls"":20,""scalar_columns"":476}}",1.3312453860762838e-14,8.450006346640927e-11
154,2,24,6,2770,Previous map from this run only,63002,2.1983455954355755e-14,3.8183848911340657,18ca40a123a7b72859601b176a64b5f61317906ad29e934c80a5ffecd4997d11,True,True,12,0.6885850429534912,250,"{""full_mul_calls"":13,""full_columns"":250,""fr_mul_calls"":13,""fr_columns"":250,""common"":{""operator_mul_calls"":13,""operator_columns"":250,""scalar_mul_calls"":26,""scalar_columns"":500}}","{""full_mul_calls"":14,""full_columns"":274,""fr_mul_calls"":14,""fr_columns"":274,""common"":{""operator_mul_calls"":14,""operator_columns"":274,""scalar_mul_calls"":28,""scalar_columns"":548}}",1.5958007067256786e-14,9.419391840146847e-11
154,3,24,6,2770,Previous map from this run only,63003,2.0121874463437206e-14,3.7625563532436006,6990daeb10d2011d25584b5b90f8d9a11dddd0ad05d0fe070d7d53bb39215d24,True,True,12,0.5047290325164795,250,"{""full_mul_calls"":13,""full_columns"":250,""fr_mul_calls"":13,""fr_columns"":250,""common"":{""operator_mul_calls"":13,""operator_columns"":250,""scalar_mul_calls"":26,""scalar_columns"":500}}","{""full_mul_calls"":14,""full_columns"":274,""fr_mul_calls"":14,""fr_columns"":274,""common"":{""operator_mul_calls"":14,""operator_columns"":274,""scalar_mul_calls"":28,""scalar_columns"":548}}",1.3756783034723904e-14,9.292427669906152e-11
155,1,24,6,2777,Previous map from this run only,63001,1.5501816304064042e-14,3.8981523904538466,cb2a9856724a533ac671f79b7c3a5e928e127b0456941f1ce57214f88880b1c1,True,True,8,0.45048999786376953,214,"{""full_mul_calls"":9,""full_columns"":214,""fr_mul_calls"":9,""fr_columns"":214,""common"":{""operator_mul_calls"":9,""operator_columns"":214,""scalar_mul_calls"":18,""scalar_columns"":428}}","{""full_mul_calls"":10,""full_columns"":238,""fr_mul_calls"":10,""fr_columns"":238,""common"":{""operator_mul_calls"":10,""operator_columns"":238,""scalar_mul_calls"":20,""scalar_columns"":476}}",1.2948352143368939e-14,8.44527412929702e-11
155,2,24,6,2770,Previous map from this run only,63002,1.9185507987763183e-14,3.7645370442449746,606993ff67e9c6ed4eb19bd89c4962e2a1b6b473f25bc666dd475d0ed8fefbfc,True,True,12,0.5947401523590088,248,"{""full_mul_calls"":13,""full_columns"":248,""fr_mul_calls"":13,""fr_columns"":248,""common"":{""operator_mul_calls"":13,""operator_columns"":248,""scalar_mul_calls"":26,""scalar_columns"":496}}","{""full_mul_calls"":14,""full_columns"":272,""fr_mul_calls"":14,""fr_columns"":272,""common"":{""operator_mul_calls"":14,""operator_columns"":272,""scalar_mul_calls"":28,""scalar_columns"":544}}",1.5136959604526873e-14,9.759246920277872e-11
155,3,24,6,2770,Previous map from this run only,63003,1.829270175070443e-14,3.7792878374042247,87c77bac5bb753fc4965df2f223a208ef16072ea99a6814e31cfd9803faf14f5,True,True,12,0.455380916595459,248,"{""full_mul_calls"":13,""full_columns"":248,""fr_mul_calls"":13,""fr_columns"":248,""common"":{""operator_mul_calls"":13,""operator_columns"":248,""scalar_mul_calls"":26,""scalar_columns"":496}}","{""full_mul_calls"":14,""full_columns"":272,""fr_mul_calls"":14,""fr_columns"":272,""common"":{""operator_mul_calls"":14,""operator_columns"":272,""scalar_mul_calls"":28,""scalar_columns"":544}}",1.987988328842941e-14,9.905477962820638e-11
156,1,24,6,2777,Previous map from this run only,63001,1.6140011295773847e-14,3.8268831701751833,8fdfb0241915fa9b5622ee873944760e062ae4866099cc77f17a99e83f3555a7,True,True,8,0.4154500961303711,214,"{""full_mul_calls"":9,""full_columns"":214,""fr_mul_calls"":9,""fr_columns"":214,""common"":{""operator_mul_calls"":9,""operator_columns"":214,""scalar_mul_calls"":18,""scalar_columns"":428}}","{""full_mul_calls"":10,""full_columns"":238,""fr_mul_calls"":10,""fr_columns"":238,""common"":{""operator_mul_calls"":10,""operator_columns"":238,""scalar_mul_calls"":20,""scalar_columns"":476}}",1.555664149069992e-14,6.67149882556758e-11
156,2,24,6,2770,Previous map from this run only,63002,1.8778745752447637e-14,3.8849748341849515,229e0922ab4e29108e76c1d80800db693bdd40199d731808df2f544e627c3d7d,True,True,12,0.5956900119781494,247,"{""full_mul_calls"":13,""full_columns"":247,""fr_mul_calls"":13,""fr_columns"":247,""common"":{""operator_mul_calls"":13,""operator_columns"":247,""scalar_mul_calls"":26,""scalar_columns"":494}}","{""full_mul_calls"":14,""full_columns"":271,""fr_mul_calls"":14,""fr_columns"":271,""common"":{""operator_mul_calls"":14,""operator_columns"":271,""scalar_mul_calls"":28,""scalar_columns"":542}}",1.638884854961409e-14,9.559474218372547e-11
156,3,24,6,2770,Previous map from this run only,63003,2.198091512705479e-14,3.937554190538234,5edf69221ffb44c3ab40bface4a1fa45df9b992b9f8305a6973974c058f26fe0,True,True,12,0.44593095779418945,248,"{""full_mul_calls"":13,""full_columns"":248,""fr_mul_calls"":13,""fr_columns"":248,""common"":{""operator_mul_calls"":13,""operator_columns"":248,""scalar_mul_calls"":26,""scalar_columns"":496}}","{""full_mul_calls"":14,""full_columns"":272,""fr_mul_calls"":14,""fr_columns"":272,""common"":{""operator_mul_calls"":14,""operator_columns"":272,""scalar_mul_calls"":28,""scalar_columns"":544}}",1.625572111416548e-14,8.952426530789617e-11
157,1,24,6,2777,Previous map from this run only,63001,2.2779032120297384e-14,3.97238478750238,4812fe2b8558181d63c464878612d8b39e04bed7f5bf96d21758b1deb3329b25,True,True,8,0.4314701557159424,214,"{""full_mul_calls"":9,""full_columns"":214,""fr_mul_calls"":9,""fr_columns"":214,""common"":{""operator_mul_calls"":9,""operator_columns"":214,""scalar_mul_calls"":18,""scalar_columns"":428}}","{""full_mul_calls"":10,""full_columns"":238,""fr_mul_calls"":10,""fr_columns"":238,""common"":{""operator_mul_calls"":10,""operator_columns"":238,""scalar_mul_calls"":20,""scalar_columns"":476}}",1.668983629467098e-14,7.793747002233451e-11
157,2,24,6,2770,Previous map from this run only,63002,1.9639146903219292e-14,3.781229804394139,972d541d403a706ce52d580a361fb7a6c5eec6b2576b91daf218eaa8ffa96e5c,True,True,11,0.5955600738525391,240,"{""full_mul_calls"":12,""full_columns"":240,""fr_mul_calls"":12,""fr_columns"":240,""common"":{""operator_mul_calls"":12,""operator_columns"":240,""scalar_mul_calls"":24,""scalar_columns"":480}}","{""full_mul_calls"":13,""full_columns"":264,""fr_mul_calls"":13,""fr_columns"":264,""common"":{""operator_mul_calls"":13,""operator_columns"":264,""scalar_mul_calls"":26,""scalar_columns"":528}}",1.4636760021139226e-14,9.73947666417665e-11
157,3,24,6,2770,Previous map from this run only,63003,2.0547781407779532e-14,3.7915648674406346,a9ac09c824ccf99914e0027c88efd090879b50cc53b84fd15a1f5152c55739b8,True,True,12,0.4376559257507324,248,"{""full_mul_calls"":13,""full_columns"":248,""fr_mul_calls"":13,""fr_columns"":248,""common"":{""operator_mul_calls"":13,""operator_columns"":248,""scalar_mul_calls"":26,""scalar_columns"":496}}","{""full_mul_calls"":14,""full_columns"":272,""fr_mul_calls"":14,""fr_columns"":272,""common"":{""operator_mul_calls"":14,""operator_columns"":272,""scalar_mul_calls"":28,""scalar_columns"":544}}",1.7111227892360064e-14,8.242863837945689e-11
158,1,24,6,2777,Previous map from this run only,63001,1.931076287009528e-14,3.7072965773923356,da1f7aaa137b57033c421080394334e2de0d1f8b050c572d6eb6cf436980ff64,True,True,8,0.42120885848999023,214,"{""full_mul_calls"":9,""full_columns"":214,""fr_mul_calls"":9,""fr_columns"":214,""common"":{""operator_mul_calls"":9,""operator_columns"":214,""scalar_mul_calls"":18,""scalar_columns"":428}}","{""full_mul_calls"":10,""full_columns"":238,""fr_mul_calls"":10,""fr_columns"":238,""common"":{""operator_mul_calls"":10,""operator_columns"":238,""scalar_mul_calls"":20,""scalar_columns"":476}}",1.447252167731824e-14,5.7074873719033486e-11
158,2,24,6,2770,Previous map from this run only,63002,1.8382699051541533e-14,3.992611857762393,c95e45ec8d8f44ac20f686c2da02ea65e8e8703acb1ba99f6ccb40ab667106ff,True,True,11,0.6049211025238037,240,"{""full_mul_calls"":12,""full_columns"":240,""fr_mul_calls"":12,""fr_columns"":240,""common"":{""operator_mul_calls"":12,""operator_columns"":240,""scalar_mul_calls"":24,""scalar_columns"":480}}","{""full_mul_calls"":13,""full_columns"":264,""fr_mul_calls"":13,""fr_columns"":264,""common"":{""operator_mul_calls"":13,""operator_columns"":264,""scalar_mul_calls"":26,""scalar_columns"":528}}",1.6277627998128774e-14,8.887464395737695e-11
158,3,24,6,2770,Previous map from this run only,63003,2.0091841892014032e-14,3.7842612961210413,a25af17b1537f4631545aba5b73cf27c8d1fb645aa929e6c5f41b36ed7ec2fc9,True,True,11,0.4341750144958496,238,"{""full_mul_calls"":12,""full_columns"":238,""fr_mul_calls"":12,""fr_columns"":238,""common"":{""operator_mul_calls"":12,""operator_columns"":238,""scalar_mul_calls"":24,""scalar_columns"":476}}","{""full_mul_calls"":13,""full_columns"":262,""fr_mul_calls"":13,""fr_columns"":262,""common"":{""operator_mul_calls"":13,""operator_columns"":262,""scalar_mul_calls"":26,""scalar_columns"":524}}",1.889043543950594e-14,9.985970198764126e-11
159,1,24,6,2777,Previous map from this run only,63001,1.6707344138402687e-14,3.879946526846307,586e1fe5df19582ec7537d68d19b6847daf3aba1a47e675770e6871ca15db0ca,True,True,8,0.41588807106018066,214,"{""full_mul_calls"":9,""full_columns"":214,""fr_mul_calls"":9,""fr_columns"":214,""common"":{""operator_mul_calls"":9,""operator_columns"":214,""scalar_mul_calls"":18,""scalar_columns"":428}}","{""full_mul_calls"":10,""full_columns"":238,""fr_mul_calls"":10,""fr_columns"":238,""common"":{""operator_mul_calls"":10,""operator_columns"":238,""scalar_mul_calls"":20,""scalar_columns"":476}}",1.2882474704548522e-14,6.285272024518988e-11
159,2,24,6,2770,Previous map from this run only,63002,1.969243303571789e-14,3.881641158053629,008dbf9e8c1cd7d2e17c4171d9c72e296c75a982a75c6c3c3c8e1e4f1f721ced,True,True,11,0.5635268688201904,238,"{""full_mul_calls"":12,""full_columns"":238,""fr_mul_calls"":12,""fr_columns"":238,""common"":{""operator_mul_calls"":12,""operator_columns"":238,""scalar_mul_calls"":24,""scalar_columns"":476}}","{""full_mul_calls"":13,""full_columns"":262,""fr_mul_calls"":13,""fr_columns"":262,""common"":{""operator_mul_calls"":13,""operator_columns"":262,""scalar_mul_calls"":26,""scalar_columns"":524}}",1.6110995771516048e-14,9.139977740321723e-11
159,3,24,6,2770,Previous map from this run only,63003,2.1045883017057923e-14,3.820270069887537,0750638d7b9412a00d6984f9e2a7f8c4b3879fb2c3342da27613e51c8b6cd950,True,True,11,0.4085831642150879,238,"{""full_mul_calls"":12,""full_columns"":238,""fr_mul_calls"":12,""fr_columns"":238,""common"":{""operator_mul_calls"":12,""operator_columns"":238,""scalar_mul_calls"":24,""scalar_columns"":476}}","{""full_mul_calls"":13,""full_columns"":262,""fr_mul_calls"":13,""fr_columns"":262,""common"":{""operator_mul_calls"":13,""operator_columns"":262,""scalar_mul_calls"":26,""scalar_columns"":524}}",1.733683334346856e-14,8.963833604902075e-11
160,1,24,6,2777,Previous map from this run only,63001,1.7640916617354214e-14,3.6798034915368603,952324b8144c993f6112a14b4165d64b96fe8e2d5593bbdff3754c237325965f,True,True,8,0.392711877822876,212,"{""full_mul_calls"":9,""full_columns"":212,""fr_mul_calls"":9,""fr_columns"":212,""common"":{""operator_mul_calls"":9,""operator_columns"":212,""scalar_mul_calls"":18,""scalar_columns"":424}}","{""full_mul_calls"":10,""full_columns"":236,""fr_mul_calls"":10,""fr_columns"":236,""common"":{""operator_mul_calls"":10,""operator_columns"":236,""scalar_mul_calls"":20,""scalar_columns"":472}}",1.200902654032816e-14,9.562048450871766e-11
160,2,24,6,2770,Previous map from this run only,63002,1.9175897471552755e-14,3.869596087703868,f9f8ae93a2a3b6375290c7d85b93de384350fc16f05a85c1638c8198b20c0588,True,True,11,0.5583639144897461,236,"{""full_mul_calls"":12,""full_columns"":236,""fr_mul_calls"":12,""fr_columns"":236,""common"":{""operator_mul_calls"":12,""operator_columns"":236,""scalar_mul_calls"":24,""scalar_columns"":472}}","{""full_mul_calls"":13,""full_columns"":260,""fr_mul_calls"":13,""fr_columns"":260,""common"":{""operator_mul_calls"":13,""operator_columns"":260,""scalar_mul_calls"":26,""scalar_columns"":520}}",1.6457737993935708e-14,9.62001385882729e-11
160,3,24,6,2770,Previous map from this run only,63003,1.974224813052415e-14,3.7306986252419483,5fbb7913f77c1481eadd703cf2dc11978b36a7d431bd17057c76cb19f370e54b,True,True,11,0.4075191020965576,236,"{""full_mul_calls"":12,""full_columns"":236,""fr_mul_calls"":12,""fr_columns"":236,""common"":{""operator_mul_calls"":12,""operator_columns"":236,""scalar_mul_calls"":24,""scalar_columns"":472}}","{""full_mul_calls"":13,""full_columns"":260,""fr_mul_calls"":13,""fr_columns"":260,""common"":{""operator_mul_calls"":13,""operator_columns"":260,""scalar_mul_calls"":26,""scalar_columns"":520}}",1.3380410752459448e-14,9.538533161967068e-11
161,1,24,6,2777,Previous map from this run only,63001,1.4976465968726946e-14,3.881606809509322,07ccd67761c619745c6e553761685065f2f1c3220f1de3120534ff05c04812bd,True,True,8,0.541003942489624,212,"{""full_mul_calls"":9,""full_columns"":212,""fr_mul_calls"":9,""fr_columns"":212,""common"":{""operator_mul_calls"":9,""operator_columns"":212,""scalar_mul_calls"":18,""scalar_columns"":424}}","{""full_mul_calls"":10,""full_columns"":236,""fr_mul_calls"":10,""fr_columns"":236,""common"":{""operator_mul_calls"":10,""operator_columns"":236,""scalar_mul_calls"":20,""scalar_columns"":472}}",1.2412208848535103e-14,7.949813205538457e-11
161,2,24,6,2770,Previous map from this run only,63002,1.9984981808360467e-14,3.8773078445299936,d0ccebdeda6ced0a326e7da41ad15c72d335f043f6e58182f8205f59fef082d7,True,True,11,0.4569711685180664,236,"{""full_mul_calls"":12,""full_columns"":236,""fr_mul_calls"":12,""fr_columns"":236,""common"":{""operator_mul_calls"":12,""operator_columns"":236,""scalar_mul_calls"":24,""scalar_columns"":472}}","{""full_mul_calls"":13,""full_columns"":260,""fr_mul_calls"":13,""fr_columns"":260,""common"":{""operator_mul_calls"":13,""operator_columns"":260,""scalar_mul_calls"":26,""scalar_columns"":520}}",1.556146706413567e-14,8.722138897801166e-11
161,3,24,6,2770,Previous map from this run only,63003,1.6866088599991725e-14,3.8544123740556997,d9a603e3116607f3944a2695c2d374ee70c9169fabedbff2cec1df4139a57c00,True,True,11,0.4028589725494385,236,"{""full_mul_calls"":12,""full_columns"":236,""fr_mul_calls"":12,""fr_columns"":236,""common"":{""operator_mul_calls"":12,""operator_columns"":236,""scalar_mul_calls"":24,""scalar_columns"":472}}","{""full_mul_calls"":13,""full_columns"":260,""fr_mul_calls"":13,""fr_columns"":260,""common"":{""operator_mul_calls"":13,""operator_columns"":260,""scalar_mul_calls"":26,""scalar_columns"":520}}",1.5623282919180313e-14,8.821994203100596e-11
162,1,24,6,2777,Previous map from this run only,63001,1.5189531290098106e-14,3.9221792152267057,861ad6129fc4d1285712fe64d9a025410228eec20d3c9074e225cb9182674a0d,True,True,8,0.3748300075531006,210,"{""full_mul_calls"":9,""full_columns"":210,""fr_mul_calls"":9,""fr_columns"":210,""common"":{""operator_mul_calls"":9,""operator_columns"":210,""scalar_mul_calls"":18,""scalar_columns"":420}}","{""full_mul_calls"":10,""full_columns"":234,""fr_mul_calls"":10,""fr_columns"":234,""common"":{""operator_mul_calls"":10,""operator_columns"":234,""scalar_mul_calls"":20,""scalar_columns"":468}}",1.452986633622052e-14,9.5911579458071e-11
162,2,24,6,2770,Previous map from this run only,63002,1.961562795066958e-14,4.092163218231877,2992841ea8d055d917488c3c7590f3bf3240493fbf92c9bc392a99ad2ccfeaf3,True,True,11,0.5621931552886963,234,"{""full_mul_calls"":12,""full_columns"":234,""fr_mul_calls"":12,""fr_columns"":234,""common"":{""operator_mul_calls"":12,""operator_columns"":234,""scalar_mul_calls"":24,""scalar_columns"":468}}","{""full_mul_calls"":13,""full_columns"":258,""fr_mul_calls"":13,""fr_columns"":258,""common"":{""operator_mul_calls"":13,""operator_columns"":258,""scalar_mul_calls"":26,""scalar_columns"":516}}",1.5130864868768047e-14,9.389574905197551e-11
162,3,24,6,2770,Previous map from this run only,63003,2.0963901060677197e-14,3.7721655877200493,9e39a024275c4cf953e77cb7c682c09e6388ce48101a15c053aa80637fc282d3,True,True,11,0.4029560089111328,234,"{""full_mul_calls"":12,""full_columns"":234,""fr_mul_calls"":12,""fr_columns"":234,""common"":{""operator_mul_calls"":12,""operator_columns"":234,""scalar_mul_calls"":24,""scalar_columns"":468}}","{""full_mul_calls"":13,""full_columns"":258,""fr_mul_calls"":13,""fr_columns"":258,""common"":{""operator_mul_calls"":13,""operator_columns"":258,""scalar_mul_calls"":26,""scalar_columns"":516}}",1.7172281975319657e-14,9.595550209336699e-11
163,1,24,6,2777,Previous map from this run only,63001,1.7698104416782536e-14,3.8836204295409473,e48894458c57519f46bc6c7d8cf92f908fac8f906627cc03797598ba80c8a77b,True,True,7,0.35326504707336426,192,"{""full_mul_calls"":8,""full_columns"":192,""fr_mul_calls"":8,""fr_columns"":192,""common"":{""operator_mul_calls"":8,""operator_columns"":192,""scalar_mul_calls"":16,""scalar_columns"":384}}","{""full_mul_calls"":9,""full_columns"":216,""fr_mul_calls"":9,""fr_columns"":216,""common"":{""operator_mul_calls"":9,""operator_columns"":216,""scalar_mul_calls"":18,""scalar_columns"":432}}",1.1625634131988943e-14,9.410236916738378e-11
163,2,24,6,2770,Previous map from this run only,63002,2.0707690366456827e-14,3.870599282395842,a5bcf667574038d4b0cf921ed351c89ece05451ab0d8931d47ffc8558872d044,True,True,10,0.5383760929107666,226,"{""full_mul_calls"":11,""full_columns"":226,""fr_mul_calls"":11,""fr_columns"":226,""common"":{""operator_mul_calls"":11,""operator_columns"":226,""scalar_mul_calls"":22,""scalar_columns"":452}}","{""full_mul_calls"":12,""full_columns"":250,""fr_mul_calls"":12,""fr_columns"":250,""common"":{""operator_mul_calls"":12,""operator_columns"":250,""scalar_mul_calls"":24,""scalar_columns"":500}}",1.380703490327908e-14,9.740832721295752e-11
163,3,24,6,2770,Previous map from this run only,63003,2.0530005339611607e-14,3.830560775308564,c227634ae4704678055013503a75b81ad847ece1367dd287dba7af142bcc1297,True,True,10,0.3861978054046631,225,"{""full_mul_calls"":11,""full_columns"":225,""fr_mul_calls"":11,""fr_columns"":225,""common"":{""operator_mul_calls"":11,""operator_columns"":225,""scalar_mul_calls"":22,""scalar_columns"":450}}","{""full_mul_calls"":12,""full_columns"":249,""fr_mul_calls"":12,""fr_columns"":249,""common"":{""operator_mul_calls"":12,""operator_columns"":249,""scalar_mul_calls"":24,""scalar_columns"":498}}",1.7664316543713717e-14,9.980530118062994e-11
164,1,24,6,2777,Previous map from this run only,63001,1.7272742311946604e-14,3.8622796603289475,33940ce8cc5c549d8164cca4a341a87c51571e8d6a5aa09edf86eed2ce3ff68d,True,True,7,0.3550138473510742,192,"{""full_mul_calls"":8,""full_columns"":192,""fr_mul_calls"":8,""fr_columns"":192,""common"":{""operator_mul_calls"":8,""operator_columns"":192,""scalar_mul_calls"":16,""scalar_columns"":384}}","{""full_mul_calls"":9,""full_columns"":216,""fr_mul_calls"":9,""fr_columns"":216,""common"":{""operator_mul_calls"":9,""operator_columns"":216,""scalar_mul_calls"":18,""scalar_columns"":432}}",1.3605942559461121e-14,8.301150035449853e-11
164,2,24,6,2770,Previous map from this run only,63002,1.8775508361350714e-14,3.95158331280689,d9baed396c8080d3644c004d4659286bb923bce39cc5100e15d7ca0efb21e710,True,True,10,0.539478063583374,222,"{""full_mul_calls"":11,""full_columns"":222,""fr_mul_calls"":11,""fr_columns"":222,""common"":{""operator_mul_calls"":11,""operator_columns"":222,""scalar_mul_calls"":22,""scalar_columns"":444}}","{""full_mul_calls"":12,""full_columns"":246,""fr_mul_calls"":12,""fr_columns"":246,""common"":{""operator_mul_calls"":12,""operator_columns"":246,""scalar_mul_calls"":24,""scalar_columns"":492}}",1.407654327772082e-14,9.844510625936696e-11
164,3,24,6,2770,Previous map from this run only,63003,2.008080099835283e-14,3.8112764905090106,2d53887d569f1a8008bd33bef9950cbb28a2cc7e2e5c59a51ead07c9bbd975a8,True,True,10,0.38066887855529785,222,"{""full_mul_calls"":11,""full_columns"":222,""fr_mul_calls"":11,""fr_columns"":222,""common"":{""operator_mul_calls"":11,""operator_columns"":222,""scalar_mul_calls"":22,""scalar_columns"":444}}","{""full_mul_calls"":12,""full_columns"":246,""fr_mul_calls"":12,""fr_columns"":246,""common"":{""operator_mul_calls"":12,""operator_columns"":246,""scalar_mul_calls"":24,""scalar_columns"":492}}",1.657051663032144e-14,9.493783637644603e-11
165,1,24,6,2777,Previous map from this run only,63001,1.8426550973517466e-14,3.8921102117221436,b9847069cffb10d017e5f75c682043da68a64ac822e5b9b6e7ea57fb3fb65fc9,True,True,7,0.3598010540008545,192,"{""full_mul_calls"":8,""full_columns"":192,""fr_mul_calls"":8,""fr_columns"":192,""common"":{""operator_mul_calls"":8,""operator_columns"":192,""scalar_mul_calls"":16,""scalar_columns"":384}}","{""full_mul_calls"":9,""full_columns"":216,""fr_mul_calls"":9,""fr_columns"":216,""common"":{""operator_mul_calls"":9,""operator_columns"":216,""scalar_mul_calls"":18,""scalar_columns"":432}}",1.4483824910808238e-14,8.613193135033495e-11
165,2,24,6,2770,Previous map from this run only,63002,1.7916486112423075e-14,4.02496387591241,81e27eb8badbabb20cd691fe3e8d1114f85b9270d9fae011fe11e2420c92ddf5,True,True,11,0.5197498798370361,222,"{""full_mul_calls"":12,""full_columns"":222,""fr_mul_calls"":12,""fr_columns"":222,""common"":{""operator_mul_calls"":12,""operator_columns"":222,""scalar_mul_calls"":24,""scalar_columns"":444}}","{""full_mul_calls"":13,""full_columns"":246,""fr_mul_calls"":13,""fr_columns"":246,""common"":{""operator_mul_calls"":13,""operator_columns"":246,""scalar_mul_calls"":26,""scalar_columns"":492}}",1.8752204550582474e-14,9.476167067584361e-11
165,3,24,6,2770,Previous map from this run only,63003,1.9331915280655288e-14,3.6388108508966224,8518cbf5d13f7d5fa8764d7b74fbe28c9fbac0b762eadc76d51d84d1dbb5c8ff,True,True,11,0.3738880157470703,222,"{""full_mul_calls"":12,""full_columns"":222,""fr_mul_calls"":12,""fr_columns"":222,""common"":{""operator_mul_calls"":12,""operator_columns"":222,""scalar_mul_calls"":24,""scalar_columns"":444}}","{""full_mul_calls"":13,""full_columns"":246,""fr_mul_calls"":13,""fr_columns"":246,""common"":{""operator_mul_calls"":13,""operator_columns"":246,""scalar_mul_calls"":26,""scalar_columns"":492}}",1.5566184477334202e-14,9.59518889790405e-11
166,1,24,6,2777,Previous map from this run only,63001,1.687101162122443e-14,3.849013615989166,f493cd6fcec88d8ceb76c027245a6f4fc4bf7623efb768483179d6de449da778,True,True,7,0.3889799118041992,192,"{""full_mul_calls"":8,""full_columns"":192,""fr_mul_calls"":8,""fr_columns"":192,""common"":{""operator_mul_calls"":8,""operator_columns"":192,""scalar_mul_calls"":16,""scalar_columns"":384}}","{""full_mul_calls"":9,""full_columns"":216,""fr_mul_calls"":9,""fr_columns"":216,""common"":{""operator_mul_calls"":9,""operator_columns"":216,""scalar_mul_calls"":18,""scalar_columns"":432}}",1.5764150630890715e-14,6.82291582848939e-11
166,2,24,6,2770,Previous map from this run only,63002,2.2183341874638208e-14,3.830024095028845,74ebc573517bd6bef4ee3808d86033abc1dab40f0ee2fb53d44cf60753e7f83c,True,True,11,0.5101039409637451,218,"{""full_mul_calls"":12,""full_columns"":218,""fr_mul_calls"":12,""fr_columns"":218,""common"":{""operator_mul_calls"":12,""operator_columns"":218,""scalar_mul_calls"":24,""scalar_columns"":436}}","{""full_mul_calls"":13,""full_columns"":242,""fr_mul_calls"":13,""fr_columns"":242,""common"":{""operator_mul_calls"":13,""operator_columns"":242,""scalar_mul_calls"":26,""scalar_columns"":484}}",1.4216201208686555e-14,9.352655740673714e-11
166,3,24,6,2770,Previous map from this run only,63003,1.8329028415961847e-14,3.44668971070065,f03df0c577bae389033da24a64b5419bb4d7e3a079892e25315924750e26bb03,True,True,11,0.3648979663848877,218,"{""full_mul_calls"":12,""full_columns"":218,""fr_mul_calls"":12,""fr_columns"":218,""common"":{""operator_mul_calls"":12,""operator_columns"":218,""scalar_mul_calls"":24,""scalar_columns"":436}}","{""full_mul_calls"":13,""full_columns"":242,""fr_mul_calls"":13,""fr_columns"":242,""common"":{""operator_mul_calls"":13,""operator_columns"":242,""scalar_mul_calls"":26,""scalar_columns"":484}}",1.673240715979465e-14,9.217322268123148e-11
167,1,24,6,2777,Previous map from this run only,63001,1.7601910258181845e-14,3.9547082310076336,05afb7f99b898649b1749cfeb9408d6ca5957bd82d425a3fabc0a25394c4640e,True,True,7,0.3359520435333252,184,"{""full_mul_calls"":8,""full_columns"":184,""fr_mul_calls"":8,""fr_columns"":184,""common"":{""operator_mul_calls"":8,""operator_columns"":184,""scalar_mul_calls"":16,""scalar_columns"":368}}","{""full_mul_calls"":9,""full_columns"":208,""fr_mul_calls"":9,""fr_columns"":208,""common"":{""operator_mul_calls"":9,""operator_columns"":208,""scalar_mul_calls"":18,""scalar_columns"":416}}",1.091689622947347e-14,9.7697650239063e-11
167,2,24,6,2770,Previous map from this run only,63002,1.6640498261728805e-14,3.8003960120367037,3a684d3bd1d9893d341a0008f9eb0949f21d4c577e053c0bd3d27d7091155b10,True,True,11,0.5109310150146484,218,"{""full_mul_calls"":12,""full_columns"":218,""fr_mul_calls"":12,""fr_columns"":218,""common"":{""operator_mul_calls"":12,""operator_columns"":218,""scalar_mul_calls"":24,""scalar_columns"":436}}","{""full_mul_calls"":13,""full_columns"":242,""fr_mul_calls"":13,""fr_columns"":242,""common"":{""operator_mul_calls"":13,""operator_columns"":242,""scalar_mul_calls"":26,""scalar_columns"":484}}",1.360959948326262e-14,8.805018625989783e-11
167,3,24,6,2770,Previous map from this run only,63003,2.0063362978433492e-14,3.503694471496667,392ff39d0503c52fa9f0c74bc2bf8edf3e5ca3f00868b57c8b99271f63d98874,True,True,11,0.3640620708465576,218,"{""full_mul_calls"":12,""full_columns"":218,""fr_mul_calls"":12,""fr_columns"":218,""common"":{""operator_mul_calls"":12,""operator_columns"":218,""scalar_mul_calls"":24,""scalar_columns"":436}}","{""full_mul_calls"":13,""full_columns"":242,""fr_mul_calls"":13,""fr_columns"":242,""common"":{""operator_mul_calls"":13,""operator_columns"":242,""scalar_mul_calls"":26,""scalar_columns"":484}}",1.5809883545577994e-14,8.670678257330448e-11
168,1,24,6,2777,Previous map from this run only,63001,1.4554393949053674e-14,3.993211512498915,e30642633542b1e1d52b4ce51dadf4e77997f3764a1f0bc4f687817f85cae91f,True,True,7,0.3350658416748047,184,"{""full_mul_calls"":8,""full_columns"":184,""fr_mul_calls"":8,""fr_columns"":184,""common"":{""operator_mul_calls"":8,""operator_columns"":184,""scalar_mul_calls"":16,""scalar_columns"":368}}","{""full_mul_calls"":9,""full_columns"":208,""fr_mul_calls"":9,""fr_columns"":208,""common"":{""operator_mul_calls"":9,""operator_columns"":208,""scalar_mul_calls"":18,""scalar_columns"":416}}",1.62850719560447e-14,6.705847156338233e-11
168,2,24,6,2770,Previous map from this run only,63002,1.6768541399869666e-14,3.8805843356823675,28eec81d3af535450c4b7ccc0f276a6d00d20b3bd15dba00108cbab88d10c1a3,True,True,10,0.5074648857116699,210,"{""full_mul_calls"":11,""full_columns"":210,""fr_mul_calls"":11,""fr_columns"":210,""common"":{""operator_mul_calls"":11,""operator_columns"":210,""scalar_mul_calls"":22,""scalar_columns"":420}}","{""full_mul_calls"":12,""full_columns"":234,""fr_mul_calls"":12,""fr_columns"":234,""common"":{""operator_mul_calls"":12,""operator_columns"":234,""scalar_mul_calls"":24,""scalar_columns"":468}}",1.3399427512841855e-14,9.415741220474393e-11
168,3,24,6,2770,Previous map from this run only,63003,1.9290807175542364e-14,3.747916649923332,5a61c6d21c4ba52199ec17618ddbc14ff6c689fd2c66d7a1e0a034df1941652c,True,True,10,0.35868096351623535,210,"{""full_mul_calls"":11,""full_columns"":210,""fr_mul_calls"":11,""fr_columns"":210,""common"":{""operator_mul_calls"":11,""operator_columns"":210,""scalar_mul_calls"":22,""scalar_columns"":420}}","{""full_mul_calls"":12,""full_columns"":234,""fr_mul_calls"":12,""fr_columns"":234,""common"":{""operator_mul_calls"":12,""operator_columns"":234,""scalar_mul_calls"":24,""scalar_columns"":468}}",1.5933447444525997e-14,9.440976187202953e-11
169,1,24,6,2777,Previous map from this run only,63001,2.0404232605816917e-14,3.812000166645282,7450c84696ce8ded7edd341f2b87e43f932aed2d0675dc4e26b61b2a8c9ea364,True,True,7,0.31432604789733887,183,"{""full_mul_calls"":8,""full_columns"":183,""fr_mul_calls"":8,""fr_columns"":183,""common"":{""operator_mul_calls"":8,""operator_columns"":183,""scalar_mul_calls"":16,""scalar_columns"":366}}","{""full_mul_calls"":9,""full_columns"":207,""fr_mul_calls"":9,""fr_columns"":207,""common"":{""operator_mul_calls"":9,""operator_columns"":207,""scalar_mul_calls"":18,""scalar_columns"":414}}",1.2762655573960601e-14,9.670622511227151e-11
169,2,24,6,2770,Previous map from this run only,63002,1.7399530550382498e-14,3.9432361953580894,2ed4df9f6b603ddf33827609099a8fbe09f4e7140202db3f617b864422a2ac72,True,True,10,0.34871411323547363,210,"{""full_mul_calls"":11,""full_columns"":210,""fr_mul_calls"":11,""fr_columns"":210,""common"":{""operator_mul_calls"":11,""operator_columns"":210,""scalar_mul_calls"":22,""scalar_columns"":420}}","{""full_mul_calls"":12,""full_columns"":234,""fr_mul_calls"":12,""fr_columns"":234,""common"":{""operator_mul_calls"":12,""operator_columns"":234,""scalar_mul_calls"":24,""scalar_columns"":468}}",1.357948395802155e-14,8.564027165084173e-11
169,3,24,6,2770,Previous map from this run only,63003,1.8231519322258704e-14,4.042529346712563,edcfe5b369224a39470514542379f9912fa18d7efa0e21faa475e24b7ddcf35e,True,True,10,0.3604850769042969,210,"{""full_mul_calls"":11,""full_columns"":210,""fr_mul_calls"":11,""fr_columns"":210,""common"":{""operator_mul_calls"":11,""operator_columns"":210,""scalar_mul_calls"":22,""scalar_columns"":420}}","{""full_mul_calls"":12,""full_columns"":234,""fr_mul_calls"":12,""fr_columns"":234,""common"":{""operator_mul_calls"":12,""operator_columns"":234,""scalar_mul_calls"":24,""scalar_columns"":468}}",1.5431361530225384e-14,8.770871212681892e-11
170,1,24,6,2777,Previous map from this run only,63001,1.6674646529552168e-14,3.937807718414323,03dffb1bbfa7eaafd9b2009b0209034f69a1cf1434bbd471a57bac125bbde392,True,True,7,0.31385302543640137,184,"{""full_mul_calls"":8,""full_columns"":184,""fr_mul_calls"":8,""fr_columns"":184,""common"":{""operator_mul_calls"":8,""operator_columns"":184,""scalar_mul_calls"":16,""scalar_columns"":368}}","{""full_mul_calls"":9,""full_columns"":208,""fr_mul_calls"":9,""fr_columns"":208,""common"":{""operator_mul_calls"":9,""operator_columns"":208,""scalar_mul_calls"":18,""scalar_columns"":416}}",1.1418421365120284e-14,5.785853093857061e-11
170,2,24,6,2770,Previous map from this run only,63002,1.9865046994934958e-14,3.790290316333615,6448c7e16eeec1c5654b9ccedd331bb583000524f8201c1e6bb69d1d670f62c9,True,True,10,0.3517138957977295,208,"{""full_mul_calls"":11,""full_columns"":208,""fr_mul_calls"":11,""fr_columns"":208,""common"":{""operator_mul_calls"":11,""operator_columns"":208,""scalar_mul_calls"":22,""scalar_columns"":416}}","{""full_mul_calls"":12,""full_columns"":232,""fr_mul_calls"":12,""fr_columns"":232,""common"":{""operator_mul_calls"":12,""operator_columns"":232,""scalar_mul_calls"":24,""scalar_columns"":464}}",1.6309292141278797e-14,9.79178656403221e-11
170,3,24,6,2770,Previous map from this run only,63003,1.9053014183359416e-14,3.9123548872380995,4d53185aeb1b025941f7ede3c6d636a8eb1f80687f8eb1bb844ee2c220803b84,True,True,10,0.3750581741333008,208,"{""full_mul_calls"":11,""full_columns"":208,""fr_mul_calls"":11,""fr_columns"":208,""common"":{""operator_mul_calls"":11,""operator_columns"":208,""scalar_mul_calls"":22,""scalar_columns"":416}}","{""full_mul_calls"":12,""full_columns"":232,""fr_mul_calls"":12,""fr_columns"":232,""common"":{""operator_mul_calls"":12,""operator_columns"":232,""scalar_mul_calls"":24,""scalar_columns"":464}}",1.4872882164748636e-14,9.064105145422023e-11
171,1,24,6,2777,Previous map from this run only,63001,1.6235548074214717e-14,3.7507610859123504,8e2fc9391861f847b21e0896bfc48851826c1e426c1026e765f3425e0824954e,True,True,7,0.30807995796203613,182,"{""full_mul_calls"":8,""full_columns"":182,""fr_mul_calls"":8,""fr_columns"":182,""common"":{""operator_mul_calls"":8,""operator_columns"":182,""scalar_mul_calls"":16,""scalar_columns"":364}}","{""full_mul_calls"":9,""full_columns"":206,""fr_mul_calls"":9,""fr_columns"":206,""common"":{""operator_mul_calls"":9,""operator_columns"":206,""scalar_mul_calls"":18,""scalar_columns"":412}}",1.3130628170565405e-14,8.995753820556066e-11
171,2,24,6,2770,Previous map from this run only,63002,1.9518563786974882e-14,3.686180127079079,1720e1d0654f73029be9f12b4052e97a423e18847e56e40526e61cfb15d7c894,True,True,10,0.350506067276001,208,"{""full_mul_calls"":11,""full_columns"":208,""fr_mul_calls"":11,""fr_columns"":208,""common"":{""operator_mul_calls"":11,""operator_columns"":208,""scalar_mul_calls"":22,""scalar_columns"":416}}","{""full_mul_calls"":12,""full_columns"":232,""fr_mul_calls"":12,""fr_columns"":232,""common"":{""operator_mul_calls"":12,""operator_columns"":232,""scalar_mul_calls"":24,""scalar_columns"":464}}",1.2728975646675511e-14,9.593402847521121e-11
171,3,24,6,2770,Previous map from this run only,63003,1.738672800266362e-14,3.9336687432633153,27eeff8d1e2d4fed1d27f276014a14010539a6dcb4691a8b0c2d802c3663569b,True,True,10,0.37529611587524414,208,"{""full_mul_calls"":11,""full_columns"":208,""fr_mul_calls"":11,""fr_columns"":208,""common"":{""operator_mul_calls"":11,""operator_columns"":208,""scalar_mul_calls"":22,""scalar_columns"":416}}","{""full_mul_calls"":12,""full_columns"":232,""fr_mul_calls"":12,""fr_columns"":232,""common"":{""operator_mul_calls"":12,""operator_columns"":232,""scalar_mul_calls"":24,""scalar_columns"":464}}",1.4633847853996505e-14,9.543859705037529e-11
172,1,24,6,2777,Previous map from this run only,63001,1.617338905198213e-14,3.7671732588299043,52a434d5e7d2bdff1bc520e196eb58933d3a81c036754591f8641aa195f257c7,True,True,7,0.31255006790161133,182,"{""full_mul_calls"":8,""full_columns"":182,""fr_mul_calls"":8,""fr_columns"":182,""common"":{""operator_mul_calls"":8,""operator_columns"":182,""scalar_mul_calls"":16,""scalar_columns"":364}}","{""full_mul_calls"":9,""full_columns"":206,""fr_mul_calls"":9,""fr_columns"":206,""common"":{""operator_mul_calls"":9,""operator_columns"":206,""scalar_mul_calls"":18,""scalar_columns"":412}}",1.1327916169713344e-14,8.170660768047789e-11
172,2,24,6,2770,Previous map from this run only,63002,1.616844768152255e-14,4.154152396427183,7ca366755134696eca62d475de2f4909831cfbc9386eafb78239130800fb14a1,True,True,10,0.35343098640441895,208,"{""full_mul_calls"":11,""full_columns"":208,""fr_mul_calls"":11,""fr_columns"":208,""common"":{""operator_mul_calls"":11,""operator_columns"":208,""scalar_mul_calls"":22,""scalar_columns"":416}}","{""full_mul_calls"":12,""full_columns"":232,""fr_mul_calls"":12,""fr_columns"":232,""common"":{""operator_mul_calls"":12,""operator_columns"":232,""scalar_mul_calls"":24,""scalar_columns"":464}}",1.1869382494495843e-14,7.995563584194622e-11
172,3,24,6,2770,Previous map from this run only,63003,1.7423188511461294e-14,3.8038253881386486,ee5649f13174bbf09656cff9e7a3fa5ac126ee8eee6902b6622f488f27e5742b,True,True,10,0.374406099319458,208,"{""full_mul_calls"":11,""full_columns"":208,""fr_mul_calls"":11,""fr_columns"":208,""common"":{""operator_mul_calls"":11,""operator_columns"":208,""scalar_mul_calls"":22,""scalar_columns"":416}}","{""full_mul_calls"":12,""full_columns"":232,""fr_mul_calls"":12,""fr_columns"":232,""common"":{""operator_mul_calls"":12,""operator_columns"":232,""scalar_mul_calls"":24,""scalar_columns"":464}}",1.564419693557372e-14,7.754657257448308e-11
173,1,24,6,2777,Previous map from this run only,63001,1.541396790962086e-14,3.8783647189309765,dc270b3909773e857040e09d3e2bccef64a5848eb339d553d0b1a811653372bc,True,True,7,0.31455111503601074,181,"{""full_mul_calls"":8,""full_columns"":181,""fr_mul_calls"":8,""fr_columns"":181,""common"":{""operator_mul_calls"":8,""operator_columns"":181,""scalar_mul_calls"":16,""scalar_columns"":362}}","{""full_mul_calls"":9,""full_columns"":205,""fr_mul_calls"":9,""fr_columns"":205,""common"":{""operator_mul_calls"":9,""operator_columns"":205,""scalar_mul_calls"":18,""scalar_columns"":410}}",1.4792503063166674e-14,9.712295585017488e-11
173,2,24,6,2770,Previous map from this run only,63002,1.6201816991698467e-14,3.991222153990696,5718aeb9a9938a8decba391ef37947b2d7a8550fa772d092bd96d13cb3371aaa,True,True,10,0.3543131351470947,208,"{""full_mul_calls"":11,""full_columns"":208,""fr_mul_calls"":11,""fr_columns"":208,""common"":{""operator_mul_calls"":11,""operator_columns"":208,""scalar_mul_calls"":22,""scalar_columns"":416}}","{""full_mul_calls"":12,""full_columns"":232,""fr_mul_calls"":12,""fr_columns"":232,""common"":{""operator_mul_calls"":12,""operator_columns"":232,""scalar_mul_calls"":24,""scalar_columns"":464}}",1.161986987909117e-14,7.997544038060461e-11
173,3,24,6,2770,Previous map from this run only,63003,1.761584738650482e-14,3.718962947108912,eaf316c2857b63c50f369b9a756a78c61a0a6960b1803fd843daa19775d4c504,True,True,10,0.3513329029083252,208,"{""full_mul_calls"":11,""full_columns"":208,""fr_mul_calls"":11,""fr_columns"":208,""common"":{""operator_mul_calls"":11,""operator_columns"":208,""scalar_mul_calls"":22,""scalar_columns"":416}}","{""full_mul_calls"":12,""full_columns"":232,""fr_mul_calls"":12,""fr_columns"":232,""common"":{""operator_mul_calls"":12,""operator_columns"":232,""scalar_mul_calls"":24,""scalar_columns"":464}}",1.2949432094257792e-14,8.25684991506255e-11
174,1,24,6,2777,Previous map from this run only,63001,1.8269031036848524e-14,3.9040344643176743,4040a0b22cc505d303061149fc5593063693d5279116fd1a50c5b8007756e85b,True,True,7,0.31423306465148926,182,"{""full_mul_calls"":8,""full_columns"":182,""fr_mul_calls"":8,""fr_columns"":182,""common"":{""operator_mul_calls"":8,""operator_columns"":182,""scalar_mul_calls"":16,""scalar_columns"":364}}","{""full_mul_calls"":9,""full_columns"":206,""fr_mul_calls"":9,""fr_columns"":206,""common"":{""operator_mul_calls"":9,""operator_columns"":206,""scalar_mul_calls"":18,""scalar_columns"":412}}",1.1954066671085604e-14,7.262113477573533e-11
174,2,24,6,2770,Previous map from this run only,63002,1.4433197987537926e-14,3.7852835244408545,09e177383400044b99b91671527c65fb4439d7ff1343d374de7739715834a506,True,True,9,0.5093510150909424,199,"{""full_mul_calls"":10,""full_columns"":199,""fr_mul_calls"":10,""fr_columns"":199,""common"":{""operator_mul_calls"":10,""operator_columns"":199,""scalar_mul_calls"":20,""scalar_columns"":398}}","{""full_mul_calls"":11,""full_columns"":223,""fr_mul_calls"":11,""fr_columns"":223,""common"":{""operator_mul_calls"":11,""operator_columns"":223,""scalar_mul_calls"":22,""scalar_columns"":446}}",1.3928447952506907e-14,9.586214103836883e-11
174,3,24,6,2770,Previous map from this run only,63003,1.7212937132370413e-14,3.9784474779556223,4aa4f17d88a5a13568cb25c05777e40678e50ea2eb082f28671f3779fc135823,True,True,9,0.33887481689453125,198,"{""full_mul_calls"":10,""full_columns"":198,""fr_mul_calls"":10,""fr_columns"":198,""common"":{""operator_mul_calls"":10,""operator_columns"":198,""scalar_mul_calls"":20,""scalar_columns"":396}}","{""full_mul_calls"":11,""full_columns"":222,""fr_mul_calls"":11,""fr_columns"":222,""common"":{""operator_mul_calls"":11,""operator_columns"":222,""scalar_mul_calls"":22,""scalar_columns"":444}}",1.410557393043782e-14,9.944922998212775e-11
175,1,24,6,2777,Previous map from this run only,63001,1.6256975093587303e-14,3.8067322524153515,052feb5186c0983ea51c5aaa0f7803ca1cd8e45a7d7275b0592ea60fdd240eff,True,True,7,0.3090939521789551,179,"{""full_mul_calls"":8,""full_columns"":179,""fr_mul_calls"":8,""fr_columns"":179,""common"":{""operator_mul_calls"":8,""operator_columns"":179,""scalar_mul_calls"":16,""scalar_columns"":358}}","{""full_mul_calls"":9,""full_columns"":203,""fr_mul_calls"":9,""fr_columns"":203,""common"":{""operator_mul_calls"":9,""operator_columns"":203,""scalar_mul_calls"":18,""scalar_columns"":406}}",1.685382373962132e-14,9.963208681010486e-11
175,2,24,6,2770,Previous map from this run only,63002,1.771782169514488e-14,3.8670856745503306,4f91d540d36dd1a5f79c27bfc5d9f365b7dccd9f1261b6e19f221dca3e4482d7,True,True,9,0.34023594856262207,199,"{""full_mul_calls"":10,""full_columns"":199,""fr_mul_calls"":10,""fr_columns"":199,""common"":{""operator_mul_calls"":10,""operator_columns"":199,""scalar_mul_calls"":20,""scalar_columns"":398}}","{""full_mul_calls"":11,""full_columns"":223,""fr_mul_calls"":11,""fr_columns"":223,""common"":{""operator_mul_calls"":11,""operator_columns"":223,""scalar_mul_calls"":22,""scalar_columns"":446}}",1.2651752626740242e-14,9.980909102606312e-11
175,3,24,6,2770,Previous map from this run only,63003,1.7286657193383786e-14,3.8146911857665877,4c1a3d52eaebac74074cf07148f68cfd43e70c61ce436069ba03aecadfb860e7,True,True,9,0.5109357833862305,200,"{""full_mul_calls"":10,""full_columns"":200,""fr_mul_calls"":10,""fr_columns"":200,""common"":{""operator_mul_calls"":10,""operator_columns"":200,""scalar_mul_calls"":20,""scalar_columns"":400}}","{""full_mul_calls"":11,""full_columns"":224,""fr_mul_calls"":11,""fr_columns"":224,""common"":{""operator_mul_calls"":11,""operator_columns"":224,""scalar_mul_calls"":22,""scalar_columns"":448}}",1.2180024642141917e-14,8.952765270062071e-11
176,1,24,6,2777,Previous map from this run only,63001,1.9520737075181964e-14,3.824383172681043,d67e757f305b60e49f6a33031436ab6ddeca23be40fbdc8c469a8752bcc5cccc,True,True,6,0.28421592712402344,164,"{""full_mul_calls"":7,""full_columns"":164,""fr_mul_calls"":7,""fr_columns"":164,""common"":{""operator_mul_calls"":7,""operator_columns"":164,""scalar_mul_calls"":14,""scalar_columns"":328}}","{""full_mul_calls"":8,""full_columns"":188,""fr_mul_calls"":8,""fr_columns"":188,""common"":{""operator_mul_calls"":8,""operator_columns"":188,""scalar_mul_calls"":16,""scalar_columns"":376}}",1.64420545371157e-14,8.874787642516458e-11
176,2,24,6,2770,Previous map from this run only,63002,1.847890915774391e-14,3.9581715115351486,ed6bdf4898b124733778cdb5662edf111d3257db7d97133e72832b165019e3aa,True,True,9,0.33133602142333984,194,"{""full_mul_calls"":10,""full_columns"":194,""fr_mul_calls"":10,""fr_columns"":194,""common"":{""operator_mul_calls"":10,""operator_columns"":194,""scalar_mul_calls"":20,""scalar_columns"":388}}","{""full_mul_calls"":11,""full_columns"":218,""fr_mul_calls"":11,""fr_columns"":218,""common"":{""operator_mul_calls"":11,""operator_columns"":218,""scalar_mul_calls"":22,""scalar_columns"":436}}",1.2997895825757605e-14,8.935468353951875e-11
176,3,24,6,2770,Previous map from this run only,63003,1.5329556593378883e-14,4.071097141817854,2f4581922b86aa232c9cd389cab2f0a7b66648c06e2dc881b43ece4ae1a57a2a,True,True,9,0.480726957321167,194,"{""full_mul_calls"":10,""full_columns"":194,""fr_mul_calls"":10,""fr_columns"":194,""common"":{""operator_mul_calls"":10,""operator_columns"":194,""scalar_mul_calls"":20,""scalar_columns"":388}}","{""full_mul_calls"":11,""full_columns"":218,""fr_mul_calls"":11,""fr_columns"":218,""common"":{""operator_mul_calls"":11,""operator_columns"":218,""scalar_mul_calls"":22,""scalar_columns"":436}}",1.4710320082590616e-14,8.777354612841506e-11
177,1,24,6,2777,Previous map from this run only,63001,1.9125851667299168e-14,3.961440659310753,cb527bb4b4c7d51997b58a5dc5151a7c5049d7c3ad55774bbee0942d4698fc84,True,True,7,0.31157612800598145,182,"{""full_mul_calls"":8,""full_columns"":182,""fr_mul_calls"":8,""fr_columns"":182,""common"":{""operator_mul_calls"":8,""operator_columns"":182,""scalar_mul_calls"":16,""scalar_columns"":364}}","{""full_mul_calls"":9,""full_columns"":206,""fr_mul_calls"":9,""fr_columns"":206,""common"":{""operator_mul_calls"":9,""operator_columns"":206,""scalar_mul_calls"":18,""scalar_columns"":412}}",1.2624015519209789e-14,6.142753309383048e-11
177,2,24,6,2770,Previous map from this run only,63002,1.6013867566790342e-14,3.9870528133184964,746ffb091dcf59f8996caf0fadcf4a6b038bc979b98aa4c0b3396c71b362c47e,True,True,9,0.3471720218658447,194,"{""full_mul_calls"":10,""full_columns"":194,""fr_mul_calls"":10,""fr_columns"":194,""common"":{""operator_mul_calls"":10,""operator_columns"":194,""scalar_mul_calls"":20,""scalar_columns"":388}}","{""full_mul_calls"":11,""full_columns"":218,""fr_mul_calls"":11,""fr_columns"":218,""common"":{""operator_mul_calls"":11,""operator_columns"":218,""scalar_mul_calls"":22,""scalar_columns"":436}}",1.3517040255444538e-14,9.59242435118962e-11
177,3,24,6,2770,Previous map from this run only,63003,1.7711149893545208e-14,3.6772597349910234,c5434dcc05f18b99e365dad4e1969a66647dc6ba2015e3b2b39395c68586b517,True,True,9,0.5026998519897461,194,"{""full_mul_calls"":10,""full_columns"":194,""fr_mul_calls"":10,""fr_columns"":194,""common"":{""operator_mul_calls"":10,""operator_columns"":194,""scalar_mul_calls"":20,""scalar_columns"":388}}","{""full_mul_calls"":11,""full_columns"":218,""fr_mul_calls"":11,""fr_columns"":218,""common"":{""operator_mul_calls"":11,""operator_columns"":218,""scalar_mul_calls"":22,""scalar_columns"":436}}",1.4376766075857003e-14,9.561571553196337e-11
178,1,24,6,2777,Previous map from this run only,63001,1.555499807390522e-14,3.9728059352300917,bbc6854998ec7446b723025b2d4d3104c3c45dcbe0f1760564af1ced6a48263a,True,True,6,0.2836270332336426,164,"{""full_mul_calls"":7,""full_columns"":164,""fr_mul_calls"":7,""fr_columns"":164,""common"":{""operator_mul_calls"":7,""operator_columns"":164,""scalar_mul_calls"":14,""scalar_columns"":328}}","{""full_mul_calls"":8,""full_columns"":188,""fr_mul_calls"":8,""fr_columns"":188,""common"":{""operator_mul_calls"":8,""operator_columns"":188,""scalar_mul_calls"":16,""scalar_columns"":376}}",9.66732021627801e-15,7.721265535997083e-11
178,2,24,6,2770,Previous map from this run only,63002,1.5864868110784523e-14,3.766088960573468,a9b97c99139c6dedeb83259050c82e648fa0e2f1638df223ed5793137b7617cb,True,True,9,0.3434140682220459,190,"{""full_mul_calls"":10,""full_columns"":190,""fr_mul_calls"":10,""fr_columns"":190,""common"":{""operator_mul_calls"":10,""operator_columns"":190,""scalar_mul_calls"":20,""scalar_columns"":380}}","{""full_mul_calls"":11,""full_columns"":214,""fr_mul_calls"":11,""fr_columns"":214,""common"":{""operator_mul_calls"":11,""operator_columns"":214,""scalar_mul_calls"":22,""scalar_columns"":428}}",1.333284072061761e-14,9.300843116103794e-11
178,3,24,6,2770,Previous map from this run only,63003,1.8587901452328188e-14,3.809682943262234,16f82e8fd7a197c12ac9d3b2b705382fdd4354eeef64c8125e8dddddf2070720,True,True,9,0.4723989963531494,190,"{""full_mul_calls"":10,""full_columns"":190,""fr_mul_calls"":10,""fr_columns"":190,""common"":{""operator_mul_calls"":10,""operator_columns"":190,""scalar_mul_calls"":20,""scalar_columns"":380}}","{""full_mul_calls"":11,""full_columns"":214,""fr_mul_calls"":11,""fr_columns"":214,""common"":{""operator_mul_calls"":11,""operator_columns"":214,""scalar_mul_calls"":22,""scalar_columns"":428}}",1.28025151148339e-14,9.233507695115224e-11
179,1,24,6,2777,Previous map from this run only,63001,1.3996629400780442e-14,3.8615292403339128,110c99f36dbc913c1c2c742ff47ff81fbee3ec9538383c2230b9d85e4256d2af,True,True,6,0.28150010108947754,162,"{""full_mul_calls"":7,""full_columns"":162,""fr_mul_calls"":7,""fr_columns"":162,""common"":{""operator_mul_calls"":7,""operator_columns"":162,""scalar_mul_calls"":14,""scalar_columns"":324}}","{""full_mul_calls"":8,""full_columns"":186,""fr_mul_calls"":8,""fr_columns"":186,""common"":{""operator_mul_calls"":8,""operator_columns"":186,""scalar_mul_calls"":16,""scalar_columns"":372}}",1.1038692917032573e-14,8.749607998805185e-11
179,2,24,6,2770,Previous map from this run only,63002,1.704991638258795e-14,4.072350361676858,707e4d62251f0573f257d620db876b904ab2b98c114e43130fc8a94cc0da75ca,True,True,9,0.3447749614715576,190,"{""full_mul_calls"":10,""full_columns"":190,""fr_mul_calls"":10,""fr_columns"":190,""common"":{""operator_mul_calls"":10,""operator_columns"":190,""scalar_mul_calls"":20,""scalar_columns"":380}}","{""full_mul_calls"":11,""full_columns"":214,""fr_mul_calls"":11,""fr_columns"":214,""common"":{""operator_mul_calls"":11,""operator_columns"":214,""scalar_mul_calls"":22,""scalar_columns"":428}}",1.625208678718021e-14,9.32165186148022e-11
179,3,24,6,2770,Previous map from this run only,63003,1.660261825834253e-14,3.835590026555222,859ea873cd5b9cf087f954c64bb2c3115b5693dbcc6d67821fc53aeaae0b82d5,True,True,9,0.46683406829833984,190,"{""full_mul_calls"":10,""full_columns"":190,""fr_mul_calls"":10,""fr_columns"":190,""common"":{""operator_mul_calls"":10,""operator_columns"":190,""scalar_mul_calls"":20,""scalar_columns"":380}}","{""full_mul_calls"":11,""full_columns"":214,""fr_mul_calls"":11,""fr_columns"":214,""common"":{""operator_mul_calls"":11,""operator_columns"":214,""scalar_mul_calls"":22,""scalar_columns"":428}}",1.4776017055320814e-14,9.336358865380706e-11
180,1,24,6,2777,Previous map from this run only,63001,1.3246795189873981e-14,3.9685461104181297,f3ead5ad818e962ef3c225ae246ddc117cfcb28e2cfe91963feab0bc87fc1c6c,True,True,6,0.28153085708618164,162,"{""full_mul_calls"":7,""full_columns"":162,""fr_mul_calls"":7,""fr_columns"":162,""common"":{""operator_mul_calls"":7,""operator_columns"":162,""scalar_mul_calls"":14,""scalar_columns"":324}}","{""full_mul_calls"":8,""full_columns"":186,""fr_mul_calls"":8,""fr_columns"":186,""common"":{""operator_mul_calls"":8,""operator_columns"":186,""scalar_mul_calls"":16,""scalar_columns"":372}}",1.1315737373555227e-14,9.982433447577709e-11
180,2,24,6,2770,Previous map from this run only,63002,1.9471030125180022e-14,3.846847639504985,06ac67ff6ea0d8ee004c37ec681f6195e3e8793b2ce4d872e220c4285e51c487,True,True,9,0.3172609806060791,187,"{""full_mul_calls"":10,""full_columns"":187,""fr_mul_calls"":10,""fr_columns"":187,""common"":{""operator_mul_calls"":10,""operator_columns"":187,""scalar_mul_calls"":20,""scalar_columns"":374}}","{""full_mul_calls"":11,""full_columns"":211,""fr_mul_calls"":11,""fr_columns"":211,""common"":{""operator_mul_calls"":11,""operator_columns"":211,""scalar_mul_calls"":22,""scalar_columns"":422}}",1.3825474101312692e-14,9.786651473921439e-11
180,3,24,6,2770,Previous map from this run only,63003,1.7453834351331723e-14,3.717629496693384,4079fcba9a39e75af6fcc310eb2bf39696ad63f155a77b78889ae5fa92bd9d7a,True,True,9,0.46083998680114746,188,"{""full_mul_calls"":10,""full_columns"":188,""fr_mul_calls"":10,""fr_columns"":188,""common"":{""operator_mul_calls"":10,""operator_columns"":188,""scalar_mul_calls"":20,""scalar_columns"":376}}","{""full_mul_calls"":11,""full_columns"":212,""fr_mul_calls"":11,""fr_columns"":212,""common"":{""operator_mul_calls"":11,""operator_columns"":212,""scalar_mul_calls"":22,""scalar_columns"":424}}",1.3205918719435208e-14,9.547503243679377e-11
181,1,24,6,2777,Previous map from this run only,63001,1.3840123397439472e-14,3.805127216599554,50e7a3e96a269d3faa20ae0750abcc5ee57b4c1b253abbeb185faba0f360aa8c,True,True,6,0.2804381847381592,162,"{""full_mul_calls"":7,""full_columns"":162,""fr_mul_calls"":7,""fr_columns"":162,""common"":{""operator_mul_calls"":7,""operator_columns"":162,""scalar_mul_calls"":14,""scalar_columns"":324}}","{""full_mul_calls"":8,""full_columns"":186,""fr_mul_calls"":8,""fr_columns"":186,""common"":{""operator_mul_calls"":8,""operator_columns"":186,""scalar_mul_calls"":16,""scalar_columns"":372}}",1.08326323618957e-14,8.519851593737431e-11
181,2,24,6,2770,Previous map from this run only,63002,1.883126625505369e-14,3.9690721948969743,c61fdb7be60c90fcda1fe5968002e64f55b464acc9cdc1f7e3a1f60ed68a6788,True,True,9,0.31677985191345215,187,"{""full_mul_calls"":10,""full_columns"":187,""fr_mul_calls"":10,""fr_columns"":187,""common"":{""operator_mul_calls"":10,""operator_columns"":187,""scalar_mul_calls"":20,""scalar_columns"":374}}","{""full_mul_calls"":11,""full_columns"":211,""fr_mul_calls"":11,""fr_columns"":211,""common"":{""operator_mul_calls"":11,""operator_columns"":211,""scalar_mul_calls"":22,""scalar_columns"":422}}",1.3589812431881575e-14,9.991109886920916e-11
181,3,24,6,2770,Previous map from this run only,63003,1.541435003572705e-14,3.865959116262948,e82b3b4c407a984e9377d7fe2247b0fecf5852db29e94f03d555c01bce006d86,True,True,9,0.46665382385253906,187,"{""full_mul_calls"":10,""full_columns"":187,""fr_mul_calls"":10,""fr_columns"":187,""common"":{""operator_mul_calls"":10,""operator_columns"":187,""scalar_mul_calls"":20,""scalar_columns"":374}}","{""full_mul_calls"":11,""full_columns"":211,""fr_mul_calls"":11,""fr_columns"":211,""common"":{""operator_mul_calls"":11,""operator_columns"":211,""scalar_mul_calls"":22,""scalar_columns"":422}}",1.4208594665533794e-14,9.912279924944153e-11
182,1,24,6,2777,Previous map from this run only,63001,1.3246076335544477e-14,3.920336070359881,aa224a82f347a0f1bd4b5ca8b415beb6abfc9925059715cf31b3901dbd533551,True,True,6,0.2724268436431885,160,"{""full_mul_calls"":7,""full_columns"":160,""fr_mul_calls"":7,""fr_columns"":160,""common"":{""operator_mul_calls"":7,""operator_columns"":160,""scalar_mul_calls"":14,""scalar_columns"":320}}","{""full_mul_calls"":8,""full_columns"":184,""fr_mul_calls"":8,""fr_columns"":184,""common"":{""operator_mul_calls"":8,""operator_columns"":184,""scalar_mul_calls"":16,""scalar_columns"":368}}",1.2769108397696843e-14,8.711169528963948e-11
182,2,24,6,2770,Previous map from this run only,63002,1.7946961048608407e-14,3.8826659130644168,3bf50c57846d67576c03606d350ae89800a9265379394abdb554d78518c34638,True,True,8,0.3010990619659424,178,"{""full_mul_calls"":9,""full_columns"":178,""fr_mul_calls"":9,""fr_columns"":178,""common"":{""operator_mul_calls"":9,""operator_columns"":178,""scalar_mul_calls"":18,""scalar_columns"":356}}","{""full_mul_calls"":10,""full_columns"":202,""fr_mul_calls"":10,""fr_columns"":202,""common"":{""operator_mul_calls"":10,""operator_columns"":202,""scalar_mul_calls"":20,""scalar_columns"":404}}",1.6007919672550422e-14,9.253829338512295e-11
182,3,24,6,2770,Previous map from this run only,63003,1.6921007917033145e-14,3.659996512146854,c6e675a0f52531e2ca31437099ddd105ecad71b5e7050bd5743e230ba30550e6,True,True,8,0.46532702445983887,178,"{""full_mul_calls"":9,""full_columns"":178,""fr_mul_calls"":9,""fr_columns"":178,""common"":{""operator_mul_calls"":9,""operator_columns"":178,""scalar_mul_calls"":18,""scalar_columns"":356}}","{""full_mul_calls"":10,""full_columns"":202,""fr_mul_calls"":10,""fr_columns"":202,""common"":{""operator_mul_calls"":10,""operator_columns"":202,""scalar_mul_calls"":20,""scalar_columns"":404}}",1.3873539222179118e-14,8.904979290706036e-11
183,1,24,6,2777,Previous map from this run only,63001,1.5826206828382687e-14,3.986998766869205,6ccc81131781716be802fd31880043a585119c41b8b2c009671645213dc5cb19,True,True,6,0.27693915367126465,160,"{""full_mul_calls"":7,""full_columns"":160,""fr_mul_calls"":7,""fr_columns"":160,""common"":{""operator_mul_calls"":7,""operator_columns"":160,""scalar_mul_calls"":14,""scalar_columns"":320}}","{""full_mul_calls"":8,""full_columns"":184,""fr_mul_calls"":8,""fr_columns"":184,""common"":{""operator_mul_calls"":8,""operator_columns"":184,""scalar_mul_calls"":16,""scalar_columns"":368}}",1.2337108470478633e-14,9.46642355225191e-11
183,2,24,6,2770,Previous map from this run only,63002,1.969521530842848e-14,4.026867765129183,f00fd3d5dd1c5fe6f8b4da05afaada6427778bc4a2ae084c15e742b686692266,True,True,8,0.30084705352783203,178,"{""full_mul_calls"":9,""full_columns"":178,""fr_mul_calls"":9,""fr_columns"":178,""common"":{""operator_mul_calls"":9,""operator_columns"":178,""scalar_mul_calls"":18,""scalar_columns"":356}}","{""full_mul_calls"":10,""full_columns"":202,""fr_mul_calls"":10,""fr_columns"":202,""common"":{""operator_mul_calls"":10,""operator_columns"":202,""scalar_mul_calls"":20,""scalar_columns"":404}}",1.2356066534345097e-14,9.1418637732907e-11
183,3,24,6,2770,Previous map from this run only,63003,1.8242880432952656e-14,3.7835345493867027,453f90bf709959843dc9be658d9e11cb450bb25725b35073fce0d8209d3a2a57,True,True,8,0.32316088676452637,178,"{""full_mul_calls"":9,""full_columns"":178,""fr_mul_calls"":9,""fr_columns"":178,""common"":{""operator_mul_calls"":9,""operator_columns"":178,""scalar_mul_calls"":18,""scalar_columns"":356}}","{""full_mul_calls"":10,""full_columns"":202,""fr_mul_calls"":10,""fr_columns"":202,""common"":{""operator_mul_calls"":10,""operator_columns"":202,""scalar_mul_calls"":20,""scalar_columns"":404}}",1.2251308880827494e-14,8.898864458811827e-11
184,1,24,6,2777,Previous map from this run only,63001,1.42821773309146e-14,3.7898591983497596,d0061ac0708773e1caf709ed70b9336f1f1919779224d6e3be665a4a4fa509a2,True,True,6,0.2763650417327881,160,"{""full_mul_calls"":7,""full_columns"":160,""fr_mul_calls"":7,""fr_columns"":160,""common"":{""operator_mul_calls"":7,""operator_columns"":160,""scalar_mul_calls"":14,""scalar_columns"":320}}","{""full_mul_calls"":8,""full_columns"":184,""fr_mul_calls"":8,""fr_columns"":184,""common"":{""operator_mul_calls"":8,""operator_columns"":184,""scalar_mul_calls"":16,""scalar_columns"":368}}",1.3175382142613463e-14,7.678315828588603e-11
184,2,24,6,2770,Previous map from this run only,63002,1.7111934456554803e-14,4.06551666611111,44d20901f068105a4876f1fb35a82a5a72752dfa487807b3c401650b22f56074,True,True,8,0.30263614654541016,178,"{""full_mul_calls"":9,""full_columns"":178,""fr_mul_calls"":9,""fr_columns"":178,""common"":{""operator_mul_calls"":9,""operator_columns"":178,""scalar_mul_calls"":18,""scalar_columns"":356}}","{""full_mul_calls"":10,""full_columns"":202,""fr_mul_calls"":10,""fr_columns"":202,""common"":{""operator_mul_calls"":10,""operator_columns"":202,""scalar_mul_calls"":20,""scalar_columns"":404}}",1.445831352874747e-14,7.547940051124337e-11
184,3,24,6,2770,Previous map from this run only,63003,1.539781980076508e-14,3.664927492937257,8cb9f1d11cef5d68a5e0a269761fcdb252f9d9d0236a154c5c3e37263ef284b7,True,True,8,0.29979896545410156,178,"{""full_mul_calls"":9,""full_columns"":178,""fr_mul_calls"":9,""fr_columns"":178,""common"":{""operator_mul_calls"":9,""operator_columns"":178,""scalar_mul_calls"":18,""scalar_columns"":356}}","{""full_mul_calls"":10,""full_columns"":202,""fr_mul_calls"":10,""fr_columns"":202,""common"":{""operator_mul_calls"":10,""operator_columns"":202,""scalar_mul_calls"":20,""scalar_columns"":404}}",1.3793321375058349e-14,7.642303788496897e-11
185,1,24,6,2777,Previous map from this run only,63001,1.472033070344023e-14,3.9073228323895854,a66cd81e31ed813319a12f086bb97c83ff1722824969093572538c20140cb581,True,True,6,0.271312952041626,158,"{""full_mul_calls"":7,""full_columns"":158,""fr_mul_calls"":7,""fr_columns"":158,""common"":{""operator_mul_calls"":7,""operator_columns"":158,""scalar_mul_calls"":14,""scalar_columns"":316}}","{""full_mul_calls"":8,""full_columns"":182,""fr_mul_calls"":8,""fr_columns"":182,""common"":{""operator_mul_calls"":8,""operator_columns"":182,""scalar_mul_calls"":16,""scalar_columns"":364}}",1.2987577345822429e-14,9.742017604884842e-11
185,2,24,6,2770,Previous map from this run only,63002,1.794713715715028e-14,3.8643087524241526,0a88a7c9955c838ced84a2c3fddb4e4047643301a49579c1c9dcceba7a150000,True,True,8,0.47383999824523926,177,"{""full_mul_calls"":9,""full_columns"":177,""fr_mul_calls"":9,""fr_columns"":177,""common"":{""operator_mul_calls"":9,""operator_columns"":177,""scalar_mul_calls"":18,""scalar_columns"":354}}","{""full_mul_calls"":10,""full_columns"":201,""fr_mul_calls"":10,""fr_columns"":201,""common"":{""operator_mul_calls"":10,""operator_columns"":201,""scalar_mul_calls"":20,""scalar_columns"":402}}",1.1438546730893508e-14,9.926337550109285e-11
185,3,24,6,2770,Previous map from this run only,63003,1.641895386183501e-14,3.7477691464026632,7842f2a94c2c96fd1339e312ad6e59465b7c4a0fbeb1da3efffaaab92a5271b1,True,True,8,0.29555296897888184,178,"{""full_mul_calls"":9,""full_columns"":178,""fr_mul_calls"":9,""fr_columns"":178,""common"":{""operator_mul_calls"":9,""operator_columns"":178,""scalar_mul_calls"":18,""scalar_columns"":356}}","{""full_mul_calls"":10,""full_columns"":202,""fr_mul_calls"":10,""fr_columns"":202,""common"":{""operator_mul_calls"":10,""operator_columns"":202,""scalar_mul_calls"":20,""scalar_columns"":404}}",1.2838089413202187e-14,7.812307634054649e-11
186,1,24,6,2777,Previous map from this run only,63001,1.4438223298090326e-14,3.8705817404583756,7992e83884c2e8b863ab45e739147c5a01d59b3a6429f328f4bd65447fff9dda,True,True,6,0.2723400592803955,158,"{""full_mul_calls"":7,""full_columns"":158,""fr_mul_calls"":7,""fr_columns"":158,""common"":{""operator_mul_calls"":7,""operator_columns"":158,""scalar_mul_calls"":14,""scalar_columns"":316}}","{""full_mul_calls"":8,""full_columns"":182,""fr_mul_calls"":8,""fr_columns"":182,""common"":{""operator_mul_calls"":8,""operator_columns"":182,""scalar_mul_calls"":16,""scalar_columns"":364}}",1.2026387231511195e-14,8.67679723210549e-11
186,2,24,6,2770,Previous map from this run only,63002,1.593107206409648e-14,3.659013470760288,a8fd44b9033e9f369b5bd0a15456667848568f28a86de7313db977ee4353f10d,True,True,8,0.296428918838501,173,"{""full_mul_calls"":9,""full_columns"":173,""fr_mul_calls"":9,""fr_columns"":173,""common"":{""operator_mul_calls"":9,""operator_columns"":173,""scalar_mul_calls"":18,""scalar_columns"":346}}","{""full_mul_calls"":10,""full_columns"":197,""fr_mul_calls"":10,""fr_columns"":197,""common"":{""operator_mul_calls"":10,""operator_columns"":197,""scalar_mul_calls"":20,""scalar_columns"":394}}",1.2949910759882848e-14,9.898194029080364e-11
186,3,24,6,2770,Previous map from this run only,63003,1.784829940688958e-14,4.008569667589213,00ae9c45f6399aa18a48f31552d4144ad0e031f604314656740f92919618ad3c,True,True,8,0.4676980972290039,174,"{""full_mul_calls"":9,""full_columns"":174,""fr_mul_calls"":9,""fr_columns"":174,""common"":{""operator_mul_calls"":9,""operator_columns"":174,""scalar_mul_calls"":18,""scalar_columns"":348}}","{""full_mul_calls"":10,""full_columns"":198,""fr_mul_calls"":10,""fr_columns"":198,""common"":{""operator_mul_calls"":10,""operator_columns"":198,""scalar_mul_calls"":20,""scalar_columns"":396}}",1.3239397131757235e-14,8.527943021697447e-11
187,1,24,6,2777,Previous map from this run only,63001,1.4945423653664045e-14,3.816268572361377,56f826fd7d3ed7355a5ccae41f91901705ef024aede4f8e44f8e74c6719dc647,True,True,5,0.2448279857635498,142,"{""full_mul_calls"":6,""full_columns"":142,""fr_mul_calls"":6,""fr_columns"":142,""common"":{""operator_mul_calls"":6,""operator_columns"":142,""scalar_mul_calls"":12,""scalar_columns"":284}}","{""full_mul_calls"":7,""full_columns"":166,""fr_mul_calls"":7,""fr_columns"":166,""common"":{""operator_mul_calls"":7,""operator_columns"":166,""scalar_mul_calls"":14,""scalar_columns"":332}}",1.0212356125138208e-14,9.721139300194649e-11
187,2,24,6,2770,Previous map from this run only,63002,1.5952055750926478e-14,4.134414312438433,4540d31c6d03f341f8dc65f67814ae3617b5873302438dd405499afc0541793a,True,True,8,0.2880120277404785,174,"{""full_mul_calls"":9,""full_columns"":174,""fr_mul_calls"":9,""fr_columns"":174,""common"":{""operator_mul_calls"":9,""operator_columns"":174,""scalar_mul_calls"":18,""scalar_columns"":348}}","{""full_mul_calls"":10,""full_columns"":198,""fr_mul_calls"":10,""fr_columns"":198,""common"":{""operator_mul_calls"":10,""operator_columns"":198,""scalar_mul_calls"":20,""scalar_columns"":396}}",1.2646188262929747e-14,8.67469565725269e-11
187,3,24,6,2770,Previous map from this run only,63003,1.7476043673798806e-14,3.8613232050744046,6683d89919ac59b87d2520cec24cfb6f58301f40b7150626156df4bf3d367cf5,True,True,8,0.28821897506713867,172,"{""full_mul_calls"":9,""full_columns"":172,""fr_mul_calls"":9,""fr_columns"":172,""common"":{""operator_mul_calls"":9,""operator_columns"":172,""scalar_mul_calls"":18,""scalar_columns"":344}}","{""full_mul_calls"":10,""full_columns"":196,""fr_mul_calls"":10,""fr_columns"":196,""common"":{""operator_mul_calls"":10,""operator_columns"":196,""scalar_mul_calls"":20,""scalar_columns"":392}}",1.514812722015349e-14,9.92772747952794e-11
188,1,24,6,2777,Previous map from this run only,63001,1.1916984296702093e-14,3.9734626081087248,ee0e992f98be6ffb0ede29102156ca50620907f8e99431923f593ce59c045a32,True,True,5,0.24564409255981445,142,"{""full_mul_calls"":6,""full_columns"":142,""fr_mul_calls"":6,""fr_columns"":142,""common"":{""operator_mul_calls"":6,""operator_columns"":142,""scalar_mul_calls"":12,""scalar_columns"":284}}","{""full_mul_calls"":7,""full_columns"":166,""fr_mul_calls"":7,""fr_columns"":166,""common"":{""operator_mul_calls"":7,""operator_columns"":166,""scalar_mul_calls"":14,""scalar_columns"":332}}",1.10433601078257e-14,9.162361766072161e-11
188,2,24,6,2770,Previous map from this run only,63002,1.4404830620127986e-14,3.929203870008555,da80e9c8c085bb195b9f8449747b32152552d7ba1ffa36915e1e4792cb4cb2c3,True,True,8,0.29039978981018066,172,"{""full_mul_calls"":9,""full_columns"":172,""fr_mul_calls"":9,""fr_columns"":172,""common"":{""operator_mul_calls"":9,""operator_columns"":172,""scalar_mul_calls"":18,""scalar_columns"":344}}","{""full_mul_calls"":10,""full_columns"":196,""fr_mul_calls"":10,""fr_columns"":196,""common"":{""operator_mul_calls"":10,""operator_columns"":196,""scalar_mul_calls"":20,""scalar_columns"":392}}",1.2805996989058333e-14,8.837587574556668e-11
188,3,24,6,2770,Previous map from this run only,63003,1.75715060340737e-14,3.907882147535198,1c62a4d8057173547c81a7fe8a82ba1df32c398635721d827708c2ebd6afaf9d,True,True,8,0.2870781421661377,170,"{""full_mul_calls"":9,""full_columns"":170,""fr_mul_calls"":9,""fr_columns"":170,""common"":{""operator_mul_calls"":9,""operator_columns"":170,""scalar_mul_calls"":18,""scalar_columns"":340}}","{""full_mul_calls"":10,""full_columns"":194,""fr_mul_calls"":10,""fr_columns"":194,""common"":{""operator_mul_calls"":10,""operator_columns"":194,""scalar_mul_calls"":20,""scalar_columns"":388}}",1.076999510443847e-14,9.671118539833432e-11
189,1,24,6,2777,Previous map from this run only,63001,1.3187141315013303e-14,3.9813459998037506,e29bfe7c22232fb796de20e25d7f2f13c0eb2863cec84d7288d0ad1f0f4b0e87,True,True,5,0.24579501152038574,142,"{""full_mul_calls"":6,""full_columns"":142,""fr_mul_calls"":6,""fr_columns"":142,""common"":{""operator_mul_calls"":6,""operator_columns"":142,""scalar_mul_calls"":12,""scalar_columns"":284}}","{""full_mul_calls"":7,""full_columns"":166,""fr_mul_calls"":7,""fr_columns"":166,""common"":{""operator_mul_calls"":7,""operator_columns"":166,""scalar_mul_calls"":14,""scalar_columns"":332}}",1.4516281469410456e-14,8.58586721631646e-11
189,2,24,6,2770,Previous map from this run only,63002,1.6547990003122017e-14,3.7373622424391693,05feb2ff3829448f3794be58ab21683863a72f3ac4b7eeed4dea91c053c0d95d,True,True,8,0.45940685272216797,168,"{""full_mul_calls"":9,""full_columns"":168,""fr_mul_calls"":9,""fr_columns"":168,""common"":{""operator_mul_calls"":9,""operator_columns"":168,""scalar_mul_calls"":18,""scalar_columns"":336}}","{""full_mul_calls"":10,""full_columns"":192,""fr_mul_calls"":10,""fr_columns"":192,""common"":{""operator_mul_calls"":10,""operator_columns"":192,""scalar_mul_calls"":20,""scalar_columns"":384}}",1.4978327134266093e-14,9.794256747660511e-11
189,3,24,6,2770,Previous map from this run only,63003,1.3480038571024737e-14,3.6833267181009477,63676e6cb6d83124714b2526d5a8299c6f70e1bff6b87cd045f70a4574b6d1e3,True,True,8,0.28232812881469727,168,"{""full_mul_calls"":9,""full_columns"":168,""fr_mul_calls"":9,""fr_columns"":168,""common"":{""operator_mul_calls"":9,""operator_columns"":168,""scalar_mul_calls"":18,""scalar_columns"":336}}","{""full_mul_calls"":10,""full_columns"":192,""fr_mul_calls"":10,""fr_columns"":192,""common"":{""operator_mul_calls"":10,""operator_columns"":192,""scalar_mul_calls"":20,""scalar_columns"":384}}",1.2285072250533516e-14,9.944054183797413e-11
190,1,24,6,2777,Previous map from this run only,63001,1.8022499692053217e-14,3.956275720630243,4e63ad3fe28c0f2f88059cfe9ce0d2ae340bfe7a5176a4b3c57ebe58967ef692,True,True,5,0.2455580234527588,142,"{""full_mul_calls"":6,""full_columns"":142,""fr_mul_calls"":6,""fr_columns"":142,""common"":{""operator_mul_calls"":6,""operator_columns"":142,""scalar_mul_calls"":12,""scalar_columns"":284}}","{""full_mul_calls"":7,""full_columns"":166,""fr_mul_calls"":7,""fr_columns"":166,""common"":{""operator_mul_calls"":7,""operator_columns"":166,""scalar_mul_calls"":14,""scalar_columns"":332}}",1.1018020336347162e-14,8.012632536572937e-11
190,2,24,6,2770,Previous map from this run only,63002,1.6909856448270075e-14,3.6906618678072642,b577fa4d15ca6b1ae10519af1bce171c224e602c60163ad8fa62d5d0cb66d021,True,True,8,0.2787609100341797,166,"{""full_mul_calls"":9,""full_columns"":166,""fr_mul_calls"":9,""fr_columns"":166,""common"":{""operator_mul_calls"":9,""operator_columns"":166,""scalar_mul_calls"":18,""scalar_columns"":332}}","{""full_mul_calls"":10,""full_columns"":190,""fr_mul_calls"":10,""fr_columns"":190,""common"":{""operator_mul_calls"":10,""operator_columns"":190,""scalar_mul_calls"":20,""scalar_columns"":380}}",1.1207382563626038e-14,9.264134357254788e-11
190,3,24,6,2770,Previous map from this run only,63003,1.7669395465457416e-14,3.9337618299943498,8b1a705b498c19d144d4725e36ab0b0544b977cf4db7e89fd56cc46fd4b7d9ab,True,True,8,0.2999699115753174,166,"{""full_mul_calls"":9,""full_columns"":166,""fr_mul_calls"":9,""fr_columns"":166,""common"":{""operator_mul_calls"":9,""operator_columns"":166,""scalar_mul_calls"":18,""scalar_columns"":332}}","{""full_mul_calls"":10,""full_columns"":190,""fr_mul_calls"":10,""fr_columns"":190,""common"":{""operator_mul_calls"":10,""operator_columns"":190,""scalar_mul_calls"":20,""scalar_columns"":380}}",1.2892998899772452e-14,9.246942923438723e-11
191,1,24,6,2777,Previous map from this run only,63001,1.3548448530421502e-14,3.9811356787877683,5942f7ec0df07135c00242df9e0dcae87e7762c955367b54241877bbb2c7646a,True,True,7,0.3367149829864502,192,"{""full_mul_calls"":8,""full_columns"":192,""fr_mul_calls"":8,""fr_columns"":192,""common"":{""operator_mul_calls"":8,""operator_columns"":192,""scalar_mul_calls"":16,""scalar_columns"":384}}","{""full_mul_calls"":9,""full_columns"":216,""fr_mul_calls"":9,""fr_columns"":216,""common"":{""operator_mul_calls"":9,""operator_columns"":216,""scalar_mul_calls"":18,""scalar_columns"":432}}",1.3536600340904929e-14,9.969270277980549e-11
191,2,24,6,2770,Previous map from this run only,63002,1.4016655168027505e-14,4.057920679098409,f294c407d0627018340276ff54d0a93ea2ec6d201c9be3913d4bac2da57aa927,True,True,11,0.40929698944091797,228,"{""full_mul_calls"":12,""full_columns"":228,""fr_mul_calls"":12,""fr_columns"":228,""common"":{""operator_mul_calls"":12,""operator_columns"":228,""scalar_mul_calls"":24,""scalar_columns"":456}}","{""full_mul_calls"":13,""full_columns"":252,""fr_mul_calls"":13,""fr_columns"":252,""common"":{""operator_mul_calls"":13,""operator_columns"":252,""scalar_mul_calls"":26,""scalar_columns"":504}}",1.4741437109303966e-14,9.006020577253493e-11
191,3,24,6,2770,Previous map from this run only,63003,1.8119152556168585e-14,3.5413787630614184,4f298a7f28c81682f9d8e6abc1dcf11cf9dec774008178186b5165b227b80f02,True,True,11,0.555229902267456,228,"{""full_mul_calls"":12,""full_columns"":228,""fr_mul_calls"":12,""fr_columns"":228,""common"":{""operator_mul_calls"":12,""operator_columns"":228,""scalar_mul_calls"":24,""scalar_columns"":456}}","{""full_mul_calls"":13,""full_columns"":252,""fr_mul_calls"":13,""fr_columns"":252,""common"":{""operator_mul_calls"":13,""operator_columns"":252,""scalar_mul_calls"":26,""scalar_columns"":504}}",1.3934765804911766e-14,8.940977061280028e-11
