map_index,map_role,status,unmixed_residual_l2,mixed_step_l2,actual_next_step_l2,density_candidate,closure_checks_passed,next_density_source,failure_reason,n_in_sha256,n_in_electron_count,n_out_sha256,n_out_electron_count,n_next_sha256,n_next_electron_count,target_states,max_input_h_residual_ha,max_gram_norm,potential_sha256,potential_norm,potential_change_norm,probe_action_sha256,probe_action_norm,internal_energy_ha,entropy_dimensionless,entropy_energy_ha,free_energy_ha,free_energy_arithmetic_error_ha,real_electron_count,orbital_electron_count,pauli_density_relative_l2,max_self_density_h_residual_ha,max_self_rayleigh_residual_ha,mu_ha,electron_residual,electrons_per_k_unweighted,electrons_per_k_weighted,occupation_minimum,occupation_maximum,numerical_plateau,mu_selection_rule,highest_two,iterations,occupation_stationarity_max_abs_ha,magnetization_integral,energy_terms_ha,band_status,band_max_top_occupation,rayleigh_occupation_max_difference
1,iteration,CONTINUE,4.069221362832867,0.4069221362832867,0.4069221362832867,False,False,linear_mixing,,11eb4f97b96eee6fa607f2bccf763526609bf19164519a4c515ab550121449c1,10.000000000000004,36dae5dbaa424acbb3008b832e1cbc1587bd2a44571aa767fd85f44d76d72b14,10.000000000000036,f6526644594092801de0188f70fca1b595dc33db011558366accc0c2846519c4,10.000000000000004,24,7.757191169604759e-11,4.624325122858059e-14,17c9f6851656f4b0440d632c709e1e039e74b26de8f5bc2686e703e6e6946fee,282.49181271902955,,6bde821028ec61956e7240122ed647d36f64d8a20622c643ca2afcf3969ebb8c,9.66453998381515,-53.33046239986392,6.403178863165023e-147,-6.403178863165024e-150,-53.33046239986392,6.403178863165024e-150,10.000000000000036,10.00000000000004,2.1449491753925794e-13,8.759198880978946,1.977724589822989,-2.7678977535815834,0.0,"[10.0,10.0,10.0]","[3.333333333333333,3.333333333333333,3.333333333333333]",1.7827270089943901e-304,1.0,True,"Midpoint of the global spectral gap; Float64 counts equal at its 1/4,1/2,3/4 points","[[5.813594311176252e-304,5.813594311171626e-304],[1.7830379844650709e-304,1.7827270089943901e-304],[1.7830379844770305e-304,1.7827270090197241e-304]]",0,0.0,"[-1.9798841991618165e-15,-6.418466846229724e-15,-1.1828871207795448e-15]","{""PspCorrection"":0.09187494522099392,""Ewald"":-14.186487397403095,""Kinetic"":41.965100797308295,""AtomicNonlocalFR"":-17.56149606352382,""AtomicLocal"":-94.89658195804644,""Hartree"":39.985367503773055,""Xc"":-8.72824022719291}",PASS,5.813594311176252e-304,0.9999999999999999
2,iteration,CONTINUE,3.6424850047133503,0.36424850047133506,0.36424850047133506,False,False,linear_mixing,,f6526644594092801de0188f70fca1b595dc33db011558366accc0c2846519c4,10.000000000000004,4d37457d2f18c63c32655dfb8ea35803aa558d26a85c3634121513bc76b2a658,10.000000000000023,e8e4eb5fb8f2041a36dd0696c87cb8921ed7b99dc43957913d2cf0d223928896,10.000000000000007,24,9.622952138041567e-11,4.0438657781572075e-14,816525eb664097abab2cfb65141b7eae1200026890a31c5ad562299791f58d09,262.35367308987287,21.566954149433325,48f675da4233e048bd4b8d2269639f40f1ea4d4c4c9ac3202a1c4d161f0907ce,9.661055976456487,-53.60452012601084,2.2131887328422204e-147,-2.2131887328422205e-150,-53.60452012601084,2.2131887328422205e-150,10.000000000000023,10.000000000000027,1.3144842275079162e-13,8.168133880039807,1.884620972849218,-2.3682889440461485,0.0,"[10.0,10.0,10.0]","[3.333333333333333,3.333333333333333,3.333333333333333]",2.5076034645048843e-271,1.0,True,"Midpoint of the global spectral gap; Float64 counts equal at its 1/4,1/2,3/4 points","[[6.900388567561619e-271,6.900388567510628e-271],[2.508842419246156e-271,2.5076034645048843e-271],[2.50884241923874e-271,2.5076034645048843e-271]]",0,0.0,"[1.112853892811335e-14,-1.0756529718436613e-15,-9.306322371033803e-16]","{""PspCorrection"":0.09187494522099392,""Ewald"":-14.186487397403095,""Kinetic"":41.540983770692975,""AtomicNonlocalFR"":-17.541281277197065,""AtomicLocal"":-94.48341899943154,""Hartree"":39.65498397087278,""Xc"":-8.681175138765887}",PASS,6.900388567561619e-271,1.0
3,iteration,CONTINUE,3.2314864887163774,0.3231486488716378,0.3231486488716378,False,False,linear_mixing,,e8e4eb5fb8f2041a36dd0696c87cb8921ed7b99dc43957913d2cf0d223928896,10.000000000000007,d2f2c6af108098608af1464227ea0d65ec651f12cae6c0dead70e6568bbcc616,10.000000000000032,c625b8377db4350c857a1662dfe45b27c4f4aed6d97241d2caa196f3c2293f24,10.000000000000007,24,9.62686281842304e-11,3.47275829935836e-14,a6a0d1f0c0dc9f8624e4ec26afc7993cebb2b0f5851da7d63989d4eed40c5c10,242.1710969721358,20.85843604440327,995632022f7fb0a00bfa0fb3696f695200d9525edb4e6b8bb7cedc301a948004,9.658951545120471,-54.06494933728546,3.9546052389181185e-151,-3.954605238918118e-154,-54.06494933728546,3.954605238918118e-154,10.000000000000032,10.000000000000034,3.0486704214430314e-13,7.31934352724297,1.728393085710049,-1.9831277783678058,0.0,"[10.0,10.0,10.0]","[3.333333333333333,3.333333333333333,3.333333333333333]",5.424988029498471e-229,1.0,True,"Midpoint of the global spectral gap; Float64 counts equal at its 1/4,1/2,3/4 points","[[1.2798860532883955e-228,1.2798860532728263e-228],[5.428070458447867e-229,5.424988029608253e-229],[5.4280704584855104e-229,5.424988029498471e-229]]",0,0.0,"[-1.0223440906907331e-14,-1.5949039130625395e-15,-8.044397964053805e-15]","{""PspCorrection"":0.09187494522099392,""Ewald"":-14.186487397403095,""Kinetic"":40.60662311834646,""AtomicNonlocalFR"":-17.34581939592612,""AtomicLocal"":-93.69603353666179,""Hartree"":39.0573094171588,""Xc"":-8.592416488020712}",PASS,1.2798860532883955e-228,0.9999999999996476
4,iteration,CONTINUE,2.859061495028486,0.28590614950284865,0.28590614950284865,False,False,linear_mixing,,c625b8377db4350c857a1662dfe45b27c4f4aed6d97241d2caa196f3c2293f24,10.000000000000007,e66658c0bbfb6d1c46422aab46d3d4ae13f0c287e85123061dbace2e5113c747,10.00000000000002,043edc7846a49cad5ec5d15c5239329866466d03e6b27042ac3c95752430d8f1,10.00000000000001,24,9.125042422165436e-11,3.47647707422678e-14,d4a0742c45c54813bdd57717899739894a9856d0639aa7a639351713f567356e,223.7994552977285,18.984118165084098,edf997f12be7a302834a63d4c49e271458000000752bcec7a67aff3afa58906d,9.657997388009553,-54.5153725610428,7.476513131610396e-154,-7.476513131610396e-157,-54.5153725610428,7.476513131610396e-157,10.00000000000002,10.000000000000021,3.962413325328489e-13,6.515346138675428,1.5653791552911303,-1.643075723792871,0.0,"[10.0,10.0,10.0]","[3.333333333333333,3.333333333333333,3.333333333333333]",1.6873924283940316e-189,1.0,True,"Midpoint of the global spectral gap; Float64 counts equal at its 1/4,1/2,3/4 points","[[3.42501183827818e-189,3.4250118382774014e-189],[1.6889292005304333e-189,1.6873924284158047e-189],[1.6889292005120965e-189,1.6873924283940316e-189]]",0,0.0,"[2.1658540202075205e-15,1.4847588917382995e-15,-4.0700266800228235e-15]","{""PspCorrection"":0.09187494522099392,""Ewald"":-14.186487397403095,""Kinetic"":39.64601784481866,""AtomicNonlocalFR"":-17.1381869926066,""AtomicLocal"":-92.84397669304168,""Hartree"":38.41359164004305,""Xc"":-8.498205908074123}",PASS,3.42501183827818e-189,0.9950258320396941
5,iteration,CONTINUE,2.52375575772024,0.252375575772024,0.252375575772024,False,False,linear_mixing,,043edc7846a49cad5ec5d15c5239329866466d03e6b27042ac3c95752430d8f1,10.00000000000001,5424612a92c6901bcbb9d5a0fd119df2152e5762f3c54e97e21564fafda62749,10.000000000000028,2279d452a2a865e643a0b7cfda69747c8cc487d3394fa104ee9a678cf5218e32,10.000000000000014,24,9.657451502715856e-11,3.456759184483952e-14,1284409b0a26c8a6f3a4a88564da5c20ef33a6d3a441523682a20147e9e2d143,207.2994972424223,17.096358747975806,a6c867da901cda782ca1fd45b7cd8a0feb3012b2066928a808b1769eb33f70f7,9.65797594426124,-54.93198732720183,3.201012325137231e-153,-3.201012325137231e-156,-54.93198732720183,3.201012325137231e-156,10.000000000000028,10.00000000000003,3.0402850572876273e-13,5.7774145729127495,1.4053859876219885,-1.3553192027705832,0.0,"[10.0,10.0,10.0]","[3.333333333333333,3.333333333333333,3.333333333333333]",2.2639089349728595e-161,1.0,True,"Midpoint of the global spectral gap; Float64 counts equal at its 1/4,1/2,3/4 points","[[2.486530026854681e-161,2.4865300268416777e-161],[2.2658408355236108e-161,2.2639089349728595e-161],[2.2658408355138223e-161,2.2639089349760766e-161]]",0,0.0,"[4.879809011452098e-15,6.086440344916841e-16,-7.317371220361479e-17]","{""PspCorrection"":0.09187494522099392,""Ewald"":-14.186487397403095,""Kinetic"":38.7047766584718,""AtomicNonlocalFR"":-16.926539655623124,""AtomicLocal"":-91.96641333493196,""Hartree"":37.753916668666186,""Xc"":-8.40311521160263}",PASS,2.486530026854681e-161,0.00032368023372232623
6,iteration,CONTINUE,2.222997674492978,0.22229976744929789,0.22229976744929789,False,False,linear_mixing,,2279d452a2a865e643a0b7cfda69747c8cc487d3394fa104ee9a678cf5218e32,10.000000000000014,eabedd1682084e05e92ec86b683e993c5a87a5ad400a4e88a6fc888553f015b7,10.00000000000004,cdf803775209156f241676de5feac7aa9de6ceec1ac662d810f02f51abb5b2dc,10.000000000000014,24,8.305795957598658e-11,3.6965275035332743e-14,7164839d728a11af2498e92b3ee0d9640484249180a5dc48df3be0c3d97033dc,192.5707485872025,15.320629552830992,2473d297a3014e98c42e3647644abb639c2c81bdc364fc745e3a96df2b618dba,9.65870146492763,-55.307008917537715,1.5066933114186674e-138,-1.5066933114186674e-141,-55.307008917537715,1.5066933114186674e-141,10.00000000000004,10.000000000000044,2.581247945370674e-13,5.10816679866822,1.252752194051113,-1.1402418335311335,0.0,"[10.0,10.0,10.0]","[3.333333333333333,3.333333333333333,3.333333333333333]",1.851111643804259e-175,1.0,True,"Midpoint of the global spectral gap; Float64 counts equal at its 1/4,1/2,3/4 points","[[1.851111643810888e-175,1.851111643804259e-175],[1.9080183702170268e-175,1.9080070462530522e-175],[1.9080183702164845e-175,1.9080070462768045e-175]]",0,0.0,"[-1.5111141250824362e-15,-3.0305047274753435e-15,-3.3397671440974342e-15]","{""PspCorrection"":0.09187494522099392,""Ewald"":-14.186487397403095,""Kinetic"":37.80167928970292,""AtomicNonlocalFR"":-16.714952314513308,""AtomicLocal"":-91.08313941678345,""Hartree"":37.093248581661584,""Xc"":-8.309232605423352}",PASS,1.9080183702170268e-175,7.398437734040085e-08
7,iteration,CONTINUE,1.9540444255433784,0.19540444255433792,0.19540444255433792,False,False,linear_mixing,,cdf803775209156f241676de5feac7aa9de6ceec1ac662d810f02f51abb5b2dc,10.000000000000014,cfc370e5118bc291f16c411d05df01a8ec91c628402f47d77701c8362a23a045,10.000000000000005,0cae2c37036472413ef01c3dd3af6b76f9ea27164a0c299488cb8880599f0e2b,10.000000000000014,24,9.876809377967283e-11,3.1616620212793965e-14,6318a28e19ad20e8171254c9eb4b671642087746ebb7c06ded307ef040789a32,179.477268098288,13.680183881024007,ec895fe8ad3f15064fd0da19fd388f0a86983c66f746d56d0d01d53886af6aea,9.660014176687667,-55.638484678808005,1.4145695748901182e-125,-1.4145695748901182e-128,-55.638484678808005,1.4145695748901182e-128,10.000000000000005,10.000000000000005,1.3937312271896596e-13,4.5051604589018,1.1098356613604312,-0.9577689959358852,0.0,"[10.0,10.0,10.0]","[3.333333333333333,3.333333333333333,3.333333333333333]",5.902508888041985e-185,1.0,True,"Midpoint of the global spectral gap; Float64 counts equal at its 1/4,1/2,3/4 points","[[5.902508888044668e-185,5.902508888041985e-185],[6.441580550128174e-185,6.441573147724813e-185],[6.441580550100712e-185,6.441573147727742e-185]]",0,0.0,"[4.587390073407861e-15,-5.585609587629967e-16,2.5842037826571334e-15]","{""PspCorrection"":0.09187494522099392,""Ewald"":-14.186487397403095,""Kinetic"":36.94637533579759,""AtomicNonlocalFR"":-16.506362153856664,""AtomicLocal"":-90.2074080636465,""Hartree"":36.44128107934377,""Xc"":-8.217758424264108}",PASS,6.441580550128174e-185,3.0672281527850885e-11
8,iteration,CONTINUE,1.7142038126350576,0.17142038126350587,0.17142038126350587,False,False,linear_mixing,,0cae2c37036472413ef01c3dd3af6b76f9ea27164a0c299488cb8880599f0e2b,10.000000000000014,693311f75614e76b047412752265fe24d37a4071c2d0fae58bedb43c02500a73,10.00000000000002,e331ba57ca39371b17edd729e055848cd071604d8d8d7d5b9a7b2a887cab2310,10.000000000000016,24,7.87031227815635e-11,3.185006453028454e-14,da97bd4eb5e13b04024d8468576d1c9c476903dedf31037750d2757b6527a3d5,167.8759329599872,12.17994425756769,94ffe992b4fcf6a2f21cb743b026ba6d823f4d2d063a7c14b59799d64f5cd3be,9.661779779643636,-55.92731412954366,3.853159773029207e-114,-3.853159773029207e-117,-55.92731412954366,3.853159773029207e-117,10.00000000000002,10.000000000000023,1.951401208204049e-13,3.964205956259346,0.9778785685739395,-0.8038068694472689,0.0,"[10.0,10.0,10.0]","[3.333333333333333,3.333333333333333,3.333333333333333]",3.175235503086437e-190,1.0,True,"Midpoint of the global spectral gap; Float64 counts equal at its 1/4,1/2,3/4 points","[[3.175235503088242e-190,3.175235503086437e-190],[3.900811959446987e-190,3.9008113329666757e-190],[3.9008119594498693e-190,3.900811332977541e-190]]",0,0.0,"[-2.5277974352862676e-15,5.0459508824691075e-15,-1.4316778101006453e-15]","{""PspCorrection"":0.09187494522099392,""Ewald"":-14.186487397403095,""Kinetic"":36.144077454869674,""AtomicNonlocalFR"":-16.30318137955148,""AtomicLocal"":-89.34911121451297,""Hartree"":35.804970947535594,""Xc"":-8.129457485702368}",PASS,3.9008119594498693e-190,1.1191048088221578e-13
9,iteration,CONTINUE,1.5009074750808349,0.1500907475080836,0.1500907475080836,False,False,linear_mixing,,e331ba57ca39371b17edd729e055848cd071604d8d8d7d5b9a7b2a887cab2310,10.000000000000016,891e5dbfa0bbf3bab71fbc7483454f44b982674e89c566b1c7ef13f0c869bcf7,10.000000000000018,e80bba8c9436a42c1e8cb96cdeca47cd77fb442b02bf703439000e81995ff76c,10.000000000000018,24,9.82538323166248e-11,2.981680023281458e-14,934a79b3f3231a513835a6dd2a8dfaf0c4c0d32a3dca01d08f1930f12f213f9d,157.62628598422114,10.81877902613737,5f9350a0511b0139fac83d0ddb2395731d038f2c0fd1c3fc56af01d996fc6b01,9.663885036631314,-56.17593683462681,4.545362132874594e-104,-4.5453621328745937e-107,-56.17593683462681,4.5453621328745937e-107,10.000000000000018,10.000000000000021,1.0557229484102984e-13,3.480533367575451,0.8574475219995616,-0.6745823441250919,0.0,"[10.0,10.0,10.0]","[3.333333333333333,3.333333333333333,3.333333333333333]",7.406115579963937e-192,1.0,True,"Midpoint of the global spectral gap; Float64 counts equal at its 1/4,1/2,3/4 points","[[7.40611557996941e-192,7.406115579963937e-192],[1.2592404335322269e-191,1.2592374120807271e-191],[1.2592404335318689e-191,1.259237412079868e-191]]",0,0.0,"[-7.578288709426012e-15,-2.525051402644944e-15,-5.274605934078469e-15]","{""PspCorrection"":0.09187494522099392,""Ewald"":-14.186487397403095,""Kinetic"":35.397416668528706,""AtomicNonlocalFR"":-16.107444383682058,""AtomicLocal"":-88.51598283201106,""Hartree"":35.18953849745688,""Xc"":-8.04485233273717}",PASS,1.2592404335322269e-191,1.0620051934432321e-16
10,iteration,CONTINUE,1.3117311088905215,0.13117311088905226,0.13117311088905226,False,False,linear_mixing,,e80bba8c9436a42c1e8cb96cdeca47cd77fb442b02bf703439000e81995ff76c,10.000000000000018,d3e65b5b5e7bc7be961c8135288cc1acc7049661b08d6e61269859f4bcbda223,10.000000000000025,06625278465f165b3996c856528a0efe96c2f5a7e5bd7be7bac7ecfb00efa83b,10.00000000000002,24,9.857634002006694e-11,3.477476162712412e-14,93d6c52702cacc13cc3dbd38ea2c88803ec79c6902ce7c719ead678bde3328c5,148.59542453827143,9.58888462997579,77502d5540667f6799475851153d7355c12738884e9267c69f3172d7c0d53b92,9.666231500583928,-56.387686793917595,3.2365757443364244e-95,-3.2365757443364243e-98,-56.387686793917595,3.2365757443364243e-98,10.000000000000025,10.000000000000028,2.777561481867951e-13,3.049264640922489,0.7486303212466162,-0.5667507534880214,0.0,"[10.0,10.0,10.0]","[3.333333333333333,3.333333333333333,3.333333333333333]",1.3025871618806144e-190,1.0,True,"Midpoint of the global spectral gap; Float64 counts equal at its 1/4,1/2,3/4 points","[[1.3025871618809847e-190,1.3025871618806144e-190],[4.735177165645303e-190,4.73516300094939e-190],[4.735177165652839e-190,4.735163000955312e-190]]",0,0.0,"[2.971792694926521e-15,-1.282886480199064e-15,5.994595011884304e-15]","{""PspCorrection"":0.09187494522099392,""Ewald"":-14.186487397403095,""Kinetic"":34.70721854833038,""AtomicNonlocalFR"":-15.920825562480072,""AtomicLocal"":-87.71395699448372,""Hartree"":34.598791442779074,""Xc"":-7.9643017758811565}",PASS,4.735177165652839e-190,1.3810752080479236e-16
11,iteration,CONTINUE,1.1443960649981892,0.11443960649981899,0.11443960649981899,False,False,linear_mixing,,06625278465f165b3996c856528a0efe96c2f5a7e5bd7be7bac7ecfb00efa83b,10.00000000000002,9119b88324913974b81172d9bf8dcf7c8b8a41d6fcc2ea5e3da92e835a068f08,10.000000000000023,62ca1e79c62eff32cba0a5aaeb1d8b99b620ee8e11bc5c9bd4552da3e55bc025,10.000000000000018,24,9.054045898915821e-11,3.34976004862386e-14,578fc1ca60e4644441ce44f20f247fcff68a0d05319b20067674690bce80a195,140.65988641500837,8.47748131584903,172091585e9bf4fd9da2b7f52cd957f782c57752a6df658276427732b136bd44,9.668732787403258,-56.56639291191861,2.1427643869187525e-87,-2.1427643869187525e-90,-56.56639291191861,2.1427643869187525e-90,10.000000000000023,10.000000000000025,3.961233123127362e-14,2.665618917283127,0.6511029962727386,-0.4773510781115913,0.0,"[10.0,10.0,10.0]","[3.333333333333333,3.333333333333333,3.333333333333333]",2.458010697525394e-187,1.0,True,"Midpoint of the global spectral gap; Float64 counts equal at its 1/4,1/2,3/4 points","[[2.458010697525673e-187,2.458010697525394e-187],[3.7404713743241795e-186,3.740457734503184e-186],[3.7404713743241795e-186,3.740457734504034e-186]]",0,0.0,"[-5.740951831218339e-15,-2.6662072075763756e-15,4.009086395015523e-15]","{""PspCorrection"":0.09187494522099392,""Ewald"":-14.186487397403095,""Kinetic"":34.07288703697527,""AtomicNonlocalFR"":-15.74463120161725,""AtomicLocal"":-86.94720762769467,""Hartree"":34.03519395410795,""Xc"":-7.888022621507816}",PASS,3.7404713743241795e-186,1.3322676295501878e-15
12,iteration,CONTINUE,0.9967712121412554,0.09967712121412559,0.09967712121412559,False,False,linear_mixing,,62ca1e79c62eff32cba0a5aaeb1d8b99b620ee8e11bc5c9bd4552da3e55bc025,10.000000000000018,2f0875babced96058a543b75126805072b9e53953d9e6d7cdb9210eea4591a53,10.000000000000014,74db81d7afe90d6c360ec8234dee4f663cbc75afa9b79558e5ae22d6dc87df3b,10.000000000000018,24,9.88410266043095e-11,3.2605883334339474e-14,9f0815de7298ea40c98da7bba8e24c09b586d7094dc382db16736c55dcbe174f,133.705589728658,7.4720090660549126,c031f8831bd1ca0b59a21f5562a76bd26b2672383e662293796289a611dcf1f0,9.67131644051373,-56.71602997942936,2.3981071110982255e-80,-2.3981071110982256e-83,-56.71602997942936,2.3981071110982256e-83,10.000000000000014,10.000000000000018,1.9906401642984833e-13,2.3250246901306637,0.5642474998590933,-0.40355860200998717,0.0,"[10.0,10.0,10.0]","[3.333333333333333,3.333333333333333,3.333333333333333]",9.271610949787326e-183,1.0,True,"Midpoint of the global spectral gap; Float64 counts equal at its 1/4,1/2,3/4 points","[[9.27161094978838e-183,9.271610949787326e-183],[7.3034481116260854e-180,7.3034412834756935e-180],[7.3034481116260854e-180,7.303441283476109e-180]]",0,0.0,"[-4.856001969440631e-15,4.987455608881012e-15,-5.6514368269327715e-15]","{""PspCorrection"":0.09187494522099392,""Ewald"":-14.186487397403095,""Kinetic"":33.492776523990955,""AtomicNonlocalFR"":-15.579803728061293,""AtomicLocal"":-86.21834116008407,""Hartree"":33.500061656520984,""Xc"":-7.816110819613836}",PASS,7.3034481116260854e-180,1.0
13,iteration,CONTINUE,0.8668787009410891,0.086687870094109,0.086687870094109,False,False,linear_mixing,,74db81d7afe90d6c360ec8234dee4f663cbc75afa9b79558e5ae22d6dc87df3b,10.000000000000018,63cd58c05ec19b1c57f45f7473c04329898bd078befe1e809f222a9297990834,10.00000000000004,25101252e5796373fc090b3c3bb92a4168ee6a0a921ae7666eaf90b6a6dbf234,10.00000000000002,24,9.667583320620597e-11,3.5131013776494505e-14,7407e0134aa302af105cf147e12f53b7dbb1bda3da8fa398e54381fbaefd162e,127.62731822585692,6.563275827150182,6d5332df2db2dbec2213d662ef96714500995f791bc8921b6d2b83f39ace5bc3,9.673926439262644,-56.840420315014775,5.634808863055031e-74,-5.634808863055031e-77,-56.840420315014775,5.634808863055031e-77,10.00000000000004,10.00000000000004,1.0090710421135365e-13,2.023206073784628,0.487266575531176,-0.3429859784597925,0.0,"[10.0,10.0,10.0]","[3.333333333333333,3.333333333333333,3.333333333333333]",1.2620378499646585e-177,1.0,True,"Midpoint of the global spectral gap; Float64 counts equal at its 1/4,1/2,3/4 points","[[1.262037849964802e-177,1.2620378499646585e-177],[1.901200598273815e-172,1.9011969501642952e-172],[1.9012005982732746e-172,1.9011969501642952e-172]]",0,0.0,"[-4.921404596834357e-16,-6.2687993583940525e-15,-2.601683918871559e-15]","{""PspCorrection"":0.09187494522099392,""Ewald"":-14.186487397403095,""Kinetic"":32.96462265627663,""AtomicNonlocalFR"":-15.426945184875928,""AtomicLocal"":-85.5288912801355,""Hartree"":32.993995929860176,""Xc"":-7.748589983958056}",PASS,1.901200598273815e-172,0.9999999999999993
14,iteration,CONTINUE,0.7528979548470079,0.07528979548470087,0.07528979548470087,False,False,linear_mixing,,25101252e5796373fc090b3c3bb92a4168ee6a0a921ae7666eaf90b6a6dbf234,10.00000000000002,261993ffde808eba48e9afaf01574315690d65c5f32ee7f88fe579c419a9c170,10.000000000000007,a4612ac6e7bc77a28aeea50317e8ad2df704f560af4f085952c782567ba3f9e6,10.000000000000021,24,9.94605874587867e-11,2.98043860374046e-14,bd40603d770a22274e2ecc1f6111be7aca8822d766c7474d0cfd363376251d25,122.3285043163268,5.745183688295065,05a3355125d1858b3cae4da6bb41dd7db36d041d813e9deeabedb8ad7c38bb8f,9.676522500818306,-56.943042500576084,3.0817580562118066e-68,-3.0817580562118065e-71,-56.943042500576084,3.0817580562118065e-71,10.000000000000007,10.000000000000005,6.515783186333704e-14,1.756247431631576,0.4193017345721535,-0.29359490016954015,0.0,"[10.0,10.0,10.0]","[3.333333333333333,3.333333333333333,3.333333333333333]",1.735858680690715e-172,1.0,True,"Midpoint of the global spectral gap; Float64 counts equal at its 1/4,1/2,3/4 points","[[1.7358586806911096e-172,1.735858680690715e-172],[2.342551371915117e-164,2.342546055461027e-164],[2.3425513719155165e-164,2.3425460554627583e-164]]",0,0.0,"[-4.909055042002919e-15,5.839219758647658e-15,2.433648338272614e-15]","{""PspCorrection"":0.09187494522099392,""Ewald"":-14.186487397403095,""Kinetic"":32.48592030956596,""AtomicNonlocalFR"":-15.28635197734939,""AtomicLocal"":-84.87993064293977,""Hartree"":32.517399220599685,""Xc"":-7.685466958270475}",PASS,2.3425513719155165e-164,0.02287365223595068
15,iteration,CONTINUE,0.653162685466197,0.06531626854661979,0.06531626854661979,False,False,linear_mixing,,a4612ac6e7bc77a28aeea50317e8ad2df704f560af4f085952c782567ba3f9e6,10.000000000000021,d3066fa8c2e2eaf6f810d35e09b96aecb48dadec0106fa7986fa86fcfc6935fa,10.00000000000005,1430c65736271003ac9afdd061789fb8360ef5139c19dae833d82754ca9841a8,10.000000000000025,24,9.291673989145969e-11,3.978965107289571e-14,835c5d100b8ffca0e1d068e43502781c666a2e01cc21e130ccb726dd804001a3,117.72123580131039,5.013020747100001,a2b1bca2ffb0e69a9890865f622391ebd62d035fcb2f4efa8ee9f6079be7eb00,9.679075597580312,-57.02696948711183,4.399342014851755e-63,-4.3993420148517555e-66,-57.02696948711183,4.3993420148517555e-66,10.00000000000005,10.000000000000052,1.0419865703297969e-14,1.5206231525731622,0.35958570138449597,-0.25359364800307405,0.0,"[10.0,10.0,10.0]","[3.333333333333333,3.333333333333333,3.333333333333333]",9.744077836833572e-168,1.0,True,"Midpoint of the global spectral gap; Float64 counts equal at its 1/4,1/2,3/4 points","[[9.744077836841327e-168,9.744077836833572e-168],[4.057677439507702e-156,4.0576694309428247e-156],[4.057677439511162e-156,4.0576694309467455e-156]]",0,0.0,"[-1.0689961747090156e-14,3.879812602817654e-15,-3.611366323031892e-15]","{""PspCorrection"":0.09187494522099392,""Ewald"":-14.186487397403095,""Kinetic"":32.05414765988449,""AtomicNonlocalFR"":-15.15805249607974,""AtomicLocal"":-84.2725331650891,""Hartree"":32.07085158625357,""Xc"":-7.62677061989894}",PASS,4.057677439511162e-156,9.502100096198317e-11
16,iteration,CONTINUE,0.5661503740179983,0.05661503740179988,0.05661503740179988,False,False,linear_mixing,,1430c65736271003ac9afdd061789fb8360ef5139c19dae833d82754ca9841a8,10.000000000000025,27de5daf46dae2e0d1320d3eea1804b083748ccda7e10a03a4e584d8cdaad051,10.000000000000034,0ac51a397292ef48b40da6f0be4a88febd087e6d95e7ea231e3815c287c07fc7,10.000000000000021,24,9.861768596774067e-11,3.580245936492223e-14,68d49deaa96dbf719cf5b431f7f9428bb644f98e88beff368c0bfbc0ec3df2a7,113.72606624125305,4.361083747184591,aab66daee1bf8d573ae808931a84fb1c30392997ee6653c59f2ce27a261a0ec3,9.681562060447236,-57.09490002077443,1.769315625223136e-58,-1.769315625223136e-61,-57.09490002077443,1.769315625223136e-61,10.000000000000034,10.000000000000036,5.776844195431786e-15,1.313185748835974,0.30740220166652044,-0.2213785262373485,0.0,"[10.0,10.0,10.0]","[3.333333333333333,3.333333333333333,3.333333333333333]",1.3803681299493702e-163,1.0,True,"Midpoint of the global spectral gap; Float64 counts equal at its 1/4,1/2,3/4 points","[[1.380368129950704e-163,1.3803681299493702e-163],[2.6205384363394545e-148,2.6205349149259662e-148],[2.620538436340944e-148,2.6205349149255192e-148]]",0,0.0,"[1.2053879966055497e-15,1.0088871163648367e-14,-9.141718292957753e-16]","{""PspCorrection"":0.09187494522099392,""Ewald"":-14.186487397403095,""Kinetic"":31.666822512034507,""AtomicNonlocalFR"":-15.041844236537482,""AtomicLocal"":-83.70793135397571,""Hartree"":31.655223471008565,""Xc"":-7.572557961122217}",PASS,2.620538436340944e-148,6.074625215053881e-19
17,iteration,CONTINUE,0.4904676453291402,0.04904676453291409,0.04904676453291409,False,False,linear_mixing,,0ac51a397292ef48b40da6f0be4a88febd087e6d95e7ea231e3815c287c07fc7,10.000000000000021,f959ef317ebfd6fe861979eb953ec5a9b57a2890d5ad4c4bc8175c368158f5e1,10.000000000000025,6386837a9a6adf71d5ba5882a016882c54fbb71ca2266f9676b3e29f59d0ef61,10.000000000000025,24,9.766308743578648e-11,3.229559732685666e-14,45f297d9fdc406170ee1865e546c4b0fe38a997b728225ddadc7e813887203d4,110.27131692376595,3.7817842899646856,c5cb20b5da15297233a3ca52f4004caa6f29cc9b0733bbf771255473ef6b0dc7,9.683959654491414,-57.14923036416436,2.0594710168889792e-54,-2.0594710168889793e-57,-57.14923036416436,2.0594710168889793e-57,10.000000000000025,10.000000000000025,2.920768121690515e-15,1.1311216329825005,0.2619610520046047,-0.19551290695610207,0.0,"[10.0,10.0,10.0]","[3.333333333333333,3.333333333333333,3.333333333333333]",4.3480659781057074e-160,1.0,True,"Midpoint of the global spectral gap; Float64 counts equal at its 1/4,1/2,3/4 points","[[4.3480659781084264e-160,4.3480659781057074e-160],[2.4034511518620646e-141,2.40344849008361e-141],[2.4034511518586492e-141,2.4034484900852493e-141]]",0,0.0,"[2.2828036859033468e-15,-2.548545700663532e-16,-7.250850976773965e-16]","{""PspCorrection"":0.09187494522099392,""Ewald"":-14.186487397403095,""Kinetic"":31.321451289525793,""AtomicNonlocalFR"":-14.93733057941443,""AtomicLocal"":-83.18738795493239,""Hartree"":31.2715451457224,""Xc"":-7.522895812883632}",PASS,2.4034511518620646e-141,7.576230574172645e-28
18,iteration,CONTINUE,0.42483596066650525,0.04248359606665066,0.04248359606665066,False,False,linear_mixing,,6386837a9a6adf71d5ba5882a016882c54fbb71ca2266f9676b3e29f59d0ef61,10.000000000000025,7b13dfe1ce7d95b1b10abfdbe93f541fd7708adee2328f8628efe715155d7322,10.000000000000023,67c079c02f5d380c5499195f5521c4ec9ec785374849460341fb42b36968c11e,10.000000000000023,24,9.973443426570149e-11,3.7666731993232407e-14,d5e35f0e2a54018ff3727b0e38cc919f72beed7a56c82a7e75e59c25f2e7b333,107.2921472734712,3.268140539077295,917794e14a03bdbaad32009bbad687f4283caab45aaba9d01df349b0680fbcfd,9.686247098351124,-57.19211568477836,6.999540192680405e-51,-6.999540192680405e-54,-57.19211568477836,6.999540192680405e-54,10.000000000000023,10.000000000000025,2.8796775645080738e-15,0.9718925245783001,0.22260712638613936,-0.17473984192470315,0.0,"[10.0,10.0,10.0]","[3.333333333333333,3.333333333333333,3.333333333333333]",3.364703345865356e-157,1.0,True,"Midpoint of the global spectral gap; Float64 counts equal at its 1/4,1/2,3/4 points","[[3.3647033458691813e-157,3.364703345865356e-157],[2.0817501552178425e-135,2.081746581957632e-135],[2.0817501552160675e-135,2.081746581957514e-135]]",0,0.0,"[4.049639185573117e-15,5.106803914336128e-15,6.839180126565268e-16]","{""PspCorrection"":0.09187494522099392,""Ewald"":-14.186487397403095,""Kinetic"":31.015450639802065,""AtomicNonlocalFR"":-14.843957819869825,""AtomicLocal"":-82.71191303142075,""Hartree"":30.920744663838384,""Xc"":-7.477827684946128}",PASS,2.0817501552178425e-135,8.276126994568638e-29
19,iteration,CONTINUE,0.3680802308841479,0.03680802308841488,0.03680802308841488,False,False,linear_mixing,,67c079c02f5d380c5499195f5521c4ec9ec785374849460341fb42b36968c11e,10.000000000000023,fb021c8e712e189dd3f782ca12379f3b7a1e24a900b86e11b75af523cce0aaca,10.000000000000023,854dcfbf7deafd3688fdf60d374e70173b4b0c2b34f967414a22e8d98dac2951,10.000000000000021,24,9.701041622954286e-11,3.733774823995015e-14,78d001e57d3905a56de0234fea1d4e3e13cfcaed8c320d772fdebcfa02d73c58,104.72992901903757,2.8159219985484087,9b695d298f4dea6b25610c5fb049027e18f25d01971fc80a06654944b28b920e,9.688405541802215,-57.22550589624254,7.169773657809606e-48,-7.169773657809606e-51,-57.22550589624254,7.169773657809606e-51,10.000000000000023,10.000000000000027,1.9698270555517053e-15,0.83317682015276,0.18872506299329334,-0.15800370652813062,0.0,"[10.0,10.0,10.0]","[3.333333333333333,3.333333333333333,3.333333333333333]",7.788503520284523e-155,1.0,True,"Midpoint of the global spectral gap; Float64 counts equal at its 1/4,1/2,3/4 points","[[7.788503520299575e-155,7.788503520284523e-155],[1.7555594346402916e-130,1.7555549816025628e-130],[1.7555594346390941e-130,1.7555549816023632e-130]]",0,0.0,"[2.522381051446194e-15,-5.635570305543465e-15,-6.119818761384714e-15]","{""PspCorrection"":0.09187494522099392,""Ewald"":-14.186487397403095,""Kinetic"":30.746088504611,""AtomicNonlocalFR"":-14.76105179672206,""AtomicLocal"":-82.28194469577511,""Hartree"":30.603354922500827,""Xc"":-7.437340378675091}",PASS,1.7555594346402916e-130,3.455267529506142e-30
20,iteration,CONTINUE,0.3191211463437557,0.031912114634375655,0.031912114634375655,False,False,linear_mixing,,854dcfbf7deafd3688fdf60d374e70173b4b0c2b34f967414a22e8d98dac2951,10.000000000000021,4687815815d578132657f88b61a9a27fdb3e26f9b28765e9fcc08badde957d0d,10.000000000000014,8b6f3e1f89e060f98212ce64e41be7190cbc856cde1455d6d744bf229eebab3b,10.000000000000025,24,9.43489814950282e-11,3.296786541078645e-14,4d256da9ad6fdc15c818b4be460513ab4aad226ecb6a01b7fb33218f68b9aded,102.5319298953825,2.421712240735296,76861c5cc2b150a867c7fb6e10610ac2e23ae92f67218909188b4b02e20ff717,9.690419963981089,-57.251155813393765,2.3875182529400567e-45,-2.387518252940057e-48,-57.251155813393765,2.387518252940057e-48,10.000000000000014,10.000000000000014,1.639745450761663e-14,0.7128204413166331,0.1597247333939196,-0.14445372269082424,0.0,"[10.0,10.0,10.0]","[3.333333333333333,3.333333333333333,3.333333333333333]",6.707545343310403e-153,1.0,True,"Midpoint of the global spectral gap; Float64 counts equal at its 1/4,1/2,3/4 points","[[6.707545343324511e-153,6.707545343310403e-153],[1.857096515790664e-126,1.8570904518249042e-126],[1.8570965157878137e-126,1.857090451824482e-126]]",0,0.0,"[4.9275554065004055e-15,8.615407939852031e-16,-3.432532964944696e-15]","{""PspCorrection"":0.09187494522099392,""Ewald"":-14.186487397403095,""Kinetic"":30.5104614003304,""AtomicNonlocalFR"":-14.687853109815723,""AtomicLocal"":-81.89707558371468,""Hartree"":30.31926150538643,""Xc"":-7.4013375733980835}",PASS,1.857096515790664e-126,9.251588862143951e-32
21,iteration,CONTINUE,0.27697129559070693,0.02769712955907076,0.02769712955907076,False,False,linear_mixing,,8b6f3e1f89e060f98212ce64e41be7190cbc856cde1455d6d744bf229eebab3b,10.000000000000025,96374eb11016ed9de4c103077edc85ece694be0a7e507f92f349bd6d734f6ba5,10.000000000000021,706c5f893f6ca44f4a03790b5fa626971c1849264a9d5fa39f6ae0a2f9eb303b,10.000000000000025,24,9.893922526604431e-11,3.344394378683856e-14,0cac3dd074d58d4921bc56e0ab1118c9ad50c328db83b9efe7942627b078b45b,100.65093749567336,2.0800222379414017,8eb320fa668b59f03ad4e54f3bbcfb1016888af8c4df1fdb744741385a50c23d,9.692279975272273,-57.27061681973893,2.8987923121671323e-43,-2.8987923121671324e-46,-57.27061681973893,2.8987923121671324e-46,10.000000000000021,10.000000000000025,3.8919748602095196e-14,0.6088044359603414,0.13503688920825668,-0.1334234316029562,0.0,"[10.0,10.0,10.0]","[3.333333333333333,3.333333333333333,3.333333333333333]",2.6116943471138655e-151,1.0,True,"Midpoint of the global spectral gap; Float64 counts equal at its 1/4,1/2,3/4 points","[[2.6116943471193583e-151,2.6116943471138655e-151],[3.3991161911898424e-123,3.3991031334622904e-123],[3.399116191189263e-123,3.3991031334626767e-123]]",0,0.0,"[-6.050628707997763e-16,7.926520610093885e-15,6.4764581721778744e-15]","{""PspCorrection"":0.09187494522099392,""Ewald"":-14.186487397403095,""Kinetic"":30.30551984320717,""AtomicNonlocalFR"":-14.623550630313641,""AtomicLocal"":-81.55591242441807,""Hartree"":30.06756684826572,""Xc"":-7.369628004298008}",PASS,3.3991161911898424e-123,2.589369043033458e-33
22,iteration,CONTINUE,0.24073418282833142,0.02407341828283323,0.02407341828283323,False,False,linear_mixing,,706c5f893f6ca44f4a03790b5fa626971c1849264a9d5fa39f6ae0a2f9eb303b,10.000000000000025,d160d0ee15991351c010c06c1a77d42703c96514ff0bcf2d67094a4ac7aa22e2,10.000000000000023,a47fc0245eb1f1ad5230dd2172eb87ec17308adc93c00fc7f824a2a8e92c1cdb,10.000000000000023,24,9.462694900969585e-11,3.4466141187867973e-14,eff4d73900f951b004fb6a56742a0bd9cb20e6e3582b628b72435257c0e02618,99.04474511308757,1.7837429841341508,7cbb4ff447a5abddf35248f8808d590e0441967ec9e8d6f15e723521e9b5ad7c,9.693980330845234,-57.285223782192524,1.468981996816331e-41,-1.468981996816331e-44,-57.285223782192524,1.468981996816331e-44,10.000000000000023,10.000000000000021,8.117200435801263e-15,0.5192339119083192,0.11411670578069819,-0.12439733265458952,0.0,"[10.0,10.0,10.0]","[3.333333333333333,3.333333333333333,3.333333333333333]",5.401143905709457e-150,1.0,True,"Midpoint of the global spectral gap; Float64 counts equal at its 1/4,1/2,3/4 points","[[5.401143905725422e-150,5.401143905709457e-150],[1.4711179843110117e-120,1.4711116909585774e-120],[1.4711179843137713e-120,1.4711116909556507e-120]]",0,0.0,"[-8.946099033973454e-15,-6.441958763840897e-15,3.4986931996772923e-15]","{""PspCorrection"":0.09187494522099392,""Ewald"":-14.186487397403095,""Kinetic"":30.128143366347043,""AtomicNonlocalFR"":-14.567312928194665,""AtomicLocal"":-81.25612654740125,""Hartree"":29.84661878563643,""Xc"":-7.341934006397975}",PASS,1.4711179843137713e-120,1.4786746286176507e-31
23,iteration,CONTINUE,0.20960415049930958,0.02096041504993104,0.02096041504993104,False,False,linear_mixing,,a47fc0245eb1f1ad5230dd2172eb87ec17308adc93c00fc7f824a2a8e92c1cdb,10.000000000000023,a10c9af5d93a1e5a6117f1144beb3b12e159952c68d3c0a6ae227159434cdf73,10.000000000000014,278b46d62c865f04f65599d213359f5a0960c5e7a4ac66e7e0f69ec515a7ffeb,10.000000000000021,24,9.768897588600312e-11,3.261932574192782e-14,d6b4d431156d03c0d3c63a79d3469c5ef35c288f8e4a4089304b7eca8c693bad,97.67571079711762,1.5266490942434332,ef1f17bd74040fb3a4521648a1b5379729ab080d0aff7e5609e7626f818e6ac9,9.695521099441066,-57.29609005351524,3.563871810240852e-40,-3.563871810240852e-43,-57.29609005351524,3.563871810240852e-43,10.000000000000014,10.000000000000016,7.240876037975796e-14,0.4423437455900509,0.09645230247873708,-0.1169768174968574,0.0,"[10.0,10.0,10.0]","[3.333333333333333,3.333333333333333,3.333333333333333]",6.7485887376477295e-149,1.0,True,"Midpoint of the global spectral gap; Float64 counts equal at its 1/4,1/2,3/4 points","[[6.748588737655402e-149,6.7485887376477295e-149],[1.9783500798507641e-118,1.9783409692763086e-118],[1.978350079851214e-118,1.978340969271923e-118]]",0,0.0,"[1.052251759918162e-14,9.063002487193645e-16,9.671498954110446e-16]","{""PspCorrection"":0.09187494522099392,""Ewald"":-14.186487397403095,""Kinetic"":29.97524366005048,""AtomicNonlocalFR"":-14.518316197726033,""AtomicLocal"":-80.99466624994622,""Hartree"":29.654177094948327,""Xc"":-7.317915908659687}",PASS,1.978350079851214e-118,1.309125407677418e-32
24,iteration,CONTINUE,0.18286520012301122,0.018286520012301206,0.018286520012301206,False,False,linear_mixing,,278b46d62c865f04f65599d213359f5a0960c5e7a4ac66e7e0f69ec515a7ffeb,10.000000000000021,f43e582d3e1edf0ea1bf799e975440e4a2f2ca2a2c10fb5acdabe06de6c08719,10.000000000000025,8fed1c1fc9547980db0bb50437efd873c1571e89157c8187f09ba48520d9d349,10.000000000000023,24,9.41789705075269e-11,3.5480638884329025e-14,dec9169ec3735bab101dfc9708ea100fee81269f4dfc969dcced31102437b374,96.5104842598617,1.304567070349363,c7ac86da291210495aba7d38d75236af72cccceaa546d13865639dc0ff542dc2,9.696907190235029,-57.30411661451086,4.700194788164936e-39,-4.7001947881649366e-42,-57.30411661451086,4.7001947881649366e-42,10.000000000000025,10.000000000000027,9.369263276826507e-14,0.376510720792466,0.08157412842672308,-0.11085155199848792,0.0,"[10.0,10.0,10.0]","[3.333333333333333,3.333333333333333,3.333333333333333]",5.6384516009796606e-148,1.0,True,"Midpoint of the global spectral gap; Float64 counts equal at its 1/4,1/2,3/4 points","[[5.638451600988955e-148,5.6384516009796606e-148],[1.0376521506050086e-116,1.0376471348865915e-116],[1.0376521506061293e-116,1.0376471348878891e-116]]",0,0.0,"[-5.601019367473241e-15,4.2323579749343324e-15,-3.847297179476766e-15]","{""PspCorrection"":0.09187494522099392,""Ewald"":-14.186487397403095,""Kinetic"":29.84386401889215,""AtomicNonlocalFR"":-14.475766866600393,""AtomicLocal"":-80.76803954284564,""Hartree"":29.487640055794216,""Xc"":-7.29720182756908}",PASS,1.0376521506061293e-116,1.9037612761755927e-33
25,iteration,CONTINUE,0.1598877304453913,0.015988773044539217,0.015988773044539217,False,False,linear_mixing,,8fed1c1fc9547980db0bb50437efd873c1571e89157c8187f09ba48520d9d349,10.000000000000023,687c55da48e3cb89ea6ed3b675287879e1a937794dff4b00fe86509ec0e006e1,10.000000000000021,628063ac5c5678e77f2ce5afce91838d33096997d9ce770b35b61609ff99deb6,10.000000000000021,24,9.573111054806671e-11,3.122878519499726e-14,472150c80a9b7631417d08bf5d8f3cb308f93c41f0685214e6e88d10dbd452d4,95.51979985315356,1.1146915617179227,7be7595483b785e5ed91e932c7c1f56ab4d8348d7a443754e9cac14aa45b9ea6,9.698147253984827,-57.310013674211554,3.766138644956766e-38,-3.766138644956766e-41,-57.310013674211554,3.766138644956766e-41,10.000000000000021,10.000000000000023,8.040633294759858e-14,0.32026331860553314,0.06906155467726509,-0.10577762574546781,0.0,"[10.0,10.0,10.0]","[3.333333333333333,3.333333333333333,3.333333333333333]",3.409432141418298e-147,1.0,True,"Midpoint of the global spectral gap; Float64 counts equal at its 1/4,1/2,3/4 points","[[3.409432141426825e-147,3.409432141418298e-147],[2.552971295385308e-115,2.5529586734742987e-115],[2.552971295388646e-115,2.5529586734751697e-115]]",0,0.0,"[-2.1836877998780186e-15,-3.673980997995266e-15,1.0069898571510901e-14]","{""PspCorrection"":0.09187494522099392,""Ewald"":-14.186487397403095,""Kinetic"":29.73125334846825,""AtomicNonlocalFR"":-14.438917902245771,""AtomicLocal"":-80.57258213346692,""Hartree"":29.34425963444103,""Xc"":-7.279414169226041}",PASS,2.552971295388646e-115,4.182241789070223e-34
26,iteration,CONTINUE,0.14012326870089245,0.014012326870089341,0.014012326870089341,False,False,linear_mixing,,628063ac5c5678e77f2ce5afce91838d33096997d9ce770b35b61609ff99deb6,10.000000000000021,f5dc3072ae67384be8ffa01d708af182aeece21ea92c52516b24895790c3ffc0,10.000000000000018,08da495d623793de97bb457e61b12ab8257d5f8ce33c378e9ba7542d40be5f8f,10.000000000000023,24,9.900967072909165e-11,3.380103984483674e-14,b2810705e4de818ce28bd21e382398606c0c41110f8b89bc9c6f1e583aa34c50,94.67821848269226,0.9544765465522158,ee86b0707a9b30ff23a6f12844c79ee9610c26b571252084fd6f83d8800fb293,9.699252309692637,-57.31432917974906,2.014103780248156e-37,-2.014103780248156e-40,-57.31432917974906,2.014103780248156e-40,10.000000000000018,10.000000000000021,4.58585879795074e-14,0.2722852373494575,0.05854542802066712,-0.10156154651465503,0.0,"[10.0,10.0,10.0]","[3.333333333333333,3.333333333333333,3.333333333333333]",1.5864452439071654e-146,1.0,True,"Midpoint of the global spectral gap; Float64 counts equal at its 1/4,1/2,3/4 points","[[1.5864452439076164e-146,1.5864452439071654e-146],[3.416785501181952e-114,3.4167687380563585e-114],[3.416785501180398e-114,3.4167687380614085e-114]]",0,0.0,"[-4.6694080880822395e-17,4.541127983973424e-16,-2.5722499607058356e-15]","{""PspCorrection"":0.09187494522099392,""Ewald"":-14.186487397403095,""Kinetic"":29.63490913728426,""AtomicNonlocalFR"":-14.407079029868633,""AtomicLocal"":-80.40466718347135,""Hartree"":29.221309358135287,""Xc"":-7.264189009646526}",PASS,3.416785501181952e-114,1.278049139264031e-34
27,iteration,CONTINUE,0.12309779470807082,0.012309779470807143,0.012309779470807143,False,False,linear_mixing,,08da495d623793de97bb457e61b12ab8257d5f8ce33c378e9ba7542d40be5f8f,10.000000000000023,08d7225084e90278fbddf7849eff7d0fb44d6c47ed049884232ae5877457cc65,10.000000000000004,367493cf70b6b6be070e6105cb8de7512a82df3b94546d98cb677b074c5d8660,10.000000000000021,24,9.739845169011178e-11,2.9897097133574046e-14,35cd28e35b150d34e3799b45265e67750d3ed9ebd3b36ecceed0303aa420b994,93.96378928675348,0.8210472114124931,73ca6eb2e0bf639f95d2968b460a084bdac4f1a8111353370b1b65069c03e4a3,9.700234469359053,-57.317478787276,7.770151836178726e-37,-7.770151836178725e-40,-57.317478787276,7.770151836178725e-40,10.000000000000004,10.000000000000007,1.112618768046994e-13,0.23141248420172603,0.04970701303097877,-0.09804860020127946,0.0,"[10.0,10.0,10.0]","[3.333333333333333,3.333333333333333,3.333333333333333]",5.95700577314105e-146,1.0,True,"Midpoint of the global spectral gap; Float64 counts equal at its 1/4,1/2,3/4 points","[[5.957005773148161e-146,5.95700577314105e-146],[2.800140662987996e-113,2.8001274779939016e-113],[2.8001406629865637e-113,2.8001274779956524e-113]]",0,0.0,"[-6.351809670131623e-15,-1.7376001315941952e-15,6.277430205286821e-15]","{""PspCorrection"":0.09187494522099392,""Ewald"":-14.186487397403095,""Kinetic"":29.552594017083436,""AtomicNonlocalFR"":-14.379621854354713,""AtomicLocal"":-80.2608487623209,""Hartree"":29.116198454522934,""Xc"":-7.251188190024643}",PASS,2.800140662987996e-113,5.058646772136259e-35
28,iteration,CONTINUE,0.10840433051273626,0.010840433051273708,0.010840433051273708,False,False,linear_mixing,,367493cf70b6b6be070e6105cb8de7512a82df3b94546d98cb677b074c5d8660,10.000000000000021,f98aa33eb94debee88746d7c693241f295f40736d9fd3324f9f8200f2da77c8a,10.000000000000025,0f39c302afc5dedd7068f237886c1580e0e968ed4f3c28fb419cadfe364d8894,10.000000000000023,24,9.954879764686052e-11,3.0249024979663295e-14,8225997d1aa2c382e7be9df023898897bea8ff04c552685a5ae946a712e1c3d7,93.35766385279925,0.7111221856052795,08110a64358bb95010a5fcde9f041b4e7732258571df6e07712044bb6ed6c69a,9.701105962432933,-57.31977367856533,2.3040149671986613e-36,-2.3040149671986612e-39,-57.31977367856533,2.3040149671986612e-39,10.000000000000025,10.000000000000027,2.403700666317585e-13,0.1966255107530842,0.04227450052843126,-0.09511427975212378,0.0,"[10.0,10.0,10.0]","[3.333333333333333,3.333333333333333,3.333333333333333]",1.8730244834199175e-145,1.0,True,"Midpoint of the global spectral gap; Float64 counts equal at its 1/4,1/2,3/4 points","[[1.8730244834224728e-145,1.8730244834199175e-145],[1.544559339354885e-112,1.5445525808629224e-112],[1.5445593393580457e-112,1.5445525808632737e-112]]",0,0.0,"[1.7976528573876956e-15,-2.3174291937888047e-15,2.2598123289904303e-15]","{""PspCorrection"":0.09187494522099392,""Ewald"":-14.186487397403095,""Kinetic"":29.48233359619624,""AtomicNonlocalFR"":-14.355981114167788,""AtomicLocal"":-80.13794799075833,""Hartree"":29.026539834611917,""Xc"":-7.240105552265261}",PASS,1.5445593393580457e-112,2.4463801047128333e-35
29,iteration,CONTINUE,0.09569534499749341,0.009569534499749408,0.009569534499749408,False,False,linear_mixing,,0f39c302afc5dedd7068f237886c1580e0e968ed4f3c28fb419cadfe364d8894,10.000000000000023,f6b20125c740a8fc2606de97275c06269dd7068e51aeb75e83217d30389b5862,10.000000000000014,1814ce767dbca4d2cbb7421fd2e8b4103c6a5e7eae55f6075ecc40d10a2d7ae8,10.000000000000021,24,8.597388378099396e-11,3.21307098885032e-14,49be6bd9322059935f751aa169c495a8fe6d5d4f31cf95c54db04afeddc20650,92.84370468498417,0.6211393317189592,bc80b190f9c2adaa0c3a3f54dc35d3742872e3699610f92d89073d6cef71e3ab,9.701878501067085,-57.32144447818658,5.527680270374601e-36,-5.527680270374601e-39,-57.32144447818658,5.527680270374601e-39,10.000000000000014,10.000000000000016,6.087356275131982e-14,0.16703815730504432,0.0360182457331277,-0.09265784840029412,0.0,"[10.0,10.0,10.0]","[3.333333333333333,3.333333333333333,3.333333333333333]",5.07675594562592e-145,1.0,True,"Midpoint of the global spectral gap; Float64 counts equal at its 1/4,1/2,3/4 points","[[5.0767559456380404e-145,5.07675594562592e-145],[6.185249552002514e-112,6.185225014302368e-112],[6.185249552009194e-112,6.18522501429604e-112]]",0,0.0,"[-1.2629729982826514e-14,3.0027162900343706e-15,-4.2967345024162327e-16]","{""PspCorrection"":0.09187494522099392,""Ewald"":-14.186487397403095,""Kinetic"":29.422402573673814,""AtomicNonlocalFR"":-14.335653211731213,""AtomicLocal"":-80.03309555016374,""Hartree"":28.950183204974536,""Xc"":-7.230669042757879}",PASS,6.185249552009194e-112,1.3790516554139193e-35
30,iteration,CONTINUE,0.08467536185949966,0.008467536185950024,0.008467536185950024,False,False,linear_mixing,,1814ce767dbca4d2cbb7421fd2e8b4103c6a5e7eae55f6075ecc40d10a2d7ae8,10.000000000000021,dfa9b74eb732c59055d70416e3df04e5b59ea34809f45f7eeea1dbf9568a2e90,10.000000000000007,6052f4eebde8fd10dad21e548bc6cf9e3beb983332af15ad11df6a3d4672e478,10.00000000000002,24,9.938401503437955e-11,3.300936819967616e-14,75d2b0e30cf7bac925d67adaaae11594fe3a7e07112321456c4771efacf8f938,92.40811618796641,0.5474815788318438,48ea13a2d33f4eb052f68e1a61f3b6ad59abdf25831c009ab6f13c7faf2e199c,9.702562942432289,-57.322660808509234,1.1182896528170653e-35,-1.1182896528170653e-38,-57.322660808509234,1.1182896528170653e-38,10.000000000000007,10.00000000000001,1.450368810016751e-13,0.14188493707850586,0.030745560854739153,-0.09059741230160018,0.0,"[10.0,10.0,10.0]","[3.333333333333333,3.333333333333333,3.333333333333333]",1.2140055621034427e-144,1.0,True,"Midpoint of the global spectral gap; Float64 counts equal at its 1/4,1/2,3/4 points","[[1.214005562107238e-144,1.2140055621034427e-144],[1.9107362844523288e-111,1.910729462564579e-111],[1.910736284454664e-111,1.9107294625657193e-111]]",0,0.0,"[-7.070840934826668e-16,-3.8227908602971124e-15,3.875661718841911e-16]","{""PspCorrection"":0.09187494522099392,""Ewald"":-14.186487397403095,""Kinetic"":29.371304427278684,""AtomicNonlocalFR"":-14.318192964068354,""AtomicLocal"":-79.94374360945855,""Hartree"":28.8852239663708,""Xc"":-7.222640176449719}",PASS,1.910736284454664e-111,8.720108050754303e-36
31,iteration,CONTINUE,0.07509401859629175,0.007509401859629226,0.007509401859629226,False,False,linear_mixing,,6052f4eebde8fd10dad21e548bc6cf9e3beb983332af15ad11df6a3d4672e478,10.00000000000002,46aaae2d6c186f7f6072bc48e87f3449c8bdc178f3c5877139f018c3eda5179e,10.000000000000021,1821d0d41ce7a4a3b84fe6d6ea98bc5a558130cd75bd93af7a321f08871569ac,10.000000000000021,24,9.984187141534743e-11,3.3221737586209593e-14,8a158158f1777eedb3dd36949c9ee1d2c2987ed308b6c1dc35d329e50a700b5d,92.03911392277598,0.486819750970423,8ba4cffa9ee5c641e3f12f0734264306554ee9b0914a560adaec03311b07236e,9.703169170691,-57.32354672748324,1.9721007790519094e-35,-1.9721007790519095e-38,-57.32354672748324,1.9721007790519095e-38,10.000000000000021,10.000000000000021,6.087322713400383e-14,0.12050781515375623,0.026295558176056257,-0.08886609495710245,0.0,"[10.0,10.0,10.0]","[3.333333333333333,3.333333333333333,3.333333333333333]",2.609898097094192e-144,1.0,True,"Midpoint of the global spectral gap; Float64 counts equal at its 1/4,1/2,3/4 points","[[2.609898097098346e-144,2.609898097094192e-144],[4.781175139301443e-111,4.781159442828639e-111],[4.7811751393036174e-111,4.781159442830269e-111]]",0,0.0,"[2.265937045561014e-15,6.933372473318437e-17,1.810611275303688e-16]","{""PspCorrection"":0.09187494522099392,""Ewald"":-14.186487397403095,""Kinetic"":29.327748309333824,""AtomicNonlocalFR"":-14.30320930018375,""AtomicLocal"":-79.86765784006447,""Hartree"":28.829996527948374,""Xc"":-7.215811972335119}",PASS,4.7811751393036174e-111,5.991012365816964e-36
32,iteration,CONTINUE,0.06673971688213252,0.0066739716882133135,0.0066739716882133135,False,False,linear_mixing,,1821d0d41ce7a4a3b84fe6d6ea98bc5a558130cd75bd93af7a321f08871569ac,10.000000000000021,0a3305a64902231c4ff0f8353092cbd3c2d6a30f31c7152b9458e5f6b9144e2c,10.000000000000023,068055296b745810b29c77265835cda69d5ce95454d64ee0555809bf1e4cdf46,10.000000000000021,24,9.848374957187088e-11,3.7870529817399154e-14,c4e69c92265676da7637d1480c62fbd53f2ae3abf5881757d65a26dcea3522a8,91.72663889997906,0.43645999323654555,b8d60e1eb02b0b75a9741524003b5bca7213a8085be7400083d207647c6f5006,9.703706113699148,-57.32419261072625,3.113225095698487e-35,-3.113225095698487e-38,-57.32419261072625,3.113225095698487e-38,10.000000000000023,10.000000000000025,4.08284264647065e-13,0.10234326608418003,0.022534307570059295,-0.08740904038251489,0.0,"[10.0,10.0,10.0]","[3.333333333333333,3.333333333333333,3.333333333333333]",5.123829084847096e-144,1.0,True,"Midpoint of the global spectral gap; Float64 counts equal at its 1/4,1/2,3/4 points","[[5.123829084852047e-144,5.123829084847096e-144],[1.0079556628736853e-110,1.0079524548526885e-110],[1.007955662872654e-110,1.0079524548506833e-110]]",0,0.0,"[5.587235182596363e-15,-1.6404511077711799e-16,4.743947993292243e-15]","{""PspCorrection"":0.09187494522099392,""Ewald"":-14.186487397403095,""Kinetic"":29.290625463002776,""AtomicNonlocalFR"":-14.29036043669001,""AtomicLocal"":-79.80289747234929,""Hartree"":28.783058401075124,""Xc"":-7.210006113582755}",PASS,1.0079556628736853e-110,4.355522284651822e-36
33,iteration,CONTINUE,0.05943392888873862,0.005943392888873911,0.005943392888873911,False,False,linear_mixing,,068055296b745810b29c77265835cda69d5ce95454d64ee0555809bf1e4cdf46,10.000000000000021,9750040cc01e35462a85ef57c87987590fe50575e089e0bd1a6aacb6b5653e42,9.999999999999996,4558547c6abcac61f776f6470b5b32ee4bba92dac35807c858e71d9fb0eb7881,10.00000000000002,24,9.845819639113925e-11,2.902482135220068e-14,379f0cf02cd5afcd57c793cd4c34d0742afb270b249af492eeb29bdf5d71ef3d,91.46211563725237,0.3944958314291106,8cc93c8b45b17e103ab5886c90509f0d7b7ac995fff04cf5d839edb2d71a7b0d,9.704181820508117,-57.3246641264292,4.494039932690414e-35,-4.4940399326904143e-38,-57.3246641264292,4.4940399326904143e-38,9.999999999999996,10.0,1.140850969278081e-13,0.0869100916320342,0.019350466872665475,-0.08618105618338237,0.0,"[10.0,10.0,10.0]","[3.333333333333333,3.333333333333333,3.333333333333333]",9.309761241696789e-144,1.0,True,"Midpoint of the global spectral gap; Float64 counts equal at its 1/4,1/2,3/4 points","[[9.30976124170949e-144,9.309761241696789e-144],[1.8480300108083068e-110,1.848023933423208e-110],[1.8480300108060484e-110,1.84802393342221e-110]]",0,0.0,"[-1.663740673221089e-15,-4.726957488857035e-15,-2.650104570536241e-16]","{""PspCorrection"":0.09187494522099392,""Ewald"":-14.186487397403095,""Kinetic"":29.258986525267275,""AtomicNonlocalFR"":-14.279348903633103,""AtomicLocal"":-79.74778895750325,""Hartree"":28.743169471492884,""Xc"":-7.205069809870909}",PASS,1.8480300108083068e-110,3.2799935829549684e-36
34,iteration,CONTINUE,0.05302617270206322,0.005302617270206369,0.005302617270206369,False,False,linear_mixing,,4558547c6abcac61f776f6470b5b32ee4bba92dac35807c858e71d9fb0eb7881,10.00000000000002,9cf578ef5a41eb6ee7687d3803af46f3954850fbea6716d5cea0b893a5a0db55,10.000000000000034,9a947cae2f83be4fa88b0815bbd869866faad7f85cfd294f89903726919759a7,10.000000000000023,24,9.020640438223641e-11,3.339093946274591e-14,58944bfdf1ee401bc71f68791bf366e9ad8a7619ed39c48071a3892db19a5b8b,91.23824682171137,0.35968335095611054,660db85ccfbd36dbf0425828b651b45f3d4958bdc66d72d2a0bd4f310bba8406,9.704603549183005,-57.3250089192933,6.033973433987223e-35,-6.033973433987223e-38,-57.3250089192933,6.033973433987223e-38,10.000000000000034,10.000000000000034,1.199170458259693e-13,0.07379826302259786,0.016651446469795828,-0.08514476005128621,0.0,"[10.0,10.0,10.0]","[3.333333333333333,3.333333333333333,3.333333333333333]",1.5829292760850663e-143,1.0,True,"Midpoint of the global spectral gap; Float64 counts equal at its 1/4,1/2,3/4 points","[[1.5829292760900152e-143,1.5829292760850663e-143],[3.023310830788855e-110,3.023300078697593e-110],[3.0233108307932375e-110,3.023300078702147e-110]]",0,0.0,"[-4.157904721236192e-15,-1.2085167078040629e-15,-2.8744319292541226e-15]","{""PspCorrection"":0.09187494522099392,""Ewald"":-14.186487397403095,""Kinetic"":29.23202046241174,""AtomicNonlocalFR"":-14.269916669320788,""AtomicLocal"":-79.70089698818049,""Hartree"":28.709269379533826,""Xc"":-7.200872651555485}",PASS,3.0233108307932375e-110,2.516245065512839e-36
35,iteration,CONTINUE,0.04738963596909719,0.004738963596909781,0.004738963596909781,False,False,linear_mixing,,9a947cae2f83be4fa88b0815bbd869866faad7f85cfd294f89903726919759a7,10.000000000000023,1a4c1b49c8b3426f976ab6448f4c82f06f53b7e651e7414d8b9d9bac69ffbd2d,10.000000000000025,caccc28804554988510065d91716bfd4a7673fe5d3d157100b8e21058a46d63a,10.000000000000021,24,9.87220968554031e-11,3.1436649728517237e-14,b632298a691a4b5da03ccee7fc60b158cc0acca74576b73968d9a4873beeda6e,91.04883571965091,0.33113749213352917,063cd41f607fb4c220bf86e9988955fb85cf2c047e29065a1611ee904e5a5475,9.704977840137266,-57.32526153594367,7.639028234670961e-35,-7.639028234670961e-38,-57.32526153594367,7.639028234670961e-38,10.000000000000025,10.000000000000021,7.047792489917e-14,0.06265890737910633,0.014360138575741966,-0.08426912059782345,0.0,"[10.0,10.0,10.0]","[3.333333333333333,3.333333333333333,3.333333333333333]",2.5405267779267057e-143,1.0,True,"Midpoint of the global spectral gap; Float64 counts equal at its 1/4,1/2,3/4 points","[[2.5405267779313266e-143,2.5405267779267057e-143],[4.5059595429106916e-110,4.505941892506664e-110],[4.505959542921705e-110,4.505941892512427e-110]]",0,0.0,"[-4.461953936693574e-15,7.303621100436586e-16,-1.6204277088105088e-15]","{""PspCorrection"":0.09187494522099392,""Ewald"":-14.186487397403095,""Kinetic"":29.209035499622587,""AtomicNonlocalFR"":-14.261840521403157,""AtomicLocal"":-79.66099535360573,""Hartree"":28.680454916802372,""Xc"":-7.1973036251776366}",PASS,4.505959542921705e-110,1.9413891746369566e-36
36,iteration,CONTINUE,0.042417405295839275,0.004241740529583963,0.004241740529583963,False,False,linear_mixing,,caccc28804554988510065d91716bfd4a7673fe5d3d157100b8e21058a46d63a,10.000000000000021,1b78e5cc37f4b0838262fdc6918ede3199f9452eec11e3eaaef9afba0b586276,10.000000000000005,1c8419759cd0499a40e205089e41550dcb4da6124253dbdee02833df49545ee7,10.000000000000018,24,9.961708763279666e-11,2.9648834942223796e-14,5eded4c00a1126d3823fe46d94879411321dc748c1a17391b1576021082f505b,90.88862946594088,0.3080283428739728,14642ba474d2bb7bcbce6649ffa5f520c3d9d207028fa8b40953683e3b3586b1,9.705310569615234,-57.3254470265476,9.219478814297824e-35,-9.219478814297824e-38,-57.3254470265476,9.219478814297824e-38,10.000000000000005,10.00000000000001,1.5536536482080578e-13,0.05319546312726999,0.012412188519362133,-0.08352830437981577,0.0,"[10.0,10.0,10.0]","[3.333333333333333,3.333333333333333,3.333333333333333]",3.8768528886798708e-143,1.0,True,"Midpoint of the global spectral gap; Float64 counts equal at its 1/4,1/2,3/4 points","[[3.876852888688906e-143,3.8768528886798708e-143],[6.222222270283473e-110,6.222195439005551e-110],[6.222222270289133e-110,6.222195439003781e-110]]",0,0.0,"[6.547500576605449e-15,8.326643481077148e-16,3.441416725904838e-15]","{""PspCorrection"":0.09187494522099392,""Ewald"":-14.186487397403095,""Kinetic"":29.189442169831597,""AtomicNonlocalFR"":-14.254927794775156,""AtomicLocal"":-79.62703920375279,""Hartree"":28.65595863771629,""Xc"":-7.194268383385435}",PASS,6.222222270289133e-110,1.491331147200151e-36
37,iteration,CONTINUE,0.038019246453406375,0.003801924645340672,0.003801924645340672,False,False,linear_mixing,,1c8419759cd0499a40e205089e41550dcb4da6124253dbdee02833df49545ee7,10.000000000000018,85d292aaf9b11ec554ccce350c1bae22fd2ce51252c9425d6023119fcc6c9d97,10.000000000000018,330370d246abe516a681f663c80ad164d8f2501ac83948de5759aff1dcf55710,10.000000000000018,24,9.83209082659063e-11,3.040612044492369e-14,6fdfdfc6d07d65c79b280986036cd5cbdb64176023fb0ca4d7d487ebdc0473b5,90.75317970631527,0.2894179991637019,c5c07f559bfabf2b72d7f85faaa37e6ea74f6207a8a2b57c2bee99af88727f8c,9.705606988345789,-57.32558356434565,1.0701710816698044e-34,-1.0701710816698045e-37,-57.32558356434565,1.0701710816698045e-37,10.000000000000018,10.00000000000002,1.5297629046348e-13,0.04515596666455146,0.010753756244064524,-0.08290075809916907,0.0,"[10.0,10.0,10.0]","[3.333333333333333,3.333333333333333,3.333333333333333]",5.660600103614534e-143,1.0,True,"Midpoint of the global spectral gap; Float64 counts equal at its 1/4,1/2,3/4 points","[[5.660600103623543e-143,5.660600103614534e-143],[8.070788811230759e-110,8.070750852636483e-110],[8.070788811237411e-110,8.07075085264497e-110]]",0,0.0,"[1.3403306875491536e-15,-2.757260446354407e-16,3.741592496917553e-15]","{""PspCorrection"":0.09187494522099392,""Ewald"":-14.186487397403095,""Kinetic"":29.172738458438666,""AtomicNonlocalFR"":-14.24901248971451,""AtomicLocal"":-79.59813964021853,""Hartree"":28.635129371360616,""Xc"":-7.191686812029792}",PASS,8.070788811237411e-110,1.1307642011220389e-36
38,iteration,CONTINUE,0.03411887509301326,0.0034118875093013764,0.0034118875093013764,False,False,linear_mixing,,330370d246abe516a681f663c80ad164d8f2501ac83948de5759aff1dcf55710,10.000000000000018,fa47e05b6bf3b970cf10e44f180a923ea12aede55d4b3469d8c4477e38a92c8c,10.00000000000002,ed7be58192473c6924aec627be4fae5d0d0e0cdc33c8eabd070568cc64eab07b,10.00000000000002,24,9.213431037071939e-11,3.162154584087027e-14,b06779e82f87c8fb117bfa575190ddd515a844341dd87ecc84568a97630cd47d,90.63871964628431,0.274272977612647,51f6b99234b305a567dd00012926a5d20176eaacae7503c1ff8b39071f17b32c,9.705871753435282,-57.32568434440188,1.2033584698914424e-34,-1.2033584698914425e-37,-57.32568434440188,1.2033584698914425e-37,10.00000000000002,10.00000000000002,1.5845580837813714e-13,0.038326392007094846,0.009339697707234673,-0.08236847058739666,0.0,"[10.0,10.0,10.0]","[3.333333333333333,3.333333333333333,3.333333333333333]",7.951011355341891e-143,1.0,True,"Midpoint of the global spectral gap; Float64 counts equal at its 1/4,1/2,3/4 points","[[7.951011355353189e-143,7.951011355341891e-143],[9.944024143358334e-110,9.94397374084788e-110],[9.944024143347876e-110,9.943973740849576e-110]]",0,0.0,"[-8.54767245131221e-15,1.2343590662375678e-14,2.948792528177104e-15]","{""PspCorrection"":0.09187494522099392,""Ewald"":-14.186487397403095,""Kinetic"":29.158496925320808,""AtomicNonlocalFR"":-14.243951790955437,""AtomicLocal"":-79.57354106736209,""Hartree"":28.617414944145814,""Xc"":-7.189490903368867}",PASS,9.944024143358334e-110,8.388268385125936e-37
39,iteration,CONTINUE,0.030651657141775125,0.0030651657141775542,0.0030651657141775542,False,False,linear_mixing,,ed7be58192473c6924aec627be4fae5d0d0e0cdc33c8eabd070568cc64eab07b,10.00000000000002,d11be8f0619ec06c7fe47e957cee07fb0f30779b672715209be08a684c03305b,10.000000000000016,4827769778d18bd7d10bb68b96e75b37ca81068cf914202ee207e179352ad3f8,10.000000000000021,24,9.891338062768888e-11,3.250853955619195e-14,fa2047a135042192036d11ebc3e658bcef5945a630a72bf0af87bd7810a595ed,90.54205752211892,0.26158522630798914,fb8d4022a6a4bb99b59e59a3c9d741f2c029927ed2099eb358c509d01d0568ce,9.706108960388788,-57.32575895731581,1.318467137734733e-34,-1.318467137734733e-37,-57.32575895731581,1.318467137734733e-37,10.000000000000016,10.00000000000002,2.1949680432333903e-13,0.03252494225864178,0.008132091234943937,-0.08191637290402962,0.0,"[10.0,10.0,10.0]","[3.333333333333333,3.333333333333333,3.333333333333333]",1.0793627082360682e-142,1.0,True,"Midpoint of the global spectral gap; Float64 counts equal at its 1/4,1/2,3/4 points","[[1.0793627082390744e-142,1.0793627082360682e-142],[1.1745380997760918e-109,1.174531759782139e-109],[1.1745380997779279e-109,1.174531759784676e-109]]",0,0.0,"[-3.240408387711298e-15,5.505796941181861e-15,-1.6795515614409246e-15]","{""PspCorrection"":0.09187494522099392,""Ewald"":-14.186487397403095,""Kinetic"":29.14635363114708,""AtomicNonlocalFR"":-14.239622977571962,""AtomicLocal"":-79.55260139805046,""Hartree"":28.60234716191965,""Xc"":-7.18762292257802}",PASS,1.1745380997779279e-109,6.020274324825278e-37
40,iteration,CONTINUE,0.027562680924630125,0.0027562680924630503,0.0027562680924630503,False,False,linear_mixing,,4827769778d18bd7d10bb68b96e75b37ca81068cf914202ee207e179352ad3f8,10.000000000000021,ab43c445e95e3f921cdf133d38075dc24c233e33273e1a701fdcdcfc9920f2be,10.000000000000002,fcc842dd861d6edbcacd5898ca65f72eaafc888c85f9054d857f42252d20382f,10.00000000000002,24,9.764532170008254e-11,2.869060846508959e-14,dd3e38498d417467947b2ca44ca531991692decf14bfa13d4c9c42966bb6bb9c,90.46048613325617,0.25049872197614526,8e6f94845e613ab22b7b745fcc7ef6493135ad3ac7dfd61863b18dc3cd40d513,9.7063221793666,-57.325814382330414,1.4143315641447211e-34,-1.4143315641447212e-37,-57.325814382330414,1.4143315641447212e-37,10.000000000000002,10.000000000000004,1.8715235863702033e-13,0.02759718203028847,0.007099039420420568,-0.08153184602164967,0.0,"[10.0,10.0,10.0]","[3.333333333333333,3.333333333333333,3.333333333333333]",1.4217234212386253e-142,1.0,True,"Midpoint of the global spectral gap; Float64 counts equal at its 1/4,1/2,3/4 points","[[1.4217234212419387e-142,1.4217234212386253e-142],[1.3399955901285924e-109,1.3399879693772698e-109],[1.3399955901295827e-109,1.3399879693759367e-109]]",0,0.0,"[-1.3093110952866986e-15,-7.381546559940818e-17,-5.08922890402096e-15]","{""PspCorrection"":0.09187494522099392,""Ewald"":-14.186487397403095,""Kinetic"":29.13599866831915,""AtomicNonlocalFR"":-14.235920700599307,""AtomicLocal"":-79.53477498897762,""Hartree"":28.58952893320056,""Xc"":-7.186033842091091}",PASS,1.3399955901295827e-109,4.107270433011193e-37
41,iteration,CONTINUE,0.024805147631729692,0.002480514763173019,0.002480514763173019,False,False,linear_mixing,,fcc842dd861d6edbcacd5898ca65f72eaafc888c85f9054d857f42252d20382f,10.00000000000002,dd02e928d14ba516f4ea7730828da12eada7a1860ee59cc514f41c69b3f234ab,10.000000000000007,b075557f259adabbbe96e488d0d0d40e9fe69cf9afb13be720b92f433bf2ac4b,10.000000000000018,24,9.852289285369279e-11,2.4837650429781246e-14,9871092d75aa8bb0620fe05c0bf186b97eff144c252958b94add92689bfd0406,90.39170716134845,0.24037487317073963,56c46cfd0b44fd2b2b518597a7f35017fff993bc3cf09961885143222bb7480d,9.706514496979773,-57.32585570528115,1.491228201094527e-34,-1.491228201094527e-37,-57.32585570528115,1.491228201094527e-37,10.000000000000007,10.00000000000001,1.1662993972899482e-13,0.023411900474889207,0.006213688099774819,-0.08120431391781295,0.0,"[10.0,10.0,10.0]","[3.333333333333333,3.333333333333333,3.333333333333333]",1.8232188694491368e-142,1.0,True,"Midpoint of the global spectral gap; Float64 counts equal at its 1/4,1/2,3/4 points","[[1.823218869451728e-142,1.8232188694491368e-142],[1.4858247375609773e-109,1.4858159166898274e-109],[1.4858247375599215e-109,1.4858159166896584e-109]]",0,0.0,"[9.917720034569201e-15,-4.302507874848815e-15,-3.8470288288511637e-16]","{""PspCorrection"":0.09187494522099392,""Ewald"":-14.186487397403095,""Kinetic"":29.127168093080183,""AtomicNonlocalFR"":-14.232754598685025,""AtomicLocal"":-79.51959805998838,""Hartree"":28.57862332511923,""Xc"":-7.184682012625056}",PASS,1.4858247375609773e-109,2.574116081201905e-37
42,iteration,CONTINUE,0.022339032232223523,0.002233903223222379,0.002233903223222379,False,False,linear_mixing,,b075557f259adabbbe96e488d0d0d40e9fe69cf9afb13be720b92f433bf2ac4b,10.000000000000018,fcdd28910fb0a36e42d6210938425c8690d9e31f644945c0844bed865035dfc8,10.000000000000014,2846c9475dfba09df8f012b26d3fedadf7403e35313f47670493b7f7f6772687,10.00000000000002,24,9.41831230768137e-11,2.8862051873210867e-14,d446a6d2091cd6fe056c35bfdf6d000b8732fcc86bee48a5afd9ca99e0c6dd6f,90.33376826074047,0.23078906322817738,666601a21027359eeb9c956e9d0970061e006d3752402b8ff7de006006e74b4c,9.706688562832388,-57.32588663785814,1.5504223812567448e-34,-1.5504223812567449e-37,-57.32588663785814,1.5504223812567449e-37,10.000000000000014,10.000000000000018,1.1229521170419617e-13,0.019857601452019653,0.005645708823585631,-0.08092490574773475,0.0,"[10.0,10.0,10.0]","[3.333333333333333,3.333333333333333,3.333333333333333]",2.2830122293418855e-142,1.0,True,"Midpoint of the global spectral gap; Float64 counts equal at its 1/4,1/2,3/4 points","[[2.2830122293464275e-142,2.2830122293418855e-142],[1.609485536784663e-109,1.6094756402209525e-109],[1.609485536781964e-109,1.6094756402213186e-109]]",0,0.0,"[-2.9463862841770154e-15,1.878125217992097e-15,-1.9462339556533103e-16]","{""PspCorrection"":0.09187494522099392,""Ewald"":-14.186487397403095,""Kinetic"":29.119637064772732,""AtomicNonlocalFR"":-14.230047219280713,""AtomicLocal"":-79.50667630065699,""Hartree"":28.569344308167167,""Xc"":-7.183532038678233}",PASS,1.609485536784663e-109,1.3586417628623309e-37
43,iteration,CONTINUE,0.020129972509027382,0.0020129972509027733,0.0020129972509027733,False,False,linear_mixing,,2846c9475dfba09df8f012b26d3fedadf7403e35313f47670493b7f7f6772687,10.00000000000002,9f4a2c5be26d6c220d686a5a6d03c04f68c7ff0aef65adc189ba73221af62658,10.00000000000002,c1230a77247e5fc74e65a52757a0fa2a7d01b1d7e3b5ac4144ddb3fe5279338f,10.000000000000018,24,9.923137283300614e-11,2.8377573437405452e-14,fd774e12cd4f2f7950ba7093c083687dc9f35ad8b7bf610ba13c0d899b2d9bcc,90.28501065590683,0.2214861489434095,ea480e5abb4f21d7f12fa52df3fd92441f16aa728f49bb2c8f19bfbd9178f118,9.70684663882251,-57.32590989341706,1.5937689614931143e-34,-1.5937689614931144e-37,-57.32590989341706,1.5937689614931144e-37,10.00000000000002,10.00000000000002,8.62825287719812e-14,0.01683952802984828,0.005177568281006106,-0.08068617471799865,0.0,"[10.0,10.0,10.0]","[3.333333333333333,3.333333333333333,3.333333333333333]",2.7984910504436878e-142,1.0,True,"Midpoint of the global spectral gap; Float64 counts equal at its 1/4,1/2,3/4 points","[[2.7984910504484603e-142,2.7984910504436878e-142],[1.710427850508283e-109,1.7104170280181874e-109],[1.710427850508283e-109,1.7104170280179928e-109]]",0,0.0,"[3.686250734077773e-16,-6.067604953907162e-15,-1.7018776558646535e-15]","{""PspCorrection"":0.09187494522099392,""Ewald"":-14.186487397403095,""Kinetic"":29.11321401687117,""AtomicNonlocalFR"":-14.227732212744597,""AtomicLocal"":-79.495674365002,""Hartree"":28.56144894793932,""Xc"":-7.182553828298844}",PASS,1.710427850508283e-109,4.0778556222954733e-38
44,iteration,CONTINUE,0.01814834935713702,0.0018148349357137421,0.0018148349357137421,False,False,linear_mixing,,c1230a77247e5fc74e65a52757a0fa2a7d01b1d7e3b5ac4144ddb3fe5279338f,10.000000000000018,e44fc0ac8bc472d846da09e91c13a79adcbef2682d2ac1eec4e0809ccece2b38,10.000000000000018,d0cd6a774880f4edb5f7ddd4354a8dba29a4a6d420ebb409161071d8d8474a6b,10.00000000000002,24,9.598667063369443e-11,3.0732197747912594e-14,204c705d7a4874f0b561eb1e9ff9781905a32754f99145b2813089395c020d3a,90.24402517216834,0.21232639320837599,46e97053a7179b2c321036c30202e07c8158f7af3e22839f2c2593210176039b,9.706990648819442,-57.32592745918677,1.6233971981224284e-34,-1.6233971981224286e-37,-57.32592745918677,1.6233971981224286e-37,10.000000000000018,10.000000000000023,6.295805708146714e-14,0.014277140102386995,0.004827561741440711,-0.08048186393014593,0.0,"[10.0,10.0,10.0]","[3.333333333333333,3.333333333333333,3.333333333333333]",3.365467627765785e-142,1.0,True,"Midpoint of the global spectral gap; Float64 counts equal at its 1/4,1/2,3/4 points","[[3.3654676277671245e-142,3.365467627765785e-142],[1.7895637551561931e-109,1.7895521657822913e-109],[1.7895637551542093e-109,1.789552165782393e-109]]",0,0.0,"[-2.0887268226308e-15,2.2808728608583956e-15,-2.7373599755317482e-15]","{""PspCorrection"":0.09187494522099392,""Ewald"":-14.186487397403095,""Kinetic"":29.10773570513484,""AtomicNonlocalFR"":-14.225752768039978,""AtomicLocal"":-79.4863069747862,""Hartree"":28.554730820775802,""Xc"":-7.181721790089126}",PASS,1.7895637551561931e-109,3.2429177094572635e-38
45,iteration,CONTINUE,0.016368526563757514,0.0016368526563757904,0.0016368526563757904,False,False,linear_mixing,,d0cd6a774880f4edb5f7ddd4354a8dba29a4a6d420ebb409161071d8d8474a6b,10.00000000000002,a0f724a227e54dfea41dddfe746aafdbd8cfee858b71247ecd424a46d8c655f5,10.000000000000014,9362cc65aa7f556fa810e831190b2baeae3076a047ec4561eda315d352a410ac,10.00000000000002,24,9.038562671477075e-11,3.3952818910212174e-14,d3518271c1620b6ea5b942044a8095461cd6652ddd1ed119351dac5d37944bc9,90.2096150388524,0.2032408113141595,00a929d31a4d8a861cba40700d60c663e912313e3d8569cebdc72e7818035d92,9.70712222651607,-57.32594079360031,1.641483843286548e-34,-1.641483843286548e-37,-57.32594079360031,1.641483843286548e-37,10.000000000000014,10.000000000000016,6.943655428647228e-14,0.012101975483833112,0.004512995469072152,-0.08030671130961146,0.0,"[10.0,10.0,10.0]","[3.333333333333333,3.333333333333333,3.333333333333333]",3.978454132360786e-142,1.0,True,"Midpoint of the global spectral gap; Float64 counts equal at its 1/4,1/2,3/4 points","[[3.9784541323657616e-142,3.978454132360786e-142],[1.8487554921143464e-109,1.8487432918990776e-109],[1.848755492116816e-109,1.8487432918984473e-109]]",0,0.0,"[4.183342329153114e-15,-5.343763201955047e-15,1.0711210191645826e-15]","{""PspCorrection"":0.09187494522099392,""Ewald"":-14.186487397403095,""Kinetic"":29.103062999750748,""AtomicNonlocalFR"":-14.224060260879657,""AtomicLocal"":-79.47833138488706,""Hartree"":28.549014458774856,""Xc"":-7.1810141541771015}",PASS,1.848755492116816e-109,8.768196774159889e-38
46,iteration,CONTINUE,0.014768222893441726,0.0014768222893442352,0.0014768222893442352,False,False,linear_mixing,,9362cc65aa7f556fa810e831190b2baeae3076a047ec4561eda315d352a410ac,10.00000000000002,9357f896c99ef5e975a82fced570b34b4eb1f9c8946596c424f191209d0a66b4,10.000000000000004,8b536864f17834d6add47ff397606fdd46b8da67a4261a555c00e08eb58f355a,10.000000000000016,24,9.53563017171589e-11,2.619883319013854e-14,8a57806a68ac59fc0a1ff1e03cc4913237b7e5ad4fe065f8929779c4f74b705e,90.18076423265376,0.19420153833402304,5e9fdc788b9cb425782d261c49129d9c47e585af67b1a330b706b2bd97dcc86a,9.707242759760527,-57.325950969474206,1.6501041724847285e-34,-1.6501041724847284e-37,-57.325950969474206,1.6501041724847284e-37,10.000000000000004,10.000000000000004,5.099965441739493e-14,0.010255835380416233,0.004277565417849249,-0.08015628710162316,0.0,"[10.0,10.0,10.0]","[3.333333333333333,3.333333333333333,3.333333333333333]",4.630981527646426e-142,1.0,True,"Midpoint of the global spectral gap; Float64 counts equal at its 1/4,1/2,3/4 points","[[4.630981527653533e-142,4.630981527646426e-142],[1.8903845352752e-109,1.8903718689387137e-109],[1.8903845352759522e-109,1.8903718689387137e-109]]",0,0.0,"[-2.3299691005010565e-15,-4.1268138801852654e-16,-4.029237474266825e-15]","{""PspCorrection"":0.09187494522099392,""Ewald"":-14.186487397403095,""Kinetic"":29.099077308182963,""AtomicNonlocalFR"":-14.222613087733876,""AtomicLocal"":-79.47154099888641,""Hartree"":28.54415065861025,""Xc"":-7.1804123974650365}",PASS,1.8903845352759522e-109,1.2835877033581667e-37
47,iteration,CONTINUE,0.013327993471518475,0.0013327993471518819,0.0013327993471518819,False,False,linear_mixing,,8b536864f17834d6add47ff397606fdd46b8da67a4261a555c00e08eb58f355a,10.000000000000016,78eff4277b16a0097474292c5bffed0d66d7e82451c4f47347e6c4fec804c90c,10.000000000000007,d6707fb2c319755ac4b3a16fd63a497f6203e5e0376cb6983d9e4d2ae9e085af,10.000000000000018,24,8.669243089595384e-11,2.7361822813907804e-14,83419f7106d986a6cf0be8102810ac5bce8dad7cf0f00309bbf6e23ece9611f7,90.15661046321817,0.1852049688133818,23f499d57c7f2b0d2412b679be7da0ea5356cd03bf75a907a97ea454f8e5b82a,9.707353430290688,-57.32595877799415,1.65114495291712e-34,-1.65114495291712e-37,-57.32595877799415,1.65114495291712e-37,10.000000000000007,10.000000000000009,5.90943692604511e-14,0.008689244276831952,0.003950576254215883,-0.08002685849319535,0.0,"[10.0,10.0,10.0]","[3.333333333333333,3.333333333333333,3.333333333333333]",5.315932837733555e-142,1.0,True,"Midpoint of the global spectral gap; Float64 counts equal at its 1/4,1/2,3/4 points","[[5.31593283773839e-142,5.315932837733555e-142],[1.9170246561609561e-109,1.917011652287122e-109],[1.9170246561592125e-109,1.917011652285433e-109]]",0,0.0,"[-2.3425997571983115e-15,2.2093421988053957e-15,1.1184233623457622e-15]","{""PspCorrection"":0.09187494522099392,""Ewald"":-14.186487397403095,""Kinetic"":29.09567753270347,""AtomicNonlocalFR"":-14.221375661774493,""AtomicLocal"":-79.46575995523973,""Hartree"":28.540012515134308,""Xc"":-7.179900756635602}",PASS,1.9170246561609561e-109,1.5730892365860417e-37
48,iteration,CONTINUE,0.012030801138443967,0.0012030801138444155,0.0012030801138444155,False,False,linear_mixing,,d6707fb2c319755ac4b3a16fd63a497f6203e5e0376cb6983d9e4d2ae9e085af,10.000000000000018,4e57636ce6d5d9fc2e05458e8515057a073cf78c0fd4a0009ef0bc471b4f21d2,10.00000000000001,6db16ffc25a70204a95425e362c339c18cbf99d465bf13f3a11c68a045492879,10.000000000000018,24,9.704133653934489e-11,2.980663985222894e-14,5e09d4ab1df2e36b05b4a4d5735178c9f47275d7a0bc2ecc8402717d3fb5202d,90.13642212149557,0.17626296642689007,ae60fae88a34fa984dcf476c97643c8b7124eab9a64570d3d68920e0041ecab6,9.707455248376814,-57.32596480431338,1.6462628236465452e-34,-1.6462628236465451e-37,-57.32596480431338,1.6462628236465451e-37,10.00000000000001,10.00000000000001,1.762687612838768e-13,0.007360142138997714,0.0036990433882632956,-0.07991527680707339,0.0,"[10.0,10.0,10.0]","[3.333333333333333,3.333333333333333,3.333333333333333]",6.0258656150541775e-142,1.0,True,"Midpoint of the global spectral gap; Float64 counts equal at its 1/4,1/2,3/4 points","[[6.025865615055205e-142,6.0258656150541775e-142],[1.9312157845409114e-109,1.9312025534982334e-109],[1.9312157845428323e-109,1.931202553502295e-109]]",0,0.0,"[-4.591978941908623e-15,-2.2448164188147514e-15,-1.1533751181230269e-15]","{""PspCorrection"":0.09187494522099392,""Ewald"":-14.186487397403095,""Kinetic"":29.092777481396098,""AtomicNonlocalFR"":-14.220317549407161,""AtomicLocal"":-79.46083853291303,""Hartree"":28.536492063901242,""Xc"":-7.179465815108423}",PASS,1.9312157845428323e-109,1.7691876112721708e-37
49,iteration,CONTINUE,0.010861661623240093,0.001086166162324048,0.001086166162324048,False,False,linear_mixing,,6db16ffc25a70204a95425e362c339c18cbf99d465bf13f3a11c68a045492879,10.000000000000018,94e21c2c865692f3728f083fd57ab8e49b7299a45f4ad301a842013a1a1b8272,10.000000000000012,4b94e96df9486d60d3e33a9f8733a739988f0cb413edbcc9f59167fabf864b6e,10.000000000000016,24,9.990087574223588e-11,2.634224314765626e-14,2f70fb8ad796ce354560d58147afbbd553639df06ae7c11f23c4d6ff232fdcb3,90.1195786404305,0.1673980625286546,83af7b7fb21556942927a5fef8a3c70a5d580a142ddec4815833ea0a1c85d15d,9.707549082344425,-57.32596948257313,1.6368736192424485e-34,-1.6368736192424485e-37,-57.32596948257313,1.6368736192424485e-37,10.000000000000012,10.000000000000014,1.3511209388194938e-13,0.006232773467258838,0.0034630767280760984,-0.0798188834591899,0.0,"[10.0,10.0,10.0]","[3.333333333333333,3.333333333333333,3.333333333333333]",6.753304340605726e-142,1.0,True,"Midpoint of the global spectral gap; Float64 counts equal at its 1/4,1/2,3/4 points","[[6.753304340625688e-142,6.753304340605726e-142],[1.9353226750564788e-109,1.9353093088409602e-109],[1.9353226750549937e-109,1.9353093088414003e-109]]",0,0.0,"[-1.2295108768326394e-15,-8.542566464741448e-16,7.662524738658418e-16]","{""PspCorrection"":0.09187494522099392,""Ewald"":-14.186487397403095,""Kinetic"":29.090303664431474,""AtomicNonlocalFR"":-14.219412728630648,""AtomicLocal"":-79.45664925007867,""Hartree"":28.533497436344344,""Xc"":-7.179096152457523}",PASS,1.9353226750564788e-109,1.8916314813578e-37
50,iteration,CONTINUE,0.009807349174280994,0.0009807349174281456,0.0009807349174281456,False,False,linear_mixing,,4b94e96df9486d60d3e33a9f8733a739988f0cb413edbcc9f59167fabf864b6e,10.000000000000016,99062921309dbe88355e911904277462d90fad0d1f9da38ffab321aa12e257b5,10.000000000000012,1070021d0edfe2bcb7d551d98cda88867434192b5e8d094cfe4ed32bbe4a743f,10.000000000000016,24,9.160512141267489e-11,3.081114704421943e-14,bba81e649e1789e7f5476cb2b3502b2df6c08175bea2e780638b01b1e5baaad5,90.1055537945504,0.15864015029029008,78a9a9dfa452ce4619254151877b47a720c6aa887c19fd1c87ff0ccfdd69077d,9.707635683275226,-57.3259731359976,1.6241611725283568e-34,-1.6241611725283569e-37,-57.3259731359976,1.6241611725283569e-37,10.000000000000012,10.000000000000016,1.1987213465796102e-13,0.005276743252780416,0.00324088177174742,-0.07973543150212321,0.0,"[10.0,10.0,10.0]","[3.333333333333333,3.333333333333333,3.333333333333333]",7.49098989961069e-142,1.0,True,"Midpoint of the global spectral gap; Float64 counts equal at its 1/4,1/2,3/4 points","[[7.490989899623464e-142,7.49098989961069e-142],[1.9314584262671444e-109,1.9314449995874725e-109],[1.931458426266321e-109,1.9314449995874725e-109]]",0,0.0,"[-1.8464428009417196e-15,-4.9279932948235855e-15,1.0362143678917593e-15]","{""PspCorrection"":0.09187494522099392,""Ewald"":-14.186487397403095,""Kinetic"":29.08819341741377,""AtomicNonlocalFR"":-14.218638952560532,""AtomicLocal"":-79.45308354919479,""Hartree"":28.530950447136142,""Xc"":-7.178782046610096}",PASS,1.9314584262671444e-109,1.956646412421327e-37
51,iteration,CONTINUE,0.008856151624083089,0.000885615162408329,0.000885615162408329,False,False,linear_mixing,,1070021d0edfe2bcb7d551d98cda88867434192b5e8d094cfe4ed32bbe4a743f,10.000000000000016,aa6605235db3a2c4ec6d6213af040fd409f7a835d808bed2c579682e66aefc9b,10.000000000000018,011d0589959e020fd9b01786c02e7f87af2bf6379a5a5473f784156255a0d022,10.000000000000016,24,9.928186882146036e-11,2.8780649879242644e-14,f7c62e6618243bf8da11614ee260fe2d472ed4fdb7f20edab0d00ccdb59baf11,90.09390151899493,0.15002358093687299,4cb7a69b1c64dd1b22dc54c2a24912a97245af546dc236f805f57ad57533afbc,9.707715705376483,-57.325976006150995,1.6090971504179748e-34,-1.6090971504179748e-37,-57.325976006150995,1.6090971504179748e-37,10.000000000000018,10.000000000000018,1.1817230355229908e-13,0.004466214564555636,0.0030312429808752256,-0.07966302011025432,0.0,"[10.0,10.0,10.0]","[3.333333333333333,3.333333333333333,3.333333333333333]",8.232079355698235e-142,1.0,True,"Midpoint of the global spectral gap; Float64 counts equal at its 1/4,1/2,3/4 points","[[8.232079355710869e-142,8.232079355698235e-142],[1.921453879753597e-109,1.9214404517871598e-109],[1.921453879750375e-109,1.9214404517860676e-109]]",0,0.0,"[5.704511693859225e-15,4.172131932055035e-15,3.2977235156337768e-15]","{""PspCorrection"":0.09187494522099392,""Ewald"":-14.186487397403095,""Kinetic"":29.08639330303717,""AtomicNonlocalFR"":-14.217977203722748,""AtomicLocal"":-79.45004897916202,""Hartree"":28.52878454664249,""Xc"":-7.178515220763786}",PASS,1.921453879753597e-109,1.977436635751409e-37
52,iteration,CONTINUE,0.007997665857171122,0.0007997665857171379,0.0007997665857171379,False,False,linear_mixing,,011d0589959e020fd9b01786c02e7f87af2bf6379a5a5473f784156255a0d022,10.000000000000016,83de3fd04d78a4f6ac0a02ffcaff84e543e63ae9b8e2e5dcc6735c46c8fc7a6b,10.000000000000016,bb692c8400a2038ab7604ffb551fbf163e987b0a41441ac17eb92f863238e021,10.000000000000014,24,9.878166447195613e-11,2.8670921043802294e-14,b2396e031b7c710a5c82121cb6863c767ed9c48e4ad5d038dd2ca617c1d9a0f7,90.08424387549503,0.14158441803278,53fc5c928671aacbb4a37111aaf5fc7a66d93b30ebad7a6ce6c213bb26651f73,9.707789722596159,-57.32597827431942,1.5924660742528625e-34,-1.5924660742528626e-37,-57.32597827431942,1.5924660742528626e-37,10.000000000000016,10.000000000000018,1.17387003907615e-13,0.003779226371116049,0.0028332835656043414,-0.0796000398111927,0.0,"[10.0,10.0,10.0]","[3.333333333333333,3.333333333333333,3.333333333333333]",8.970294429060785e-142,1.0,True,"Midpoint of the global spectral gap; Float64 counts equal at its 1/4,1/2,3/4 points","[[8.970294429068434e-142,8.970294429060785e-142],[1.9068571172488344e-109,1.9068437337093666e-109],[1.9068571172446073e-109,1.9068437337089872e-109]]",0,0.0,"[1.4696624624713244e-15,-5.044383342266574e-15,-4.412914176736343e-15]","{""PspCorrection"":0.09187494522099392,""Ewald"":-14.186487397403095,""Kinetic"":29.08485774940337,""AtomicNonlocalFR"":-14.21741122646361,""AtomicLocal"":-79.44746679906159,""Hartree"":28.5269430821868,""Xc"":-7.178288628202286}",PASS,1.9068571172488344e-109,1.9646625763291884e-37
53,iteration,CONTINUE,0.007222626295295294,0.0007222626295295466,0.0007222626295295466,False,False,linear_mixing,,bb692c8400a2038ab7604ffb551fbf163e987b0a41441ac17eb92f863238e021,10.000000000000014,11a5e73c28af3fbada4d4251fbef4e83cff33f1e067f91eacc980d7f3456a413,10.000000000000012,591a84f2c8f59a9ccd6374237caca0815ba972db715e16b74b1e8af5ea159c45,10.000000000000016,24,9.960558438788213e-11,2.8398580874809817e-14,6aa33cb08c3830166a9fabbb76e7779348558afcc5314114814f10a9e74f1a60,90.07626083852819,0.13335796746968356,a217f0e7217561ab07b02bf625596825db3438dee111d95c09f7b86977797153,9.707858242071799,-57.325980077163706,1.574891716670231e-34,-1.574891716670231e-37,-57.325980077163706,1.574891716670231e-37,10.000000000000012,10.000000000000018,1.979454932395676e-13,0.003480735229781456,0.0026463406422434117,-0.07954512664419577,0.0,"[10.0,10.0,10.0]","[3.333333333333333,3.333333333333333,3.333333333333333]",9.700021069359165e-142,1.0,True,"Midpoint of the global spectral gap; Float64 counts equal at its 1/4,1/2,3/4 points","[[9.700021069382874e-142,9.700021069359165e-142],[1.888951025855494e-109,1.8889377211039748e-109],[1.8889510258563532e-109,1.8889377211056927e-109]]",0,0.0,"[1.2025617861842278e-15,2.6358100307310537e-15,2.4563426074782676e-16]","{""PspCorrection"":0.09187494522099392,""Ewald"":-14.186487397403095,""Kinetic"":29.083547889899197,""AtomicNonlocalFR"":-14.216927126550283,""AtomicLocal"":-79.44526994001642,""Hartree"":28.52537782097695,""Xc"":-7.178096269291047}",PASS,1.8889510258563532e-109,1.926867475897007e-37
54,iteration,CONTINUE,0.0065227604224603955,0.0006522760422460537,0.0006522760422460537,False,False,linear_mixing,,591a84f2c8f59a9ccd6374237caca0815ba972db715e16b74b1e8af5ea159c45,10.000000000000016,9fe544ba4129f59a049579b1c671c1a27babcce6c8dc49f3e544a660e6c60272,10.000000000000014,494a1a51c46bac8d2ec9e4d359537e8d927077d98a8b306edb46b5d355a739df,10.000000000000018,24,9.8637545098324e-11,2.724253538455992e-14,826ad1514ad2e410ebc31f46aefa1dcd3a864dba70bc030f38632d8c48e57258,90.06968161979839,0.12537676112577253,d82e5301609f33b7697b3721dc2475545ae387d6bfb496ab8908d7ec8abc6e34,9.707921714967117,-57.32598151820085,1.5568625674425247e-34,-1.5568625674425247e-37,-57.32598151820085,1.5568625674425247e-37,10.000000000000014,10.000000000000016,1.456660839713275e-13,0.00322416217988253,0.0024698839406756133,-0.07949712373985653,0.0,"[10.0,10.0,10.0]","[3.333333333333333,3.333333333333333,3.333333333333333]",1.0416365247496392e-141,1.0,True,"Midpoint of the global spectral gap; Float64 counts equal at its 1/4,1/2,3/4 points","[[1.0416365247511786e-141,1.0416365247496392e-141],[1.8687803613332631e-109,1.8687671603306834e-109],[1.8687803613319352e-109,1.8687671603288244e-109]]",0,0.0,"[-1.6690671518151625e-15,4.3661327840467335e-15,-4.672210867165145e-15]","{""PspCorrection"":0.09187494522099392,""Ewald"":-14.186487397403095,""Kinetic"":29.082430574493337,""AtomicNonlocalFR"":-14.216513028452713,""AtomicLocal"":-79.4434012709272,""Hartree"":28.52404769464065,""Xc"":-7.177933035772824}",PASS,1.8687803613332631e-109,1.870849692017356e-37
55,iteration,CONTINUE,0.005890666437231739,0.0005890666437231834,0.0005890666437231834,False,False,linear_mixing,,494a1a51c46bac8d2ec9e4d359537e8d927077d98a8b306edb46b5d355a739df,10.000000000000018,cff632301852c8c1e9f443526e2a3f86e4708318a66c4f1610a89ee7c340b0da,10.000000000000004,aa9384fc1db1fceab3438dcb589e0556aef90092dbe685ddd67d5f4de09f457a,10.000000000000016,24,9.867620745174828e-11,2.957547842319376e-14,960ac39d00d6955d1f52a627d4b161ad564b567ec55ca25ed5344083291f4cdd,90.06427729164076,0.1176691035055231,863de747bd1d01462b25643ee337eb82e2f166e3cd9e9090375dee72283abc9b,9.707980545186988,-57.32598267624398,1.5387551063553206e-34,-1.5387551063553207e-37,-57.32598267624398,1.5387551063553207e-37,10.000000000000004,10.0,2.3030283544382934e-13,0.002986187135574687,0.0023034621157763226,-0.07945504907633892,0.0,"[10.0,10.0,10.0]","[3.333333333333333,3.333333333333333,3.333333333333333]",1.1115171666159527e-141,1.0,True,"Midpoint of the global spectral gap; Float64 counts equal at its 1/4,1/2,3/4 points","[[1.1115171666178481e-141,1.1115171666159527e-141],[1.8471825671540225e-109,1.8471694872556214e-109],[1.8471825671542326e-109,1.8471694872561466e-109]]",0,0.0,"[-4.425704195982461e-15,-3.4305484436770763e-15,1.5904422130821145e-15]","{""PspCorrection"":0.09187494522099392,""Ewald"":-14.186487397403095,""Kinetic"":29.08147752731727,""AtomicNonlocalFR"":-14.216158782138887,""AtomicLocal"":-79.44181212307753,""Hartree"":28.52291773214288,""Xc"":-7.177794578305621}",PASS,1.8471825671542326e-109,1.8019814562547004e-37
56,iteration,CONTINUE,0.0053197091423121574,0.0005319709142312251,0.0005319709142312251,False,False,linear_mixing,,aa9384fc1db1fceab3438dcb589e0556aef90092dbe685ddd67d5f4de09f457a,10.000000000000016,891b5bb4945fa7fba4c4a5c4d878890e42daffe0b94d0612a7a2ba0de628a546,9.999999999999996,a00cd12c6093bdd2a9183d9dd6cd746a0eb6519245d9acbfa5ca296ed86ec139,10.000000000000014,24,9.620036318471116e-11,2.925031986109998e-14,e9076c64e3f24da1c6af23fddb6d81f05dfdd71417c9d7d810197f8a524dada1,90.05985450799498,0.11025819096161181,b003642dc800f6739f948ffb2b0ec97b1e459a2a8886c1072254c5355e8818be,9.708035096391795,-57.325983611620565,1.520854313990224e-34,-1.5208543139902239e-37,-57.325983611620565,1.5208543139902239e-37,9.999999999999996,10.0,2.3920302453061535e-13,0.002765394613929347,0.0021466680353697406,-0.07941806838272379,0.0,"[10.0,10.0,10.0]","[3.333333333333333,3.333333333333333,3.333333333333333]",1.1793012716633228e-141,1.0,True,"Midpoint of the global spectral gap; Float64 counts equal at its 1/4,1/2,3/4 points","[[1.1793012716651328e-141,1.1793012716633228e-141],[1.8248187441981943e-109,1.8248057966924528e-109],[1.8248187441993873e-109,1.8248057966934382e-109]]",0,0.0,"[-1.5009495574992535e-15,1.5820352735618388e-15,-1.958901545137735e-15]","{""PspCorrection"":0.09187494522099392,""Ewald"":-14.186487397403095,""Kinetic"":29.08066462852624,""AtomicNonlocalFR"":-14.21585571229921,""AtomicLocal"":-79.44046103415386,""Hartree"":28.521958152198877,""Xc"":-7.177677193710507}",PASS,1.8248187441993873e-109,1.7244776614308578e-37
57,iteration,CONTINUE,0.004803930833956975,0.0004803930833957021,0.0004803930833957021,False,False,linear_mixing,,a00cd12c6093bdd2a9183d9dd6cd746a0eb6519245d9acbfa5ca296ed86ec139,10.000000000000014,37b34eb2ab006d32cae9fd4339d17d1fda202d680c7720457f923ba15b6f0d59,10.000000000000009,27adec13dd32f21e6498b0cf4da50bee359f2349969589ae8e067fccb5578312,10.000000000000014,24,9.109533429914568e-11,2.563485139290747e-14,f620cd4d996701111ce3e80ba0282f4c5461b5c9f43ea3dc19eb6036d864f5a9,90.05625015486338,0.10316174318728691,36d86b9d4ad0a73d5a2638d6899ebf708b78390518a0d683aa25a2cfba260e8b,9.708085697661172,-57.32598437076774,1.5033712853693532e-34,-1.5033712853693533e-37,-57.32598437076774,1.5033712853693533e-37,10.000000000000009,10.00000000000001,1.59329333979775e-13,0.002560515892548684,0.0019991170820292618,-0.07938547233884294,0.0,"[10.0,10.0,10.0]","[3.333333333333333,3.333333333333333,3.333333333333333]",1.244715490193236e-141,1.0,True,"Midpoint of the global spectral gap; Float64 counts equal at its 1/4,1/2,3/4 points","[[1.244715490194085e-141,1.244715490193236e-141],[1.8022026869982018e-109,1.8021898784082061e-109],[1.8022026869971261e-109,1.8021898784068232e-109]]",0,0.0,"[-7.12577231847531e-15,1.9001182954982715e-15,-3.4232164230880665e-15]","{""PspCorrection"":0.09187494522099392,""Ewald"":-14.186487397403095,""Kinetic"":29.07997130230528,""AtomicNonlocalFR"":-14.215596403929876,""AtomicLocal"":-79.43931267947853,""Hartree"":28.521143591540216,""Xc"":-7.1775777290227305}",PASS,1.8022026869982018e-109,1.641619692998758e-37
58,iteration,CONTINUE,0.0043379746306504265,0.0004337974630650428,0.0004337974630650428,False,False,linear_mixing,,27adec13dd32f21e6498b0cf4da50bee359f2349969589ae8e067fccb5578312,10.000000000000014,fe9a82006308320b2dc4f9a356264e88681af6cc817f86abbdf2789ee345da83,10.000000000000014,60d0181bf572a4e494c1d96ef78ab8d9b9d8926b926abda31ad5cc413f9c7a04,10.000000000000012,24,9.452719717030846e-11,3.1040241112162724e-14,c623f4f45b2c18795cd5a3c3ac27822026855ae1527839fcf63c2cec3289afd8,90.05332678976663,0.0963920404121346,a116b33ec66a983d459eb0a71e0308057e1207b9089103c94336df9ec908cef8,9.708132648090691,-57.32598498963658,1.4864580657886242e-34,-1.4864580657886242e-37,-57.32598498963658,1.4864580657886242e-37,10.000000000000014,10.000000000000016,1.4248321780519816e-13,0.0023704019335539814,0.0018604343513663642,-0.07935665736699264,0.0,"[10.0,10.0,10.0]","[3.333333333333333,3.333333333333333,3.333333333333333]",1.3075509364108588e-141,1.0,True,"Midpoint of the global spectral gap; Float64 counts equal at its 1/4,1/2,3/4 points","[[1.3075509364144264e-141,1.3075509364108588e-141],[1.7797269319887488e-109,1.7797142651409682e-109],[1.779726931989204e-109,1.7797142651415752e-109]]",0,0.0,"[3.784848359396088e-16,-4.992234159101558e-15,3.087699049384113e-15]","{""PspCorrection"":0.09187494522099392,""Ewald"":-14.186487397403095,""Kinetic"":29.079379995159044,""AtomicNonlocalFR"":-14.215374519036931,""AtomicLocal"":-79.4383369621151,""Hartree"":28.520452448348667,""Xc"":-7.177493499810154}",PASS,1.779726931989204e-109,1.5559399879454452e-37
59,iteration,CONTINUE,0.0039170181406426,0.00039170181406427904,0.00039170181406427904,False,False,linear_mixing,,60d0181bf572a4e494c1d96ef78ab8d9b9d8926b926abda31ad5cc413f9c7a04,10.000000000000012,d863ea72d5cc2d856a1dc475b2840ff733f804d4fde4312b15ba58bbe266ee08,10.000000000000009,969a25618029966e6778d5f5c93c47426dc9e061707e7fbffa56287dc8abcc40,10.000000000000014,24,9.795492654228429e-11,2.9260009013965783e-14,7cfbecbf71ae4d89115dedf00a700a4e2fdb73e4cd74b4e96e4a306719c9fe16,90.05096875278635,0.08995625285955754,b585cb828ad031e8406250d0a7a69dee7d272ea5d81722d532ccd7ca0f296dfd,9.70817622055012,-57.325985496224845,1.470219961484609e-34,-1.4702199614846092e-37,-57.325985496224845,1.4702199614846092e-37,10.000000000000009,10.00000000000001,1.0036669375764738e-13,0.002194003229427555,0.0017302477965359458,-0.07933110943206188,0.0,"[10.0,10.0,10.0]","[3.333333333333333,3.333333333333333,3.333333333333333]",1.36765722774733e-141,1.0,True,"Midpoint of the global spectral gap; Float64 counts equal at its 1/4,1/2,3/4 points","[[1.3676572277490403e-141,1.36765722774733e-141],[1.7576854238457152e-109,1.757672898765563e-109],[1.7576854238452155e-109,1.757672898767911e-109]]",0,0.0,"[3.3153196047856993e-15,7.821659432349819e-15,-5.598758397068232e-15]","{""PspCorrection"":0.09187494522099392,""Ewald"":-14.186487397403095,""Kinetic"":29.078875731225104,""AtomicNonlocalFR"":-14.215184639977327,""AtomicLocal"":-79.43750823840197,""Hartree"":28.519866323759082,""Xc"":-7.177422220647633}",PASS,1.7576854238457152e-109,1.4693729626252734e-37
60,iteration,CONTINUE,0.0035367157791973683,0.0003536715779197571,0.0003536715779197571,False,False,linear_mixing,,969a25618029966e6778d5f5c93c47426dc9e061707e7fbffa56287dc8abcc40,10.000000000000014,fec4487a1a1ae5ada02045cfe8020e10139aaf5938d737d5cb49b0e863c1cac4,10.000000000000016,43ae6885e197bd48dd40e688525a311f9a0065186612290ea4e7fe5206bc5670,10.000000000000014,24,9.934527893437239e-11,2.498493175964865e-14,dcccd1abad46ab7faa66879de1b16efdfc4239f374019e3e525664116e1ba8ee,90.0490788504184,0.08385695503091146,f72895da81de287e6f19bda37294b773ba77623d15506120d6ccf40ff01695a5,9.708216664781332,-57.32598591246506,1.4547256345571883e-34,-1.4547256345571883e-37,-57.32598591246506,1.4547256345571883e-37,10.000000000000016,10.000000000000018,1.43115439035951e-13,0.002030354745260071,0.001608185254277739,-0.07930839036534815,0.0,"[10.0,10.0,10.0]","[3.333333333333333,3.333333333333333,3.333333333333333]",1.4249359874383435e-141,1.0,True,"Midpoint of the global spectral gap; Float64 counts equal at its 1/4,1/2,3/4 points","[[1.4249359874395583e-141,1.4249359874383435e-141],[1.7362928065486282e-109,1.736280421167e-109],[1.7362928065474438e-109,1.736280421164286e-109]]",0,0.0,"[-1.002194447618148e-15,9.745230225338e-16,-3.6539286102832327e-16]","{""PspCorrection"":0.09187494522099392,""Ewald"":-14.186487397403095,""Kinetic"":29.07844573311252,""AtomicNonlocalFR"":-14.215022135575367,""AtomicLocal"":-79.43680465839985,""Hartree"":28.5193695464921,""Xc"":-7.177361945912352}",PASS,1.7362928065486282e-109,1.38337764763734e-37
61,iteration,CONTINUE,0.003193148356486489,0.00031931483564865456,0.00031931483564865456,False,False,linear_mixing,,43ae6885e197bd48dd40e688525a311f9a0065186612290ea4e7fe5206bc5670,10.000000000000014,d65845f57d7890f8b495a9c94c4a83cf0abe781051377f4df7337f8ddd863d90,10.000000000000014,d22f2d9485e6ff034db29459e3227f83076363d9fb79e026f50702cf72fea76f,10.000000000000016,24,9.872495061934357e-11,3.0095371568344785e-14,9fde0e53659fa3939e1f84156c1acf655d9851623e66b21fa5ec071936daf63c,90.04757552890801,0.07809273774127096,f25817cc0ed42967b8248369eac4b799fc1f1d5c0cf10e4a8875114041610cec,9.70825420997775,-57.3259862556408,1.4400153011449965e-34,-1.4400153011449966e-37,-57.3259862556408,1.4400153011449966e-37,10.000000000000014,10.000000000000014,7.892534820931314e-14,0.001878564570329785,0.0014938739036458575,-0.07928812630928572,0.0,"[10.0,10.0,10.0]","[3.333333333333333,3.333333333333333,3.333333333333333]",1.4793341867941414e-141,1.0,True,"Midpoint of the global spectral gap; Float64 counts equal at its 1/4,1/2,3/4 points","[[1.4793341867961598e-141,1.4793341867941414e-141],[1.715700568071273e-109,1.715688318781535e-109],[1.715700568072297e-109,1.715688318783193e-109]]",0,0.0,"[1.2924214386438214e-15,-1.643967870074557e-15,2.4800814469788982e-15]","{""PspCorrection"":0.09187494522099392,""Ewald"":-14.186487397403095,""Kinetic"":29.078079098721492,""AtomicNonlocalFR"":-14.21488304673558,""AtomicLocal"":-79.43620760452828,""Hartree"":28.51894876847637,""Xc"":-7.177311019392698}",PASS,1.715700568072297e-109,1.299036773354777e-37
62,iteration,CONTINUE,0.0028827788071593813,0.0002882778807159455,0.0002882778807159455,False,False,linear_mixing,,d22f2d9485e6ff034db29459e3227f83076363d9fb79e026f50702cf72fea76f,10.000000000000016,74062654093c63c1026446f95e6b7c9548612e2eef52b0595cec0ce2950df19c,10.000000000000014,7b4a2e081b37d2100bebd590117c65a74a5a9598dcfaefc911d227705f559947,10.000000000000016,24,9.13077454690264e-11,2.6805562792158885e-14,d732541adc1a01bf775b1de43f4214e4dd570e0c6d22eca56776e6636b86f25f,90.04639046612203,0.07265885024372942,d8b524851afd0adb6ad2bd6ce3cc8166290b176feb8370428f80fd84019d34b1,9.708289066953224,-57.32598653945094,1.4261073355686374e-34,-1.4261073355686375e-37,-57.32598653945094,1.4261073355686375e-37,10.000000000000014,10.000000000000012,1.904866697465498e-13,0.0017378052672273785,0.001386941163590217,-0.0792699979467531,0.0,"[10.0,10.0,10.0]","[3.333333333333333,3.333333333333333,3.333333333333333]",1.5308376102124152e-141,1.0,True,"Midpoint of the global spectral gap; Float64 counts equal at its 1/4,1/2,3/4 points","[[1.5308376102163308e-141,1.5308376102124152e-141],[1.6960103763468602e-109,1.69599825845668e-109],[1.696010376345896e-109,1.6959982584556194e-109]]",0,0.0,"[-1.4342845246309086e-15,-4.824876031772873e-15,-1.2907667209038714e-15]","{""PspCorrection"":0.09187494522099392,""Ewald"":-14.186487397403095,""Kinetic"":29.077766525606652,""AtomicNonlocalFR"":-14.214763988680689,""AtomicLocal"":-79.43570121328003,""Hartree"":28.518592620446366,""Xc"":-7.177268031361137}",PASS,1.6960103763468602e-109,1.2171365106441589e-37
63,iteration,CONTINUE,0.0026024131551633457,0.00026024131551637846,0.00026024131551637846,False,False,linear_mixing,,7b4a2e081b37d2100bebd590117c65a74a5a9598dcfaefc911d227705f559947,10.000000000000016,5987f3222aa71c2bf7733629c066b694ecee93d339062b42805ba23fbca19973,10.000000000000002,bc4e3435af5224b9f6bccb32246ac091bdfa8879e92883c92b97bc5871d29d63,10.000000000000012,24,9.719411220040484e-11,2.639806947837379e-14,5e7fb768fd650a4682feec5686b422dc6ac28208e64c78799c7daec2220f9269,90.04546652165689,0.06754782752129673,ce27b7991b8abb401c964f6ced5fd3b1e2046f238220ced6a5b92f24c5b0d0cf,9.708321429984954,-57.32598677481542,1.4130035528403345e-34,-1.4130035528403345e-37,-57.32598677481542,1.4130035528403345e-37,10.000000000000002,10.000000000000005,1.43108774546621e-13,0.0016073071560674351,0.0012870163597169513,-0.07925373223472154,0.0,"[10.0,10.0,10.0]","[3.333333333333333,3.333333333333333,3.333333333333333]",1.579464643940044e-141,1.0,True,"Midpoint of the global spectral gap; Float64 counts equal at its 1/4,1/2,3/4 points","[[1.5794646439434555e-141,1.579464643940044e-141],[1.6772849790300378e-109,1.6772729871108227e-109],[1.6772849790300378e-109,1.6772729871105367e-109]]",0,0.0,"[1.8799647630360675e-15,-1.0486783853323027e-15,-6.806194546016817e-16]","{""PspCorrection"":0.09187494522099392,""Ewald"":-14.186487397403095,""Kinetic"":29.077500075995786,""AtomicNonlocalFR"":-14.214662067445763,""AtomicLocal"":-79.43527196805456,""Hartree"":28.518291418901583,""Xc"":-7.177231782030352}",PASS,1.6772849790300378e-109,1.1382303683933786e-37
64,iteration,CONTINUE,0.00234916595114007,0.00023491659511400294,0.00023491659511400294,False,False,linear_mixing,,bc4e3435af5224b9f6bccb32246ac091bdfa8879e92883c92b97bc5871d29d63,10.000000000000012,9ea2feed391c9c749f13f1c531e32fba8d5d99dde79d9136fce7d89a627ce255,10.000000000000012,c7ef0bccc01b6d6c5fa33dab93a01bb5c0f39018776b9e59693af4f55fc45053,10.000000000000016,24,9.803913233530717e-11,3.1195334925504504e-14,dee170f5f8d35f536c26f59228dd1a1dba86d8c8dd117dac2d699e158fb984a7,90.04475599334539,0.06275007182357249,2c7c7382dae1acabd1e29ad17ffd8983788ac1b7170d07df6273721610015729,9.708351478396052,-57.325986970486326,1.40069340754683e-34,-1.40069340754683e-37,-57.325986970486326,1.40069340754683e-37,10.000000000000012,10.00000000000001,1.2564491776958387e-13,0.00148635300334387,0.001193732718836059,-0.07923909540691963,0.0,"[10.0,10.0,10.0]","[3.333333333333333,3.333333333333333,3.333333333333333]",1.6252605217817224e-141,1.0,True,"Midpoint of the global spectral gap; Float64 counts equal at its 1/4,1/2,3/4 points","[[1.62526052178357e-141,1.6252605217817224e-141],[1.6595570353100019e-109,1.6595451634634305e-109],[1.6595570353093417e-109,1.6595451634614966e-109]]",0,0.0,"[3.96775346524492e-15,1.7504080076017867e-15,-4.624669766571958e-15]","{""PspCorrection"":0.09187494522099392,""Ewald"":-14.186487397403095,""Kinetic"":29.077272976373926,""AtomicNonlocalFR"":-14.21457480852153,""AtomicLocal"":-79.43490835223932,""Hartree"":28.518036916506084,""Xc"":-7.177201250423397}",PASS,1.6595570353100019e-109,1.062690278646934e-37
65,iteration,CONTINUE,0.0021204295654184855,0.00021204295654187025,0.00021204295654187025,False,False,linear_mixing,,c7ef0bccc01b6d6c5fa33dab93a01bb5c0f39018776b9e59693af4f55fc45053,10.000000000000016,f4b6dd15d54364a3b2e438f5d7c9282baf3d25fd7d5f80eef339a11b500f72b1,10.000000000000014,3d899a5084b736e10ec2ab474180b7584a185d4d6fe19a32ece92a5e3325396a,10.000000000000014,24,9.835149827232706e-11,2.774831857372127e-14,ca2d12cd4d66438b3d1f27dabf1ccb32fb979e3df7b8ef399609b200def2aee0,90.04421913588786,0.05825437414449436,2c57a35aed9c36d05f50f503bd618d9751507e3c317dd6a7ac3b273e45805faa,9.708379377926917,-57.32598713351494,1.3891573112841819e-34,-1.389157311284182e-37,-57.32598713351494,1.389157311284182e-37,10.000000000000014,10.000000000000016,1.55601348321769e-13,0.0013742736916983744,0.001106729392618605,-0.07922588704846051,0.0,"[10.0,10.0,10.0]","[3.333333333333333,3.333333333333333,3.333333333333333]",1.6682921050426105e-141,1.0,True,"Midpoint of the global spectral gap; Float64 counts equal at its 1/4,1/2,3/4 points","[[1.6682921050438435e-141,1.6682921050426105e-141],[1.6428362187038617e-109,1.6428244607765252e-109],[1.6428362187047955e-109,1.6428244607767119e-109]]",0,0.0,"[-1.380702568692e-15,3.172034626965292e-15,6.344152896366174e-16]","{""PspCorrection"":0.09187494522099392,""Ewald"":-14.186487397403095,""Kinetic"":29.077079446593476,""AtomicNonlocalFR"":-14.214500095893674,""AtomicLocal"":-79.4346005537981,""Hartree"":28.51782208963334,""Xc"":-7.1771755678678675}",PASS,1.6428362187047955e-109,9.90747280091535e-38
66,iteration,CONTINUE,0.0019138468183485615,0.00019138468183487232,0.00019138468183487232,False,False,linear_mixing,,3d899a5084b736e10ec2ab474180b7584a185d4d6fe19a32ece92a5e3325396a,10.000000000000014,c308a48ce437276bf1074b53a09ad0a662c06b6f1a24b00180553247cde4ae07,10.000000000000014,0de1e18342baafb23bef41370cfa754d1c8c125d328501b769ed58646567686a,10.000000000000014,24,9.933900980864279e-11,2.6675972345516652e-14,40251026464f9578697a240dab411cd27515a1e071d09710ab72dddbdf440b8e,90.04382290341738,0.054048367364544415,2989557c0044323a6306acf78a645c16c1bf3b38a37ae29dfaf42913e19f25b2,9.708405281935113,-57.32598726961048,1.3783692385345972e-34,-1.3783692385345973e-37,-57.32598726961048,1.3783692385345973e-37,10.000000000000014,10.000000000000016,1.8490256287434594e-13,0.0012704446073231101,0.0010256533496380725,-0.07921393507664691,0.0,"[10.0,10.0,10.0]","[3.333333333333333,3.333333333333333,3.333333333333333]",1.7086432318682478e-141,1.0,True,"Midpoint of the global spectral gap; Float64 counts equal at its 1/4,1/2,3/4 points","[[1.7086432318705788e-141,1.7086432318682478e-141],[1.6271148918917034e-109,1.6271032416238013e-109],[1.6271148918937846e-109,1.627103241627501e-109]]",0,0.0,"[-5.183488715624889e-15,-8.822326324289994e-16,5.983775740935017e-15]","{""PspCorrection"":0.09187494522099392,""Ewald"":-14.186487397403095,""Kinetic"":29.076914554084397,""AtomicNonlocalFR"":-14.214436119956773,""AtomicLocal"":-79.43434021345188,""Hartree"":28.517640957305677,""Xc"":-7.177153995409799}",PASS,1.6271148918937846e-109,9.225238935330784e-38
67,iteration,CONTINUE,0.0017272865139022807,0.00017272865139023922,0.00017272865139023922,False,False,linear_mixing,,0de1e18342baafb23bef41370cfa754d1c8c125d328501b769ed58646567686a,10.000000000000014,e8d2ae43edb3ba9a3455426a8de3b00ed9a55dbeb6681a0bbfb1fe26f59c67a9,10.00000000000001,06761be4ad18137a412bdd23f5b49af7355073bf7a9a855bd72027400715efa4,10.000000000000014,24,9.78460245346633e-11,2.6437167013814704e-14,4bc1e679566345a3d690b88701fab3d5b18dbb0e8d786a892122d4fadbeec9f5,90.04353988333385,0.050118910463599516,85010e26eeeb89d00c86a9ede3d5c9d0b59cfc294cf0c5dd3ff94904a2fcaf77,9.70842933245334,-57.3259873834166,1.368298760725084e-34,-1.368298760725084e-37,-57.3259873834166,1.368298760725084e-37,10.00000000000001,10.000000000000012,7.360195896926985e-14,0.0011742825432803255,0.0009501610415958336,-0.07920309148845096,0.0,"[10.0,10.0,10.0]","[3.333333333333333,3.333333333333333,3.333333333333333]",1.7464106394525023e-141,1.0,True,"Midpoint of the global spectral gap; Float64 counts equal at its 1/4,1/2,3/4 points","[[1.7464106394594514e-141,1.7464106394525023e-141],[1.6123726128969966e-109,1.6123610640522617e-109],[1.6123726128961717e-109,1.6123610640532698e-109]]",0,0.0,"[2.4952852599025556e-15,2.177539336813205e-15,1.1856837075883845e-15]","{""PspCorrection"":0.09187494522099392,""Ewald"":-14.186487397403095,""Kinetic"":29.076774089547857,""AtomicNonlocalFR"":-14.21438133301459,""AtomicLocal"":-79.43412021027102,""Hartree"":28.517488427086537,""Xc"":-7.177135904583274}",PASS,1.6123726128969966e-109,8.580597732555479e-38
68,iteration,CONTINUE,0.0015588215233759636,0.00015588215233760567,0.00015588215233760567,False,False,linear_mixing,,06761be4ad18137a412bdd23f5b49af7355073bf7a9a855bd72027400715efa4,10.000000000000014,63c85ef34a2c30c87ebda628cb0f546370a4697a405d0e0faacea04907a46b42,10.00000000000002,bef89704ec0e9755751e6ea712c4a0cf9e894df715eb7e12833d4e28b2a27254,10.000000000000016,24,9.879561372428217e-11,2.670553338909049e-14,2d0db6263c5f34d0b9c2dac150acdf43533e75c92dfe2cf14af262b013c53801,90.04334739323166,0.046452409572997067,d0050ed9175521f62d21ce2bcaa88534bd99403cec08c3a5b8a2471a348ce722,9.708451661129088,-57.325987478726844,1.3589126235811338e-34,-1.3589126235811339e-37,-57.325987478726844,1.3589126235811339e-37,10.00000000000002,10.000000000000018,6.036397950587491e-14,0.001085242999666982,0.0008799198269689425,-0.07919322875685209,0.0,"[10.0,10.0,10.0]","[3.333333333333333,3.333333333333333,3.333333333333333]",1.781700440475005e-141,1.0,True,"Midpoint of the global spectral gap; Float64 counts equal at its 1/4,1/2,3/4 points","[[1.7817004404774355e-141,1.781700440475005e-141],[1.5985796923376664e-109,1.5985682387838743e-109],[1.5985796923408467e-109,1.598568238784056e-109]]",0,0.0,"[-9.656464028306815e-16,4.42217324318888e-15,-7.462545659646716e-15]","{""PspCorrection"":0.09187494522099392,""Ewald"":-14.186487397403095,""Kinetic"":29.076654460860222,""AtomicNonlocalFR"":-14.214334411255034,""AtomicLocal"":-79.43393447879593,""Hartree"":28.517360163663174,""Xc"":-7.177120761017163}",PASS,1.5985796923408467e-109,7.973320307142693e-38
69,iteration,CONTINUE,0.0014067091044909395,0.00014067091044909046,0.00014067091044909046,False,False,linear_mixing,,bef89704ec0e9755751e6ea712c4a0cf9e894df715eb7e12833d4e28b2a27254,10.000000000000016,b6d8b770f0320146f7e4fb966dd2b1b40088a7b6eca3a7829fe21c1867c63908,10.000000000000018,d72c883b063e473f0214bac71c03ceb334e34c1a3d0e03a77e3f2d9efd0eef33,10.000000000000014,24,9.988017428413543e-11,2.6164154084127704e-14,a27047855f01d1e7714a8edd94f1523daadce457394d7dde2cf23238ee40565b,90.04322671684577,0.043035079108380996,9daac4891773697a5e1b798c644d7264c96c030fd65aed89d8abdc9e69f949dc,9.708472390065142,-57.3259875586521,1.350175960652788e-34,-1.350175960652788e-37,-57.3259875586521,1.350175960652788e-37,10.000000000000018,10.000000000000021,5.535025590010691e-14,0.0010028177154672445,0.0008146090554113437,-0.07918423677673952,0.0,"[10.0,10.0,10.0]","[3.333333333333333,3.333333333333333,3.333333333333333]",1.8146251202525911e-141,1.0,True,"Midpoint of the global spectral gap; Float64 counts equal at its 1/4,1/2,3/4 points","[[1.8146251202570268e-141,1.8146251202525911e-141],[1.5856999844064825e-109,1.5856886201741004e-109],[1.5856999844069781e-109,1.5856886201741004e-109]]",0,0.0,"[2.0293547219316187e-15,5.343528998792697e-15,3.3648272656602754e-15]","{""PspCorrection"":0.09187494522099392,""Ewald"":-14.186487397403095,""Kinetic"":29.076552602606434,""AtomicNonlocalFR"":-14.214294222261824,""AtomicLocal"":-79.43377785331165,""Hartree"":28.51725247697465,""Xc"":-7.177108110477601}",PASS,1.5856999844069781e-109,7.402712527387018e-38
70,iteration,CONTINUE,0.0012693732016539915,0.00012693732016538992,0.00012693732016538992,False,False,linear_mixing,,d72c883b063e473f0214bac71c03ceb334e34c1a3d0e03a77e3f2d9efd0eef33,10.000000000000014,d64b2ae782c9601312671083ed6cf4f3894d9b5933285d8914370c6a74c2f919,10.000000000000009,85d5b3e68e49ab40f930322651df006cfcccab9dc9d6b8791c881eec43d569e8,10.000000000000012,24,9.767203593365661e-11,2.5303617420645988e-14,d7c17a4064654d863238e0cf91fea478353a15f6c0929e5b5c28669b2e558501,90.04316245828227,0.03985315205351966,e9802b7f673e10ac17ce327ee1269fa67ce0c2f3e7b28809a5696709cd52192a,9.708491632574335,-57.32598762575267,1.3420532186143726e-34,-1.3420532186143727e-37,-57.32598762575267,1.3420532186143727e-37,10.000000000000009,10.000000000000012,7.786058820225469e-14,0.0009265324314078123,0.0007539209058087317,-0.07917602027627486,0.0,"[10.0,10.0,10.0]","[3.333333333333333,3.333333333333333,3.333333333333333]",1.8453010115938584e-141,1.0,True,"Midpoint of the global spectral gap; Float64 counts equal at its 1/4,1/2,3/4 points","[[1.845301011599103e-141,1.8453010115938584e-141],[1.5736930626194784e-109,1.5736817819517896e-109],[1.573693062619031e-109,1.5736817819505817e-109]]",0,0.0,"[1.7065582275822827e-15,3.961932074770984e-15,-5.723442599816131e-15]","{""PspCorrection"":0.09187494522099392,""Ewald"":-14.186487397403095,""Kinetic"":29.07646589886873,""AtomicNonlocalFR"":-14.214259797251835,""AtomicLocal"":-79.43364593503013,""Hartree"":28.517162226813415,""Xc"":-7.177097566970745}",PASS,1.5736930626194784e-109,6.867741260711996e-38
71,iteration,CONTINUE,0.0011453885005265395,0.00011453885005266653,0.00011453885005266653,False,False,linear_mixing,,85d5b3e68e49ab40f930322651df006cfcccab9dc9d6b8791c881eec43d569e8,10.000000000000012,d85066089c9dd638a29757be7803652588b4e79e801a5e1179c9c67f1076a3cf,10.000000000000012,2c67e73a11fc4c8d26751a7c0d5d30d87e918710e780f1504c5695bb48fa0972,10.000000000000018,24,9.960945467033907e-11,2.8491346285903296e-14,4a0bafc17b8b05760692b92148b903e3b7dadba4444ced88373b9a15b4ddc66e,90.04314199684453,0.0368930445923854,fe278f1f9f2418048f4c67ead9cbc034f2f436a0ad4c511575372fc6cd16105b,9.708509493862108,-57.32598768214267,1.3345088546249005e-34,-1.3345088546249006e-37,-57.32598768214267,1.3345088546249006e-37,10.000000000000012,10.000000000000016,6.465194570337146e-14,0.0008559448523188045,0.0006975610142869739,-0.07916849662265019,0.0,"[10.0,10.0,10.0]","[3.333333333333333,3.333333333333333,3.333333333333333]",1.8738462007040737e-141,1.0,True,"Midpoint of the global spectral gap; Float64 counts equal at its 1/4,1/2,3/4 points","[[1.8738462007079083e-141,1.8738462007040737e-141],[1.5625159036063907e-109,1.5625047009910547e-109],[1.5625159036072787e-109,1.5625047009912324e-109]]",0,0.0,"[-7.823194468635661e-16,-7.156802389875355e-16,1.9723743453176437e-15]","{""PspCorrection"":0.09187494522099392,""Ewald"":-14.186487397403095,""Kinetic"":29.076392117360303,""AtomicNonlocalFR"":-14.214230307349558,""AtomicLocal"":-79.43353497892161,""Hartree"":28.517086741559353,""Xc"":-7.177088802609044}",PASS,1.5625159036072787e-109,6.367133336589271e-38
72,iteration,CONTINUE,0.0010334660457945505,0.00010334660457946846,0.00010334660457946846,False,False,linear_mixing,,2c67e73a11fc4c8d26751a7c0d5d30d87e918710e780f1504c5695bb48fa0972,10.000000000000018,d4df5c9ce8f4a9f1c1aa806c9823aaecd48572d3354e48b82b4825478474b213,10.00000000000001,379dba52a2b3438bfdd9110e76ad382f5c13f88c0931b3d7a2f0a3a6b4962ac3,10.000000000000014,24,9.413913578146469e-11,2.276362955560969e-14,83d74b78272a48d979da7d13c6a22fbe46ba5c70d5b8f4c4f22066a3f0e0b158,90.04315502728475,0.03414148310644025,65bb273610025dc0cf412fbe9d2ac2a85a8cf16250e8e5a21ef7e8267409ee48,9.708526071644826,-57.32598772957303,1.327507854317523e-34,-1.3275078543175232e-37,-57.32598772957303,1.3275078543175232e-37,10.00000000000001,10.000000000000007,4.5733972891393994e-14,0.0007906426427939645,0.0006452487539289489,-0.07916159396198216,0.0,"[10.0,10.0,10.0]","[3.333333333333333,3.333333333333333,3.333333333333333]",1.90037881541023e-141,1.0,True,"Midpoint of the global spectral gap; Float64 counts equal at its 1/4,1/2,3/4 points","[[1.9003788154108778e-141,1.90037881541023e-141],[1.5521241791148279e-109,1.5521130492949998e-109],[1.5521241791145634e-109,1.5521130492948232e-109]]",0,0.0,"[-4.9710816011156994e-15,-5.215011779018595e-15,1.0427875553206895e-15]","{""PspCorrection"":0.09187494522099392,""Ewald"":-14.186487397403095,""Kinetic"":29.076329353228807,""AtomicNonlocalFR"":-14.214205043318898,""AtomicLocal"":-79.43344179722725,""Hartree"":28.5170237489027,""Xc"":-7.177081538976295}",PASS,1.5521241791148279e-109,5.899452888073589e-38
73,iteration,CONTINUE,0.0009324402602015413,9.3244026020158e-05,9.3244026020158e-05,False,False,linear_mixing,,379dba52a2b3438bfdd9110e76ad382f5c13f88c0931b3d7a2f0a3a6b4962ac3,10.000000000000014,08e2c6c3be259a1dbb81c27f59cf3cf0edc97f5dec7462fcad857461a50f25c9,10.000000000000021,3e55d6528341f4c9cb6cdb778d47ccca08123c7ce681b8a93e1e195745241f87,10.000000000000016,24,9.92093791742677e-11,2.6864582418361388e-14,d7d6d9bd1fda65114e8d1da250a03a3701eea42730dfb32a633f96c83041290b,90.04319317254044,0.031585599304187556,27104765a81aac5bb21c76a22c48853ba15337e6afc618df626cd2d24aee5692,9.708541456713096,-57.32598776949732,1.321016109054613e-34,-1.321016109054613e-37,-57.32598776949732,1.321016109054613e-37,10.000000000000021,10.000000000000023,6.945196384541315e-14,0.000730241676829696,0.0005967174918446816,-0.07915524964237615,0.0,"[10.0,10.0,10.0]","[3.333333333333333,3.333333333333333,3.333333333333333]",1.9250156482944443e-141,1.0,True,"Midpoint of the global spectral gap; Float64 counts equal at its 1/4,1/2,3/4 points","[[1.9250156482979456e-141,1.9250156482944443e-141],[1.5424732370754953e-109,1.5424621750752472e-109],[1.5424732370771175e-109,1.5424621750741072e-109]]",0,0.0,"[4.068482332164826e-15,-1.0886447051974884e-16,1.8835130717332607e-15]","{""PspCorrection"":0.09187494522099392,""Ewald"":-14.186487397403095,""Kinetic"":29.076275981041192,""AtomicNonlocalFR"":-14.214183398209489,""AtomicLocal"":-79.43336367715271,""Hartree"":28.51697131677136,""Xc"":-7.177075539765564}",PASS,1.5424732370771175e-109,5.463161508055244e-38
74,iteration,CONTINUE,0.0008412572056304157,8.41257205630351e-05,8.41257205630351e-05,False,False,linear_mixing,,3e55d6528341f4c9cb6cdb778d47ccca08123c7ce681b8a93e1e195745241f87,10.000000000000016,a6ec106692779cc5ecfab37acb7799ace9919ede0cd42cc839feb68d60980363,10.00000000000002,a1ae2ac948a1fdbc1faa25612ff3d7a13254b21f7d6ddfa07ac0730e20c83c6d,10.000000000000016,24,9.931033357210154e-11,2.886951275980317e-14,d3fd1c5a707eac4bd725d7d02720e8a41814448186b7c4e810e175c1c7e661c5,90.04324965791467,0.02921299914276085,4941460becfa73ce34cbd7def128dfd955c60218eb3ec174144a812600b63008,9.708555733445408,-57.325987803125415,1.3150006832479449e-34,-1.3150006832479449e-37,-57.325987803125415,1.3150006832479449e-37,10.00000000000002,10.000000000000021,7.583601355558382e-14,0.0006743842370841219,0.000551714494401498,-0.07914940887688392,0.0,"[10.0,10.0,10.0]","[3.333333333333333,3.333333333333333,3.333333333333333]",1.9478710696755206e-141,1.0,True,"Midpoint of the global spectral gap; Float64 counts equal at its 1/4,1/2,3/4 points","[[1.9478710696792854e-141,1.9478710696755206e-141],[1.5335188369385798e-109,1.5335078380431978e-109],[1.5335188369421538e-109,1.5335078380424133e-109]]",0,0.0,"[-4.886729279951356e-17,-3.7571050057876e-15,-2.7174027146241344e-15]","{""PspCorrection"":0.09187494522099392,""Ewald"":-14.186487397403095,""Kinetic"":29.076230613906606,""AtomicNonlocalFR"":-14.214164852584506,""AtomicLocal"":-79.43329831070554,""Hartree"":28.5169278029507,""Xc"":-7.177070604510568}",PASS,1.5335188369421538e-109,5.056664778787487e-38
75,iteration,CONTINUE,0.0007589639803218863,7.589639803218697e-05,7.589639803218697e-05,False,False,linear_mixing,,a1ae2ac948a1fdbc1faa25612ff3d7a13254b21f7d6ddfa07ac0730e20c83c6d,10.000000000000016,251a4141be3ec782b6415272269792d07a2ac60c080d4fa42fde920f9f6ca846,10.00000000000001,daad08a99bb3c759917b5b7bd90c2a7f3c4d0f8c827c08f1df65725d5e69fa83,10.000000000000018,24,9.786755601349078e-11,2.5918497111203586e-14,c2ec69f4a71af75e69396574c3a9fa12530f9b3c4b1a0d47cad1aa334fc983b2,90.04331903731875,0.02701181031359521,a7bd5090041ab61ba9408a411d2f3de0cb51e265aad2548c137cb7f37e62a8bd,9.708568980278926,-57.32598783146623,1.3094299961105305e-34,-1.3094299961105305e-37,-57.32598783146623,1.3094299961105305e-37,10.00000000000001,10.000000000000014,1.0420574447704338e-13,0.0006227374299298859,0.0005100008524433375,-0.07914402360986786,0.0,"[10.0,10.0,10.0]","[3.333333333333333,3.333333333333333,3.333333333333333]",1.9690561884602784e-141,1.0,True,"Midpoint of the global spectral gap; Float64 counts equal at its 1/4,1/2,3/4 points","[[1.969056188462629e-141,1.9690561884602784e-141],[1.5252176910955716e-109,1.525206750864616e-109],[1.5252176910958319e-109,1.525206750863489e-109]]",0,0.0,"[2.6429897245626958e-15,6.808052695593535e-16,4.642301710281122e-16]","{""PspCorrection"":0.09187494522099392,""Ewald"":-14.186487397403095,""Kinetic"":29.07619206849814,""AtomicNonlocalFR"":-14.214148961830524,""AtomicLocal"":-79.43324373493768,""Hartree"":28.516891812231425,""Xc"":-7.177066563245491}",PASS,1.5252176910958319e-109,4.6783478542182283e-38
76,iteration,CONTINUE,0.0006846991095944387,6.846991095943162e-05,6.846991095943162e-05,False,False,linear_mixing,,daad08a99bb3c759917b5b7bd90c2a7f3c4d0f8c827c08f1df65725d5e69fa83,10.000000000000018,b07d6bb5a1817eaa0b9bcef556cf0064f920b3dfc94c36fe2691edf2a4143946,10.000000000000007,e636fd6f6d4749a7782a97211666f4ddadc59e3cc1e3a5d70003562f8abd37e3,10.000000000000014,24,9.810828575741631e-11,2.9531918657691944e-14,1f21141f5206ada48a1bebca314b855eed375b56edef14ce51f4d188d2ca5f30,90.04339696347756,0.024970712378709244,8f043a5b7e916c39d61f15307d5750918390365d0daa323e9f26ef0b7ee967d4,9.70858127014086,-57.3259878553628,1.3042739373742022e-34,-1.3042739373742021e-37,-57.3259878553628,1.3042739373742021e-37,10.000000000000007,10.000000000000005,7.967926193987224e-14,0.0005749915959025608,0.0004713511810471603,-0.07913905155532155,0.0,"[10.0,10.0,10.0]","[3.333333333333333,3.333333333333333,3.333333333333333]",1.9886782234374587e-141,1.0,True,"Midpoint of the global spectral gap; Float64 counts equal at its 1/4,1/2,3/4 points","[[1.9886782234396067e-141,1.9886782234374587e-141],[1.5175278546756195e-109,1.5175169689390834e-109],[1.5175278546756195e-109,1.5175169689420594e-109]]",0,0.0,"[2.066363043099134e-15,-6.539991683915165e-15,1.1627977243865205e-15]","{""PspCorrection"":0.09187494522099392,""Ewald"":-14.186487397403095,""Kinetic"":29.076159335278945,""AtomicNonlocalFR"":-14.214135345354391,""AtomicLocal"":-79.43319828093352,""Hartree"":28.516862159781383,""Xc"":-7.177063271953106}",PASS,1.5175278546756195e-109,4.326602535751504e-38
77,iteration,CONTINUE,0.0006176838644366532,6.176838644366594e-05,6.176838644366594e-05,False,False,linear_mixing,,e636fd6f6d4749a7782a97211666f4ddadc59e3cc1e3a5d70003562f8abd37e3,10.000000000000014,8c634b965101326a8f33885b04a8e04f013210b98a3e0fe95f2db25892b87394,10.000000000000002,1acbfd4887af8987aa7e142beb5d98083cc76f257761aadba2af189162e170b1,10.000000000000014,24,9.308652374242985e-11,2.801022418874399e-14,e10e3c04695fa74d48832de5e2f891fcdd021e2ae31706bf7dcdede7bf41187f,90.04347999538312,0.023078953163669057,c6c13570c0d1a6720d0faf0e7839ddc1c5775811a1579d619b5afd0d0ad361ca,9.70859267084526,-57.32598787552051,1.2995039321958067e-34,-1.2995039321958068e-37,-57.32598787552051,1.2995039321958068e-37,10.000000000000002,10.000000000000004,9.017189211670838e-14,0.0005308588544678627,0.00043555329998955824,-0.0791344553811901,0.0,"[10.0,10.0,10.0]","[3.333333333333333,3.333333333333333,3.333333333333333]",2.0068400507381002e-141,1.0,True,"Midpoint of the global spectral gap; Float64 counts equal at its 1/4,1/2,3/4 points","[[2.0068400507398112e-141,2.0068400507381002e-141],[1.5104089964529318e-109,1.510398161302032e-109],[1.5104089964537045e-109,1.510398161302204e-109]]",0,0.0,"[3.704997468684884e-15,1.4815788224466554e-15,-4.147096603163104e-16]","{""PspCorrection"":0.09187494522099392,""Ewald"":-14.186487397403095,""Kinetic"":29.076131553020552,""AtomicNonlocalFR"":-14.214123677320735,""AtomicLocal"":-79.43316053030676,""Hartree"":28.51683783995451,""Xc"":-7.177060608685968}",PASS,1.5104089964537045e-109,3.999847510208212e-38
78,iteration,CONTINUE,0.0005572143941871551,5.5721439418722204e-05,5.5721439418722204e-05,False,False,linear_mixing,,1acbfd4887af8987aa7e142beb5d98083cc76f257761aadba2af189162e170b1,10.000000000000014,8e1188b5250ec073aeda274e3da3d0315d899e302b9cac4455123a27d263bcf7,10.00000000000001,175d412ac6dd184c1a3f14c17525a35233aa2f6b90fea496b04239a6c1fecf32,10.000000000000014,24,9.870637156054317e-11,2.892329415054464e-14,241f791e6ab1d821d0b71cd7694fd56092dbcac2ab5fda3f005e32015efb7d70,90.04356543714283,0.02132635412169608,e1ed8bd3f8daa4512caea02e078ef664905acd4d524a2abaecec45234b5671d0,9.708603245458347,-57.32598789253071,1.2950929673949785e-34,-1.2950929673949786e-37,-57.32598789253071,1.2950929673949786e-37,10.00000000000001,10.000000000000014,7.976926883752497e-14,0.000490071686632592,0.0004024077960237521,-0.07913020201711705,0.0,"[10.0,10.0,10.0]","[3.333333333333333,3.333333333333333,3.333333333333333]",2.023639897684318e-141,1.0,True,"Midpoint of the global spectral gap; Float64 counts equal at its 1/4,1/2,3/4 points","[[2.0236398976873085e-141,2.023639897684318e-141],[1.5038225776011919e-109,1.503811789374405e-109],[1.5038225776005078e-109,1.5038117893727806e-109]]",0,0.0,"[-2.6382699043657718e-15,2.9936045196335106e-16,3.653095235742253e-15]","{""PspCorrection"":0.09187494522099392,""Ewald"":-14.186487397403095,""Kinetic"":29.076107987078082,""AtomicNonlocalFR"":-14.214113678744269,""AtomicLocal"":-79.43312927808799,""Hartree"":28.516817999666493,""Xc"":-7.177058470260932}",PASS,1.5038225776011919e-109,3.696543265790764e-38
79,iteration,CONTINUE,0.0005026546018649882,5.0265460186508e-05,5.0265460186508e-05,False,False,linear_mixing,,175d412ac6dd184c1a3f14c17525a35233aa2f6b90fea496b04239a6c1fecf32,10.000000000000014,7d20b9f7311c9b60a135c30597ffd81da3d543f24b47b19844af1f118282b8a4,10.000000000000007,741fe195c3da5f21cfd9d5da0e19d55805fd1576f5d2a1cedaf596b5fbb781df,10.000000000000014,24,9.999360437012515e-11,2.5748987627441085e-14,86acbb8090dd9b495b721733e3aeab86e734e02f204face2a3e61167b7b534bd,90.04365120334371,0.019703307358455442,4607e34c34be1c51177c561601ef29dba0a649ef2a908303486e07485f2eabfa,9.708613052635455,-57.3259879068891,1.2910155885162298e-34,-1.2910155885162297e-37,-57.3259879068891,1.2910155885162297e-37,10.000000000000007,10.000000000000007,1.9080918049555724e-13,0.00045238161014474914,0.0003717275578299688,-0.0791262620667857,0.0,"[10.0,10.0,10.0]","[3.333333333333333,3.333333333333333,3.333333333333333]",2.0391711570548922e-141,1.0,True,"Midpoint of the global spectral gap; Float64 counts equal at its 1/4,1/2,3/4 points","[[2.0391711570595286e-141,2.0391711570548922e-141],[1.4977319591098217e-109,1.4977212143865266e-109],[1.4977319591099918e-109,1.4977212143906982e-109]]",0,0.0,"[3.642827184304691e-15,3.069203682143857e-15,9.79939192942078e-16]","{""PspCorrection"":0.09187494522099392,""Ewald"":-14.186487397403095,""Kinetic"":29.076088010857518,""AtomicNonlocalFR"":-14.214105110726738,""AtomicLocal"":-79.43310350113765,""Hartree"":28.516801915746996,""Xc"":-7.177056769447114}",PASS,1.4977319591099918e-109,3.4152027158256393e-38
80,iteration,CONTINUE,0.0004534296953882717,4.534296953885069e-05,4.534296953885069e-05,False,False,linear_mixing,,741fe195c3da5f21cfd9d5da0e19d55805fd1576f5d2a1cedaf596b5fbb781df,10.000000000000014,5aff1ffb7b96ae5c8f577167fc90d0847108580d33c470ebe03ea00ab62cfc28,10.000000000000009,5cea3eeef6b78519bb88be2d4d69142e3b39e9fcb00a4450a87e503ac86b372c,10.000000000000012,24,9.4500075678342e-11,2.48706988737389e-14,3c5ed91d1c88dbb02711af2d305006feafe09ce66a498229baa8cc46c29a1467,90.04373570674004,0.0182007659142143,a84dcc80e1d240b42631bf6e01734e1b25743968b5f278d321bfaa36605930d5,9.70862214693218,-57.32598791901261,1.2872478752841343e-34,-1.2872478752841343e-37,-57.32598791901261,1.2872478752841343e-37,10.000000000000009,10.00000000000001,2.0181468953060148e-13,0.00041755795895131445,0.0003433373110100372,-0.07912260930870656,0.0,"[10.0,10.0,10.0]","[3.333333333333333,3.333333333333333,3.333333333333333]",2.0535222991387286e-141,1.0,True,"Midpoint of the global spectral gap; Float64 counts equal at its 1/4,1/2,3/4 points","[[2.0535222991438646e-141,2.0535222991387286e-141],[1.492102454762578e-109,1.4920917503519174e-109],[1.4921024547638078e-109,1.492091750351578e-109]]",0,0.0,"[-9.193764641856196e-16,-4.7940795183343e-15,2.2509120244180373e-15]","{""PspCorrection"":0.09187494522099392,""Ewald"":-14.186487397403095,""Kinetic"":29.076071089966263,""AtomicNonlocalFR"":-14.214097768673097,""AtomicLocal"":-79.4330823310909,""Hartree"":28.516788975531114,""Xc"":-7.177055432563883}",PASS,1.4921024547638078e-109,3.1543986733238444e-38
81,iteration,CONTINUE,0.000409020340710929,4.090203407109571e-05,4.090203407109571e-05,False,False,linear_mixing,,5cea3eeef6b78519bb88be2d4d69142e3b39e9fcb00a4450a87e503ac86b372c,10.000000000000012,3c5ea3ff482b34b20612190b5096a18338fb68ebf23e53d5f50344f12f5fca82,10.000000000000007,0a6f2bce7b9dbb29f68418b39689db1d24d9dfb8f1679711df7113a0573e532c,10.000000000000012,24,9.913370059623207e-11,2.7178679136392692e-14,113be8f2b74ee3ca237e34cb4cad9b77fdaa60eeb48687856e1a401225b2ee59,90.0438177647764,0.016810229742923878,073be8b1bd92468bae2e9ec52cb93e76189d84f610e6541e7a407287a02ca8ad,9.708630579092189,-57.32598792925145,1.2837674011304164e-34,-1.2837674011304164e-37,-57.32598792925145,1.2837674011304164e-37,10.000000000000007,10.000000000000007,1.8350223543940288e-13,0.00038538664489040734,0.000317073028182509,-0.07911922027197114,0.0,"[10.0,10.0,10.0]","[3.333333333333333,3.333333333333333,3.333333333333333]",2.0667768624212168e-141,1.0,True,"Midpoint of the global spectral gap; Float64 counts equal at its 1/4,1/2,3/4 points","[[2.0667768624263858e-141,2.0667768624212168e-141],[1.486901342305283e-109,1.4868906752311778e-109],[1.486901342304353e-109,1.4868906752314314e-109]]",0,0.0,"[-3.3055677599588942e-15,-1.4119716295282143e-15,2.8012194834911444e-16]","{""PspCorrection"":0.09187494522099392,""Ewald"":-14.186487397403095,""Kinetic"":29.076056768724424,""AtomicNonlocalFR"":-14.214091477345903,""AtomicLocal"":-79.43306503146962,""Hartree"":28.516778660466912,""Xc"":-7.177054397445157}",PASS,1.486901342305283e-109,2.9127684209788533e-38
82,iteration,CONTINUE,0.00036895737128507793,3.689573712848497e-05,3.689573712848497e-05,False,False,linear_mixing,,0a6f2bce7b9dbb29f68418b39689db1d24d9dfb8f1679711df7113a0573e532c,10.000000000000012,4bbaf8a3f91b65a7d8e5fd74cf70e818c4a8f8bd9bac25150bd37a342ecefa19,10.000000000000009,e05a7a550ed181f35978dbddc97bc93577f1cc3224359b0847225988bfb14acf,10.000000000000014,24,9.849912996894616e-11,2.929872608824782e-14,bc7e697e7a2ab8e287adc42eeabd402493b50f1249e81c1e81237a628077702f,90.0438965218857,0.015523727146579487,b0a407467df1babd2f0fbc1227f213299b4888634be7097e3fd78be4dac1f9da,9.708638396313601,-57.32598793790025,1.280553181732945e-34,-1.2805531817329448e-37,-57.32598793790025,1.2805531817329448e-37,10.000000000000009,10.000000000000012,1.1364438839147972e-13,0.00035566907615916857,0.0002927814296947216,-0.07911607387527242,0.0,"[10.0,10.0,10.0]","[3.333333333333333,3.333333333333333,3.333333333333333]",2.0790135062881126e-141,1.0,True,"Midpoint of the global spectral gap; Float64 counts equal at its 1/4,1/2,3/4 points","[[2.079013506291658e-141,2.0790135062881126e-141],[1.4820978439990146e-109,1.482087211493142e-109],[1.4820978439983405e-109,1.482087211491499e-109]]",0,0.0,"[-2.0526945630055685e-15,-4.3116695182435525e-15,9.74482394937629e-16]","{""PspCorrection"":0.09187494522099392,""Ewald"":-14.186487397403095,""Kinetic"":29.07604465861909,""AtomicNonlocalFR"":-14.214086086635255,""AtomicLocal"":-79.4330509780134,""Hartree"":28.516770532009467,""Xc"":-7.1770536116980574}",PASS,1.4820978439990146e-109,2.689016558822674e-38
83,iteration,CONTINUE,0.00033281699422026904,3.328169942202314e-05,3.328169942202314e-05,False,False,linear_mixing,,e05a7a550ed181f35978dbddc97bc93577f1cc3224359b0847225988bfb14acf,10.000000000000014,ca500d13e29d303dd2e8f9142961b26fe7c7432781d35f5e28cb2209aab334d7,10.00000000000001,20dae0832a4bcaa8de4282c0b51ebd9b0a85e3272e5b72200b7961b4a504f11e,10.000000000000012,24,9.686739561737327e-11,2.6259014959418468e-14,11094ebcbc7ce512af288d518e6ddf93205ab0dd24bcca760926588b418ec316,90.04397138508783,0.01433379448002411,4f59ace9b230090c3c721d90a265eaea86d66f5097a7f2d7f8cd8ed521661a83,9.708645642495851,-57.32598794520739,1.2775856158147358e-34,-1.2775856158147358e-37,-57.32598794520739,1.2775856158147358e-37,10.00000000000001,10.00000000000001,1.131016419451182e-13,0.00032822110165759344,0.00027031943375047834,-0.07911315111958758,0.0,"[10.0,10.0,10.0]","[3.333333333333333,3.333333333333333,3.333333333333333]",2.0903061121511412e-141,1.0,True,"Midpoint of the global spectral gap; Float64 counts equal at its 1/4,1/2,3/4 points","[[2.0903061121547058e-141,2.0903061121511412e-141],[1.4776630839891368e-109,1.47765248347044e-109],[1.4776630839906068e-109,1.4776524834724981e-109]]",0,0.0,"[2.5973643130568164e-15,3.616381944463431e-15,9.408801744035774e-16]","{""PspCorrection"":0.09187494522099392,""Ewald"":-14.186487397403095,""Kinetic"":29.076034428453827,""AtomicNonlocalFR"":-14.214081467939923,""AtomicLocal"":-79.43303964196203,""Hartree"":28.516764219645268,""Xc"":-7.17705303122242}",PASS,1.4776630839906068e-109,2.4819161672949806e-38
84,iteration,CONTINUE,0.0003002164491643834,3.0021644916429836e-05,3.0021644916429836e-05,False,False,linear_mixing,,20dae0832a4bcaa8de4282c0b51ebd9b0a85e3272e5b72200b7961b4a504f11e,10.000000000000012,b4b8c0e0e356e458009a5e3555aa0cabd069798ad18ef739cdd55e5b54632da3,9.999999999999996,833124b49d3baae915480c50fe31d8a4c4f7f51647e8747b06751bbe2f5e45ee,10.000000000000012,24,9.768524047601713e-11,2.5085603763696075e-14,00caa0a18f44d0e448b5bc5797e84ebd5265e7041d884ff9922fb7e0dfabdc95,90.04404197074827,0.013233453925845379,7decee6a60b65fdf0841136b55bab9388a56ad5c713cdde292abc70fa47043f7,9.708652358468651,-57.325987951381705,1.2748464210998442e-34,-1.2748464210998442e-37,-57.325987951381705,1.2748464210998442e-37,9.999999999999996,10.000000000000002,1.0190290108338579e-13,0.0003028720036465129,0.0002495535908516751,-0.07911043482619882,0.0,"[10.0,10.0,10.0]","[3.333333333333333,3.333333333333333,3.333333333333333]",2.100723921322563e-141,1.0,True,"Midpoint of the global spectral gap; Float64 counts equal at its 1/4,1/2,3/4 points","[[2.100723921326623e-141,2.100723921322563e-141],[1.4735700292263837e-109,1.4735594583054766e-109],[1.4735700292255042e-109,1.4735594583056442e-109]]",0,0.0,"[-1.9362321004494447e-15,4.4147906045230563e-16,-2.2640750222974876e-15]","{""PspCorrection"":0.09187494522099392,""Ewald"":-14.186487397403095,""Kinetic"":29.076025795942087,""AtomicNonlocalFR"":-14.214077511072457,""AtomicLocal"":-79.43303057579932,""Hartree"":28.516759410680937,""Xc"":-7.177052618950846}",PASS,1.4735700292263837e-109,2.290308794064948e-38
85,iteration,CONTINUE,0.00027081007620654023,2.708100762066209e-05,2.708100762066209e-05,False,False,linear_mixing,,833124b49d3baae915480c50fe31d8a4c4f7f51647e8747b06751bbe2f5e45ee,10.000000000000012,d3fbbd0fef57e37fd5285f50b1a91e1b6deca962fc21c2a03ad3cee5fce2e856,10.000000000000007,88291e801c5e57359e20bee9736b70f3ccac32a17e57322dc99c0b49a8623de4,10.000000000000012,24,9.571808114323726e-11,2.5696746613946735e-14,b9766e576601b25e0db3d187aafc262053ee87872659c4796c160ca0058e7ec9,90.04410806065874,0.012216190211219974,f564a7cbf41e65c42bf71de182661ec1c87292e962930e5314f09b4e0c3afca8,9.708658582204619,-57.32598795659977,1.2723185675510343e-34,-1.2723185675510343e-37,-57.32598795659977,1.2723185675510343e-37,10.000000000000007,10.00000000000001,1.0494798128465398e-13,0.0002794635707298845,0.00023035955056938492,-0.0791079094130654,0.0,"[10.0,10.0,10.0]","[3.333333333333333,3.333333333333333,3.333333333333333]",2.1103317000389923e-141,1.0,True,"Midpoint of the global spectral gap; Float64 counts equal at its 1/4,1/2,3/4 points","[[2.110331700042231e-141,2.1103317000389923e-141],[1.4697934188747328e-109,1.4697828753255308e-109],[1.4697934188766128e-109,1.469782875327494e-109]]",0,0.0,"[6.785263534709551e-16,-4.043351244709282e-16,6.978656383308424e-15]","{""PspCorrection"":0.09187494522099392,""Ewald"":-14.186487397403095,""Kinetic"":29.07601852053572,""AtomicNonlocalFR"":-14.214074121611361,""AtomicLocal"":-79.43302340111886,""Hartree"":28.5167558415545,""Xc"":-7.1770523437776665}",PASS,1.4697934188766128e-109,2.1131035291200198e-38
86,iteration,CONTINUE,0.00024428575696127785,2.442857569613086e-05,2.442857569613086e-05,False,False,linear_mixing,,88291e801c5e57359e20bee9736b70f3ccac32a17e57322dc99c0b49a8623de4,10.000000000000012,a0a67ac2598bfd0d6230514909bc7a2b333c2e9d2eaac60cfd0d012918abb330,10.000000000000018,11c6f260b1541f4fe5eb872e7b1c868281fb289850f55bf73c783f502aa8c83f,10.000000000000012,24,9.913271669893635e-11,2.695039373776981e-14,e7a1f2158dfc3c4acffb5350d87cb7aa738e75abbb47c7f7c7a8abbb268d41a6,90.04416956594697,0.011275926821899583,d111197536afaf13adefc33e67c75274ed9b5d5f39cab2a7495b43439bf4fd61,9.708664349016642,-57.32598796100997,1.2699862095141411e-34,-1.2699862095141412e-37,-57.32598796100997,1.2699862095141412e-37,10.000000000000018,10.000000000000021,6.657265237817817e-14,0.0002578492366560994,0.0002126215495272361,-0.07910556070361649,0.0,"[10.0,10.0,10.0]","[3.333333333333333,3.333333333333333,3.333333333333333]",2.1191899237899993e-141,1.0,True,"Midpoint of the global spectral gap; Float64 counts equal at its 1/4,1/2,3/4 points","[[2.1191899237950587e-141,2.1191899237899993e-141],[1.466309686137994e-109,1.4662991678972524e-109],[1.4663096861404111e-109,1.4662991678986276e-109]]",0,0.0,"[7.18084806871549e-15,3.746318409506484e-15,-8.52016994995063e-16]","{""PspCorrection"":0.09187494522099392,""Ewald"":-14.186487397403095,""Kinetic"":29.076012397293567,""AtomicNonlocalFR"":-14.214071218635418,""AtomicLocal"":-79.43301779825089,""Hartree"":28.516753290410463,""Xc"":-7.177052179645591}",PASS,1.4663096861404111e-109,1.9492754301041253e-38
87,iteration,CONTINUE,0.0002203616915118891,2.2036169151178928e-05,2.2036169151178928e-05,False,False,linear_mixing,,11c6f260b1541f4fe5eb872e7b1c868281fb289850f55bf73c783f502aa8c83f,10.000000000000012,b046212c29a2c3240dcaed3d97a97e165979e48be7d9a392a2c90f30573a2056,10.000000000000002,b9eec1423a725fe0fbcc068c0c060b3789b582d4d3e5a60938469853dae70fa3,10.00000000000001,24,9.589209719374507e-11,2.392122343248035e-14,b0229c19c3ae4d0785b5bbc3056716f40db03afc7bb55a6635792e7255c85044,90.04422649751046,0.010407002293793212,61214cc4b93e0e4197dec0bb315ddc327dff6660ff83e14769711529eda79e0e,9.708669691741441,-57.325987964737735,1.2678346179877554e-34,-1.2678346179877555e-37,-57.325987964737735,1.2678346179877555e-37,10.000000000000002,10.000000000000004,1.0719617881272172e-13,0.00023789325994001364,0.0001962318979390559,-0.0791033757629976,0.0,"[10.0,10.0,10.0]","[3.333333333333333,3.333333333333333,3.333333333333333]",2.1273549743743143e-141,1.0,True,"Midpoint of the global spectral gap; Float64 counts equal at its 1/4,1/2,3/4 points","[[2.1273549743766118e-141,2.1273549743743143e-141],[1.4630968754991262e-109,1.4630863806518097e-109],[1.4630968754992926e-109,1.4630863806500216e-109]]",0,0.0,"[2.250825314796736e-15,4.81908490059972e-15,1.884364763361725e-15]","{""PspCorrection"":0.09187494522099392,""Ewald"":-14.186487397403095,""Kinetic"":29.076007251652868,""AtomicNonlocalFR"":-14.214068732785096,""AtomicLocal"":-79.43301349743915,""Hartree"":28.51675157078597,""Xc"":-7.177052104770223}",PASS,1.4630968754992926e-109,1.797863446917769e-38
88,iteration,CONTINUE,0.0001987834810726316,1.98783481072662e-05,1.98783481072662e-05,False,False,linear_mixing,,b9eec1423a725fe0fbcc068c0c060b3789b582d4d3e5a60938469853dae70fa3,10.00000000000001,15ca54ed342197a485d32c2abab6a1671a9a7df4fb6cd31b6ae23981ba851d2d,10.000000000000004,4e7626fc8dc8ecbfbe6376c37df06d5e24a8ceadce576491411d86b982418a43,10.00000000000001,24,9.883631016812803e-11,2.7093153030370238e-14,8dbbe4ac8d560dc03f9d78822848b032ec58d7d38fa9be96628b67ab08d039ae,90.0442789418952,0.0096041465063041,0dce276a57235bafdbf67b9ee0b3b880ab498592ad85c405cc23b1e432fcc3b6,9.70867464091021,-57.32598796788906,1.2658501139364841e-34,-1.2658501139364842e-37,-57.32598796788906,1.2658501139364842e-37,10.000000000000004,10.000000000000007,8.812829745955383e-14,0.00021946995374404573,0.00018109048065042757,-0.07910134275753454,0.0,"[10.0,10.0,10.0]","[3.333333333333333,3.333333333333333,3.333333333333333]",2.1348793444535922e-141,1.0,True,"Midpoint of the global spectral gap; Float64 counts equal at its 1/4,1/2,3/4 points","[[2.1348793444574755e-141,2.1348793444535922e-141],[1.460134557628853e-109,1.4601240843990716e-109],[1.4601345576281477e-109,1.4601240843982415e-109]]",0,0.0,"[3.892618100836081e-15,2.6273258892034374e-15,1.2414929085379574e-15]","{""PspCorrection"":0.09187494522099392,""Ewald"":-14.186487397403095,""Kinetic"":29.076002934968294,""AtomicNonlocalFR"":-14.214066604603996,""AtomicLocal"":-79.4330102713319,""Hartree"":28.516750526241715,""Xc"":-7.177052100981076}",PASS,1.460134557628853e-109,1.657967997432538e-38
89,iteration,CONTINUE,0.00017932148805014207,1.7932148804994748e-05,1.7932148804994748e-05,False,False,linear_mixing,,4e7626fc8dc8ecbfbe6376c37df06d5e24a8ceadce576491411d86b982418a43,10.00000000000001,f4145e7bee0d9bc715de42ba83ac6001ef743aa8060477712fc40904cdaafdc6,10.000000000000007,429dd5204ce0d341cf157b60ce36aa543323edf58568863d455c7e29cec6e74a,10.00000000000001,24,9.737478010071578e-11,2.2470612602313314e-14,da48ae6be47be7210d9057ef971f27f2eb33ba16d7c7276ef2804f3ba7f7c1ab,90.04432704171496,0.008862457689415753,23147f9b95278f29fc591203576b9a67140e1e3efbe94ac37ac08351f3b29374,9.708679224907545,-57.325987970553186,1.2640200033358923e-34,-1.2640200033358924e-37,-57.325987970553186,1.2640200033358924e-37,10.000000000000007,10.000000000000012,5.542387375757607e-14,0.00020246293970441347,0.00016710424661712923,-0.07909945083381943,0.0,"[10.0,10.0,10.0]","[3.333333333333333,3.333333333333333,3.333333333333333]",2.141811845599243e-141,1.0,True,"Midpoint of the global spectral gap; Float64 counts equal at its 1/4,1/2,3/4 points","[[2.141811845602043e-141,2.141811845599243e-141],[1.4574037438764727e-109,1.457393290619118e-109],[1.457403743875603e-109,1.457393290619698e-109]]",0,0.0,"[4.94731240698172e-15,5.621439942581704e-16,-1.93196113285472e-15]","{""PspCorrection"":0.09187494522099392,""Ewald"":-14.186487397403095,""Kinetic"":29.07599932069708,""AtomicNonlocalFR"":-14.21406478311847,""AtomicLocal"":-79.43300792856307,""Hartree"":28.51675002577349,""Xc"":-7.177052153160101}",PASS,1.4574037438764727e-109,1.528748329746526e-38
90,iteration,CONTINUE,0.00016176844688405213,1.617684468840423e-05,1.617684468840423e-05,False,False,linear_mixing,,429dd5204ce0d341cf157b60ce36aa543323edf58568863d455c7e29cec6e74a,10.00000000000001,5ad2e1cbacb698d2c5d3e677577a84238727f1f02172b23d42da78e98cf4dcc3,9.999999999999996,00c8da340561534e7e4eec51edfb3d31a10e1df988a324f856b4459eaab2fc23,10.00000000000001,24,9.797315164235692e-11,2.6334535003297146e-14,1851c367da01a29bc1cbcbcdefbbf9ae9d8927ce4bb475f363d28161f35bcef6,90.044370979831,0.008177379980659706,2957a574f854d7da43dde501793f256a1818d22cf2fea4662218ffa6a9a35f1c,9.708683470119226,-57.32598797280552,1.2623325144063548e-34,-1.2623325144063548e-37,-57.32598797280552,1.2623325144063548e-37,9.999999999999996,9.999999999999996,6.414299337276064e-14,0.0001867645482856615,0.00015418683912202979,-0.07909769001444415,0.0,"[10.0,10.0,10.0]","[3.333333333333333,3.333333333333333,3.333333333333333]",2.148197816135047e-141,1.0,True,"Midpoint of the global spectral gap; Float64 counts equal at its 1/4,1/2,3/4 points","[[2.1481978161385882e-141,2.148197816135047e-141],[1.4548868014835566e-109,1.4548763666784216e-109],[1.4548868014873609e-109,1.4548763666781734e-109]]",0,0.0,"[9.577535173904138e-16,1.9423967169040554e-15,-4.093912145558835e-15]","{""PspCorrection"":0.09187494522099392,""Ewald"":-14.186487397403095,""Kinetic"":29.07599630114786,""AtomicNonlocalFR"":-14.214063224622574,""AtomicLocal"":-79.4330063083005,""Hartree"":28.51674995991753,""Xc"":-7.177052248765739}",PASS,1.4548868014873609e-109,1.4094197327085232e-38
91,iteration,CONTINUE,0.0001459373026063108,1.4593730260622337e-05,1.4593730260622337e-05,False,False,linear_mixing,,00c8da340561534e7e4eec51edfb3d31a10e1df988a324f856b4459eaab2fc23,10.00000000000001,035c1c7c2deeb42d74deb3a9bd68e329f68d8fe0719b096dc4325d6f802b7670,10.000000000000002,6007d833c8704c74afb55f1d9c5bab1222d51e363dde04fac8133a410ae43de4,10.000000000000009,24,9.247796101369517e-11,2.4802883585195704e-14,9cec94ec49012685ef0be46afcaabbcf555c56e067f93ab01d31898cdae115a4,90.0444109666616,0.007544681791602497,2754706c5a128f116e6f80c06b456958509807c2213f9e7378fa5fd4af34e5de,9.708687401069858,-57.325987974710124,1.2607767373700842e-34,-1.2607767373700842e-37,-57.325987974710124,1.2607767373700842e-37,10.000000000000002,10.0,6.819093040608387e-14,0.00017227513006893164,0.00014225808556206091,-0.07909605110781223,0.0,"[10.0,10.0,10.0]","[3.333333333333333,3.333333333333333,3.333333333333333]",2.1540793265077902e-141,1.0,True,"Midpoint of the global spectral gap; Float64 counts equal at its 1/4,1/2,3/4 points","[[2.1540793265114635e-141,2.1540793265077902e-141],[1.452567370661035e-109,1.4525569528932044e-109],[1.4525673706616132e-109,1.4525569528936998e-109]]",0,0.0,"[5.77172315851791e-17,-8.542177086011701e-16,1.8345332856791624e-15]","{""PspCorrection"":0.09187494522099392,""Ewald"":-14.186487397403095,""Kinetic"":29.075993784704487,""AtomicNonlocalFR"":-14.214061891637648,""AtomicLocal"":-79.43300527560048,""Hartree"":28.51675023743411,""Xc"":-7.177052377428492}",PASS,1.4525673706616132e-109,1.2992506723215326e-38
92,iteration,CONTINUE,0.0001316592555794899,1.3165925557950896e-05,1.3165925557950896e-05,False,False,linear_mixing,,6007d833c8704c74afb55f1d9c5bab1222d51e363dde04fac8133a410ae43de4,10.000000000000009,36c00425186918bd5252ddaf6e81b2bc029d12ae4b491f013f1ccbd27228ac99,9.99999999999999,f3a7168bdcede57fb2e4545486c86db1aa8ce2d4eafa5cec11cff6461112632d,10.000000000000009,24,9.309935091182238e-11,2.4016607450650963e-14,531366ea80fa8b57fc780bf4283dbc2caa70b308af98f833c4423fdda809b6f1,90.04444723006807,0.0069604350341767535,0303997e19b782c24ff89c68c8eae63789e8fd6310599626f644071d8b963c11,9.70869104055122,-57.325987976320405,1.259342566954981e-34,-1.259342566954981e-37,-57.325987976320405,1.259342566954981e-37,9.99999999999999,9.999999999999993,6.770156928434594e-14,0.00015890251039254706,0.00013124363124358463,-0.07909452562990017,0.0,"[10.0,10.0,10.0]","[3.333333333333333,3.333333333333333,3.333333333333333]",2.1594953799701066e-141,1.0,True,"Midpoint of the global spectral gap; Float64 counts equal at its 1/4,1/2,3/4 points","[[2.1594953799725618e-141,2.1594953799701066e-141],[1.450430284118438e-109,1.4504198820824567e-109],[1.4504302841187677e-109,1.4504198820820031e-109]]",0,0.0,"[5.030544452213474e-16,-3.069576244498546e-15,6.840064323083083e-15]","{""PspCorrection"":0.09187494522099392,""Ewald"":-14.186487397403095,""Kinetic"":29.075991693456153,""AtomicNonlocalFR"":-14.2140607520214,""AtomicLocal"":-79.43300471745202,""Hartree"":28.516750782486525,""Xc"":-7.177052530607565}",PASS,1.4504302841187677e-109,1.1975599209001004e-38
93,iteration,CONTINUE,0.00011878199326627333,1.1878199326638801e-05,1.1878199326638801e-05,False,False,linear_mixing,,f3a7168bdcede57fb2e4545486c86db1aa8ce2d4eafa5cec11cff6461112632d,10.000000000000009,70f086b2a23cdd9ec848f120ed385efb15d3ce2b9b067d9c19b1a4584482e1e1,10.000000000000004,143752a8bb199e3fb2a04905b144c77a0a1b8bbcc23236785f358d10602aa0ba,10.000000000000007,24,9.162107350929784e-11,2.6052525669088876e-14,efe792df74d2c7e78fb8fa20bbac54131fe2fe5d0c25532ad0c1fbc9238ae060,90.04448000737978,0.006420995345356072,959dd081116091c945da3fe77eb089352252d958b1131897f5d7d17b798dcd4e,9.708694409741632,-57.325987977682104,1.2580206477549045e-34,-1.2580206477549046e-37,-57.325987977682104,1.2580206477549046e-37,10.000000000000004,10.000000000000005,5.695231014062508e-14,0.00014656141571192473,0.00012107451282111352,-0.07909310573613894,0.0,"[10.0,10.0,10.0]","[3.333333333333333,3.333333333333333,3.333333333333333]",2.1644821071657937e-141,1.0,True,"Midpoint of the global spectral gap; Float64 counts equal at its 1/4,1/2,3/4 points","[[2.1644821071707153e-141,2.1644821071657937e-141],[1.4484614896492298e-109,1.448451102141707e-109],[1.4484614896521116e-109,1.448451102140019e-109]]",0,0.0,"[-1.3699874257197627e-15,-7.897664623081282e-16,-1.0974374858028265e-15]","{""PspCorrection"":0.09187494522099392,""Ewald"":-14.186487397403095,""Kinetic"":29.075989961174496,""AtomicNonlocalFR"":-14.214059778205385,""AtomicLocal"":-79.43300453941094,""Hartree"":28.51675153224143,""Xc"":-7.177052701299597}",PASS,1.4484614896521116e-109,1.1037136972751042e-38
94,iteration,CONTINUE,0.00010716808941448047,1.0716808941449413e-05,1.0716808941449413e-05,False,False,linear_mixing,,143752a8bb199e3fb2a04905b144c77a0a1b8bbcc23236785f358d10602aa0ba,10.000000000000007,688a626e67fbbfe375aad9ea5be01ffd7a7b7e453ef13aefd666e03fd1db7f6e,10.000000000000002,3f81f919ad2a0549fd3cba03a3a9853e9521fd484e9e952cbb93392aa9dcff79,10.000000000000007,24,9.730961532143819e-11,2.2809539844481106e-14,b92a3af496301d2ad4691fb97a7690b222a3eed07d3b328ed906a0b831b9dd79,90.04450953916108,0.005922983202112711,cb33f31ee3e716ceebc20ff64d1fd22fb6975108b494687841a3111534ca96f5,9.708697528317476,-57.325987978833595,1.2568023225026465e-34,-1.2568023225026466e-37,-57.325987978833595,1.2568023225026466e-37,10.000000000000002,10.000000000000005,5.1676586725319506e-14,0.0001351730043933235,0.00011168683422942786,-0.07909178416190901,0.0,"[10.0,10.0,10.0]","[3.333333333333333,3.333333333333333,3.333333333333333]",2.169072953487483e-141,1.0,True,"Midpoint of the global spectral gap; Float64 counts equal at its 1/4,1/2,3/4 points","[[2.1690729534892092e-141,2.169072953487483e-141],[1.4466479760438586e-109,1.446637601941715e-109],[1.4466479760450922e-109,1.4466376019426608e-109]]",0,0.0,"[3.3447040011842508e-15,2.1880123588502693e-15,-7.977075717577223e-16]","{""PspCorrection"":0.09187494522099392,""Ewald"":-14.186487397403095,""Kinetic"":29.075988531581594,""AtomicNonlocalFR"":-14.214058946533775,""AtomicLocal"":-79.4330046627402,""Hartree"":28.516752434832014,""Xc"":-7.177052883791129}",PASS,1.4466479760450922e-109,1.0171228681379162e-38
95,iteration,CONTINUE,9.669356579306448e-05,9.669356579306503e-06,9.669356579306503e-06,False,False,linear_mixing,,3f81f919ad2a0549fd3cba03a3a9853e9521fd484e9e952cbb93392aa9dcff79,10.000000000000007,3ac9c1b039353ec18e51f4e85ebd7665766525a84b93ecf141aef04cbe2f05f3,10.000000000000009,8c3e23652963a8efcac28247787b4c8325201a36d7920dcf8fc15fdd56276698,10.000000000000007,24,9.694455772376705e-11,2.4593258581445057e-14,0891c87d16a28de832f050e49c13538d2863774ffe1bfec955295d0ea953c7c1,90.04453606441473,0.005463266060718655,17b5f3b87867cb1b63d5102a010abb55be8f6d4caa93d93832842bcf6a567333,9.708700414556873,-57.32598797980738,1.2556795832650676e-34,-1.2556795832650676e-37,-57.32598797980738,1.2556795832650676e-37,10.000000000000009,10.000000000000012,4.520302435322973e-14,0.00012466436638680677,0.00010302138352049894,-0.0790905541703453,0.0,"[10.0,10.0,10.0]","[3.333333333333333,3.333333333333333,3.333333333333333]",2.1732988584736696e-141,1.0,True,"Midpoint of the global spectral gap; Float64 counts equal at its 1/4,1/2,3/4 points","[[2.1732988584772522e-141,2.1732988584736696e-141],[1.444977702545384e-109,1.4449673408170137e-109],[1.444977702545261e-109,1.4449673408179582e-109]]",0,0.0,"[-2.6879170551885845e-15,-3.2941265472098696e-15,3.45208150598548e-15]","{""PspCorrection"":0.09187494522099392,""Ewald"":-14.186487397403095,""Kinetic"":29.0759873569056,""AtomicNonlocalFR"":-14.214058236736099,""AtomicLocal"":-79.4330050219703,""Hartree"":28.516753447628233,""Xc"":-7.177053073452703}",PASS,1.444977702545384e-109,9.372402339649399e-39
96,iteration,CONTINUE,8.724657401536809e-05,8.724657401540748e-06,8.724657401540748e-06,False,False,linear_mixing,,8c3e23652963a8efcac28247787b4c8325201a36d7920dcf8fc15fdd56276698,10.000000000000007,af8e95c83aeb4d2d991d9e79b0112224407fba1bbbdefa3f6f0a287ddca30e82,10.000000000000012,e793d4baf8c0a901bb3d5dd50986be964dc9bc914f75f05053f3971072bcfad0,10.000000000000009,24,9.952996515210276e-11,2.5917050325715467e-14,298e85f1836e5cbb65b962388c31f16fbebfb87977241a54109edf2ad8389dc6,90.04455981695908,0.0050389415481645215,acac07de00e52f86c6468b5df6e6bae30ba9ed51b39f051cfd007da4a4b23df0,9.7087030854365,-57.32598798063083,1.2546450254845044e-34,-1.2546450254845044e-37,-57.32598798063083,1.2546450254845044e-37,10.000000000000012,10.000000000000016,4.2724149726734793e-14,0.0001149681006445058,9.502332466265824e-05,-0.07908940950639325,0.0,"[10.0,10.0,10.0]","[3.333333333333333,3.333333333333333,3.333333333333333]",2.177188426721224e-141,1.0,True,"Midpoint of the global spectral gap; Float64 counts equal at its 1/4,1/2,3/4 points","[[2.1771884267225852e-141,2.177188426721224e-141],[1.4434395319642786e-109,1.4434291816564236e-109],[1.443439531964853e-109,1.4434291816565878e-109]]",0,0.0,"[5.431799947488306e-15,4.114243101644987e-15,5.518116837083123e-16]","{""PspCorrection"":0.09187494522099392,""Ewald"":-14.186487397403095,""Kinetic"":29.075986396581605,""AtomicNonlocalFR"":-14.214057631399298,""AtomicLocal"":-79.43300556283887,""Hartree"":28.51675453576484,""Xc"":-7.177053266557005}",PASS,1.443439531964853e-109,8.63557884628157e-39
97,iteration,CONTINUE,7.872621927125178e-05,7.872621927151302e-06,7.872621927151302e-06,False,False,linear_mixing,,e793d4baf8c0a901bb3d5dd50986be964dc9bc914f75f05053f3971072bcfad0,10.000000000000009,a69f203c5c2a95ef8ccd88deb628e1e458f12c2496fa8d6637bd8785abff0de2,10.000000000000007,6ab13aa509152537d1afdad65d54598ec5497bd54bbd6e861029972413a5e7ee,10.000000000000007,24,9.837949174864424e-11,2.593571846183896e-14,a2d64802822677a442eaa03555d88c66abbe42fbc4da6971d665d84667511781,90.04458102274523,0.004647321434603403,050af6abb35c36cb36951cfd1cc6af94721bcd1f1db0803df339b2b2e47fa128,9.708705556721688,-57.325987981327266,1.253691804860031e-34,-1.253691804860031e-37,-57.325987981327266,1.253691804860031e-37,10.000000000000007,10.000000000000009,1.311785863883346e-13,0.00010602189968633764,8.764188050259493e-05,-0.07908834435616742,0.0,"[10.0,10.0,10.0]","[3.333333333333333,3.333333333333333,3.333333333333333]",2.1807680900591605e-141,1.0,True,"Midpoint of the global spectral gap; Float64 counts equal at its 1/4,1/2,3/4 points","[[2.1807680900623834e-141,2.1807680900591605e-141],[1.4420231674850604e-109,1.44201282771141e-109],[1.4420231674844047e-109,1.4420128277110002e-109]]",0,0.0,"[-1.9552239973280464e-15,-1.049004492189815e-15,4.4392487487038344e-15]","{""PspCorrection"":0.09187494522099392,""Ewald"":-14.186487397403095,""Kinetic"":29.075985616234682,""AtomicNonlocalFR"":-14.214057115591778,""AtomicLocal"":-79.43300624059054,""Hartree"":28.516755670939354,""Xc"":-7.177053460136881}",PASS,1.4420231674850604e-109,7.956046463419948e-39
98,iteration,CONTINUE,7.104150491996337e-05,7.10415049199499e-06,7.10415049199499e-06,False,False,linear_mixing,,6ab13aa509152537d1afdad65d54598ec5497bd54bbd6e861029972413a5e7ee,10.000000000000007,6de4138b341a8425efac3bf6cd67aa79caf0c852467c508e1e40206c7b6c3be3,10.000000000000005,8a664e3841283f3aadc8182547f99d8bd67bf3e2aaac0b2fe05af771d122cf7b,10.000000000000007,24,9.67440596513828e-11,2.235197196705629e-14,8ec82e6d1166f70848b3ef7b8e08d1c329987f1d8dbfd383c6fbf689f317aa34,90.0445998979408,0.004285916590654716,3918e210d973232368393cd5c494176f58dca2ff1e826459e604bfb988cdc5a5,9.708707843050732,-57.325987981916185,1.2528135969561537e-34,-1.2528135969561537e-37,-57.325987981916185,1.2528135969561537e-37,10.000000000000005,10.000000000000007,9.525707154953933e-14,9.77681949878295e-05,8.083007250626874e-05,-0.07908735331082338,0.0,"[10.0,10.0,10.0]","[3.333333333333333,3.333333333333333,3.333333333333333]",2.1840622609022816e-141,1.0,True,"Midpoint of the global spectral gap; Float64 counts equal at its 1/4,1/2,3/4 points","[[2.184062260904268e-141,2.1840622609022816e-141],[1.4407190932523855e-109,1.440708763201746e-109],[1.4407190932514847e-109,1.4407087632007632e-109]]",0,0.0,"[-5.1468810654432526e-15,-1.4035152779604574e-15,6.784624322619395e-15]","{""PspCorrection"":0.09187494522099392,""Ewald"":-14.186487397403095,""Kinetic"":29.075984986644734,""AtomicNonlocalFR"":-14.214056676495506,""AtomicLocal"":-79.4330070182152,""Hartree"":28.51675683017033,""Xc"":-7.177053651838444}",PASS,1.4407190932523855e-109,7.32943844535426e-39
99,iteration,CONTINUE,6.411034643646837e-05,6.411034643659865e-06,6.411034643659865e-06,False,False,linear_mixing,,8a664e3841283f3aadc8182547f99d8bd67bf3e2aaac0b2fe05af771d122cf7b,10.000000000000007,2d4a82927ff5d5e2b8d8d8734b199c2ed4f7cf4a8d6da20ac46752279f6d0c92,10.000000000000005,03500efc3f3ac83eec74977a15171ea791556505e519bcde6f792657d31bf5f1,10.000000000000007,24,9.780039007505067e-11,2.005318107006258e-14,5609b11a35dd3facfdea9fe6dabd4c4bf4e46fd7e17c5f4c9930e69c58871d2e,90.04461664767692,0.003952423552339663,3b919784d23f2a2aace6ee94a4174b9882d9cf4ee1d300047d35d7fbbd2bf2e7,9.70870995801305,-57.3259879824144,1.2520045592449016e-34,-1.2520045592449015e-37,-57.3259879824144,1.2520045592449015e-37,10.000000000000005,10.000000000000005,1.2266053233580441e-13,9.015376733678957e-05,7.454440594728991e-05,-0.07908643133456923,0.0,"[10.0,10.0,10.0]","[3.333333333333333,3.333333333333333,3.333333333333333]",2.1870934767101063e-141,1.0,True,"Midpoint of the global spectral gap; Float64 counts equal at its 1/4,1/2,3/4 points","[[2.18709347671222e-141,2.1870934767101063e-141],[1.4395185180238381e-109,1.4395081969382066e-109],[1.4395185180226516e-109,1.4395081969381246e-109]]",0,0.0,"[-4.411892493701735e-15,-2.165565728701655e-15,6.942440854373856e-16]","{""PspCorrection"":0.09187494522099392,""Ewald"":-14.186487397403095,""Kinetic"":29.07598448314424,""AtomicNonlocalFR"":-14.214056303117403,""AtomicLocal"":-79.4330078656031,""Hartree"":28.516757995188858,""Xc"":-7.177053839844882}",PASS,1.4395185180238381e-109,6.751707354835439e-39
100,iteration,CONTINUE,5.785871565560153e-05,5.785871565527863e-06,5.785871565527863e-06,False,False,linear_mixing,,03500efc3f3ac83eec74977a15171ea791556505e519bcde6f792657d31bf5f1,10.000000000000007,f9f758072ea7e43d9270eac3d308e309dda80fa6fc510efcb1033dbb20ed5fad,10.000000000000016,049fe92cabf18e3b009af9d5d3c1212879cefb5d253a42eaefad91e4237c9b9a,10.00000000000001,24,9.780251378498052e-11,2.5172715712437517e-14,e7488e64520e95c77549d0f0b7f3dbcba656c1371bf5698165bbc8682de47af4,90.04463146519434,0.0036447103567627324,77f546ff281a337dadd8151496f79b0e9fd4d1fd0696319dc16726fc29d996a6,9.708711914222429,-57.325987982835755,1.2512592959297548e-34,-1.2512592959297548e-37,-57.325987982835755,1.2512592959297548e-37,10.000000000000016,10.000000000000018,9.071571475844492e-14,8.312945060672188e-05,6.874465311143073e-05,-0.079085573735649,0.0,"[10.0,10.0,10.0]","[3.333333333333333,3.333333333333333,3.333333333333333]",2.1898825358920123e-141,1.0,True,"Midpoint of the global spectral gap; Float64 counts equal at its 1/4,1/2,3/4 points","[[2.1898825358936307e-141,2.1898825358920123e-141],[1.438413323113083e-109,1.438403010296132e-109],[1.438413323112797e-109,1.4384030102964592e-109]]",0,0.0,"[8.271035379315015e-16,-1.9208874225965775e-15,6.700593677933203e-15]","{""PspCorrection"":0.09187494522099392,""Ewald"":-14.186487397403095,""Kinetic"":29.07598408483119,""AtomicNonlocalFR"":-14.21405598602226,""AtomicLocal"":-79.4330087581855,""Hartree"":28.51675915148827,""Xc"":-7.1770540227653585}",PASS,1.438413323113083e-109,6.219105116666252e-39
101,iteration,CONTINUE,5.221985038382065e-05,5.221985038375179e-06,5.221985038375179e-06,False,False,linear_mixing,,049fe92cabf18e3b009af9d5d3c1212879cefb5d253a42eaefad91e4237c9b9a,10.00000000000001,ae2ec5a791bd383034662ef9b455a04f618cbd02f4ad29accb230be213326e17,10.000000000000005,d880af33034b91e97f999c3ebf64b53a825e1102b4923d74c315bf9a263f8d8f,10.000000000000009,24,9.983366661029048e-11,2.401619911558921e-14,edd899236a308fbc870d0b14805ad7f557de27489de7deebb460aa7fea8d56c2,90.04464453143979,0.0033608048829601696,6e30166ff430ad7c75c8a7e08cdce690665561218584902440b678cccb3e064f,9.708713723385106,-57.325987983192036,1.2505728249537497e-34,-1.2505728249537498e-37,-57.325987983192036,1.2505728249537498e-37,10.000000000000005,10.000000000000004,8.346073816687879e-14,7.664981364348563e-05,6.339359860817215e-05,-0.07908477614049521,0.0,"[10.0,10.0,10.0]","[3.333333333333333,3.333333333333333,3.333333333333333]",2.1924486252059827e-141,1.0,True,"Midpoint of the global spectral gap; Float64 counts equal at its 1/4,1/2,3/4 points","[[2.192448625207852e-141,2.1924486252059827e-141],[1.437396013171623e-109,1.437385707984616e-109],[1.4373960131706425e-109,1.437385707984861e-109]]",0,0.0,"[-4.624174639831931e-15,-1.80296235623854e-15,-3.3831359886942955e-15]","{""PspCorrection"":0.09187494522099392,""Ewald"":-14.186487397403095,""Kinetic"":29.075983774032032,""AtomicNonlocalFR"":-14.214055717112512,""AtomicLocal"":-79.43300967609181,""Hartree"":28.516760287726783,""Xc"":-7.17705419956442}",PASS,1.437396013171623e-109,5.728162151889925e-39
102,iteration,CONTINUE,4.713354391954962e-05,4.713354391951538e-06,4.713354391951538e-06,False,False,linear_mixing,,d880af33034b91e97f999c3ebf64b53a825e1102b4923d74c315bf9a263f8d8f,10.000000000000009,3923d12694828a845ebb61f33b8ca6ffa56d55571c3f5237cef3d87026f80c94,9.999999999999998,f62bd7d9df72e609912cfec918f5af6da2aba48d84473361c513e28f33e1fd46,10.000000000000007,24,9.859666168371578e-11,2.001785756839398e-14,beec7cb136f72ab8f6817c054d65e93d0b78feb0c194103ce15e0c275a6be94e,90.04465601495457,0.0030988831936862,ab26f890105112da2954ac6687a9e9acd018adbba7ac2c7e2936ab66d9a6a1e3,9.708715396363408,-57.32598798349346,1.249940547286189e-34,-1.249940547286189e-37,-57.32598798349346,1.249940547286189e-37,9.999999999999998,10.000000000000002,7.026335834031373e-14,7.067291183131128e-05,5.8456858703331685e-05,-0.07908403447032672,0.0,"[10.0,10.0,10.0]","[3.333333333333333,3.333333333333333,3.333333333333333]",2.194809438950166e-141,1.0,True,"Midpoint of the global spectral gap; Float64 counts equal at its 1/4,1/2,3/4 points","[[2.1948094389519126e-141,2.194809438950166e-141],[1.436459670282099e-109,1.436449372126788e-109],[1.436459670281936e-109,1.43644937212838e-109]]",0,0.0,"[-6.145862938363279e-16,-2.1361123793544218e-15,1.2240489002639655e-15]","{""PspCorrection"":0.09187494522099392,""Ewald"":-14.186487397403095,""Kinetic"":29.075983535817684,""AtomicNonlocalFR"":-14.214055489439659,""AtomicLocal"":-79.43301060337842,""Hartree"":28.516761395187032,""Xc"":-7.177054369497991}",PASS,1.436459670282099e-109,5.275667945533838e-39
103,iteration,CONTINUE,4.254550341598657e-05,4.254550341604214e-06,4.254550341604214e-06,False,False,linear_mixing,,f62bd7d9df72e609912cfec918f5af6da2aba48d84473361c513e28f33e1fd46,10.000000000000007,0ec818dff3bc9e09dabdd096fa54b6736d9354b1707256a54ec665095b9f9354,10.000000000000004,e04f3ef7f7c70694343dbafec34abb91a980da948d94a9a395f045f2944d9ef6,10.000000000000009,24,9.196921934087506e-11,2.4652003681242276e-14,6b80e47168fd2fbc36bdbdcf1c8c63232e97bc02fdf717a3c475d44674f7343b,90.0446660719827,0.0028572587609984913,4e1ea0a2aede24d97a24f5cfaa2b21a6604753f734b5b7b5b9793a8b6b6107f4,9.70871694323464,-57.32598798374836,1.2493582183428603e-34,-1.2493582183428603e-37,-57.32598798374836,1.2493582183428603e-37,10.000000000000004,10.000000000000004,6.749993479763756e-14,6.515997644576125e-05,5.39026153439958e-05,-0.07908334491992619,0.0,"[10.0,10.0,10.0]","[3.333333333333333,3.333333333333333,3.333333333333333]",2.1969812903618087e-141,1.0,True,"Midpoint of the global spectral gap; Float64 counts equal at its 1/4,1/2,3/4 points","[[2.1969812903654304e-141,2.1969812903618087e-141],[1.4355979111557318e-109,1.435587619486409e-109],[1.435597911154467e-109,1.4355876194857155e-109]]",0,0.0,"[-6.663718078722152e-16,-2.2455535451011964e-15,-7.479532799524783e-16]","{""PspCorrection"":0.09187494522099392,""Ewald"":-14.186487397403095,""Kinetic"":29.075983357594097,""AtomicNonlocalFR"":-14.214055297040627,""AtomicLocal"":-79.4330115273863,""Hartree"":28.516762467327073,""Xc"":-7.177054532060505}",PASS,1.4355979111557318e-109,4.858652706620274e-39
104,iteration,CONTINUE,3.8406770858377176e-05,3.840677085849785e-06,3.840677085849785e-06,False,False,linear_mixing,,e04f3ef7f7c70694343dbafec34abb91a980da948d94a9a395f045f2944d9ef6,10.000000000000009,8ca53dde60452c35a304383fc62e93f255569847a77b82cebada5247e066f636,10.000000000000005,f3e03c9eca0e8228192be68a04480e009fb62c07bedbce2348fc3b01c8838fc7,10.000000000000007,24,9.816401115183552e-11,2.4018244165401165e-14,884274d661919a302411c6c54239fe3e3ef3ab4f38936d50b029b127b2686915,90.04467484676321,0.0026343723738066227,9c97cd3d912700b9bad0e242d3cd5dfafcf5030b70231a5887cbcb93fa4c18ea,9.708718373346658,-57.325987983964,1.2488219214211845e-34,-1.2488219214211845e-37,-57.325987983964,1.2488219214211845e-37,10.000000000000005,10.000000000000007,8.594308269713476e-14,6.007520800514215e-05,4.9701466708030814e-05,-0.07908270393831181,0.0,"[10.0,10.0,10.0]","[3.333333333333333,3.333333333333333,3.333333333333333]",2.198979215416762e-141,1.0,True,"Midpoint of the global spectral gap; Float64 counts equal at its 1/4,1/2,3/4 points","[[2.1989792154195117e-141,2.198979215416762e-141],[1.4348048472385028e-109,1.4347945615493757e-109],[1.4348048472394814e-109,1.4347945615501914e-109]]",0,0.0,"[1.3436471275944809e-15,2.1177135589809018e-16,1.1040978117462055e-15]","{""PspCorrection"":0.09187494522099392,""Ewald"":-14.186487397403095,""Kinetic"":29.075983228748683,""AtomicNonlocalFR"":-14.214055134798596,""AtomicLocal"":-79.4330124381823,""Hartree"":28.51676349938974,""Xc"":-7.177054686939415}",PASS,1.4348048472394814e-109,4.474370341260032e-39
105,iteration,CONTINUE,3.467320049519518e-05,3.46732004950126e-06,3.46732004950126e-06,False,False,linear_mixing,,f3e03c9eca0e8228192be68a04480e009fb62c07bedbce2348fc3b01c8838fc7,10.000000000000007,45a76c009ecada65bdb95abe81bfc1d4f44baf7832eade81cd56df806a184ee0,10.00000000000001,60385b3b2c87b00a93d315a10a63b2d7266b59aed26bc13c4e6dfb11c2cf413d,10.00000000000001,24,9.904482234296208e-11,2.2955460847691432e-14,f3955e34ec42bdcad9f5caf5ea04e473c3d562fd0a4aeb5454644768ef481714,90.0446824719461,0.002428782913786442,7e72ca03f817b25f20067d06c8246a3a28b50a94067220012ecca92ce4b53c87,9.708719695368947,-57.32598798414645,1.2483280430081334e-34,-1.2483280430081335e-37,-57.32598798414645,1.2483280430081335e-37,10.00000000000001,10.000000000000012,7.046304080319916e-14,5.538554749446129e-05,4.5826243099737726e-05,-0.07908210821108497,0.0,"[10.0,10.0,10.0]","[3.333333333333333,3.333333333333333,3.333333333333333]",2.2008170696084307e-141,1.0,True,"Midpoint of the global spectral gap; Float64 counts equal at its 1/4,1/2,3/4 points","[[2.2008170696104322e-141,2.2008170696084307e-141],[1.4340750475988311e-109,1.4340647674247334e-109],[1.4340750475983419e-109,1.4340647674213912e-109]]",0,0.0,"[1.9554043073987416e-15,3.4422587556501573e-16,-1.7715063052277987e-15]","{""PspCorrection"":0.09187494522099392,""Ewald"":-14.186487397403095,""Kinetic"":29.07598314035075,""AtomicNonlocalFR"":-14.21405499832279,""AtomicLocal"":-79.43301332809243,""Hartree"":28.516764488077786,""Xc"":-7.177054833977661}",PASS,1.4340750475988311e-109,4.120282466225611e-39
106,iteration,CONTINUE,3.1304986699181775e-05,3.1304986699142684e-06,3.1304986699142684e-06,False,False,linear_mixing,,60385b3b2c87b00a93d315a10a63b2d7266b59aed26bc13c4e6dfb11c2cf413d,10.00000000000001,c8fa3ba2802833b257df873069b863acd4746ada0f9bba339fea4ef5b818a644,10.000000000000002,d8e37e94e9d40999addb490c85d8d535f79549d885e647f05d2bd9548fc20c11,10.00000000000001,24,9.782800798500258e-11,2.3522866696608137e-14,8dd02c5f494a7ada99b0014b66f75e15167668b936f5e8b851f83fcdd9769e48,90.04468906910333,0.002239158554397686,eefef5b3cb829b08cdb0b58807e3bddaa1b18b09eae62ab97468daf08b85056b,9.708720917340797,-57.32598798430061,1.2478732498502132e-34,-1.2478732498502133e-37,-57.32598798430061,1.2478732498502133e-37,10.000000000000002,10.000000000000004,7.809226220688955e-14,5.106046787197646e-05,4.225183997869051e-05,-0.0790815546442501,0.0,"[10.0,10.0,10.0]","[3.333333333333333,3.333333333333333,3.333333333333333]",2.2025076178636428e-141,1.0,True,"Midpoint of the global spectral gap; Float64 counts equal at its 1/4,1/2,3/4 points","[[2.2025076178671482e-141,2.2025076178636428e-141],[1.4334035043890254e-109,1.4333932292952842e-109],[1.4334035043874365e-109,1.433393229295936e-109]]",0,0.0,"[1.9893316839461915e-15,3.0733115088354756e-15,3.89744952382766e-15]","{""PspCorrection"":0.09187494522099392,""Ewald"":-14.186487397403095,""Kinetic"":29.075983084899086,""AtomicNonlocalFR"":-14.214054883846764,""AtomicLocal"":-79.43301419131598,""Hartree"":28.5167654312878,""Xc"":-7.177054973142661}",PASS,1.4334035043890254e-109,3.794043264167315e-39
107,iteration,CONTINUE,2.826623829743971e-05,2.8266238297370166e-06,2.8266238297370166e-06,False,False,linear_mixing,,d8e37e94e9d40999addb490c85d8d535f79549d885e647f05d2bd9548fc20c11,10.00000000000001,da4f67dc87b4fa9662fb2793b4feb85377785cfc70097bfbd354cc5fccc59c57,10.00000000000001,8d4c0b2ccd9e6db0b4aded146ec48420bfb2d3ccbd2cc9f0601f315592134028,10.000000000000009,24,9.637065454550231e-11,2.351451614966712e-14,9d1198df932bd79c7ea2d7c69ad860c3934052e64ef986bbd54f0553a2abf5de,90.04469474929742,0.002064268727388936,52aa43ed49f66a8eac26234b4ae9058473f8490f663359d13f37acc007f69c14,9.708722046715708,-57.325987984431215,1.247454467691117e-34,-1.247454467691117e-37,-57.325987984431215,1.247454467691117e-37,10.00000000000001,10.000000000000012,7.304446301374781e-14,4.7071781934793306e-05,3.895506350368171e-05,-0.07908104034932907,0.0,"[10.0,10.0,10.0]","[3.333333333333333,3.333333333333333,3.333333333333333]",2.2040626181062132e-141,1.0,True,"Midpoint of the global spectral gap; Float64 counts equal at its 1/4,1/2,3/4 points","[[2.204062618109095e-141,2.2040626181062132e-141],[1.4327856007713018e-109,1.43277533036181e-109],[1.4327856007702835e-109,1.4327753303606698e-109]]",0,0.0,"[-1.4420792791535673e-15,-3.372057873699391e-15,2.658962417582153e-16]","{""PspCorrection"":0.09187494522099392,""Ewald"":-14.186487397403095,""Kinetic"":29.075983056102064,""AtomicNonlocalFR"":-14.214054788138652,""AtomicLocal"":-79.4330150235904,""Hartree"":28.516766327877825,""Xc"":-7.1770551044999396}",PASS,1.4327856007713018e-109,3.4934855741823704e-39
108,iteration,CONTINUE,2.5524594231311392e-05,2.552459423129098e-06,2.552459423129098e-06,False,False,linear_mixing,,8d4c0b2ccd9e6db0b4aded146ec48420bfb2d3ccbd2cc9f0601f315592134028,10.000000000000009,86727f71f105b229bf2da2219286d9ce06403170b5f80b4ba7799e636257f01b,10.000000000000014,2105b06e86612a83e382703d68f5d1c4a35cfc117f472e09364f37ced254e1d5,10.00000000000001,24,9.994780482105167e-11,2.2986430600055978e-14,ece6e835ec3387f7b0b283e95d4a7bfd3fd272c59debcdfcc5439ebf01927102,90.04469961368837,0.0019029765768929065,0cd604e4fa69fe47cdbb3e6fd4c419656670da7a556395249aa587cf4790ac7d,9.70872309040315,-57.32598798454159,1.2470688615447972e-34,-1.2470688615447973e-37,-57.32598798454159,1.2470688615447973e-37,10.000000000000014,10.000000000000016,7.637942169582969e-14,4.339346032831184e-05,3.59144827713772e-05,-0.07908056262963632,0.0,"[10.0,10.0,10.0]","[3.333333333333333,3.333333333333333,3.333333333333333]",2.205492898803181e-141,1.0,True,"Midpoint of the global spectral gap; Float64 counts equal at its 1/4,1/2,3/4 points","[[2.205492898804811e-141,2.205492898803181e-141],[1.432217081154642e-109,1.4322068150630668e-109],[1.4322170811541533e-109,1.4322068150628226e-109]]",0,0.0,"[1.800257431588124e-15,2.551461884140467e-15,-4.231739546791042e-15]","{""PspCorrection"":0.09187494522099392,""Ewald"":-14.186487397403095,""Kinetic"":29.07598304869479,""AtomicNonlocalFR"":-14.214054708426929,""AtomicLocal"":-79.43301582191643,""Hartree"":28.51676717748067,""Xc"":-7.177055228191601}",PASS,1.432217081154642e-109,3.216607700913405e-39
109,iteration,CONTINUE,2.3050877029842275e-05,2.30508770297303e-06,2.30508770297303e-06,False,False,linear_mixing,,2105b06e86612a83e382703d68f5d1c4a35cfc117f472e09364f37ced254e1d5,10.00000000000001,7b4f2e21cec5d81298111e5d8008ee33f10d72b733878d6201803a4916efa64f,10.000000000000004,a10c7fdab821b74ddb55a199cf2177728ec33e1f52dd1c76d5488d453a6d08aa,10.000000000000009,24,9.815148489187073e-11,2.2981708372333034e-14,75c775e14e5b7626ce2b16876a8300d882ef7d3df96f722b7455c39344f990b9,90.04470375416223,0.0017542319754669548,4aa48cafa597b9c87e304bc8a26df87518dcd52d309c194c9d9d8b76a1cce8c8,9.70872405480698,-57.32598798463495,1.2467138174250716e-34,-1.2467138174250716e-37,-57.32598798463495,1.2467138174250716e-37,10.000000000000004,10.000000000000004,5.3018329610925265e-14,4.0001483179147116e-05,3.3110316120043885e-05,-0.07908011896758282,0.0,"[10.0,10.0,10.0]","[3.333333333333333,3.333333333333333,3.333333333333333]",2.206808430864761e-141,1.0,True,"Midpoint of the global spectral gap; Float64 counts equal at its 1/4,1/2,3/4 points","[[2.2068084308682735e-141,2.206808430864761e-141],[1.4316940235875897e-109,1.431683761474814e-109],[1.4316940235872642e-109,1.4316837614748952e-109]]",0,0.0,"[3.979321406199691e-15,-3.0218553154605755e-15,2.4609576664913826e-15]","{""PspCorrection"":0.09187494522099392,""Ewald"":-14.186487397403095,""Kinetic"":29.075983058279164,""AtomicNonlocalFR"":-14.214054642334776,""AtomicLocal"":-79.43301658431639,""Hartree"":28.516767980337047,""Xc"":-7.177055344417897}",PASS,1.4316940235875897e-109,2.961561315360394e-39
110,iteration,CONTINUE,2.081877966768882e-05,2.081877966749168e-06,2.081877966749168e-06,False,False,linear_mixing,,a10c7fdab821b74ddb55a199cf2177728ec33e1f52dd1c76d5488d453a6d08aa,10.000000000000009,6df92704a1a76f5145e9aff6a7e202ecc619ad685710557db9bc3a360fa1c703,9.999999999999996,d101f3da627f8549a9e09d96858fb97a45ac9def2e619e4661ee63abe7633256,10.00000000000001,24,9.989015702238884e-11,2.2496232131236316e-14,080882540a69a5703c860fc3db6d9ea68ca1dfd192f1dd5c847078429d4d507b,90.0447072539643,0.001617065006797691,d836782e317f4246be9856e44554880fb35094b817d5396b46932fcc040d1dc5,9.708724945861963,-57.325987984713855,1.2463869254086076e-34,-1.2463869254086077e-37,-57.325987984713855,1.2463869254086077e-37,9.999999999999996,9.999999999999995,5.507022026803824e-14,3.687366552302775e-05,3.052428129908984e-05,-0.07907970701292504,0.0,"[10.0,10.0,10.0]","[3.333333333333333,3.333333333333333,3.333333333333333]",2.2080183942268453e-141,1.0,True,"Midpoint of the global spectral gap; Float64 counts equal at its 1/4,1/2,3/4 points","[[2.2080183942307362e-141,2.2080183942268453e-141],[1.4312128141422042e-109,1.4312025556937073e-109],[1.431212814142611e-109,1.4312025556964329e-109]]",0,0.0,"[-2.459253492863379e-15,-1.4325351501319223e-15,2.5398081753095223e-16]","{""PspCorrection"":0.09187494522099392,""Ewald"":-14.186487397403095,""Kinetic"":29.075983081193478,""AtomicNonlocalFR"":-14.21405458782443,""AtomicLocal"":-79.43301730965221,""Hartree"":28.516768737174672,""Xc"":-7.177055453423266}",PASS,1.431212814142611e-109,2.726639967076838e-39
111,iteration,CONTINUE,1.880458305654695e-05,1.8804583056749911e-06,1.8804583056749911e-06,False,False,linear_mixing,,d101f3da627f8549a9e09d96858fb97a45ac9def2e619e4661ee63abe7633256,10.00000000000001,41b5fa2fc209635736a2a186d1253d50f175e340b348b8ad6ffde0dd3a434cc4,10.000000000000005,e92e04d7cae47695ecec0341ecedaf9ea72b764c566dea952771faa57b558fd0,10.000000000000009,24,9.891590170653046e-11,2.193701023090824e-14,39ea46970b985ae8fbbd6e33102728bd09ea0cf9c318a9bc481a16f84f673179,90.04471018832106,0.0014905800176720299,c91bafcaadba9734cc33800b9ec41db7195d18160be3998e88dc97d6834fbace,9.708725769066753,-57.32598798478078,1.2460859639665757e-34,-1.2460859639665758e-37,-57.32598798478078,1.2460859639665758e-37,10.000000000000005,10.000000000000005,7.203043373108136e-14,3.398953536153948e-05,2.8139503726933635e-05,-0.07907932457182812,0.0,"[10.0,10.0,10.0]","[3.333333333333333,3.333333333333333,3.333333333333333]",2.2091312395227684e-141,1.0,True,"Midpoint of the global spectral gap; Float64 counts equal at its 1/4,1/2,3/4 points","[[2.2091312395246522e-141,2.2091312395227684e-141],[1.430770123203998e-109,1.4307598681379014e-109],[1.430770123203266e-109,1.4307598681382266e-109]]",0,0.0,"[3.764778690433492e-15,-3.342690462834333e-16,6.091806958302541e-16]","{""PspCorrection"":0.09187494522099392,""Ewald"":-14.186487397403095,""Kinetic"":29.07598311441778,""AtomicNonlocalFR"":-14.214054543162437,""AtomicLocal"":-79.4330179974659,""Hartree"":28.516769449097254,""Xc"":-7.177055555485381}",PASS,1.430770123203998e-109,2.5102686377941813e-39
112,iteration,CONTINUE,1.698690378515199e-05,1.6986903785116024e-06,1.6986903785116024e-06,False,False,linear_mixing,,e92e04d7cae47695ecec0341ecedaf9ea72b764c566dea952771faa57b558fd0,10.000000000000009,36b2ef1a548d0c855b639eb02f51cba44d72d811010a2d0d5c3b0f276f214e06,10.0,1059584ceaac9cdd68f0d0800a22c3a0a0df145ad9268d9213458445f52b0e3b,10.000000000000009,24,9.905644011188457e-11,2.0899519294159623e-14,09547d9bd03a6886739e6e499cdfa80248e27ec77bce70267c05324fb1c603b6,90.04471262505011,0.0013739500261861013,8bb975af94d48387f34e2dbcb2838aa692bd5d06d0b781e49cc1432b77d8ee87,9.708726529515625,-57.32598798483724,1.2458088854558122e-34,-1.2458088854558122e-37,-57.32598798483724,1.2458088854558122e-37,10.0,10.000000000000002,5.505136207686832e-14,3.133019795532307e-05,2.5940404615839788e-05,-0.07907896959669755,0.0,"[10.0,10.0,10.0]","[3.333333333333333,3.333333333333333,3.333333333333333]",2.2101547451251713e-141,1.0,True,"Midpoint of the global spectral gap; Float64 counts equal at its 1/4,1/2,3/4 points","[[2.210154745126302e-141,2.2101547451251713e-141],[1.4303628835345394e-109,1.4303526315830836e-109],[1.4303628835362873e-109,1.4303526315824738e-109]]",0,0.0,"[1.3249624745467029e-15,5.494243230008373e-17,2.7809764548429507e-16]","{""PspCorrection"":0.09187494522099392,""Ewald"":-14.186487397403095,""Kinetic"":29.07598315538911,""AtomicNonlocalFR"":-14.214054506825848,""AtomicLocal"":-79.43301864778246,""Hartree"":28.51677011746182,""Xc"":-7.177055650897757}",PASS,1.4303628835362873e-109,2.3109938044521292e-39
113,iteration,CONTINUE,1.5346460159872454e-05,1.5346460159930378e-06,1.5346460159930378e-06,False,False,linear_mixing,,1059584ceaac9cdd68f0d0800a22c3a0a0df145ad9268d9213458445f52b0e3b,10.000000000000009,3ce0cf8cafe5ec33d1e28446d9ffe90d2aa402f94e0a82e0c477fe0149d48e6b,10.000000000000004,9f500ec9ea1cd28758a8202356cc73561735405d88c06bbb867773e6fd41b8b3,10.000000000000007,24,9.892832175024468e-11,2.025787396582323e-14,753ec5002542bc058f9ceb95ac7b45d8128fc33895207fba6c6161341a40e4f1,90.0447146251494,0.0012664113412877034,03cef11fb3d7d66ef416b41724104fe9e095602a0d714e5468d3cc26e3a95544,9.708727231927218,-57.32598798488505,1.2455538026952742e-34,-1.2455538026952742e-37,-57.32598798488505,1.2455538026952742e-37,10.000000000000004,10.000000000000004,6.22327380452112e-14,2.887820994057287e-05,2.391259563385093e-05,-0.07907864017672371,0.0,"[10.0,10.0,10.0]","[3.333333333333333,3.333333333333333,3.333333333333333]",2.211096069830884e-141,1.0,True,"Midpoint of the global spectral gap; Float64 counts equal at its 1/4,1/2,3/4 points","[[2.211096069832895e-141,2.211096069830884e-141],[1.4299882699182075e-109,1.4299780208354123e-109],[1.429988269918045e-109,1.4299780208344775e-109]]",0,0.0,"[1.9253920321116062e-15,3.3132694225414404e-15,-1.846221916834798e-15]","{""PspCorrection"":0.09187494522099392,""Ewald"":-14.186487397403095,""Kinetic"":29.075983202063977,""AtomicNonlocalFR"":-14.214054477551548,""AtomicLocal"":-79.43301926110388,""Hartree"":28.516770743862715,""Xc"":-7.177055739974213}",PASS,1.4299882699182075e-109,2.127474323841514e-39
114,iteration,CONTINUE,1.386586993557977e-05,1.3865869935340773e-06,1.3865869935340773e-06,False,False,linear_mixing,,9f500ec9ea1cd28758a8202356cc73561735405d88c06bbb867773e6fd41b8b3,10.000000000000007,e0a92ce9f16f89fed2b58ee07bc5b28798142de6b3514f237d1c5b460d4af4dc,10.00000000000001,a02c56874c469478ea57736499c2135349be5f354ac70cda7a6dffd3654e7144,10.000000000000007,24,9.889974011111778e-11,2.1588621761414517e-14,f93a7c18f7e34474bb10ce691c0f8a7185c928346f22502d271d85f3bf25420d,90.04471624335675,0.0011672591202301335,8c047b507ded2f791c64202f42a708b1533d25eee83ed30005967ad629c2a7f4,9.708727880671628,-57.32598798492556,1.2453189765636389e-34,-1.2453189765636389e-37,-57.32598798492556,1.2453189765636389e-37,10.00000000000001,10.000000000000012,6.837209776202914e-14,2.661747631154147e-05,2.20427985615709e-05,-0.07907833452902409,0.0,"[10.0,10.0,10.0]","[3.333333333333333,3.333333333333333,3.333333333333333]",2.2119618016255874e-141,1.0,True,"Midpoint of the global spectral gap; Float64 counts equal at its 1/4,1/2,3/4 points","[[2.2119618016275994e-141,2.2119618016255874e-141],[1.4296436803953482e-109,1.429633433953294e-109],[1.4296436803934384e-109,1.4296334339524814e-109]]",0,0.0,"[2.366943492374206e-15,8.376224174141597e-17,-1.4825790258755022e-15]","{""PspCorrection"":0.09187494522099392,""Ewald"":-14.186487397403095,""Kinetic"":29.07598325272182,""AtomicNonlocalFR"":-14.214054454233597,""AtomicLocal"":-79.43301983821952,""Hartree"":28.516771330019516,""Xc"":-7.17705582303168}",PASS,1.4296436803953482e-109,1.9584729576308953e-39
115,iteration,CONTINUE,1.2529459662932329e-05,1.2529459663167444e-06,1.2529459663167444e-06,False,False,linear_mixing,,a02c56874c469478ea57736499c2135349be5f354ac70cda7a6dffd3654e7144,10.000000000000007,2b001da47899b41d82a31c91dc7e8427ada8a41e6df0d4e6801006e45db3a853,10.00000000000001,ceeefb5d6cb94c8996ad5deef5dd6dcbf5c233791d50457d5544c19f9e1022ff,10.000000000000009,24,9.889941283599218e-11,2.097565845719545e-14,c08ada52a197d3a70c2cb8e9b8700590f985045f81fbd07adabe8c4bba60b9d7,90.04471752868454,0.0010758426623445837,f14868659c9406b01664acb31a39c49abd059cad3635d4e13f3be5f307ec2421,9.708728479795694,-57.32598798495973,1.245102804522628e-34,-1.245102804522628e-37,-57.32598798495973,1.245102804522628e-37,10.00000000000001,10.000000000000012,5.528465381530205e-14,2.453314413227359e-05,2.0318757173091584e-05,-0.07907805099038756,0.0,"[10.0,10.0,10.0]","[3.333333333333333,3.333333333333333,3.333333333333333]",2.2127580026988577e-141,1.0,True,"Midpoint of the global spectral gap; Float64 counts equal at its 1/4,1/2,3/4 points","[[2.2127580027011218e-141,2.2127580026988577e-141],[1.4293267188699123e-109,1.4293164748633167e-109],[1.4293267188691406e-109,1.429316474862951e-109]]",0,0.0,"[1.4472418213035807e-15,-1.6139880957476646e-15,-1.3136340693808957e-15]","{""PspCorrection"":0.09187494522099392,""Ewald"":-14.186487397403095,""Kinetic"":29.075983305980643,""AtomicNonlocalFR"":-14.21405443593835,""AtomicLocal"":-79.43302038018341,""Hartree"":28.5167718777544,""Xc"":-7.177055900390912}",PASS,1.4293267188699123e-109,1.802848516225224e-39
116,iteration,CONTINUE,1.1323096365609612e-05,1.1323096365620726e-06,1.1323096365620726e-06,False,False,linear_mixing,,ceeefb5d6cb94c8996ad5deef5dd6dcbf5c233791d50457d5544c19f9e1022ff,10.000000000000009,5cc35577f4dd57338519de92254ce27740ada613f2b433c3d9ed09925a4d1c84,10.000000000000009,62c18167d7abd9502d6adcd27ee2b4d56a744c3b988541f6576e33577ca591fd,10.00000000000001,24,9.693809212681271e-11,1.962584593268615e-14,e82328270a18b75863fe40f34ce096a6411690373eff3acc23862239f29122a3,90.04471852491947,0.0009915613857537442,e5e9c0e54a114983573421ea6949be8beecb6aa2d91a0df58f783da0b047904c,9.708729033046245,-57.32598798498867,1.2449038100076527e-34,-1.2449038100076527e-37,-57.32598798498867,1.2449038100076527e-37,10.000000000000009,10.000000000000007,1.743863053528082e-13,2.26114961011391e-05,1.8729146338371935e-05,-0.07907778800955399,0.0,"[10.0,10.0,10.0]","[3.333333333333333,3.333333333333333,3.333333333333333]",2.2134902509240365e-141,1.0,True,"Midpoint of the global spectral gap; Float64 counts equal at its 1/4,1/2,3/4 points","[[2.2134902509275597e-141,2.2134902509240365e-141],[1.4290351790553864e-109,1.429024937292315e-109],[1.4290351790560364e-109,1.42902493729264e-109]]",0,0.0,"[3.4806881453994883e-15,6.773648115655571e-15,-3.355636852303448e-15]","{""PspCorrection"":0.09187494522099392,""Ewald"":-14.186487397403095,""Kinetic"":29.075983360742867,""AtomicNonlocalFR"":-14.214054421865058,""AtomicLocal"":-79.43302088831561,""Hartree"":28.5167723890071,""Xc"":-7.177055972375868}",PASS,1.4290351790560364e-109,1.6595477203732e-39
117,iteration,CONTINUE,1.0234044022175447e-05,1.0234044022228204e-06,1.0234044022228204e-06,False,False,linear_mixing,,62c18167d7abd9502d6adcd27ee2b4d56a744c3b988541f6576e33577ca591fd,10.00000000000001,39560f60e92b8cc97389152758f5d2a8b3049599148e996105210ca4c8ed69be,10.000000000000012,eb9b4c5a15abec51b36abf6ccd41f31be43729967e6c6ed264360b8499959e6c,10.00000000000001,24,9.709341949011254e-11,2.16233184498673e-14,ad6eaa45a19206e6620b92ed70adefaf5eeec3855d6e0e52c583469965b59920,90.04471927106836,0.0009138608594317116,1f5d82f6f0d7a185fe52b863f4df6af0d04097892cac273120931e1c8f66ea81,9.708729543891774,-57.325987985013185,1.2447206327317863e-34,-1.2447206327317864e-37,-57.325987985013185,1.2447206327317864e-37,10.000000000000012,10.000000000000018,1.339004791295126e-13,2.08399076235388e-05,1.7263552011827687e-05,-0.07907754413989515,0.0,"[10.0,10.0,10.0]","[3.333333333333333,3.333333333333333,3.333333333333333]",2.2141636782071646e-141,1.0,True,"Midpoint of the global spectral gap; Float64 counts equal at its 1/4,1/2,3/4 points","[[2.2141636782101853e-141,2.2141636782071646e-141],[1.428767029833351e-109,1.4287567901382275e-109],[1.4287670298322952e-109,1.4287567901363595e-109]]",0,0.0,"[3.2089439488823503e-15,2.302633067583392e-15,-3.586656194821112e-15]","{""PspCorrection"":0.09187494522099392,""Ewald"":-14.186487397403095,""Kinetic"":29.07598341603464,""AtomicNonlocalFR"":-14.214054411325447,""AtomicLocal"":-79.43302136378288,""Hartree"":28.5167728655287,""Xc"":-7.177056039286094}",PASS,1.428767029833351e-109,1.5276017499770464e-39
118,iteration,CONTINUE,9.250812628057765e-06,9.250812627759969e-07,9.250812627759969e-07,False,False,linear_mixing,,eb9b4c5a15abec51b36abf6ccd41f31be43729967e6c6ed264360b8499959e6c,10.00000000000001,3b5bf663fcfa60987565bed5fbffd3096b5fcd4712e85b536528c74163cc5000,10.000000000000005,1494bfd56d2ee3e01bcde622afee4990d04d786c85222abba8cf7e5f57fcb26d,10.000000000000009,24,9.671748833583931e-11,2.043407347713815e-14,bed7a19ff4358b614caf4213fc6449eb0e16ee1a2d41c3ad0533a0d6e5bd1e44,90.04471980188225,0.0008422297974495253,e2148b38180b9d440e30094d4538e502136af782033c9174c4d308dbabd85f7b,9.708730015542942,-57.325987985033876,1.2445520193500567e-34,-1.2445520193500567e-37,-57.325987985033876,1.2445520193500567e-37,10.000000000000005,10.000000000000007,1.4956802035754275e-13,1.920669390591509e-05,1.5912321542519552e-05,-0.07907731803293232,0.0,"[10.0,10.0,10.0]","[3.333333333333333,3.333333333333333,3.333333333333333]",2.2147830059435535e-141,1.0,True,"Midpoint of the global spectral gap; Float64 counts equal at its 1/4,1/2,3/4 points","[[2.21478300594519e-141,2.2147830059435535e-141],[1.4285204009101818e-109,1.428510163118125e-109],[1.4285204009093699e-109,1.4285101631188555e-109]]",0,0.0,"[-7.304072381227474e-16,3.003481779103249e-15,5.87578920455546e-16]","{""PspCorrection"":0.09187494522099392,""Ewald"":-14.186487397403095,""Kinetic"":29.075983471164967,""AtomicNonlocalFR"":-14.214054403736334,""AtomicLocal"":-79.43302180812779,""Hartree"":28.516773309280254,""Xc"":-7.177056101432873}",PASS,1.4285204009101818e-109,1.4061149648657357e-39
119,iteration,CONTINUE,8.363044293646966e-06,8.363044293478611e-07,8.363044293478611e-07,False,False,linear_mixing,,1494bfd56d2ee3e01bcde622afee4990d04d786c85222abba8cf7e5f57fcb26d,10.000000000000009,acdc0ef3261bca60a2adfdd10610a791f2f0aad52608fa2db7c0d5a161e4a315,10.00000000000001,1f020b493c343fe7ae20c07e997d44401a3c0993d7b884c675eaaf1b9f7f5ca6,10.00000000000001,24,9.741841228752154e-11,2.231274930593763e-14,cf163536d8bdbc31c159d35e8762e935869e5a6aadbcd59c236feaebff5acbee,90.0447201481699,0.0007761960659516038,35509ac4905df9caeac38ac82ad343900dd5847fcfadeb1e2206a91b6a46440a,9.708730450971084,-57.32598798505141,1.2443968153862854e-34,-1.2443968153862855e-37,-57.32598798505141,1.2443968153862855e-37,10.00000000000001,10.000000000000009,1.2944010759165728e-13,1.7701092498059934e-05,1.4666569429105456e-05,-0.07907710843167495,0.0,"[10.0,10.0,10.0]","[3.333333333333333,3.333333333333333,3.333333333333333]",2.2153525775102947e-141,1.0,True,"Midpoint of the global spectral gap; Float64 counts equal at its 1/4,1/2,3/4 points","[[2.215352577512058e-141,2.2153525775102947e-141],[1.4282935708091135e-109,1.4282833347689303e-109],[1.4282935708086263e-109,1.428283334769864e-109]]",0,0.0,"[2.678162947609214e-15,9.182362732593977e-16,-2.7398829690442636e-15]","{""PspCorrection"":0.09187494522099392,""Ewald"":-14.186487397403095,""Kinetic"":29.075983525564826,""AtomicNonlocalFR"":-14.21405439859949,""AtomicLocal"":-79.43302222285138,""Hartree"":28.516773722128168,""Xc"":-7.17705615911142}",PASS,1.4282935708091135e-109,1.2942622910096774e-39
120,iteration,CONTINUE,7.561399929319937e-06,7.561399929395517e-07,7.561399929395517e-07,False,False,linear_mixing,,1f020b493c343fe7ae20c07e997d44401a3c0993d7b884c675eaaf1b9f7f5ca6,10.00000000000001,969f99ac44aa903db30f0d920e4c43886f8af9d396ea96c21d67e16aabe014c2,10.000000000000004,bfca3e1ffcf62c118d39bc39b66ce093f543a847478d8a74c910b3db06adac19,10.00000000000001,24,9.880360638172813e-11,2.2406178141400963e-14,e0f8ad3d8cf4cf0e9177afc350ceb5253dd253d59d522520b51f8b59042cabb2,90.04472033720953,0.0007153241273236804,5515ab62492546316b02eb0e9ec6204bd29e35f7b726f868cc67178bfcb5fd77,9.708730852925848,-57.32598798506625,1.2442539574393194e-34,-1.2442539574393194e-37,-57.32598798506625,1.2442539574393194e-37,10.000000000000004,10.000000000000005,1.3364888879547824e-13,1.6313174611650132e-05,1.351809781575073e-05,-0.07907691416479992,0.0,"[10.0,10.0,10.0]","[3.333333333333333,3.333333333333333,3.333333333333333]",2.2158763883808676e-141,1.0,True,"Midpoint of the global spectral gap; Float64 counts equal at its 1/4,1/2,3/4 points","[[2.2158763883843943e-141,2.2158763883808676e-141],[1.4280849550098647e-109,1.428074720587004e-109],[1.4280849550091747e-109,1.428074720584366e-109]]",0,0.0,"[8.230187475995569e-16,-4.738423937645777e-16,-3.54668682762255e-16]","{""PspCorrection"":0.09187494522099392,""Ewald"":-14.186487397403095,""Kinetic"":29.07598357878788,""AtomicNonlocalFR"":-14.214054395489628,""AtomicLocal"":-79.43302260946658,""Hartree"":28.516774105889336,""Xc"":-7.177056212605163}",PASS,1.4280849550098647e-109,1.1912834212849774e-39
121,iteration,CONTINUE,6.837458296413678e-06,6.837458296426815e-07,6.837458296426815e-07,False,False,linear_mixing,,bfca3e1ffcf62c118d39bc39b66ce093f543a847478d8a74c910b3db06adac19,10.00000000000001,ecb6266a0275dba3d92ad976172f8dfb5def753dc93d07722222dd84e24d6560,10.00000000000001,0c3d200797dddde0c7cc62045075efbd6f6f514f2b7e25f51063ffea8605c6dd,10.00000000000001,24,9.944298013608208e-11,1.8547585354335224e-14,e4b9436b2d21984aefa386053d67af640d314fc1bf643a6df0169ee7bce9cad6,90.04472039309618,0.0006592120693091173,cb754e8bc54e0330874f7df4040466988b44ef0f00c5f023cb5bb16ddf457baf,9.708731223951176,-57.32598798507876,1.2441224660341656e-34,-1.2441224660341658e-37,-57.32598798507876,1.2441224660341658e-37,10.00000000000001,10.000000000000012,1.0329535188130616e-13,1.5033762328381607e-05,1.2459320909951767e-05,-0.07907673414107214,0.0,"[10.0,10.0,10.0]","[3.333333333333333,3.333333333333333,3.333333333333333]",2.2163581138171068e-141,1.0,True,"Midpoint of the global spectral gap; Float64 counts equal at its 1/4,1/2,3/4 points","[[2.2163581138188705e-141,2.2163581138171068e-141],[1.4278930950967542e-109,1.4278828621604674e-109],[1.4278930950978904e-109,1.427882862159818e-109]]",0,0.0,"[-7.339322757477676e-16,-3.2572263799074455e-15,1.219981871567724e-15]","{""PspCorrection"":0.09187494522099392,""Ewald"":-14.186487397403095,""Kinetic"":29.07598363049777,""AtomicNonlocalFR"":-14.214054394046684,""AtomicLocal"":-79.43302296949484,""Hartree"":28.516774462333153,""Xc"":-7.177056262186054}",PASS,1.4278930950978904e-109,1.0964774478207097e-39
122,iteration,CONTINUE,6.183625777419163e-06,6.183625777591455e-07,6.183625777591455e-07,False,False,linear_mixing,,0c3d200797dddde0c7cc62045075efbd6f6f514f2b7e25f51063ffea8605c6dd,10.00000000000001,13a4408682c7ab8cf6f1f788b8c496754c439470c7956ad417610047f903c1fd,10.000000000000007,91d2f3807f23b6805f123d4e75fa43c52eb615b05352a9495490cc186c2e73d9,10.00000000000001,24,9.654186796360297e-11,1.9506006812536748e-14,8f0edb84ea6a417159279dc3c26a5d8c393c380d8846755ae6ee30b2d6500371,90.04472033705784,0.0006074891332322084,c0bf27b50d21fbae7385a4d0d8a9ebd53e60a25fcd6196436545a171f0c2f521,9.70873156640067,-57.32598798508943,1.2440014390630815e-34,-1.2440014390630816e-37,-57.32598798508943,1.2440014390630816e-37,10.000000000000007,10.000000000000009,9.027180052914807e-14,1.3854412003776214e-05,1.1483267871653795e-05,-0.07907656734411925,0.0,"[10.0,10.0,10.0]","[3.333333333333333,3.333333333333333,3.333333333333333]",2.2168011343841034e-141,1.0,True,"Midpoint of the global spectral gap; Float64 counts equal at its 1/4,1/2,3/4 points","[[2.2168011343857416e-141,2.2168011343841034e-141],[1.4277166488436467e-109,1.42770641727756e-109],[1.427716648843322e-109,1.427706417278818e-109]]",0,0.0,"[-1.7958212735435307e-15,-2.45541852410452e-15,4.3881295691832085e-15]","{""PspCorrection"":0.09187494522099392,""Ewald"":-14.186487397403095,""Kinetic"":29.075983680443404,""AtomicNonlocalFR"":-14.214054393963206,""AtomicLocal"":-79.43302330444072,""Hartree"":28.516774793166626,""Xc"":-7.177056308113414}",PASS,1.4277166488436467e-109,1.0091984463161533e-39
123,iteration,CONTINUE,5.5930550085104205e-06,5.593055008485655e-07,5.593055008485655e-07,False,False,linear_mixing,,91d2f3807f23b6805f123d4e75fa43c52eb615b05352a9495490cc186c2e73d9,10.00000000000001,05bd143df3a830940c524e0e76c19a960dfa6653fa77808c95dc1b4701adbb69,10.000000000000007,2b5117cb0c16d507190d9b5ee76343a2f5700d989df88cf2139627e167dea5c7,10.000000000000009,24,9.51952087328513e-11,2.3824092385775798e-14,ca69900b5a41e350857fe2152b6454b9858b90e0e81436287c7f5f4579b6ec23,90.0447201877503,0.0005598133245906305,4631f609266b3ed07bc51c5fe3f980a34780955a38ab4008aee614d5b799826e,9.70873188245138,-57.32598798509839,1.2438900457148103e-34,-1.2438900457148103e-37,-57.32598798509839,1.2438900457148103e-37,10.000000000000007,10.000000000000012,7.799665077846276e-14,1.2767324993566416e-05,1.0583496120365828e-05,-0.07907641282752514,0.0,"[10.0,10.0,10.0]","[3.333333333333333,3.333333333333333,3.333333333333333]",2.217208559510614e-141,1.0,True,"Midpoint of the global spectral gap; Float64 counts equal at its 1/4,1/2,3/4 points","[[2.2172085595126303e-141,2.217208559510614e-141],[1.4275543810510903e-109,1.4275441507469974e-109],[1.4275543810514148e-109,1.4275441507470785e-109]]",0,0.0,"[1.5917707813647508e-15,1.1749841106485794e-15,2.416925505761315e-15]","{""PspCorrection"":0.09187494522099392,""Ewald"":-14.186487397403095,""Kinetic"":29.075983728445024,""AtomicNonlocalFR"":-14.214054394979295,""AtomicLocal"":-79.43302361577418,""Hartree"":28.516775100025548,""Xc"":-7.177056350633394}",PASS,1.4275543810514148e-109,9.288511602066719e-40
124,iteration,CONTINUE,5.059571167417563e-06,5.059571167426947e-07,5.059571167426947e-07,False,False,linear_mixing,,2b5117cb0c16d507190d9b5ee76343a2f5700d989df88cf2139627e167dea5c7,10.000000000000009,6cdcc5f1c190c1bf1ac67c9913e98022b03ffa6922edac6b1b07543fdf15da7b,10.000000000000005,296b2d8bf39e892142f8453b7e5265db386c8fb60083fc1d37fd03dcc50b7cb6,10.00000000000001,24,8.758458947245989e-11,2.0736937663930563e-14,7e626132dcd8d55fa52e3fb0350bdff83c5ca0fa73634452997e79c4ea5768dd,90.04471996152233,0.0005158691143270699,f611096884c19dff1d1ee29ceb3e7fc39df0433f49f171bec664edab1cfd83e6,9.70873217411675,-57.325987985105975,1.2437875208882752e-34,-1.2437875208882752e-37,-57.325987985105975,1.2437875208882752e-37,10.000000000000005,10.000000000000009,1.0099048705480568e-13,1.1765308933672569e-05,9.754063978710588e-06,-0.07907626971024143,0.0,"[10.0,10.0,10.0]","[3.333333333333333,3.333333333333333,3.333333333333333]",2.21758324911482e-141,1.0,True,"Midpoint of the global spectral gap; Float64 counts equal at its 1/4,1/2,3/4 points","[[2.2175832491162066e-141,2.21758324911482e-141],[1.4274051550643443e-109,1.4273949259208916e-109],[1.4274051550630055e-109,1.4273949259200398e-109]]",0,0.0,"[3.8844362034528706e-15,5.0482847902904925e-15,-1.183094327868628e-15]","{""PspCorrection"":0.09187494522099392,""Ewald"":-14.186487397403095,""Kinetic"":29.075983774381214,""AtomicNonlocalFR"":-14.214054396874863,""AtomicLocal"":-79.43302390492393,""Hartree"":28.51677538447283,""Xc"":-7.17705638997912}",PASS,1.4274051550643443e-109,8.548871581515015e-40
125,iteration,CONTINUE,4.577605534954403e-06,4.5776055349475744e-07,4.5776055349475744e-07,False,False,linear_mixing,,296b2d8bf39e892142f8453b7e5265db386c8fb60083fc1d37fd03dcc50b7cb6,10.00000000000001,bdc8608b1b28d3c6d02a41fcf9f6d8510cb236638ba4a696b450ca46407bf045,10.000000000000009,c902afe317dc7b097f3e3223a90e1aa4d392c600581dd4d1ebd1e9e419e7cc18,10.000000000000009,24,9.265567620596008e-11,2.088067297240506e-14,6e7b48df64eb7779f7692b4315ad298995a22ffc6c9b0e4a032c1b1f66474778,90.04471967266079,0.000475365437573045,3a5a89790e089695601e664cbbedd15c7565a9f20c7246535c423a20d0102b55,9.70873244325895,-57.32598798511244,1.2436931600131347e-34,-1.2436931600131347e-37,-57.32598798511244,1.2436931600131347e-37,10.000000000000009,10.00000000000001,9.00716399967448e-14,1.0841722484961787e-05,8.989481794682266e-06,-0.07907613717227575,0.0,"[10.0,10.0,10.0]","[3.333333333333333,3.333333333333333,3.333333333333333]",2.217927833570351e-141,1.0,True,"Midpoint of the global spectral gap; Float64 counts equal at its 1/4,1/2,3/4 points","[[2.2179278335743855e-141,2.217927833570351e-141],[1.4272679249606018e-109,1.4272576968875865e-109],[1.427267924962062e-109,1.4272576968891685e-109]]",0,0.0,"[4.956696997265032e-16,-1.1915199066632368e-15,1.6865565239147177e-15]","{""PspCorrection"":0.09187494522099392,""Ewald"":-14.186487397403095,""Kinetic"":29.07598381818172,""AtomicNonlocalFR"":-14.214054399464317,""AtomicLocal"":-79.43302417327871,""Hartree"":28.5167756480024,""Xc"":-7.177056426371436}",PASS,1.427267924962062e-109,7.868010411096751e-40
126,iteration,CONTINUE,4.142136200938144e-06,4.1421362008227306e-07,4.1421362008227306e-07,False,False,linear_mixing,,c902afe317dc7b097f3e3223a90e1aa4d392c600581dd4d1ebd1e9e419e7cc18,10.000000000000009,0aff10c5ae08416ed9147ac36197e34da90a6fecd8f2793c0cc59ccee6cd06f2,10.000000000000002,c254a5432c27d1209cf19605ce60bea2181a71ece04ac33d57c0c66cc3645348,10.00000000000001,24,9.917479326150262e-11,1.905785644111259e-14,47826ce3b7714fd16778cd0618e084ed969930dc71d72dde3339aa0c5b62b982,90.04471933360925,0.0004380338623398029,673b3ce89acf4828ce85c38d5d0039de1bf3dfdc1c1cbd1010061c6518c17e25,9.708732691599645,-57.32598798511786,1.2436063143045304e-34,-1.2436063143045304e-37,-57.32598798511786,1.2436063143045304e-37,10.000000000000002,10.000000000000004,7.633258210389531e-14,9.990455358653483e-06,8.284704412972206e-06,-0.07907601445064409,0.0,"[10.0,10.0,10.0]","[3.333333333333333,3.333333333333333,3.333333333333333]",2.2182447320665212e-141,1.0,True,"Midpoint of the global spectral gap; Float64 counts equal at its 1/4,1/2,3/4 points","[[2.2182447320705563e-141,2.2182447320665212e-141],[1.4271417283994552e-109,1.4271315013129256e-109],[1.4271417284012804e-109,1.4271315013143452e-109]]",0,0.0,"[-1.5361152565109198e-15,-1.4083743792425133e-15,1.1119276784315058e-16]","{""PspCorrection"":0.09187494522099392,""Ewald"":-14.186487397403095,""Kinetic"":29.075983859810925,""AtomicNonlocalFR"":-14.214054402590957,""AtomicLocal"":-79.43302442216327,""Hartree"":28.516775892025244,""Xc"":-7.177056460017706}",PASS,1.4271417284012804e-109,7.241272386190764e-40
127,iteration,CONTINUE,3.748634128584181e-06,3.7486341286070956e-07,3.7486341286070956e-07,False,False,linear_mixing,,c254a5432c27d1209cf19605ce60bea2181a71ece04ac33d57c0c66cc3645348,10.00000000000001,2760c3e86388c61bba85944ba0de04b06d7f85f04a0986f4b107763dfb20edfe,10.0,a5f1e539f3990ca02066770733d4c34b947d5a1d11500eec503f96040346131d,10.000000000000009,24,9.865796272996449e-11,2.3111369139794898e-14,dab1ad666d3da49eba140b52f1e8970b618e44c3af1c9c401dfa476810d632f3,90.04471895516912,0.00040362676032786304,b8c6e46422b4853e1a0852fb33d66a93fe7212391bd01b94724e7383a69611df,9.708732920730741,-57.32598798512247,1.2435263863707708e-34,-1.2435263863707708e-37,-57.32598798512247,1.2435263863707708e-37,10.0,10.0,5.744662015882883e-14,9.20585583370719e-06,7.635058654524077e-06,-0.07907590083559018,0.0,"[10.0,10.0,10.0]","[3.333333333333333,3.333333333333333,3.333333333333333]",2.2185361695051408e-141,1.0,True,"Midpoint of the global spectral gap; Float64 counts equal at its 1/4,1/2,3/4 points","[[2.2185361695075367e-141,2.2185361695051408e-141],[1.4270256799508213e-109,1.4270154537697263e-109],[1.4270256799511459e-109,1.4270154537692397e-109]]",0,0.0,"[1.0440208340511208e-15,-3.137252781323676e-15,-1.1761892094034926e-15]","{""PspCorrection"":0.09187494522099392,""Ewald"":-14.186487397403095,""Kinetic"":29.07598389926273,""AtomicNonlocalFR"":-14.214054406123426,""AtomicLocal"":-79.43302465283946,""Hartree"":28.516776117872322,""Xc"":-7.177056491112538}",PASS,1.4270256799511459e-109,6.6643696639354895e-40
128,iteration,CONTINUE,3.39301398350055e-06,3.3930139835808267e-07,3.3930139835808267e-07,False,False,linear_mixing,,a5f1e539f3990ca02066770733d4c34b947d5a1d11500eec503f96040346131d,10.000000000000009,f2f5aa892f54809aa46683a3e1f62e1fcb0a1a89ca847220b27e95ec2f1a2a51,10.000000000000009,92e007d0250820de3f443e631bd2ab9d643c9b842de644b0308f14befeee989b,10.00000000000001,24,9.503497936076936e-11,2.280643443879449e-14,b4471495e2d6d77dd4cf299c3637c2fb55aa90b0c640030067d91eff8ddd462d,90.0447185466865,0.0003719158086065744,cf4f2b55829f50f8bd0be1585baea37a646f86c0a1ba14c4ceaded91dddf5086,9.708733132123934,-57.32598798512633,1.243452826142681e-34,-1.243452826142681e-37,-57.32598798512633,1.243452826142681e-37,10.000000000000009,10.000000000000009,6.730112702722462e-14,8.48272995042018e-06,7.036257062240876e-06,-0.07907579566704061,0.0,"[10.0,10.0,10.0]","[3.333333333333333,3.333333333333333,3.333333333333333]",2.2188041920999735e-141,1.0,True,"Midpoint of the global spectral gap; Float64 counts equal at its 1/4,1/2,3/4 points","[[2.2188041921012347e-141,2.2188041920999735e-141],[1.426918964977784e-109,1.4269087396333213e-109],[1.4269189649765268e-109,1.4269087396317396e-109]]",0,0.0,"[-2.602443569286084e-16,-1.0056939638261387e-15,1.0725612292847991e-14]","{""PspCorrection"":0.09187494522099392,""Ewald"":-14.186487397403095,""Kinetic"":29.075983936562526,""AtomicNonlocalFR"":-14.21405440995223,""AtomicLocal"":-79.43302486652851,""Hartree"":28.516776326813936,""Xc"":-7.17705651983995}",PASS,1.426918964977784e-109,6.1333500171446114e-40
129,iteration,CONTINUE,3.071591220908094e-06,3.071591220974919e-07,3.071591220974919e-07,False,False,linear_mixing,,92e007d0250820de3f443e631bd2ab9d643c9b842de644b0308f14befeee989b,10.00000000000001,d4ed79cbee01639e77ab07330f56e0da8c52d0a5de3ce8cc4966b58e94350548,10.000000000000004,9c91a384a31e95f1555a7e959472ef98448ef5e26ee072181c5c14cc8a49066d,10.00000000000001,24,9.751692033826313e-11,2.078834127603088e-14,4c31744577b37669651fcd0d074c5c4cf5943dbe0e55fec2d3e5de17e26b1171,90.04471811620674,0.000342690340965922,52c64f559c99d3947946b87c3fdeb3a722cd75303b5b26e4727988fe449ab88c,9.708733327139397,-57.32598798512967,1.2433851271790362e-34,-1.2433851271790362e-37,-57.32598798512967,1.2433851271790362e-37,10.000000000000004,10.000000000000005,6.322729691157903e-14,7.816260728293974e-06,6.484312558591702e-06,-0.07907569833125919,0.0,"[10.0,10.0,10.0]","[3.333333333333333,3.333333333333333,3.333333333333333]",2.2190506816639167e-141,1.0,True,"Midpoint of the global spectral gap; Float64 counts equal at its 1/4,1/2,3/4 points","[[2.2190506816673225e-141,2.2190506816639167e-141],[1.4268208340543614e-109,1.4268106094772619e-109],[1.4268208340533072e-109,1.4268106094784378e-109]]",0,0.0,"[4.787750634563384e-16,1.139423613633383e-15,-1.0647727189831485e-15]","{""PspCorrection"":0.09187494522099392,""Ewald"":-14.186487397403095,""Kinetic"":29.075983971749167,""AtomicNonlocalFR"":-14.214054413985632,""AtomicLocal"":-79.4330250643752,""Hartree"":28.516776520035307,""Xc"":-7.177056546371201}",PASS,1.4268208340543614e-109,5.6445745894593506e-40
130,iteration,CONTINUE,2.7810413693633854e-06,2.781041369485843e-07,2.781041369485843e-07,False,False,linear_mixing,,9c91a384a31e95f1555a7e959472ef98448ef5e26ee072181c5c14cc8a49066d,10.00000000000001,342ab68b6a31caa28cb01a54a0f849dde21356159ead2291e89b19dc53bfe3c5,10.000000000000005,1ca597fe8adf88dfd01d8355ea9e44b67fcec20826c5f56b2e22b56995e317a9,10.000000000000007,24,9.742951848449725e-11,2.143547891137434e-14,325b0145270a49de92d1dc701b406a010507669c6a6b32eae577ef8c9f57c458,90.04471767062955,0.00031575616603216706,0147144ccb041ca142589c1eb5c8ab5ba4f239731cdcc0d8347bb5df1443eebb,9.708733507034516,-57.32598798513243,1.2433228232033308e-34,-1.2433228232033309e-37,-57.32598798513243,1.2433228232033309e-37,10.000000000000005,10.000000000000009,2.1386596964126522e-13,7.2020259773285085e-06,5.9755732822717505e-06,-0.07907560825774425,0.0,"[10.0,10.0,10.0]","[3.333333333333333,3.333333333333333,3.333333333333333]",2.2192773688053857e-141,1.0,True,"Midpoint of the global spectral gap; Float64 counts equal at its 1/4,1/2,3/4 points","[[2.2192773688090444e-141,2.2192773688053857e-141],[1.426730597746249e-109,1.4267203738768899e-109],[1.4267305977465732e-109,1.4267203738764032e-109]]",0,0.0,"[-1.0499926136118397e-15,1.582399388334522e-15,-3.982249380309077e-15]","{""PspCorrection"":0.09187494522099392,""Ewald"":-14.186487397403095,""Kinetic"":29.075984004943464,""AtomicNonlocalFR"":-14.214054418180844,""AtomicLocal"":-79.43302524754772,""Hartree"":28.51677669870974,""Xc"":-7.177056570874966}",PASS,1.4267305977465732e-109,5.194686856744039e-40
131,iteration,CONTINUE,2.518368376509159e-06,2.5183683766844174e-07,2.5183683766844174e-07,False,False,linear_mixing,,1ca597fe8adf88dfd01d8355ea9e44b67fcec20826c5f56b2e22b56995e317a9,10.000000000000007,7e5c8c2699b785c5ff6b8929255a3b4c89c608be4534a952df7e3cab9ade6a53,10.000000000000007,c14f682413ddbad4ebe4f7995a1b205de199868102f957251e247cbf4008ef04,10.000000000000007,24,9.802689181901155e-11,2.0883869893509526e-14,7b671753040cd0b0dd9c06e30d33d994bdc28cf000da0aa1288ee01ddb1f19a0,90.0447172158216,0.0002909340182911229,90dcef59126ae07af4ee84303b65464bf5dea76235bdb54e119451494d3febcd,9.708733672971047,-57.325987985134816,1.2432654849837288e-34,-1.2432654849837288e-37,-57.325987985134816,1.2432654849837288e-37,10.000000000000007,10.00000000000001,1.442509211133489e-13,6.635984565122846e-06,5.506713032101801e-06,-0.07907552491625855,0.0,"[10.0,10.0,10.0]","[3.333333333333333,3.333333333333333,3.333333333333333]",2.219485845041607e-141,1.0,True,"Midpoint of the global spectral gap; Float64 counts equal at its 1/4,1/2,3/4 points","[[2.2194858450445087e-141,2.219485845041607e-141],[1.426647621922934e-109,1.4266373987072119e-109],[1.426647621922934e-109,1.42663739870782e-109]]",0,0.0,"[-2.939144348106206e-16,5.523918069785917e-16,-1.856607917196675e-15]","{""PspCorrection"":0.09187494522099392,""Ewald"":-14.186487397403095,""Kinetic"":29.075984036072256,""AtomicNonlocalFR"":-14.214054422405919,""AtomicLocal"":-79.43302541689641,""Hartree"":28.51677686376091,""Xc"":-7.177056593483545}",PASS,1.426647621922934e-109,4.780610501469755e-40
132,iteration,CONTINUE,2.2808653984002604e-06,2.2808653984721958e-07,2.2808653984721958e-07,False,False,linear_mixing,,c14f682413ddbad4ebe4f7995a1b205de199868102f957251e247cbf4008ef04,10.000000000000007,05166c27c6495bd8bb6230e16fadff0a9e6fdbf47660a20b0eb9e1cc9ef858be,10.000000000000009,9571441d65661743cd4f41701fa5a34ec64285268b80fc15a2ed66ca84b28c5e,10.000000000000007,24,9.726518586344077e-11,1.9808597555017747e-14,3ef6ca78e0f8058516d38b95cef04d44b24a1d324c2c7839d97159f6107b327e,90.04471675679825,0.0002680590582863675,ea0a8578b7fba6d473f493ab18c0c617d73b2fc82e7d6418fded29f06a6655ef,9.708733826022675,-57.32598798513676,1.243212717245982e-34,-1.2432127172459819e-37,-57.32598798513676,1.2432127172459819e-37,10.000000000000009,10.000000000000009,1.551050719532351e-13,6.1143020018128e-06,5.0745371596584e-06,-0.07907544781426078,0.0,"[10.0,10.0,10.0]","[3.333333333333333,3.333333333333333,3.333333333333333]",2.2196775740343663e-141,1.0,True,"Midpoint of the global spectral gap; Float64 counts equal at its 1/4,1/2,3/4 points","[[2.2196775740357543e-141,2.2196775740343663e-141],[1.4265713230781421e-109,1.426561100462974e-109],[1.4265713230771286e-109,1.4265611004624062e-109]]",0,0.0,"[-2.917777229809209e-15,-3.745297080918768e-15,3.82575570225999e-15]","{""PspCorrection"":0.09187494522099392,""Ewald"":-14.186487397403095,""Kinetic"":29.07598406529476,""AtomicNonlocalFR"":-14.21405442664599,""AtomicLocal"":-79.43302557351657,""Hartree"":28.51677701626177,""Xc"":-7.177056614348627}",PASS,1.4265713230781421e-109,4.3994935639710165e-40
133,iteration,CONTINUE,2.0660961859633107e-06,2.0660961859452553e-07,2.0660961859452553e-07,False,False,linear_mixing,,9571441d65661743cd4f41701fa5a34ec64285268b80fc15a2ed66ca84b28c5e,10.000000000000007,fef6130225727b13fe42b88de8c06e4475073dae0d65a1909b109a96984900aa,10.000000000000004,970d3a8fa42524a85224244df2b24ce719e1dbd79a6e65ad94e2edce740bfb59,10.000000000000009,24,9.863940392533156e-11,2.1188713391983044e-14,029ee5ed4fde4e0d89ed97a9c0251789a65ea22269ff84656669aa0326a0a484,90.0447162977525,0.0002469789284872842,6761680fce4cc06e781ff153ad6c3a637cffeaf5f3297a1e7fb9903a1913c40b,9.708733967181423,-57.325987985138475,1.2431641561949371e-34,-1.243164156194937e-37,-57.325987985138475,1.243164156194937e-37,10.000000000000004,10.000000000000002,1.4215815745869929e-13,5.63354997714407e-06,4.676227760546171e-06,-0.07907537649412988,0.0,"[10.0,10.0,10.0]","[3.333333333333333,3.333333333333333,3.333333333333333]",2.2198539017009823e-141,1.0,True,"Midpoint of the global spectral gap; Float64 counts equal at its 1/4,1/2,3/4 points","[[2.219853901704137e-141,2.2198539017009823e-141],[1.426501164658654e-109,1.426490942594559e-109],[1.426501164657235e-109,1.426490942594275e-109]]",0,0.0,"[1.94055599023258e-15,-3.650561714288491e-16,-1.007213230327193e-16]","{""PspCorrection"":0.09187494522099392,""Ewald"":-14.186487397403095,""Kinetic"":29.07598409267826,""AtomicNonlocalFR"":-14.214054430873519,""AtomicLocal"":-79.43302571823014,""Hartree"":28.51677715706434,""Xc"":-7.17705663359532}",PASS,1.426501164658654e-109,4.048726535592849e-40
134,iteration,CONTINUE,1.8718549559780848e-06,1.8718549559380105e-07,1.8718549559380105e-07,False,False,linear_mixing,,970d3a8fa42524a85224244df2b24ce719e1dbd79a6e65ad94e2edce740bfb59,10.000000000000009,771016dedad39bf223e5f0c3ff935bf68904b813a344fb91070392e727f32504,10.000000000000016,88af546c5ffef754d20b07f79116d70bd27bc1cf0b8ae52b04f72f986c6ca10d,10.000000000000009,24,9.574544912917584e-11,2.0553585690337252e-14,2e79b7c9b4fc7e3247ec46f029f6a2893cbf9406299f4047ef446b6ef599e43c,90.04471584221281,0.00022755309217025441,87921368c5ea24ca7896c60ea6b27ee98e3b5bb185db1b13a2c18ddcc5dbb3cb,9.708734097363752,-57.325987985139975,1.2431194668381361e-34,-1.2431194668381362e-37,-57.325987985139975,1.2431194668381362e-37,10.000000000000016,10.000000000000018,1.1996442777300093e-13,5.1905056168105865e-06,4.309114015973663e-06,-0.07907531053096475,0.0,"[10.0,10.0,10.0]","[3.333333333333333,3.333333333333333,3.333333333333333]",2.2200160659496787e-141,1.0,True,"Midpoint of the global spectral gap; Float64 counts equal at its 1/4,1/2,3/4 points","[[2.220016065953212e-141,2.2200160659496787e-141],[1.4264366529144324e-109,1.4264264313598483e-109],[1.4264366529157298e-109,1.4264264313604158e-109]]",0,0.0,"[-2.9791784438420618e-15,-4.357391571328348e-15,8.717891792037018e-16]","{""PspCorrection"":0.09187494522099392,""Ewald"":-14.186487397403095,""Kinetic"":29.075984118293903,""AtomicNonlocalFR"":-14.214054435026338,""AtomicLocal"":-79.43302585195302,""Hartree"":28.516777287074866,""Xc"":-7.177056651347281}",PASS,1.4264366529157298e-109,3.725889645195701e-40
135,iteration,CONTINUE,1.6961572586330857e-06,1.6961572585476282e-07,1.6961572585476282e-07,False,False,linear_mixing,,88af546c5ffef754d20b07f79116d70bd27bc1cf0b8ae52b04f72f986c6ca10d,10.000000000000009,db7327d94c4cd24265219ee9f9bfbbe7d1e224dc3f027d0c4782310837d8a9c5,10.000000000000007,375fc766012507a3fbd9edde5dc770a719acfe6620952c2a6fdec91c0c6766d9,10.000000000000009,24,9.985618418455513e-11,1.929499931405543e-14,ae43565afbf5778de841a6ad70dc7dbc583670991a524f94eec9885bbc797ff2,90.04471539307758,0.00020965186431881958,fa203ead4e2b11e26640888940a5a9ae430adb32441b0cbcc7a51a8d727b789c,9.708734217416248,-57.32598798514107,1.2430783408911663e-34,-1.2430783408911663e-37,-57.32598798514107,1.2430783408911663e-37,10.000000000000007,10.000000000000009,1.6716768230448845e-13,4.782219654508756e-06,3.970757682767022e-06,-0.07907524953017452,0.0,"[10.0,10.0,10.0]","[3.333333333333333,3.333333333333333,3.333333333333333]",2.2201652050323938e-141,1.0,True,"Midpoint of the global spectral gap; Float64 counts equal at its 1/4,1/2,3/4 points","[[2.2201652050373157e-141,2.2201652050323938e-141],[1.4263773339037636e-109,1.4263671128168952e-109],[1.4263773339050204e-109,1.426367112817544e-109]]",0,0.0,"[8.988324857238832e-16,1.0572840401054933e-15,1.4972043202592686e-15]","{""PspCorrection"":0.09187494522099392,""Ewald"":-14.186487397403095,""Kinetic"":29.07598414223718,""AtomicNonlocalFR"":-14.214054439092816,""AtomicLocal"":-79.43302597546055,""Hartree"":28.51677740707406,""Xc"":-7.177056667716834}",PASS,1.4263773339050204e-109,3.428766713823878e-40
136,iteration,CONTINUE,1.5372100436151121e-06,1.537210043594182e-07,1.537210043594182e-07,False,False,linear_mixing,,375fc766012507a3fbd9edde5dc770a719acfe6620952c2a6fdec91c0c6766d9,10.000000000000009,11385a9faccd9fb04f8e083012c3b90a24f989ee59c4c13ad75075c2119900af,10.0,79a9bf78c979a1327adad588692bc686dbede546f3f7f40d0d7ceca016faebac,10.000000000000007,24,9.786590220410653e-11,1.9427294515708625e-14,6c875014d01e137549a331c01791acc166973833a05724bb05b8dde35a47009a,90.04471495272648,0.0001931560991106287,0a51a3f3c57f4811a034b89c82cf7d8ca24d26c584c7e197f375c72a43f39fdb,9.708734328120897,-57.32598798514206,1.243040494531152e-34,-1.2430404945311522e-37,-57.32598798514206,1.2430404945311522e-37,10.0,10.0,1.2557371884254865e-13,4.4059880910834776e-06,3.6589304635759073e-06,-0.07907519312549977,0.0,"[10.0,10.0,10.0]","[3.333333333333333,3.333333333333333,3.333333333333333]",2.220302365753288e-141,1.0,True,"Midpoint of the global spectral gap; Float64 counts equal at its 1/4,1/2,3/4 points","[[2.2203023657565693e-141,2.220302365753288e-141],[1.4263227900314355e-109,1.426312569376238e-109],[1.4263227900313138e-109,1.4263125693767244e-109]]",0,0.0,"[-4.532677324855847e-16,3.823315904919124e-15,2.8805675182866776e-15]","{""PspCorrection"":0.09187494522099392,""Ewald"":-14.186487397403095,""Kinetic"":29.07598416459735,""AtomicNonlocalFR"":-14.214054443051886,""AtomicLocal"":-79.43302608951298,""Hartree"":28.516777517817133,""Xc"":-7.177056682809588}",PASS,1.4263227900314355e-109,3.155311667207182e-40
137,iteration,CONTINUE,1.3933961166876834e-06,1.3933961166138344e-07,1.3933961166138344e-07,False,False,linear_mixing,,79a9bf78c979a1327adad588692bc686dbede546f3f7f40d0d7ceca016faebac,10.000000000000007,cd66f2b4c397299b7649b8f7c2473ed8c3f459c249e75089257d7c7987ee828e,10.000000000000005,cc65f06d0cd86e20d0793a7fc75ed8250052081b40457db9862ebd26826a9341,10.00000000000001,24,9.836029462828193e-11,1.791714969507454e-14,793c9ad90982761630593055234284429eb1c39732b67eb5b80b9dfc10e72a75,90.04471452307655,0.00017795565727028563,d8043551100289586fcf3ca69a6ff0060c5f9857523a64c3d00f96a73cecae95,9.708734430199991,-57.32598798514302,1.2430056665184874e-34,-1.2430056665184874e-37,-57.32598798514302,1.2430056665184874e-37,10.000000000000005,10.000000000000004,1.199133719188582e-13,4.059295469060537e-06,3.371550088653526e-06,-0.07907514097700682,0.0,"[10.0,10.0,10.0]","[3.333333333333333,3.333333333333333,3.333333333333333]",2.2204285107179897e-141,1.0,True,"Midpoint of the global spectral gap; Float64 counts equal at its 1/4,1/2,3/4 points","[[2.2204285107201354e-141,2.2204285107179897e-141],[1.4262726372548497e-109,1.4262624169966926e-109],[1.4262726372554172e-109,1.4262624169979087e-109]]",0,0.0,"[-1.9081678706600478e-15,-2.272724584231183e-15,6.848899829635011e-16]","{""PspCorrection"":0.09187494522099392,""Ewald"":-14.186487397403095,""Kinetic"":29.07598418545814,""AtomicNonlocalFR"":-14.214054446888305,""AtomicLocal"":-79.43302619479866,""Hartree"":28.51677761999023,""Xc"":-7.177056696722327}",PASS,1.4262726372554172e-109,2.9036435610658987e-40
138,iteration,CONTINUE,1.2632557357295595e-06,1.2632557357438323e-07,1.2632557357438323e-07,False,False,linear_mixing,,cc65f06d0cd86e20d0793a7fc75ed8250052081b40457db9862ebd26826a9341,10.00000000000001,007e84568c46c51b08477d7f06711c72e530d01c9aee3ecb4c178db2ea290fb4,10.00000000000001,3a3505b57ee6323cfc531a0ddf130cb31ceab4a6ff114d8a32a9540630a8fb10,10.000000000000009,24,9.894233788831249e-11,2.108762785176923e-14,bd22560a6e5a391a0faa55e22fb15fb59185d846ce8f5d113fdad8568ab9e5df,90.04471410564706,0.00016394914530227906,a055f1c37382e4c4834ffa1ebaf2f28548cb95c0c092a623cf16565b3689adef,9.708734524320448,-57.32598798514374,1.2429736163745064e-34,-1.2429736163745064e-37,-57.32598798514374,1.2429736163745064e-37,10.00000000000001,10.000000000000014,8.476015285460049e-14,3.739823629007973e-06,3.10669815251846e-06,-0.0790750927692871,0.0,"[10.0,10.0,10.0]","[3.333333333333333,3.333333333333333,3.333333333333333]",2.2205445251644273e-141,1.0,True,"Midpoint of the global spectral gap; Float64 counts equal at its 1/4,1/2,3/4 points","[[2.220544525167078e-141,2.2205445251644273e-141],[1.4262265223505694e-109,1.4262163024565028e-109],[1.4262265223507316e-109,1.4262163024571512e-109]]",0,0.0,"[1.186314648699596e-15,1.1030411753676333e-15,-3.611620267479946e-15]","{""PspCorrection"":0.09187494522099392,""Ewald"":-14.186487397403095,""Kinetic"":29.075984204901438,""AtomicNonlocalFR"":-14.21405445058973,""AtomicLocal"":-79.43302629196393,""Hartree"":28.51677771423551,""Xc"":-7.177056709544936}",PASS,1.4262265223507316e-109,2.672029760555544e-40
139,iteration,CONTINUE,1.1454711700175057e-06,1.1454711701147166e-07,1.1454711701147166e-07,False,False,linear_mixing,,3a3505b57ee6323cfc531a0ddf130cb31ceab4a6ff114d8a32a9540630a8fb10,10.000000000000009,41f82a731abbc3871fb88fc559ce4243a3d3b3a709cf83c8baccd49a6156513a,10.00000000000001,c060b201ef0fd2ed6d53e237adbf9d82ba1016a641379dafa183874d5c629be0,10.000000000000009,24,9.887879527468247e-11,1.7622408297931355e-14,877a3e5ecb8f106d0182135152eeeebaffe21ff5b8922247bd5fa7f9e4227fcf,90.04471370161426,0.00015104297704602492,f4e876e09f0919d9acf12876594c2d76fa236a42eeef6e1da0b1f6d075bf805a,9.70873461109832,-57.32598798514438,1.2429441227459731e-34,-1.2429441227459731e-37,-57.32598798514438,1.2429441227459731e-37,10.00000000000001,10.000000000000009,9.499360961821422e-14,3.4454482972288296e-06,2.862621560762437e-06,-0.07907504820973772,0.0,"[10.0,10.0,10.0]","[3.333333333333333,3.333333333333333,3.333333333333333]",2.220651223177168e-141,1.0,True,"Midpoint of the global spectral gap; Float64 counts equal at its 1/4,1/2,3/4 points","[[2.2206512231794403e-141,2.220651223177168e-141],[1.4261841204593602e-109,1.4261739009027756e-109],[1.426184120457374e-109,1.426173900901519e-109]]",0,0.0,"[1.1851613889400812e-15,2.493904138560857e-15,-2.0511787967192763e-15]","{""PspCorrection"":0.09187494522099392,""Ewald"":-14.186487397403095,""Kinetic"":29.0759842230096,""AtomicNonlocalFR"":-14.214054454147739,""AtomicLocal"":-79.43302638161647,""Hartree"":28.516777801153477,""Xc"":-7.177056721361148}",PASS,1.4261841204593602e-109,2.458874276699199e-40
140,iteration,CONTINUE,1.0388531862245579e-06,1.0388531862747316e-07,1.0388531862747316e-07,False,False,linear_mixing,,c060b201ef0fd2ed6d53e237adbf9d82ba1016a641379dafa183874d5c629be0,10.000000000000009,b07900c57d49c6b074eaaa8682cac5ff51b09a68ce21398fd6de6f6cd1d30e16,10.000000000000004,151884b90b20c07554aea20dd9e149eeaef83130df01f65fa771fbf68bac705d,10.00000000000001,24,9.795577969694448e-11,1.6922375462871706e-14,a8fc971c4f7a8f1751ab73a1e7c727bc82d76e23814f9bef60feeb0237988415,90.04471331185184,0.0001391509135235792,3e35ead9309069160cb33626985fccf5ad773c79ba8d9bb28ed366e327be050a,9.708734691102183,-57.325987985144856,1.24291698189612e-34,-1.2429169818961201e-37,-57.325987985144856,1.2429169818961201e-37,10.000000000000004,10.000000000000005,9.402817651534954e-14,3.1741953167835664e-06,2.6376849191353595e-06,-0.07907500702696582,0.0,"[10.0,10.0,10.0]","[3.333333333333333,3.333333333333333,3.333333333333333]",2.2207493533663984e-141,1.0,True,"Midpoint of the global spectral gap; Float64 counts equal at its 1/4,1/2,3/4 points","[[2.2207493533676604e-141,2.2207493533663984e-141],[1.4261451328213318e-109,1.4261349135741954e-109],[1.4261451328210075e-109,1.4261349135735872e-109]]",0,0.0,"[-8.867547033131689e-16,-1.3162064672894716e-15,5.444410147595422e-18]","{""PspCorrection"":0.09187494522099392,""Ewald"":-14.186487397403095,""Kinetic"":29.075984239863807,""AtomicNonlocalFR"":-14.214054457558111,""AtomicLocal"":-79.43302646431972,""Hartree"":28.51677788129983,""Xc"":-7.177056732248562}",PASS,1.4261451328213318e-109,2.2627084466206707e-40
141,iteration,CONTINUE,9.42328315091205e-07,9.423283151198815e-08,9.423283151198815e-08,False,False,linear_mixing,,151884b90b20c07554aea20dd9e149eeaef83130df01f65fa771fbf68bac705d,10.00000000000001,efd93c4994d3024088ab61aff526efe74e1c96da11b6cd1fe4f9a49096512bc7,10.000000000000004,f7fe7dacfc73d5b86f288f422aa0bdd62579e3067c67ed924f649ee4112b62e3,10.000000000000009,24,9.934658497909451e-11,1.827092530035999e-14,be5c4779eea13034a4f65be508698c76f85b69885a41904804c2d10910a3b7e9,90.04471293698371,0.00012819345477033516,c7d04403d09fc8e3fded52fe99997fef2a037e3f458c1f6fb193e1813f39ecd4,9.708734764857192,-57.32598798514531,1.2428920062946498e-34,-1.2428920062946497e-37,-57.32598798514531,1.2428920062946497e-37,10.000000000000004,10.000000000000007,1.0808317723592961e-13,2.9242586837945388e-06,2.4303973521979886e-06,-0.07907496896930835,0.0,"[10.0,10.0,10.0]","[3.333333333333333,3.333333333333333,3.333333333333333]",2.220839604168618e-141,1.0,True,"Midpoint of the global spectral gap; Float64 counts equal at its 1/4,1/2,3/4 points","[[2.2208396041711427e-141,2.220839604168618e-141],[1.4261092846797929e-109,1.426099065718674e-109],[1.4261092846803604e-109,1.4260990657193225e-109]]",0,0.0,"[2.4746220838873697e-15,1.283296302865419e-15,1.0273380978792447e-15]","{""PspCorrection"":0.09187494522099392,""Ewald"":-14.186487397403095,""Kinetic"":29.07598425553813,""AtomicNonlocalFR"":-14.214054460816582,""AtomicLocal"":-79.43302654059391,""Hartree"":28.516777955187788,""Xc"":-7.17705674227863}",PASS,1.4261092846803604e-109,2.0821800572697415e-40
142,iteration,CONTINUE,8.549268635090454e-07,8.549268637247364e-08,8.549268637247364e-08,False,False,linear_mixing,,f7fe7dacfc73d5b86f288f422aa0bdd62579e3067c67ed924f649ee4112b62e3,10.000000000000009,8a86e7dfa6a902d7b58c8eff03e805722acfa22938a4d92dd1aefe0941a82cc0,10.000000000000005,ee2b9113cc1da38ed913e823cce5e549cb228ab3084ac84347503a1b54abcf70,10.000000000000009,24,9.768581272517404e-11,1.8057331775750114e-14,9d14cd47b579d8054ed8967801624950cfea08c19a98d99e8528f53b11558e69,90.04471257741477,0.00011809731831675688,dce050ac29be1c1ee9706ec9c3fd3c263c1da4caa378c921b5bf16dd730c6ae8,9.708734832848105,-57.325987985145716,1.2428690233413696e-34,-1.2428690233413697e-37,-57.325987985145716,1.2428690233413697e-37,10.000000000000005,10.000000000000007,8.338053344661002e-14,2.6939538363076053e-06,2.2393608453275513e-06,-0.07907493380343883,0.0,"[10.0,10.0,10.0]","[3.333333333333333,3.333333333333333,3.333333333333333]",2.2209226086729105e-141,1.0,True,"Midpoint of the global spectral gap; Float64 counts equal at its 1/4,1/2,3/4 points","[[2.2209226086746778e-141,2.2209226086729105e-141],[1.4260763233650416e-109,1.4260661046660916e-109],[1.4260763233662982e-109,1.426066104665443e-109]]",0,0.0,"[1.4248753699785363e-15,1.975409689952081e-15,6.183158402872733e-16]","{""PspCorrection"":0.09187494522099392,""Ewald"":-14.186487397403095,""Kinetic"":29.075984270110144,""AtomicNonlocalFR"":-14.214054463922677,""AtomicLocal"":-79.43302661093689,""Hartree"":28.51677802330427,""Xc"":-7.177056751518447}",PASS,1.4260763233662982e-109,1.916043205507456e-40
143,iteration,CONTINUE,7.757743067629685e-07,7.757743067019214e-08,7.757743067019214e-08,False,False,linear_mixing,,ee2b9113cc1da38ed913e823cce5e549cb228ab3084ac84347503a1b54abcf70,10.000000000000009,0b079522b77fe4d15761a4cd8e66e59814572cace2cb84140f4d19b0a5f8b6c8,10.0,af18e4b44c18da5058ba323c60710a08cd150a752612a3990bb5e05364815ff1,10.000000000000007,24,9.600702964274401e-11,2.0117677814348375e-14,174621934884ed7feae1f0ff5872601c1b6ccab2f0020f4f81f00e4d86aff87f,90.0447122333593,0.0001087949181184117,6f657ea6d10adab00776f0f49650fd6c937e0aa7653b8962f4d9149014a2e064,9.708734895522378,-57.32598798514597,1.2428478741852242e-34,-1.2428478741852242e-37,-57.32598798514597,1.2428478741852242e-37,10.0,10.000000000000005,6.51486549923065e-14,2.481762551416375e-06,2.0633279028783503e-06,-0.0790749013130617,0.0,"[10.0,10.0,10.0]","[3.333333333333333,3.333333333333333,3.333333333333333]",2.220998949060126e-141,1.0,True,"Midpoint of the global spectral gap; Float64 counts equal at its 1/4,1/2,3/4 points","[[2.2209989490607573e-141,2.220998949060126e-141],[1.4260460165328022e-109,1.4260357980753372e-109],[1.4260460165339372e-109,1.4260357980761883e-109]]",0,0.0,"[2.1331109143835134e-15,-1.244769416852804e-15,-4.3266665291898316e-16]","{""PspCorrection"":0.09187494522099392,""Ewald"":-14.186487397403095,""Kinetic"":29.075984283645024,""AtomicNonlocalFR"":-14.214054466876322,""AtomicLocal"":-79.43302667578477,""Hartree"":28.516778086080617,""Xc"":-7.177056760028418}",PASS,1.4260460165339372e-109,1.7631534043875293e-40
144,iteration,CONTINUE,7.040796317337558e-07,7.040796317573021e-08,7.040796317573021e-08,False,False,linear_mixing,,af18e4b44c18da5058ba323c60710a08cd150a752612a3990bb5e05364815ff1,10.000000000000007,fe10c193b9a290c2d5708aa6a3ca9d34de4aaaea2dac685495e8b1faba77ab51,10.0,1d3750167fb994dfadf7078157def85c31a4222140d9709a505a63f48497006e,10.000000000000009,24,9.98895176052186e-11,2.02488299830089e-14,22db497d870cad20e752b49b41c87421eaa2413c82369f67620d3ad230ae9a9c,90.04471190488255,0.00010022402755510399,ea4f7cdf34e6e284d5df841319d1c997c018033c874eaf346c8e133a49d05a51,9.70873495329301,-57.32598798514627,1.2428284126066275e-34,-1.2428284126066275e-37,-57.32598798514627,1.2428284126066275e-37,10.0,10.000000000000002,7.520031961399392e-14,2.286249005640696e-06,1.901105737878827e-06,-0.07907487129773302,0.0,"[10.0,10.0,10.0]","[3.333333333333333,3.333333333333333,3.333333333333333]",2.221069160725598e-141,1.0,True,"Midpoint of the global spectral gap; Float64 counts equal at its 1/4,1/2,3/4 points","[[2.2210691607277443e-141,2.221069160725598e-141],[1.426018150493156e-109,1.4260079322571319e-109],[1.4260181504941288e-109,1.4260079322574562e-109]]",0,0.0,"[-1.0611796982787146e-15,8.477053977362159e-16,-1.4780629638380975e-15]","{""PspCorrection"":0.09187494522099392,""Ewald"":-14.186487397403095,""Kinetic"":29.075984296215985,""AtomicNonlocalFR"":-14.21405446968011,""AtomicLocal"":-79.43302673557818,""Hartree"":28.516778143944826,""Xc"":-7.177056767866696}",PASS,1.4260181504941288e-109,1.622452566710593e-40
145,iteration,CONTINUE,6.391304899591299e-07,6.39130490126994e-08,6.39130490126994e-08,False,False,linear_mixing,,1d3750167fb994dfadf7078157def85c31a4222140d9709a505a63f48497006e,10.000000000000009,efcf3cdd9145d8394effd13e7787f8a9267c04946df76b9c9ff6dbe090bc720b,10.000000000000005,e6ae19c477cc4ce00acc7afbaf781f8bd235c000b3614c3d82e4cb753290f6ee,10.000000000000005,24,9.188148769029098e-11,2.0919833597369388e-14,27b3c335b04f67e780ec5d0e74fdbfb4d6117ce4c9ef681c3851d7fe0db5df40,90.04471159191077,9.232711484927476e-05,229a029f23503167ba0535054cf85d5acd334c47f52054213bff5e8dd4973cab,9.70873500654132,-57.32598798514648,1.2428105040685513e-34,-1.2428105040685512e-37,-57.32598798514648,1.2428105040685512e-37,10.000000000000005,10.000000000000005,9.745834909388582e-14,2.1061159337212402e-06,1.7516245346278665e-06,-0.07907484357169461,0.0,"[10.0,10.0,10.0]","[3.333333333333333,3.333333333333333,3.333333333333333]",2.2211337360229703e-141,1.0,True,"Midpoint of the global spectral gap; Float64 counts equal at its 1/4,1/2,3/4 points","[[2.2211337360261267e-141,2.2211337360229703e-141],[1.4259925287816725e-109,1.4259823107506824e-109],[1.4259925287801728e-109,1.425982310747967e-109]]",0,0.0,"[-1.2351798309477767e-15,-4.753658258851582e-15,7.037355131278436e-16]","{""PspCorrection"":0.09187494522099392,""Ewald"":-14.186487397403095,""Kinetic"":29.075984307877967,""AtomicNonlocalFR"":-14.21405447233597,""AtomicLocal"":-79.43302679067172,""Hartree"":28.516778197248957,""Xc"":-7.177056775083623}",PASS,1.4259925287816725e-109,1.4929750716120776e-40
146,iteration,CONTINUE,5.802817116910284e-07,5.8028171176338575e-08,5.8028171176338575e-08,False,False,linear_mixing,,e6ae19c477cc4ce00acc7afbaf781f8bd235c000b3614c3d82e4cb753290f6ee,10.000000000000005,0f0734f196b2416bf15428fff013dfbb53e11241589da71441e574c0466225c2,10.000000000000005,e264d030cd1856c7ee4095aeea37ed2ac5ac8743c4081d1f5f09643187888350,10.000000000000009,24,9.943574358188688e-11,1.9910800380948493e-14,b75f3d65709a0bc9905f5e2fa8ae7a3b94ddc68e36efc4e2f188679909d43d33,90.04471129427469,8.505149265423561e-05,1f53ca75c853abc31f1cc636b438b5ffc07868ab1161c3155eb905ad00b82a44,9.708735055619016,-57.32598798514671,1.2427940246888235e-34,-1.2427940246888234e-37,-57.32598798514671,1.2427940246888234e-37,10.000000000000005,10.000000000000007,9.166650694776965e-14,1.9401511467855795e-06,1.6138799431465258e-06,-0.07907481796288279,0.0,"[10.0,10.0,10.0]","[3.333333333333333,3.333333333333333,3.333333333333333]",2.2211931277159308e-141,1.0,True,"Midpoint of the global spectral gap; Float64 counts equal at its 1/4,1/2,3/4 points","[[2.221193127716436e-141,2.2211931277159308e-141],[1.4259689706713927e-109,1.4259587528276499e-109],[1.425968970670501e-109,1.4259587528278524e-109]]",0,0.0,"[-3.0907805316715765e-15,1.3381175656134729e-15,1.7432562741292101e-15]","{""PspCorrection"":0.09187494522099392,""Ewald"":-14.186487397403095,""Kinetic"":29.075984318695998,""AtomicNonlocalFR"":-14.214054474847517,""AtomicLocal"":-79.43302684144557,""Hartree"":28.516778246361437,""Xc"":-7.177056781728961}",PASS,1.4259689706713927e-109,1.3738234641329276e-40
147,iteration,CONTINUE,5.269514282618148e-07,5.269514281770328e-08,5.269514281770328e-08,False,False,linear_mixing,,e264d030cd1856c7ee4095aeea37ed2ac5ac8743c4081d1f5f09643187888350,10.000000000000009,e37941394612575330a902431630dbea7c3dced0e8b375a81c0a389697add209,10.000000000000005,ef0ea0d8267c5898a824527144371b62892907f8b1eb27da3c973e18e154724c,10.000000000000007,24,9.917600350365462e-11,1.9203533140036247e-14,ae2f0abae760e61587e4b8ee6de77cf96693db364134a3a3800d6daeafc89801,90.04471101170927,7.83482860750293e-05,00cc2810247fe560759f89e4f717813c216bc9657f0b8d4afaee6159ca0ff823,9.708735100850852,-57.3259879851469,1.2427788604928825e-34,-1.2427788604928826e-37,-57.3259879851469,1.2427788604928826e-37,10.000000000000005,10.000000000000005,1.5266031175523408e-13,1.787243199616768e-06,1.4869529369002424e-06,-0.07907479431189424,0.0,"[10.0,10.0,10.0]","[3.333333333333333,3.333333333333333,3.333333333333333]",2.22124775213247e-141,1.0,True,"Midpoint of the global spectral gap; Float64 counts equal at its 1/4,1/2,3/4 points","[[2.2212477521346165e-141,2.22124775213247e-141],[1.4259473100028132e-109,1.4259370923331263e-109],[1.4259473100032996e-109,1.4259370923325588e-109]]",0,0.0,"[-5.20157167046406e-16,-2.1837212580930255e-15,-2.6909696750765247e-16]","{""PspCorrection"":0.09187494522099392,""Ewald"":-14.186487397403095,""Kinetic"":29.07598432872437,""AtomicNonlocalFR"":-14.214054477219165,""AtomicLocal"":-79.43302688822318,""Hartree"":28.51677829160002,""Xc"":-7.177056787846842}",PASS,1.4259473100032996e-109,1.2641760094733353e-40
148,iteration,CONTINUE,4.786124218592787e-07,4.786124219488842e-08,4.786124219488842e-08,False,False,linear_mixing,,ef0ea0d8267c5898a824527144371b62892907f8b1eb27da3c973e18e154724c,10.000000000000007,a50bf9b6aa48041ecdc8674f4056e7fc9dd6982b46e7b02039acc42b6a2ec88d,10.000000000000004,92ab84aad6779ced0eda05bc53f9c7b0fff0e59a5d425dc5bd4e63e2cb59e956,10.000000000000009,24,9.704728135697272e-11,1.9853512464173864e-14,747084878adc4ca6b529fe27baa554e48c4364c37db8dbee748daf139eedb954,90.04471074387791,7.217253666007921e-05,a79fd6dea8618a4ec8c561afc422161691af391d7d5c1fd87c1e7ed395f39e09,9.708735142536396,-57.32598798514704,1.242764906574174e-34,-1.242764906574174e-37,-57.32598798514704,1.242764906574174e-37,10.000000000000004,10.000000000000004,1.0806330954682779e-13,1.6463541594695217e-06,1.3699806585857916e-06,-0.07907477247111148,0.0,"[10.0,10.0,10.0]","[3.333333333333333,3.333333333333333,3.333333333333333]",2.221297992175466e-141,1.0,True,"Midpoint of the global spectral gap; Float64 counts equal at its 1/4,1/2,3/4 points","[[2.2212979921783703e-141,2.221297992175466e-141],[1.4259273939825452e-109,1.4259171764700352e-109],[1.425927393982221e-109,1.4259171764712915e-109]]",0,0.0,"[-1.314023369942075e-15,3.612696647625764e-15,-3.780743736168186e-15]","{""PspCorrection"":0.09187494522099392,""Ewald"":-14.186487397403095,""Kinetic"":29.07598433816529,""AtomicNonlocalFR"":-14.214054479546004,""AtomicLocal"":-79.43302693142442,""Hartree"":28.516778333332518,""Xc"":-7.177056793492322}",PASS,1.4259273939825452e-109,1.1632731093877472e-40
149,iteration,CONTINUE,4.3479260007212734e-07,4.3479260009936575e-08,4.3479260009936575e-08,False,False,linear_mixing,,92ab84aad6779ced0eda05bc53f9c7b0fff0e59a5d425dc5bd4e63e2cb59e956,10.000000000000009,0cc75197ddafe47e4cc2fd35e8de1b3572b25e24e596f11f6433e6214b4126e0,10.000000000000004,f0c3e0b130e8c1d40a1603c0e4029fc1b4689db47a47e6264b7be57c4f2ab582,10.000000000000007,24,9.834985354459747e-11,2.148885560383068e-14,b357fa9a2d6c8621ab760ceee660e27b7298b20dc0ff6732377bab8483b9ad6e,90.04471049037014,6.648273738306488e-05,da314e63ccc292c14081bb6ecbc609f125980f628fd39586ecacf57f3719e17f,9.708735180952047,-57.325987985147115,1.2427520664135487e-34,-1.2427520664135487e-37,-57.325987985147115,1.2427520664135487e-37,10.000000000000004,10.000000000000007,1.112010036326792e-13,1.5165754675688877e-06,1.2622231891357943e-06,-0.07907475230382467,0.0,"[10.0,10.0,10.0]","[3.333333333333333,3.333333333333333,3.333333333333333]",2.2213441999797166e-141,1.0,True,"Midpoint of the global spectral gap; Float64 counts equal at its 1/4,1/2,3/4 points","[[2.2213441999802218e-141,2.2213441999797166e-141],[1.4259090821718733e-109,1.4258988648074764e-109],[1.425909082174021e-109,1.425898864809665e-109]]",0,0.0,"[9.238016670501803e-16,2.505180741127213e-15,-4.088775949524922e-15]","{""PspCorrection"":0.09187494522099392,""Ewald"":-14.186487397403095,""Kinetic"":29.07598434676547,""AtomicNonlocalFR"":-14.21405448164637,""AtomicLocal"":-79.43302697111235,""Hartree"":28.51677837170427,""Xc"":-7.177056798676017}",PASS,1.425909082174021e-109,1.070423014846916e-40
150,iteration,CONTINUE,3.950607015529932e-07,3.9506070149346545e-08,3.9506070149346545e-08,False,False,linear_mixing,,f0c3e0b130e8c1d40a1603c0e4029fc1b4689db47a47e6264b7be57c4f2ab582,10.000000000000007,04c4812a5f16afe859cc9dc060fdc9db130ab8029ece33269d61c958737524fe,9.999999999999996,d668e57135cc8dea89549b53a8790477ad62a9bbf4fdc55759acbc63b2603c9e,10.000000000000007,24,9.549827375107762e-11,1.525780143406201e-14,63b01353113d510c9a756c23f978cc8e5ffbf4e324ea17a9b337d84589a880f0,90.04471025076651,6.124096675221142e-05,277870438e582e4ac2080a2c5b4c7fe1b3ff74d67e31757207d5aca399cde2ce,9.708735216352911,-57.325987985147165,1.2427402511244505e-34,-1.2427402511244505e-37,-57.325987985147165,1.2427402511244505e-37,9.999999999999996,10.0,1.0291638008460165e-13,1.3969931587596038e-06,1.162909167128001e-06,-0.07907473368348479,0.0,"[10.0,10.0,10.0]","[3.333333333333333,3.333333333333333,3.333333333333333]",2.2213866994519264e-141,1.0,True,"Midpoint of the global spectral gap; Float64 counts equal at its 1/4,1/2,3/4 points","[[2.2213866994548304e-141,2.2213866994519264e-141],[1.4258922453259175e-109,1.425882028097241e-109],[1.425892245326647e-109,1.4258820280975652e-109]]",0,0.0,"[2.1254383840681655e-15,1.5291917580925734e-15,8.268237999239968e-17]","{""PspCorrection"":0.09187494522099392,""Ewald"":-14.186487397403095,""Kinetic"":29.075984354794677,""AtomicNonlocalFR"":-14.214054483663023,""AtomicLocal"":-79.43302700771106,""Hartree"":28.51677840706746,""Xc"":-7.17705680345313}",PASS,1.425892245326647e-109,9.849800944712679e-41
151,iteration,CONTINUE,3.590287547396595e-07,3.590287548590854e-08,3.590287548590854e-08,False,False,linear_mixing,,d668e57135cc8dea89549b53a8790477ad62a9bbf4fdc55759acbc63b2603c9e,10.000000000000007,7cb0bddfe9d30599518b09bf2086641486133eac76cf9e2e03e9c8bab078b9cd,9.999999999999996,1cd2b478d7c9a6c2c5e801bfb0cfd8db46d136df51957f9e16e16654839dddb1,10.000000000000005,24,9.995495999085144e-11,1.771744347227193e-14,70a326ed9e6ade5dc61889c7c275c76c92449d9bee90b44b24a513be04ba7432,90.0447100245867,5.6411889877723036e-05,02c616de008aac3ef3179fecb1800100f8545c875f61885c8f4b1eddf01f96bd,9.708735248974289,-57.32598798514724,1.2427293789481298e-34,-1.24272937894813e-37,-57.32598798514724,1.24272937894813e-37,9.999999999999996,10.000000000000002,1.2318251940359709e-13,1.2868276334293825e-06,1.071402058533195e-06,-0.07907471649293028,0.0,"[10.0,10.0,10.0]","[3.333333333333333,3.333333333333333,3.333333333333333]",2.221425788394226e-141,1.0,True,"Midpoint of the global spectral gap; Float64 counts equal at its 1/4,1/2,3/4 points","[[2.2214257883963727e-141,2.221425788394226e-141],[1.4258767646648456e-109,1.4258665475609553e-109],[1.4258767646654533e-109,1.4258665475602259e-109]]",0,0.0,"[-4.670956015977928e-16,-2.8972340822503977e-16,2.345169321392904e-15]","{""PspCorrection"":0.09187494522099392,""Ewald"":-14.186487397403095,""Kinetic"":29.075984362164572,""AtomicNonlocalFR"":-14.214054485514792,""AtomicLocal"":-79.43302704138227,""Hartree"":28.51677843961213,""Xc"":-7.177056807844771}",PASS,1.4258767646654533e-109,9.063540894915479e-41
152,iteration,CONTINUE,3.263460177994107e-07,3.2634601775806095e-08,3.2634601775806095e-08,False,False,linear_mixing,,1cd2b478d7c9a6c2c5e801bfb0cfd8db46d136df51957f9e16e16654839dddb1,10.000000000000005,91cbf1b118c5e5917c3e3544cbb80b08116429786b39971c4cf799ee1b45476b,10.000000000000005,b8d9b888603b15d736e10323a18f33d58cf0f87178d7753cfeb900063cca52be,10.000000000000007,24,9.988984502327802e-11,1.70456222989436e-14,15f18ce834bbdf19b00c1493967e4e58bb4ca60e6aeb3336e7590c3f586ee54e,90.0447098113346,5.196300188891493e-05,f5ebcde7ab5e5f61af0c5c05d2d6b11d24774e5a431363e295f482cc8d9b9760,9.708735279033212,-57.32598798514738,1.2427193746395515e-34,-1.2427193746395516e-37,-57.32598798514738,1.2427193746395516e-37,10.000000000000005,10.000000000000007,1.0217379970639061e-13,1.1853393065302066e-06,9.870898744251806e-07,-0.07907470062372245,0.0,"[10.0,10.0,10.0]","[3.333333333333333,3.333333333333333,3.333333333333333]",2.221461740678795e-141,1.0,True,"Midpoint of the global spectral gap; Float64 counts equal at its 1/4,1/2,3/4 points","[[2.2214617406799316e-141,2.221461740678795e-141],[1.42586253096491e-109,1.4258523139737098e-109],[1.425862530964221e-109,1.4258523139731423e-109]]",0,0.0,"[1.5575419636584743e-16,7.600205027822879e-16,1.1925769675922584e-15]","{""PspCorrection"":0.09187494522099392,""Ewald"":-14.186487397403095,""Kinetic"":29.07598436898556,""AtomicNonlocalFR"":-14.21405448725146,""AtomicLocal"":-79.43302707239566,""Hartree"":28.516778469583073,""Xc"":-7.177056811886783}",PASS,1.42586253096491e-109,8.340010563689652e-41
153,iteration,CONTINUE,2.966964321804207e-07,2.9669643209275407e-08,2.9669643209275407e-08,False,False,linear_mixing,,b8d9b888603b15d736e10323a18f33d58cf0f87178d7753cfeb900063cca52be,10.000000000000007,12f5134615d84f05569e90a068ebcbd66d6566419defa784dadfc97c70074d4d,10.000000000000007,90e4f9fd000dc68592f48cb6576bdb3b7f6514d1e09c8b402fca70cb528a6305,10.000000000000007,24,9.910880354446957e-11,1.9622480920502167e-14,042572695873b96ab6cd60cde648da38266d369401b2adba7e5f54f226be19ce,90.0447096104918,4.786443449362324e-05,dafdde4ff959aa7aa9504ebd8d15c2eb6d09a9edb0b4d464458bd2f5269caed2,9.708735306729952,-57.32598798514748,1.2427101689588132e-34,-1.2427101689588131e-37,-57.32598798514748,1.2427101689588131e-37,10.000000000000007,10.000000000000009,8.897155016585376e-14,1.0918423736890475e-06,9.09403065806704e-07,-0.079074685975508,0.0,"[10.0,10.0,10.0]","[3.333333333333333,3.333333333333333,3.333333333333333]",2.221494808172229e-141,1.0,True,"Midpoint of the global spectral gap; Float64 counts equal at its 1/4,1/2,3/4 points","[[2.221494808173113e-141,2.221494808172229e-141],[1.4258494438048648e-109,1.425839226919679e-109],[1.4258494438047027e-109,1.425839226918828e-109]]",0,0.0,"[1.1884025613399304e-15,1.2046793478728482e-15,-4.322191548250369e-15]","{""PspCorrection"":0.09187494522099392,""Ewald"":-14.186487397403095,""Kinetic"":29.075984375293263,""AtomicNonlocalFR"":-14.214054488879478,""AtomicLocal"":-79.4330271009431,""Hartree"":28.516778497169852,""Xc"":-7.177056815605913}",PASS,1.4258494438048648e-109,7.674227571943584e-41
154,iteration,CONTINUE,2.697927873062359e-07,2.6979278726822636e-08,2.6979278726822636e-08,False,False,linear_mixing,,90e4f9fd000dc68592f48cb6576bdb3b7f6514d1e09c8b402fca70cb528a6305,10.000000000000007,a5a4f3fad6e896fcc1e441abe45cb1d24f388edd69f3f8899bc0664f6ba90553,10.000000000000004,f442055b4bf3c8e2314b2e3e69eec191214b2ebc7e1a4a7522f131faf9b9c512,10.000000000000005,24,9.260010147025538e-11,1.6093824928464496e-14,fe9ad34bf7ccedd0cc3315822cf9afb422da5c56e650fa10af1884e8f8d0e00b,90.04470942153672,4.4088706525328906e-05,a38150bd286f85875ff4e7c8ba776d1bda498b8f8d0fdaa5f8558efb20d29d4e,9.708735332249153,-57.32598798514749,1.2427016981660697e-34,-1.2427016981660697e-37,-57.32598798514749,1.2427016981660697e-37,10.000000000000004,10.000000000000005,9.389840571742906e-14,1.0057104036564858e-06,8.378242725507968e-07,-0.07907467245544936,0.0,"[10.0,10.0,10.0]","[3.333333333333333,3.333333333333333,3.333333333333333]",2.2215252225126314e-141,1.0,True,"Midpoint of the global spectral gap; Float64 counts equal at its 1/4,1/2,3/4 points","[[2.2215252225150306e-141,2.2215252225126314e-141],[1.4258374108163119e-109,1.425827194027317e-109],[1.4258374108172438e-109,1.4258271940282897e-109]]",0,0.0,"[-1.5548309974876593e-15,1.134954417581534e-15,2.354313783212343e-15]","{""PspCorrection"":0.09187494522099392,""Ewald"":-14.186487397403095,""Kinetic"":29.075984381134848,""AtomicNonlocalFR"":-14.214054490406696,""AtomicLocal"":-79.43302712724253,""Hartree"":28.516778522578534,""Xc"":-7.177056819029544}",PASS,1.4258374108172438e-109,7.061560047985441e-41
155,iteration,CONTINUE,2.4537690790492537e-07,2.45376907853761e-08,2.45376907853761e-08,False,False,linear_mixing,,f442055b4bf3c8e2314b2e3e69eec191214b2ebc7e1a4a7522f131faf9b9c512,10.000000000000005,3c155be1b9a5d79a66fd60c5f7390320ff24ea471eb052d8736df1df0d785d6c,10.000000000000004,a1c38603fe1006c1c04555d52f832771dffb338f7db2bdce17164dedd3aa773f,10.000000000000007,24,9.799693927742913e-11,1.7007120729743135e-14,5a3316ab61ca9e296826389e033ccc33103bf6ac2a94c2307368f4370b7a506c,90.04470924393482,4.061035728863693e-05,1e4ece6ed00c8b849f989a3e057f0c2495e3a5768f53c697e0648b2f4ccf92b8,9.708735355761213,-57.32598798514757,1.2426939036313505e-34,-1.2426939036313504e-37,-57.32598798514757,1.2426939036313504e-37,10.000000000000004,10.000000000000007,8.556251797904716e-14,9.26362123763999e-07,7.718708049233615e-07,-0.07907465997763889,0.0,"[10.0,10.0,10.0]","[3.333333333333333,3.333333333333333,3.333333333333333]",2.221553196701144e-141,1.0,True,"Midpoint of the global spectral gap; Float64 counts equal at its 1/4,1/2,3/4 points","[[2.2215531967026593e-141,2.221553196701144e-141],[1.4258263471117872e-109,1.4258161304116327e-109],[1.4258263471098015e-109,1.4258161304107007e-109]]",0,0.0,"[-1.7352633515336118e-15,5.305415004325536e-16,1.1935717019096901e-15]","{""PspCorrection"":0.09187494522099392,""Ewald"":-14.186487397403095,""Kinetic"":29.07598438653531,""AtomicNonlocalFR"":-14.21405449183663,""AtomicLocal"":-79.43302715144807,""Hartree"":28.516778545963433,""Xc"":-7.177056822179506}",PASS,1.4258263471117872e-109,6.497799385841493e-41
156,iteration,CONTINUE,2.2321400625289458e-07,2.232140062293206e-08,2.232140062293206e-08,False,False,linear_mixing,,a1c38603fe1006c1c04555d52f832771dffb338f7db2bdce17164dedd3aa773f,10.000000000000007,c668a9dd6ff58555eb3b9a58bdf52ea5a2fd89f2b6c0a633cbeec00acbb16bed,10.0,6d28a221e2ce8645f2e3190e1a3a4a067ad34d75cb1eb3c923c1f90f057a1cec,10.000000000000007,24,9.109445196670675e-11,1.5930479766491846e-14,ad3c171ae0c6c6dfa1d1273f2e07fab790dbd8158540727c960ff2e3107af4f8,90.04470907716212,3.740612267377176e-05,77aad6ab7db214d03e405114c93cb7c8cc6025dab561eef297d4644fcf4286e8,9.708735377423194,-57.32598798514752,1.2426867313737555e-34,-1.2426867313737555e-37,-57.32598798514752,1.2426867313737555e-37,10.0,10.000000000000004,6.24158191574279e-14,8.53264677949874e-07,7.111022467399472e-07,-0.07907464846262642,0.0,"[10.0,10.0,10.0]","[3.333333333333333,3.333333333333333,3.333333333333333]",2.2215789266458053e-141,1.0,True,"Midpoint of the global spectral gap; Float64 counts equal at its 1/4,1/2,3/4 points","[[2.2215789266473206e-141,2.2215789266458053e-141],[1.4258161745881645e-109,1.4258059579707482e-109],[1.4258161745872325e-109,1.4258059579707482e-109]]",0,0.0,"[1.2164647566786108e-15,-5.735952148586312e-16,-3.1370596826271204e-15]","{""PspCorrection"":0.09187494522099392,""Ewald"":-14.186487397403095,""Kinetic"":29.075984391531122,""AtomicNonlocalFR"":-14.214054493174768,""AtomicLocal"":-79.43302717373828,""Hartree"":28.51677856749496,""Xc"":-7.17705682507845}",PASS,1.4258161745881645e-109,5.979025008640501e-41
157,iteration,CONTINUE,2.030926413161068e-07,2.030926415133853e-08,2.030926415133853e-08,False,False,linear_mixing,,6d28a221e2ce8645f2e3190e1a3a4a067ad34d75cb1eb3c923c1f90f057a1cec,10.000000000000007,efb07584961b19c2f9df6ee333b7500cf5262606b31a7d25e78937f2d6682738,9.999999999999996,65ed1aa2bb76964574fb0ed76e80755b079f4ee233bee2ff3bea50fd953f528f,10.000000000000005,24,9.639211348671106e-11,1.600676140990899e-14,aa7886d74b5754365ef7c0b8545636079cfde3bf6985f9996b4337b44b5f76e2,90.04470892069028,3.445432962508408e-05,6ec28388b03bf3680823f172bf94c12d25f7960524558edb4136f21e66f46743,9.708735397379996,-57.32598798514748,1.2426801317359246e-34,-1.2426801317359246e-37,-57.32598798514748,1.2426801317359246e-37,9.999999999999996,10.0,6.861076144303238e-14,7.859223709957522e-07,6.551064576012904e-07,-0.0790746378369195,0.0,"[10.0,10.0,10.0]","[3.333333333333333,3.333333333333333,3.333333333333333]",2.2216025925044548e-141,1.0,True,"Midpoint of the global spectral gap; Float64 counts equal at its 1/4,1/2,3/4 points","[[2.2216025925050862e-141,2.2216025925044548e-141],[1.4258068214709602e-109,1.4257966049299647e-109],[1.4258068214726218e-109,1.4257966049303698e-109]]",0,0.0,"[-2.6582898850025615e-15,-1.3901940294696826e-15,-4.4379063073615548e-16]","{""PspCorrection"":0.09187494522099392,""Ewald"":-14.186487397403095,""Kinetic"":29.075984396149956,""AtomicNonlocalFR"":-14.214054494426396,""AtomicLocal"":-79.43302719425651,""Hartree"":28.516778587313397,""Xc"":-7.177056827745828}",PASS,1.4258068214726218e-109,5.501657656860115e-41
158,iteration,CONTINUE,1.8482116730562686e-07,1.848211673053734e-08,1.848211673053734e-08,False,False,linear_mixing,,65ed1aa2bb76964574fb0ed76e80755b079f4ee233bee2ff3bea50fd953f528f,10.000000000000005,34cd6cddef2d7833f7651329180f620449ab9bbcc9670cf92d05a887b0989eac,10.000000000000005,cf250e551d9b517b21ddb9bfaacc63f4538140129d5dff4a6642ce1512f5e90b,10.000000000000004,24,9.788130161951415e-11,1.730901729777593e-14,5a9aadc0b440912af22d31f49b04433e433f2b76793613def5dd9ba52d486f08,90.04470877400405,3.1735164768830965e-05,c06bf8a50681144792dc1a7016c1a9c338733a6a88699f2dacebab10d509f8a0,9.70873541576522,-57.325987985147584,1.2426740590148959e-34,-1.2426740590148958e-37,-57.325987985147584,1.2426740590148958e-37,10.000000000000005,10.000000000000005,5.435053065704108e-14,7.238931613041424e-07,6.035213877244559e-07,-0.07907462803256053,0.0,"[10.0,10.0,10.0]","[3.333333333333333,3.333333333333333,3.333333333333333]",2.2216243599663837e-141,1.0,True,"Midpoint of the global spectral gap; Float64 counts equal at its 1/4,1/2,3/4 points","[[2.2216243599667624e-141,2.2216243599663837e-141],[1.4257982217518146e-109,1.425788005279653e-109],[1.4257982217527466e-109,1.4257880052795718e-109]]",0,0.0,"[9.618654549628817e-16,8.080661275076457e-16,4.079138302771944e-15]","{""PspCorrection"":0.09187494522099392,""Ewald"":-14.186487397403095,""Kinetic"":29.075984400419994,""AtomicNonlocalFR"":-14.214054495596356,""AtomicLocal"":-79.43302721314441,""Hartree"":28.516778605555455,""Xc"":-7.177056830200166}",PASS,1.4257982217527466e-109,5.062394886696589e-41
159,iteration,CONTINUE,1.682260802293211e-07,1.6822608030447865e-08,1.6822608030447865e-08,False,False,linear_mixing,,cf250e551d9b517b21ddb9bfaacc63f4538140129d5dff4a6642ce1512f5e90b,10.000000000000004,2da5892764d6ea35ee1b10b7ac97e7f450aeac16150c6142abfc453f4b934ed3,10.000000000000005,d5e1f93ef4f6863be6b9b8d8ef46add0ddbee4e767427b8cb2bcee880b084e5b,10.000000000000007,24,9.261517327770593e-11,1.7633242398770112e-14,fec9f8c352971abb68ea760da1222dd445b2ab270bf96e76de51bfe59b088ec5,90.04470863659851,2.923033385490189e-05,3586a7bc19f7df9b93f7da937e7220456dee6340986d2c3284dc2147eb1094c6,9.708735432702088,-57.32598798514768,1.242668471149628e-34,-1.242668471149628e-37,-57.32598798514768,1.242668471149628e-37,10.000000000000005,10.000000000000007,6.974680159254183e-14,6.667506441056667e-07,5.559909206862529e-07,-0.0790746189867105,0.0,"[10.0,10.0,10.0]","[3.333333333333333,3.333333333333333,3.333333333333333]",2.2216443814170852e-141,1.0,True,"Midpoint of the global spectral gap; Float64 counts equal at its 1/4,1/2,3/4 points","[[2.2216443814170852e-141,2.2216443814170852e-141],[1.425790314733671e-109,1.42578009832619e-109],[1.425790314733995e-109,1.4257800983250148e-109]]",0,0.0,"[-2.2606634970135668e-15,-1.8838977239529876e-17,4.428632355380304e-16]","{""PspCorrection"":0.09187494522099392,""Ewald"":-14.186487397403095,""Kinetic"":29.075984404368025,""AtomicNonlocalFR"":-14.214054496688782,""AtomicLocal"":-79.43302723053687,""Hartree"":28.51677862235082,""Xc"":-7.177056832458777}",PASS,1.425790314733995e-109,4.658185138650994e-41
160,iteration,CONTINUE,1.5315102477966656e-07,1.531510248503295e-08,1.531510248503295e-08,False,False,linear_mixing,,d5e1f93ef4f6863be6b9b8d8ef46add0ddbee4e767427b8cb2bcee880b084e5b,10.000000000000007,4d232eb456db34f036faacc60921544b8c9b9571f60bd281806f826ce49110cb,9.999999999999996,11e1708489353b049ac10e35480d040b83744b13399c566a988f74d27e13f121,10.000000000000007,24,9.739169518932193e-11,1.724538060092019e-14,5c38c58840ed46543cbbd6249cbac3deb79bd0e98c4ca353a652357e616afc14,90.04470850797719,2.692291201126713e-05,c306895eb5c42fc9daa10a7db272bd3aae583175b2c570816654d34a3b7bdfaf,9.70873544830416,-57.325987985147606,1.2426633294504238e-34,-1.2426633294504238e-37,-57.325987985147606,1.2426633294504238e-37,9.999999999999996,10.0,6.36918929329285e-14,6.141117852240942e-07,5.121979149874251e-07,-0.07907461064126678,0.0,"[10.0,10.0,10.0]","[3.333333333333333,3.333333333333333,3.333333333333333]",2.2216627969869307e-141,1.0,True,"Midpoint of the global spectral gap; Float64 counts equal at its 1/4,1/2,3/4 points","[[2.221662796987941e-141,2.2216627969869307e-141],[1.4257830446314363e-109,1.4257728282831405e-109],[1.4257830446322064e-109,1.4257728282824922e-109]]",0,0.0,"[8.008044627656366e-16,-4.441318627359249e-15,-1.251757783188377e-15]","{""PspCorrection"":0.09187494522099392,""Ewald"":-14.186487397403095,""Kinetic"":29.075984408014747,""AtomicNonlocalFR"":-14.214054497708599,""AtomicLocal"":-79.43302724653955,""Hartree"":28.516778637804332,""Xc"":-7.177056834536439}",PASS,1.4257830446322064e-109,4.2862500351022123e-41
161,iteration,CONTINUE,1.3945338355997177e-07,1.3945338361106471e-08,1.3945338361106471e-08,False,False,linear_mixing,,11e1708489353b049ac10e35480d040b83744b13399c566a988f74d27e13f121,10.000000000000007,6cf96c3a5508f3a9c30d47a434dbf774d57d14653c42de615b17d75f4da4f51a,10.000000000000002,b0645b8af0062dc058ed31bcdc0612c5cc61ecebb17a54f5a8fb98f1a58dc5c6,10.000000000000005,24,9.964859322257525e-11,1.565718770152476e-14,795855894c6e9a8f5316091f1b26c323ffd07238c2cc42c42cd5e69d55792255,90.0447083876651,2.4797461253712732e-05,8bbd7dd27a436a25b6861fb6edd56b24b072dd9cfcc97bba6a711043ded1ae55,9.708735462676202,-57.325987985147634,1.2426585982913184e-34,-1.2426585982913185e-37,-57.325987985147634,1.2426585982913185e-37,10.000000000000002,10.000000000000004,2.856234554820077e-13,5.656218020728259e-07,4.7184845411715046e-07,-0.07907460294252973,0.0,"[10.0,10.0,10.0]","[3.333333333333333,3.333333333333333,3.333333333333333]",2.221679735563647e-141,1.0,True,"Midpoint of the global spectral gap; Float64 counts equal at its 1/4,1/2,3/4 points","[[2.2216797355647836e-141,2.221679735563647e-141],[1.425776360121091e-109,1.425766143824664e-109],[1.425776360119835e-109,1.4257661438247448e-109]]",0,0.0,"[2.6365196303078693e-16,-7.759697737691103e-16,-1.9159635392172834e-15]","{""PspCorrection"":0.09187494522099392,""Ewald"":-14.186487397403095,""Kinetic"":29.0759844113796,""AtomicNonlocalFR"":-14.214054498659753,""AtomicLocal"":-79.43302726126383,""Hartree"":28.516778652025735,""Xc"":-7.177056836447283}",PASS,1.425776360121091e-109,3.944002738052818e-41
162,iteration,CONTINUE,1.2700516887296123e-07,1.2700516896214195e-08,1.2700516896214195e-08,False,False,linear_mixing,,b0645b8af0062dc058ed31bcdc0612c5cc61ecebb17a54f5a8fb98f1a58dc5c6,10.000000000000005,e861c59e7b48998f850af171835281ddc94098160f227612219aac71b87788d5,9.999999999999996,579c7918422cae4e6ba5f38c0663588f19f4bda1d75e260043074af454e5b06f,10.000000000000005,24,9.675274468219456e-11,1.612933680912068e-14,3604ae47d50cafd9ad040ee492337830270b1a123fbfa027727a20ca5e1b3bc5,90.04470827519987,2.2839856382597878e-05,64418cadcf19db77aeca813555827ba9c58c36421e6fd27a5ad1233bd9d20b76,9.708735475914793,-57.32598798514766,1.2426542449038347e-34,-1.2426542449038347e-37,-57.32598798514766,1.2426542449038347e-37,9.999999999999996,10.000000000000002,1.3751355608770427e-13,5.209857502913775e-07,4.347105079754295e-07,-0.07907459584085352,0.0,"[10.0,10.0,10.0]","[3.333333333333333,3.333333333333333,3.333333333333333]",2.2216953157131118e-141,1.0,True,"Midpoint of the global spectral gap; Float64 counts equal at its 1/4,1/2,3/4 points","[[2.221695315713617e-141,2.2216953157131118e-141],[1.4257702140392004e-109,1.4257599977930934e-109],[1.4257702140395245e-109,1.4257599977944306e-109]]",0,0.0,"[1.4984827659462774e-15,3.0474287236866114e-15,7.370037909224404e-16]","{""PspCorrection"":0.09187494522099392,""Ewald"":-14.186487397403095,""Kinetic"":29.0759844144933,""AtomicNonlocalFR"":-14.2140544995471,""AtomicLocal"":-79.4330272748291,""Hartree"":28.51677866512365,""Xc"":-7.177056838206313}",PASS,1.4257702140395245e-109,3.6290612117550674e-41
163,iteration,CONTINUE,1.1569132699043198e-07,1.1569132713102154e-08,1.1569132713102154e-08,False,False,linear_mixing,,579c7918422cae4e6ba5f38c0663588f19f4bda1d75e260043074af454e5b06f,10.000000000000005,c95af890990b3df2d6645a7dae5a93ab96184356fdf6ac3c6b067fe834b74273,9.999999999999998,7ac93d39457f8748416264c9d261aa18158db27d5808e7f0193352c422fbd26b,10.000000000000004,24,9.800681377402422e-11,1.6896394498657518e-14,0276fafc6742a2502d7348049fcedccccd941915966b9687fbb3e31c8507ea91,90.0447081701294,2.1036442676851213e-05,ef537896562fc1bdbb84c0035bb06e75fba7a78cc4d423c0014929b68658dc06,9.708735488108957,-57.325987985147684,1.2426502391483143e-34,-1.2426502391483142e-37,-57.325987985147684,1.2426502391483142e-37,9.999999999999998,10.0,1.2206464949742156e-13,4.798395328619082e-07,4.0045825543148753e-07,-0.07907458929034988,0.0,"[10.0,10.0,10.0]","[3.333333333333333,3.333333333333333,3.333333333333333]",2.221709646361302e-141,1.0,True,"Midpoint of the global spectral gap; Float64 counts equal at its 1/4,1/2,3/4 points","[[2.221709646362186e-141,2.221709646361302e-141],[1.4257645630241272e-109,1.4257543468245095e-109],[1.4257645630247755e-109,1.4257543468242663e-109]]",0,0.0,"[9.758920777919032e-16,7.040884425574889e-16,1.5073494456267701e-15]","{""PspCorrection"":0.09187494522099392,""Ewald"":-14.186487397403095,""Kinetic"":29.075984417365586,""AtomicNonlocalFR"":-14.214054500373358,""AtomicLocal"":-79.43302728729776,""Hartree"":28.516778677163607,""Xc"":-7.177056839823656}",PASS,1.4257645630247755e-109,3.339287085795596e-41
164,iteration,CONTINUE,1.0540518568038567e-07,1.054051857436534e-08,1.054051857436534e-08,False,False,linear_mixing,,7ac93d39457f8748416264c9d261aa18158db27d5808e7f0193352c422fbd26b,10.000000000000004,fed0e89d746024c0d053d45a9e629ebb26872d27dcbc0c13ec4eeb0f31dddb3f,10.000000000000004,eb04cba8052e59e2f71e40c007a04c6883cf0dcf4043867cee40b6cc42461c0d,10.000000000000004,24,9.354629919337428e-11,1.4494240098554974e-14,c78a50d48a891882162a489c3c16d44de22b9053ee748a39589e32cd9f9e2b66,90.04470807203359,1.93751594478271e-05,8aa39013b9b8a91d8679fea4c28ced1f337454e9731b5500c0cf25eb9adc6737,9.708735499340744,-57.32598798514774,1.242646553244345e-34,-1.2426465532443448e-37,-57.32598798514774,1.2426465532443448e-37,10.000000000000004,10.000000000000005,1.2272941243114157e-13,4.41944715152656e-07,3.6890906155679776e-07,-0.07907458324864808,0.0,"[10.0,10.0,10.0]","[3.333333333333333,3.333333333333333,3.333333333333333]",2.2217228278299036e-141,1.0,True,"Midpoint of the global spectral gap; Float64 counts equal at its 1/4,1/2,3/4 points","[[2.2217228278301562e-141,2.2217228278299036e-141],[1.4257593671540475e-109,1.4257491509959153e-109],[1.425759367155466e-109,1.4257491509970094e-109]]",0,0.0,"[8.742774104509746e-16,-3.0548580318825957e-16,5.51072647461833e-16]","{""PspCorrection"":0.09187494522099392,""Ewald"":-14.186487397403095,""Kinetic"":29.07598442002248,""AtomicNonlocalFR"":-14.214054501143766,""AtomicLocal"":-79.43302729878218,""Hartree"":28.51677868825021,""Xc"":-7.1770568413123845}",PASS,1.425759367155466e-109,3.0726379235553515e-41
165,iteration,CONTINUE,9.605119896407269e-08,9.605119902751417e-09,9.605119902751417e-09,False,False,linear_mixing,,eb04cba8052e59e2f71e40c007a04c6883cf0dcf4043867cee40b6cc42461c0d,10.000000000000004,794aa9443dff54f5653565625ab29c73486f08c973b948c10cdaded26411e7c9,10.0,4200b7bbd39f0fa22c643bdda6a20e44e7c52dc19bbcaf553dd19e3a4cae46e6,10.000000000000004,24,9.669020665667254e-11,1.6170215127814473e-14,b7495ff4bbbebeb2c98abb6dfa4834d105072334279f806c673269e024364814,90.04470798049704,1.784486627527766e-05,1cb2ea3d48606704b0feb92b91e50ea4037ef2834926e54b423e153a4f51116b,9.70873550968579,-57.325987985147705,1.2426431616676855e-34,-1.2426431616676855e-37,-57.325987985147705,1.2426431616676855e-37,10.0,10.0,1.6375702417137462e-13,4.070307354992311e-07,3.3983340908300565e-07,-0.07907457767656388,0.0,"[10.0,10.0,10.0]","[3.333333333333333,3.333333333333333,3.333333333333333]",2.2217349523296688e-141,1.0,True,"Midpoint of the global spectral gap; Float64 counts equal at its 1/4,1/2,3/4 points","[[2.2217349523321944e-141,2.2217349523296688e-141],[1.4257545897756235e-109,1.4257443736567885e-109],[1.4257545897761908e-109,1.4257443736569504e-109]]",0,0.0,"[-1.4271948907088437e-15,8.296758833141085e-16,-1.8082746290395686e-15]","{""PspCorrection"":0.09187494522099392,""Ewald"":-14.186487397403095,""Kinetic"":29.07598442254568,""AtomicNonlocalFR"":-14.214054501905395,""AtomicLocal"":-79.4330273094105,""Hartree"":28.51677869849274,""Xc"":-7.177056842688134}",PASS,1.4257545897761908e-109,2.827246767830149e-41
166,iteration,CONTINUE,8.754431513227462e-08,8.7544315283251e-09,8.7544315283251e-09,False,False,linear_mixing,,4200b7bbd39f0fa22c643bdda6a20e44e7c52dc19bbcaf553dd19e3a4cae46e6,10.000000000000004,7315f881faff53490ba65c3217634fb22d06ad13ddecef30f0d6d428453f14bc,10.000000000000007,04eeb4dd6fe8951ff28f3e2a80ee7b433437ad1d3f291d87e1bdb07375ae0c3b,10.000000000000004,24,9.471559319993803e-11,1.3915565850562635e-14,1e448da1c93203d1461a7667c18daf0681a913c347ad3a205f67ffd179eab327,90.04470789511433,1.6435130710829697e-05,1c65a0290a27803fcab1908faf4c08dd21f67dd1aa872e66a2ecc18ca749bf20,9.708735519213871,-57.325987985147755,1.2426400409533324e-34,-1.2426400409533325e-37,-57.325987985147755,1.2426400409533325e-37,10.000000000000007,10.000000000000012,1.3391664374920395e-13,3.748681248989371e-07,3.1304188528788285e-07,-0.07907457253787194,0.0,"[10.0,10.0,10.0]","[3.333333333333333,3.333333333333333,3.333333333333333]",2.221746104619209e-141,1.0,True,"Midpoint of the global spectral gap; Float64 counts equal at its 1/4,1/2,3/4 points","[[2.2217461046208506e-141,2.221746104619209e-141],[1.4257501972188778e-109,1.4257399811362987e-109],[1.425750197220296e-109,1.4257399811365013e-109]]",0,0.0,"[-1.3133514391363792e-16,-3.360265517610459e-16,-1.7175527417074231e-15]","{""PspCorrection"":0.09187494522099392,""Ewald"":-14.186487397403095,""Kinetic"":29.075984424820774,""AtomicNonlocalFR"":-14.214054502577504,""AtomicLocal"":-79.43302731914096,""Hartree"":28.516778707880803,""Xc"":-7.177056843948765}",PASS,1.425750197220296e-109,2.60148787801327e-41
167,iteration,CONTINUE,7.980586118651829e-08,7.980586133528303e-09,7.980586133528303e-09,False,False,linear_mixing,,04eeb4dd6fe8951ff28f3e2a80ee7b433437ad1d3f291d87e1bdb07375ae0c3b,10.000000000000004,40da2b0728fdb99e000fcee73ed10e4f9cd9ac33d5b4105f5c537b1bd9c06dbe,10.0,3301705930674d0aa224e03ca9e3402684cf1d8190c6eeeb2dd08e91d4dd777e,10.000000000000004,24,9.776723903487075e-11,1.495050439407894e-14,9d43c52e3f13014f8805487291d4e663e0af0b211945709b2b09bb6977864c68,90.04470781552766,1.513683786331798e-05,5cf22a5241e46d8ddc1145c3e63718a271764e709eb7eaa5752f9127350ccde0,9.708735527989223,-57.32598798514771,1.2426371694309413e-34,-1.2426371694309414e-37,-57.32598798514771,1.2426371694309414e-37,10.0,10.000000000000004,1.677842739720234e-13,3.452533270037465e-07,2.8837205981020675e-07,-0.07907456779918524,0.0,"[10.0,10.0,10.0]","[3.333333333333333,3.333333333333333,3.333333333333333]",2.2217563627749123e-141,1.0,True,"Midpoint of the global spectral gap; Float64 counts equal at its 1/4,1/2,3/4 points","[[2.2217563627752913e-141,2.2217563627749123e-141],[1.4257461584233128e-109,1.42573594237251e-109],[1.4257461584227862e-109,1.4257359423716185e-109]]",0,0.0,"[-7.115876640588462e-18,-2.6311687201072235e-15,5.511325750428512e-16]","{""PspCorrection"":0.09187494522099392,""Ewald"":-14.186487397403095,""Kinetic"":29.07598442693002,""AtomicNonlocalFR"":-14.21405450320934,""AtomicLocal"":-79.43302732811061,""Hartree"":28.516778716533896,""Xc"":-7.17705684510957}",PASS,1.4257461584233128e-109,2.393728569037204e-41
168,iteration,CONTINUE,7.2764729257156e-08,7.276472927253595e-09,7.276472927253595e-09,False,False,linear_mixing,,3301705930674d0aa224e03ca9e3402684cf1d8190c6eeeb2dd08e91d4dd777e,10.000000000000004,39fc7a931aeb0593a36e8f7e10e421ef165b3375524b03ce1d2a5320e0b3c9c2,10.000000000000005,62c10ed8e842680b88f865cfba92b4f27ced4a33a1da0911a2940fb25ade16dd,10.000000000000005,24,9.497297277390605e-11,1.4107306808805524e-14,3e25201cbe3abb9c9f98fe4a6b80dacbca000494ed07c8f0f51b32d93c16c3fd,90.04470774137162,1.3940888535431492e-05,877dc6b7e1f0a7bf43896897c692d2604f9f139a84cb0397c41d15a76f72dcd7,9.708735536071117,-57.325987985147734,1.2426345272329178e-34,-1.2426345272329178e-37,-57.325987985147734,1.2426345272329178e-37,10.000000000000005,10.000000000000007,1.7201298103752159e-13,3.179767884675661e-07,2.6564596772923166e-07,-0.0790745634295932,0.0,"[10.0,10.0,10.0]","[3.333333333333333,3.333333333333333,3.333333333333333]",2.22176579847448e-141,1.0,True,"Midpoint of the global spectral gap; Float64 counts equal at its 1/4,1/2,3/4 points","[[2.221765798475869e-141,2.22176579847448e-141],[1.4257424449327658e-109,1.4257322289116918e-109],[1.425742444933536e-109,1.4257322289132721e-109]]",0,0.0,"[-7.257159506938728e-16,-1.3074003448812384e-15,2.2398573974234215e-15]","{""PspCorrection"":0.09187494522099392,""Ewald"":-14.186487397403095,""Kinetic"":29.075984428859943,""AtomicNonlocalFR"":-14.214054503784848,""AtomicLocal"":-79.4330273363512,""Hartree"":28.516778724486297,""Xc"":-7.177056846175817}",PASS,1.425742444933536e-109,2.2025668960461848e-41
169,iteration,CONTINUE,6.635804478452159e-08,6.635804488296313e-09,6.635804488296313e-09,False,False,linear_mixing,,62c10ed8e842680b88f865cfba92b4f27ced4a33a1da0911a2940fb25ade16dd,10.000000000000005,b1f087368386ab28809a0d8134187897fa53a0b2737510b5bda9d789ff92f8a0,9.999999999999995,311504f1dcfdcc0ca387b82fff5a60a8682a7df4274592b857633b3085c3989d,10.000000000000005,24,8.877567544288367e-11,1.493523255794791e-14,e556a9cda3bc6d4c68fba603e6ab3bb87887e3e919630c69af8f0043dcd743f3,90.04470767231295,1.283936242944794e-05,19890e38f887dc38972ee3d4fcd9ca1d65243c9cf2ad7fd4c1c209bcc47bbb3d,9.708735543514189,-57.32598798514773,1.242632096039406e-34,-1.242632096039406e-37,-57.32598798514773,1.242632096039406e-37,9.999999999999995,9.999999999999995,1.5602165253045181e-13,2.928425671655468e-07,2.4469629136309857e-07,-0.07907455940058318,0.0,"[10.0,10.0,10.0]","[3.333333333333333,3.333333333333333,3.333333333333333]",2.221774477690228e-141,1.0,True,"Midpoint of the global spectral gap; Float64 counts equal at its 1/4,1/2,3/4 points","[[2.2217744776912383e-141,2.221774477690228e-141],[1.4257390305278908e-109,1.4257288145364285e-109],[1.4257390305276476e-109,1.4257288145353344e-109]]",0,0.0,"[-9.422550048299221e-16,-2.7512301226722445e-15,3.3076846230934874e-15]","{""PspCorrection"":0.09187494522099392,""Ewald"":-14.186487397403095,""Kinetic"":29.07598443062698,""AtomicNonlocalFR"":-14.214054504314582,""AtomicLocal"":-79.43302734391217,""Hartree"":28.516778731789074,""Xc"":-7.1770568471549305}",PASS,1.4257390305278908e-109,2.0266848614141586e-41
170,iteration,CONTINUE,6.052638277242538e-08,6.052638284505308e-09,6.052638284505308e-09,False,False,linear_mixing,,311504f1dcfdcc0ca387b82fff5a60a8682a7df4274592b857633b3085c3989d,10.000000000000005,0db121a3debfc9ae3de98cbb3bd27dae0a257c7f268a60baea2efa31b0dce63a,10.000000000000004,569f33188673bd28bb2361d2fde3c018a36d74605d5daf7000202407d73671bd,10.000000000000004,24,9.486698912589824e-11,1.36995724802363e-14,0d8cd2443696698a2fd775aaff3c5908af2ab99ab6bf205f8e5cd7ea96308f5e,90.04470760803481,1.1824880155128939e-05,07e91929666f30925fefcbbb769551c8c90117c51b3d4dc690bace0d51c4be18,9.708735550368718,-57.325987985147755,1.242629858984083e-34,-1.242629858984083e-37,-57.325987985147755,1.242629858984083e-37,10.000000000000004,10.000000000000007,1.0955537221307146e-13,2.6969698629193844e-07,2.2540241360192386e-07,-0.07907455568582655,0.0,"[10.0,10.0,10.0]","[3.333333333333333,3.333333333333333,3.333333333333333]",2.2217824611538706e-141,1.0,True,"Midpoint of the global spectral gap; Float64 counts equal at its 1/4,1/2,3/4 points","[[2.2217824611557652e-141,2.2217824611538706e-141],[1.4257358910872033e-109,1.4257256751195331e-109],[1.425735891085623e-109,1.4257256751180337e-109]]",0,0.0,"[-6.988063074616932e-16,-8.912886423779721e-17,-1.4606801536945447e-15]","{""PspCorrection"":0.09187494522099392,""Ewald"":-14.186487397403095,""Kinetic"":29.075984432255318,""AtomicNonlocalFR"":-14.214054504806661,""AtomicLocal"":-79.43302735086205,""Hartree"":28.516778738502644,""Xc"":-7.177056848054914}",PASS,1.4257358910872033e-109,1.864847001787718e-41
171,iteration,CONTINUE,5.521715553250789e-08,5.52171554376568e-09,5.52171554376568e-09,False,False,linear_mixing,,569f33188673bd28bb2361d2fde3c018a36d74605d5daf7000202407d73671bd,10.000000000000004,b1b53490eee63df4866b1a0a94d070b016503e730845bad044b07946560ad98c,10.0,f5be7fa2307d6fd5fbdfb3987e5b4308e020fe59d24fc9cd63ed4797bbc2b108,10.000000000000004,24,9.544048205072667e-11,1.32258257229858e-14,51bd69486b98a59433c9e7aa8b977680fc0da448997f75a490504401db2f8c82,90.04470754823173,1.0890380786464125e-05,bdac84c35a75da74cfd87dbdc859ea9f334f699e4d719296237b5fa2588b668e,9.708735556681118,-57.32598798514774,1.2426278005652104e-34,-1.2426278005652105e-37,-57.32598798514774,1.2426278005652105e-37,10.0,10.000000000000004,1.1798256818529983e-13,2.48379810460457e-07,2.0762930845637682e-07,-0.07907455226100307,0.0,"[10.0,10.0,10.0]","[3.333333333333333,3.333333333333333,3.333333333333333]",2.221789804636467e-141,1.0,True,"Midpoint of the global spectral gap; Float64 counts equal at its 1/4,1/2,3/4 points","[[2.221789804638993e-141,2.221789804636467e-141],[1.425733004451624e-109,1.4257227885092165e-109],[1.4257330044524343e-109,1.42572278850869e-109]]",0,0.0,"[-7.934755358321177e-16,-2.4321593494771112e-15,3.326055920686486e-16]","{""PspCorrection"":0.09187494522099392,""Ewald"":-14.186487397403095,""Kinetic"":29.075984433762052,""AtomicNonlocalFR"":-14.214054505263812,""AtomicLocal"":-79.43302735727117,""Hartree"":28.51677874469116,""Xc"":-7.17705684888387}",PASS,1.4257330044524343e-109,1.7159220559223306e-41
172,iteration,CONTINUE,5.0382837638983914e-08,5.038283771223645e-09,5.038283771223645e-09,False,False,linear_mixing,,f5be7fa2307d6fd5fbdfb3987e5b4308e020fe59d24fc9cd63ed4797bbc2b108,10.000000000000004,092bddb8bf255d3649dff838789ed5ed9007093124603627680e6b32bc2e5d23,10.000000000000002,9039f4dce844d6728a7b269ec4824ed25b9fe884b156e5fb329d7c15da97537e,10.000000000000004,24,9.920315869159677e-11,1.392150293917149e-14,c143e95ffd670b4190f38eabc53339307eba211789660a8945d0685319d44d7d,90.04470749261426,1.0029741076645838e-05,3af1567ccf8e1ad410ec160d49a2cb7f1c1979ea3cc1a6ff7c8d5453e4331263,9.708735562494104,-57.325987985147705,1.242625906529444e-34,-1.242625906529444e-37,-57.325987985147705,1.242625906529444e-37,10.000000000000002,10.000000000000002,1.0316131404061463e-13,2.2874443436981613e-07,1.912548490290778e-07,-0.07907454910363024,0.0,"[10.0,10.0,10.0]","[3.333333333333333,3.333333333333333,3.333333333333333]",2.2217965594889554e-141,1.0,True,"Midpoint of the global spectral gap; Float64 counts equal at its 1/4,1/2,3/4 points","[[2.221796559489208e-141,2.2217965594889554e-141],[1.4257303502855882e-109,1.4257201343636985e-109],[1.425730350285791e-109,1.4257201343626044e-109]]",0,0.0,"[-7.141678124429665e-16,-6.979006538787885e-16,2.0316989447565588e-15]","{""PspCorrection"":0.09187494522099392,""Ewald"":-14.186487397403095,""Kinetic"":29.075984435147824,""AtomicNonlocalFR"":-14.214054505688383,""AtomicLocal"":-79.4330273631537,""Hartree"":28.516778750373906,""Xc"":-7.177056849645251}",PASS,1.425730350285791e-109,1.5788966122365687e-41
173,iteration,CONTINUE,4.5979611020046786e-08,4.597961106135228e-09,4.597961106135228e-09,False,False,linear_mixing,,9039f4dce844d6728a7b269ec4824ed25b9fe884b156e5fb329d7c15da97537e,10.000000000000004,c287aaaa3a718174fc9f5d7666b25298d490699596c148343f7ac654cfef3295,10.0,1cc53e18a50c2ff8c1d58966feb69ae102e65e092ff7f13a30b61922dc00ae7f,10.000000000000005,24,9.888241838768389e-11,2.031936443513821e-14,5a191e45d318c3f2c9015e8a3c24c201a6239f6b9fdd8ecf0d37965c9b37e0d7,90.04470744090986,9.236974644107027e-06,1452437953fd34718b102595c6433a22202d483059add15597dccdcc814bcff3,9.70873556784707,-57.32598798514772,1.2426241637423698e-34,-1.2426241637423698e-37,-57.32598798514772,1.2426241637423698e-37,10.0,10.000000000000004,1.4315243724209418e-13,2.106618467622154e-07,1.7617292879704297e-07,-0.07907454619298687,0.0,"[10.0,10.0,10.0]","[3.333333333333333,3.333333333333333,3.333333333333333]",2.2218027729051354e-141,1.0,True,"Midpoint of the global spectral gap; Float64 counts equal at its 1/4,1/2,3/4 points","[[2.2218027729056406e-141,2.2218027729051354e-141],[1.4257279098443585e-109,1.4257176939417785e-109],[1.4257279098431022e-109,1.4257176939402793e-109]]",0,0.0,"[-6.538016275903149e-16,1.966492797513274e-15,3.5166425689834397e-16]","{""PspCorrection"":0.09187494522099392,""Ewald"":-14.186487397403095,""Kinetic"":29.075984436432986,""AtomicNonlocalFR"":-14.214054506083166,""AtomicLocal"":-79.43302736858492,""Hartree"":28.516778755616485,""Xc"":-7.177056850347006}",PASS,1.4257279098443585e-109,1.4528010468694974e-41
174,iteration,CONTINUE,4.196903304696698e-08,4.1969033117078044e-09,4.1969033117078044e-09,False,False,linear_mixing,,1cc53e18a50c2ff8c1d58966feb69ae102e65e092ff7f13a30b61922dc00ae7f,10.000000000000005,aa342668b8abfb896194a50bc819daa7c99592e89d530e63ab7e77f5d574aea8,9.999999999999998,a6d2e41e86480aee5657b46f01fc4808a5492202bb23ef21dc17bdf8398fceb6,10.000000000000002,24,9.834632619059328e-11,1.486864992676149e-14,a5670d30a882144ce45949b642ab76c88ca3014db92c2ed8ab8c6bc1d0b09ee1,90.04470739285914,8.506868954684698e-06,6ad484a0ac857b91ee1b62e4dfeacc2b45604a7e8261f4d6951c7a160557835c,9.708735572776337,-57.325987985147734,1.2426225601392403e-34,-1.2426225601392405e-37,-57.325987985147734,1.2426225601392405e-37,9.999999999999998,9.999999999999998,9.024970785450671e-14,1.9400541975081737e-07,1.6227716270479412e-07,-0.07907454350990496,0.0,"[10.0,10.0,10.0]","[3.333333333333333,3.333333333333333,3.333333333333333]",2.2218084883178008e-141,1.0,True,"Midpoint of the global spectral gap; Float64 counts equal at its 1/4,1/2,3/4 points","[[2.221808488317927e-141,2.2218084883178008e-141],[1.425725665931715e-109,1.4257154500479286e-109],[1.4257256659327685e-109,1.4257154500493468e-109]]",0,0.0,"[5.263166611850734e-16,-5.799887425876227e-16,1.0835804503022198e-15]","{""PspCorrection"":0.09187494522099392,""Ewald"":-14.186487397403095,""Kinetic"":29.075984437612355,""AtomicNonlocalFR"":-14.214054506449886,""AtomicLocal"":-79.43302737356069,""Hartree"":28.51677876042357,""Xc"":-7.177056850990985}",PASS,1.4257256659327685e-109,1.3367893154795668e-41
175,iteration,CONTINUE,3.8314414674275596e-08,3.831441468445622e-09,3.831441468445622e-09,False,False,linear_mixing,,a6d2e41e86480aee5657b46f01fc4808a5492202bb23ef21dc17bdf8398fceb6,10.000000000000002,675776eeaaa589f0651aa0e8e5d128312efa9f2bcd4bc55ee8b43a00f147c682,10.000000000000004,f8de7bf23dda4dfc9708169afbf90b5c1f706ffbd44b831cf5237d51bfe19032,10.000000000000002,24,9.2250506449205e-11,1.5365334996219948e-14,0a5e348bbb2567f02e2a59f52935720234d035f2a420720e75d54a3bcefc1e5a,90.04470734822343,7.834353588341657e-06,74c7089dd3e590f0043b3dda3ca17202aea4e6f333b183d97e9aa7e081b26cb0,9.708735577315306,-57.32598798514772,1.2426210845904465e-34,-1.2426210845904466e-37,-57.32598798514772,1.2426210845904466e-37,10.000000000000004,10.000000000000002,9.488726858691371e-14,1.786670676995355e-07,1.4947917214930885e-07,-0.07907454103673592,0.0,"[10.0,10.0,10.0]","[3.333333333333333,3.333333333333333,3.333333333333333]",2.2218137456620354e-141,1.0,True,"Midpoint of the global spectral gap; Float64 counts equal at its 1/4,1/2,3/4 points","[[2.2218137456625406e-141,2.2218137456620354e-141],[1.4257236026899773e-109,1.4257133868234873e-109],[1.4257236026901798e-109,1.4257133868245815e-109]]",0,0.0,"[-2.946908339781884e-16,1.2550382079966289e-15,-1.6174891397582468e-15]","{""PspCorrection"":0.09187494522099392,""Ewald"":-14.186487397403095,""Kinetic"":29.07598443870787,""AtomicNonlocalFR"":-14.214054506790454,""AtomicLocal"":-79.43302737816111,""Hartree"":28.516778764863005,""Xc"":-7.17705685158493}",PASS,1.4257236026901798e-109,1.2300265677649761e-41
176,iteration,CONTINUE,3.49843189041405e-08,3.498431899832203e-09,3.498431899832203e-09,False,False,linear_mixing,,f8de7bf23dda4dfc9708169afbf90b5c1f706ffbd44b831cf5237d51bfe19032,10.000000000000002,5307ad8575fadec1b086f304341b43c7a899aa3f9da799d1ac35ade8134c548b,10.000000000000002,2bbb774a2cb5b3639200dbb65efc2fd54545ebe206f3bd9634e2427466d7c39d,10.000000000000004,24,9.726337945306894e-11,1.5573738488196813e-14,268982184220f8815d80d5b489df8d033ad7c44b36d99d066c4b537c2e7d8b51,90.04470730677035,7.215013698599274e-06,4f05ed2140e8877e9ed2f1328d3a37a34f6a5cf17ff6c7b410cce48fdcff6cbd,9.708735581494814,-57.32598798514775,1.2426197268864647e-34,-1.2426197268864646e-37,-57.32598798514775,1.2426197268864646e-37,10.000000000000002,10.000000000000005,8.930979261723243e-14,1.6452821981049375e-07,1.3767545619609004e-07,-0.07907453875714075,0.0,"[10.0,10.0,10.0]","[3.333333333333333,3.333333333333333,3.333333333333333]",2.2218185816711205e-141,1.0,True,"Midpoint of the global spectral gap; Float64 counts equal at its 1/4,1/2,3/4 points","[[2.2218185816716257e-141,2.2218185816711205e-141],[1.4257217055986754e-109,1.4257114897465893e-109],[1.4257217055966089e-109,1.4257114897468323e-109]]",0,0.0,"[-4.496462294711189e-16,-1.4818028347438585e-15,1.5111866107569505e-15]","{""PspCorrection"":0.09187494522099392,""Ewald"":-14.186487397403095,""Kinetic"":29.075984439713423,""AtomicNonlocalFR"":-14.21405450710653,""AtomicLocal"":-79.43302738237806,""Hartree"":28.51677876893561,""Xc"":-7.177056852130085}",PASS,1.4257217055986754e-109,1.1317984105527566e-41
177,iteration,CONTINUE,3.194891386929508e-08,3.1948913919348616e-09,3.1948913919348616e-09,False,False,linear_mixing,,2bbb774a2cb5b3639200dbb65efc2fd54545ebe206f3bd9634e2427466d7c39d,10.000000000000004,85cd95e4c3cb954544f6f873f432009079498291b4b9469417071f0e4386bfd1,9.999999999999996,8ae9de43ee2b0be6bfee06e027005c490663c11335f2ada19ca7ebcf5aaad7c3,10.000000000000004,24,9.398911293607636e-11,1.3188460665382178e-14,858846cd6e2f4e517bc04c1fff21a3b448f436926a5eeb6ca9073906cde3f6ce,90.04470726828819,6.6445299148959105e-06,597ae39b402402f3074d59d380c7498b61e536a10042248339facbb6201dd349,9.708735585343174,-57.32598798514771,1.24261847760627e-34,-1.24261847760627e-37,-57.32598798514771,1.24261847760627e-37,9.999999999999996,10.0,9.692953082681107e-14,1.5151405561910988e-07,1.2681106476627347e-07,-0.07907453665608273,0.0,"[10.0,10.0,10.0]","[3.333333333333333,3.333333333333333,3.333333333333333]",2.2218230301172694e-141,1.0,True,"Midpoint of the global spectral gap; Float64 counts equal at its 1/4,1/2,3/4 points","[[2.2218230301180272e-141,2.2218230301172694e-141],[1.4257199612468728e-109,1.4257097454102435e-109],[1.4257199612467107e-109,1.4257097454100813e-109]]",0,0.0,"[-9.333767156695323e-16,-1.2843182547337262e-15,1.5718633924170387e-16]","{""PspCorrection"":0.09187494522099392,""Ewald"":-14.186487397403095,""Kinetic"":29.07598444064474,""AtomicNonlocalFR"":-14.214054507400014,""AtomicLocal"":-79.43302738626744,""Hartree"":28.516778772689374,""Xc"":-7.177056852632275}",PASS,1.4257199612468728e-109,1.041409055250533e-41
178,iteration,CONTINUE,2.9181859826532273e-08,2.9181859951176427e-09,2.9181859951176427e-09,False,False,linear_mixing,,8ae9de43ee2b0be6bfee06e027005c490663c11335f2ada19ca7ebcf5aaad7c3,10.000000000000004,28b440f1d7b764181411f7c3bf6ae0bd4f00247026038a134447a7f7420eac01,10.000000000000004,e73177b76b46528af54898c09f25a9931a40aa1daefabba5d757e4512efca297,10.000000000000004,24,9.597297228622837e-11,1.5107269229016242e-14,141ba58b4e3536570a50fbb2c2cb6d78363644ed6b5637f331356bf230ede7b6,90.04470723257488,6.11915014016161e-06,201d47faf38c830d16339f891d3de192f1a673e20507c253b93f1406a9df2a15,9.70873558888666,-57.325987985147805,1.2426173280976115e-34,-1.2426173280976115e-37,-57.325987985147805,1.2426173280976115e-37,10.000000000000004,10.000000000000009,5.90708141316187e-14,1.3953259386708964e-07,1.1680845157115628e-07,-0.0790745347196573,0.0,"[10.0,10.0,10.0]","[3.333333333333333,3.333333333333333,3.333333333333333]",2.2218271220816815e-141,1.0,True,"Midpoint of the global spectral gap; Float64 counts equal at its 1/4,1/2,3/4 points","[[2.2218271220824393e-141,2.2218271220816815e-141],[1.4257183573467592e-109,1.4257081415227976e-109],[1.4257183573475697e-109,1.4257081415221492e-109]]",0,0.0,"[1.1215080731191567e-15,-3.7066763289317825e-15,-1.2548844994340479e-15]","{""PspCorrection"":0.09187494522099392,""Ewald"":-14.186487397403095,""Kinetic"":29.075984441501674,""AtomicNonlocalFR"":-14.21405450767234,""AtomicLocal"":-79.43302738983871,""Hartree"":28.51677877613735,""Xc"":-7.1770568530936645}",PASS,1.4257183573475697e-109,9.582428328293002e-42
179,iteration,CONTINUE,2.6658616802788076e-08,2.6658616861477587e-09,2.6658616861477587e-09,False,False,linear_mixing,,e73177b76b46528af54898c09f25a9931a40aa1daefabba5d757e4512efca297,10.000000000000004,f2cbceed38b887c8e570f97806022b959129a20484ee159bb5ea19b293984656,10.000000000000004,e588e5c77d80761b43caf3524bea6b829a7c999fc4c3a08ff1143378160e547a,10.000000000000005,24,9.423519848448092e-11,1.4842901032434185e-14,6c3adbea3ec75ef7687727edfa959cd92830524b1907534d18fd9d0cac5b64d8,90.04470719944115,5.635239513718064e-06,944134b980b977a3b5028813a3141fd5cf9580d36252b4870e51ffbdde0ec580,9.708735592149234,-57.32598798514772,1.242616270388485e-34,-1.2426162703884852e-37,-57.32598798514772,1.2426162703884852e-37,10.000000000000004,10.000000000000005,6.662336296145967e-14,1.2849353111965535e-07,1.0758904344815311e-07,-0.07907453293504893,0.0,"[10.0,10.0,10.0]","[3.333333333333333,3.333333333333333,3.333333333333333]",2.2218308861543912e-141,1.0,True,"Midpoint of the global spectral gap; Float64 counts equal at its 1/4,1/2,3/4 points","[[2.2218308861556542e-141,2.2218308861543912e-141],[1.4257168825800967e-109,1.4257066667680395e-109],[1.4257168825796913e-109,1.425706666766824e-109]]",0,0.0,"[-2.4285262225070875e-15,-7.606938995588242e-16,-1.9609156836071875e-15]","{""PspCorrection"":0.09187494522099392,""Ewald"":-14.186487397403095,""Kinetic"":29.07598444229506,""AtomicNonlocalFR"":-14.214054507924914,""AtomicLocal"":-79.43302739313356,""Hartree"":28.51677877931649,""Xc"":-7.177056853518699}",PASS,1.4257168825800967e-109,8.817117768816055e-42
180,iteration,CONTINUE,2.4357785827263665e-08,2.4357785915814632e-09,2.4357785915814632e-09,False,False,linear_mixing,,e588e5c77d80761b43caf3524bea6b829a7c999fc4c3a08ff1143378160e547a,10.000000000000005,ec34652819cf2569ec3ff52a7508002676e8a3f57da57f56c8a2c7efcdcc2b5f,10.000000000000002,6afa06e7c900e30719efbbd197d7700c07bf61b173da2dedffcf47af27bc2229,10.000000000000004,24,9.318195230613595e-11,1.3717918109667454e-14,7e66e73fd2eae579188fce047ad9b26ad38740ab4da9770daecbc22295547c91,90.04470716870934,5.189596495236889e-06,691ef72e71ef0d0a5b7fa61e1ef633a63153e9ec3c155ae8526f9427b5a31cc5,9.708735595153245,-57.32598798514779,1.2426152971541501e-34,-1.2426152971541501e-37,-57.32598798514779,1.2426152971541501e-37,10.000000000000002,10.000000000000004,5.2365092156286764e-14,1.183314769570684e-07,9.91020522052817e-08,-0.07907453129041606,0.0,"[10.0,10.0,10.0]","[3.333333333333333,3.333333333333333,3.333333333333333]",2.221834348611899e-141,1.0,True,"Midpoint of the global spectral gap; Float64 counts equal at its 1/4,1/2,3/4 points","[[2.2218343486130356e-141,2.221834348611899e-141],[1.4257155265555738e-109,1.4257053107552592e-109],[1.4257155265563843e-109,1.4257053107551781e-109]]",0,0.0,"[1.887832467444128e-15,-3.5394844295442495e-16,1.3376676763471708e-15]","{""PspCorrection"":0.09187494522099392,""Ewald"":-14.186487397403095,""Kinetic"":29.075984443023334,""AtomicNonlocalFR"":-14.214054508159048,""AtomicLocal"":-79.43302739615366,""Hartree"":28.51677878223255,""Xc"":-7.177056853908861}",PASS,1.4257155265563843e-109,8.113005493217317e-42
181,iteration,CONTINUE,2.2258860503894004e-08,2.2258860568817573e-09,2.2258860568817573e-09,False,False,linear_mixing,,6afa06e7c900e30719efbbd197d7700c07bf61b173da2dedffcf47af27bc2229,10.000000000000004,8de058dba6fe22968d4231413038b0c0b77ccf1b0ad72d2ac56b6433de6d8de6,10.0,9f7e909566b5fb1215db7accf960edf8494af274ff6a47886cafafdff07d97df,10.000000000000004,24,9.993769401368518e-11,1.5337397475865535e-14,9e8bec473a0959108e1f0e6969fbce0dc79ccc140bbb721bf3031200dd473a37,90.04470714021508,4.779131851466706e-06,eb0846c120d856c5561144d955cfd4c2f5817f6b17a6a4b049a855b8b6cee3df,9.708735597919036,-57.32598798514782,1.2426144016397847e-34,-1.2426144016397849e-37,-57.32598798514782,1.2426144016397849e-37,10.0,10.000000000000002,5.910647974138473e-14,1.089640431028105e-07,9.127401370932301e-08,-0.0790745297748554,0.0,"[10.0,10.0,10.0]","[3.333333333333333,3.333333333333333,3.333333333333333]",2.221837533650638e-141,1.0,True,"Midpoint of the global spectral gap; Float64 counts equal at its 1/4,1/2,3/4 points","[[2.2218375336512693e-141,2.221837533650638e-141],[1.425714279694077e-109,1.4257040639037503e-109],[1.4257142796952926e-109,1.4257040639034262e-109]]",0,0.0,"[8.033629419128401e-16,1.096065576564815e-15,-2.734587424937148e-15]","{""PspCorrection"":0.09187494522099392,""Ewald"":-14.186487397403095,""Kinetic"":29.075984443697692,""AtomicNonlocalFR"":-14.214054508376115,""AtomicLocal"":-79.43302739894096,""Hartree"":28.51677878492201,""Xc"":-7.177056854268339}",PASS,1.4257142796952926e-109,7.465050073732741e-42
182,iteration,CONTINUE,2.0342882236884994e-08,2.0342882164738456e-09,2.0342882164738456e-09,False,False,linear_mixing,,9f7e909566b5fb1215db7accf960edf8494af274ff6a47886cafafdff07d97df,10.000000000000004,d206b89305f6c5c323b41c6c5b7674aeeb86e1c257339c9a90049de50e89a66a,10.000000000000004,df6ebdf0938370b5b97997278b21d18a2e96c2c4c7b25820cf45aa902996b57a,10.000000000000004,24,8.847925388043428e-11,1.3012910604593833e-14,e403d87f54b5499a99b8fe02cf82fee4bb91d949e0adfa5fe662740cd0fcb65c,90.04470711380118,4.401125140483603e-06,2912a9ec803e9e72633ca33b18c4803076c2a19995d03b63d03cc2a2bb55258c,9.708735600465447,-57.325987985147805,1.2426135776465858e-34,-1.242613577646586e-37,-57.325987985147805,1.242613577646586e-37,10.000000000000004,10.000000000000009,2.67554664469397e-13,1.0035094503032686e-07,8.408007745770156e-08,-0.07907452837828417,0.0,"[10.0,10.0,10.0]","[3.333333333333333,3.333333333333333,3.333333333333333]",2.221840463494278e-141,1.0,True,"Midpoint of the global spectral gap; Float64 counts equal at its 1/4,1/2,3/4 points","[[2.2218404634956673e-141,2.221840463494278e-141],[1.4257131332174548e-109,1.4257029174368423e-109],[1.425713133218792e-109,1.4257029174373692e-109]]",0,0.0,"[5.117370300662521e-16,4.0676745940189805e-16,-1.688656530349198e-16]","{""PspCorrection"":0.09187494522099392,""Ewald"":-14.186487397403095,""Kinetic"":29.075984444327144,""AtomicNonlocalFR"":-14.214054508577654,""AtomicLocal"":-79.43302740153004,""Hartree"":28.516778787415404,""Xc"":-7.177056854600555}",PASS,1.425713133218792e-109,6.868601260757049e-42
183,iteration,CONTINUE,1.8595740547860976e-08,1.8595740513350876e-09,1.8595740513350876e-09,False,True,linear_mixing,,df6ebdf0938370b5b97997278b21d18a2e96c2c4c7b25820cf45aa902996b57a,10.000000000000004,045a0d634a1fa4cdd07fd4fd7af4a1b53aaa971e919c47164c3b0569867ac376,10.000000000000004,af40b46a80b65781c80db599a1fca310d37acae1dcffeebb1d56d80975b025d1,10.000000000000005,24,9.602300672966884e-11,1.4460606920527584e-14,4d09cec7ebf4e7b61a2a78cdbfd1d8e2b7f00c4c044c698b457b6f653ffed8a8,90.0447070893171,4.053277445046294e-06,b56033138b3a148f86ce9846d996a0e1386c780ef252f9705e4a4a3bd6195523,9.708735602809911,-57.325987985147776,1.2426128194895589e-34,-1.2426128194895588e-37,-57.325987985147776,1.2426128194895588e-37,10.000000000000004,10.000000000000007,2.034312279633e-13,9.240591062540046e-08,7.743789271531461e-08,-0.07907452709139179,0.0,"[10.0,10.0,10.0]","[3.333333333333333,3.333333333333333,3.333333333333333]",2.221843158699704e-141,1.0,True,"Midpoint of the global spectral gap; Float64 counts equal at its 1/4,1/2,3/4 points","[[2.2218431587008407e-141,2.221843158699704e-141],[1.425712079129543e-109,1.4257018633571722e-109],[1.425712079129786e-109,1.425701863358226e-109]]",0,0.0,"[2.0761913256183937e-17,7.932293482702582e-17,1.4389766284870478e-16]","{""PspCorrection"":0.09187494522099392,""Ewald"":-14.186487397403095,""Kinetic"":29.075984444900378,""AtomicNonlocalFR"":-14.214054508763848,""AtomicLocal"":-79.43302740388788,""Hartree"":28.51677878969027,""Xc"":-7.177056854904605}",PASS,1.425712079129786e-109,6.320050923830772e-42
184,iteration,CONTINUE,1.700144011284135e-08,1.7001440226640692e-09,1.7001440226640692e-09,False,True,linear_mixing,,af40b46a80b65781c80db599a1fca310d37acae1dcffeebb1d56d80975b025d1,10.000000000000005,3955f4de28af509d6f7eb747b17c6a7706998fd625daac263e3e917d7ed2b53e,10.000000000000005,a8e352f7535705d4cb303da2ae5721a1d8bce2f98c31504163f70fa77e3cc717,10.000000000000002,24,9.949696504987807e-11,1.590522756960838e-14,dd80a5d5eb1a050a18e266ef06b10196818a52b49cf553c7385c5dd393be6e72,90.04470706663257,3.7325712772825676e-06,7a4eabc44ad1308dab7f4c9a35c1e43b3f57f1e65aeb295e6bfbbaa0ab5ecbeb,9.70873560496825,-57.32598798514777,1.2426121218813817e-34,-1.2426121218813816e-37,-57.32598798514777,1.2426121218813816e-37,10.000000000000005,10.000000000000012,1.8415007908478134e-13,8.50972934671013e-08,7.132951142981161e-08,-0.07907452590563153,0.0,"[10.0,10.0,10.0]","[3.333333333333333,3.333333333333333,3.333333333333333]",2.221845637999867e-141,1.0,True,"Midpoint of the global spectral gap; Float64 counts equal at its 1/4,1/2,3/4 points","[[2.2218456380003724e-141,2.221845637999867e-141],[1.4257111098967692e-109,1.4257008941322348e-109],[1.4257111098969314e-109,1.4257008941318297e-109]]",0,0.0,"[-4.258869581957679e-17,6.235543686959219e-16,1.5609581608584948e-15]","{""PspCorrection"":0.09187494522099392,""Ewald"":-14.186487397403095,""Kinetic"":29.07598444542628,""AtomicNonlocalFR"":-14.214054508936457,""AtomicLocal"":-79.43302740605053,""Hartree"":28.516778791778684,""Xc"":-7.1770568551836496}",PASS,1.4257111098969314e-109,5.815345737426784e-42
185,iteration,CONTINUE,1.554602578239592e-08,1.5546025970773269e-09,1.5546025970773269e-09,False,True,linear_mixing,,a8e352f7535705d4cb303da2ae5721a1d8bce2f98c31504163f70fa77e3cc717,10.000000000000002,2f96639db68663e76270e96add5f182cd634092b95599b46db7e89d784dc8679,9.999999999999998,933f78740a95608b3f5ce4492ece0b09ec74690faa1f702850a2d6ba279d9b51,10.000000000000005,24,9.899264522722924e-11,1.4599836168710448e-14,b6a7544f4b6d14f9b8c2360c61024b4bc527db28e2d9e476b9370e2ffff1f256,90.04470704562138,3.437277812582287e-06,3267beece737858a5c55f30d2c86f8f54aaae61593fda4b8f81d2db8113acc8a,9.70873560695538,-57.32598798514775,1.2426114799827795e-34,-1.2426114799827796e-37,-57.32598798514775,1.2426114799827796e-37,9.999999999999998,10.000000000000002,1.3983090012701904e-13,7.836208831385019e-08,6.569769855475368e-08,-0.0790745248131025,0.0,"[10.0,10.0,10.0]","[3.333333333333333,3.333333333333333,3.333333333333333]",2.2218479186412217e-141,1.0,True,"Midpoint of the global spectral gap; Float64 counts equal at its 1/4,1/2,3/4 points","[[2.2218479186424847e-141,2.2218479186412217e-141],[1.4257102186710935e-109,1.42570000291489e-109],[1.4257102186710124e-109,1.425700002913958e-109]]",0,0.0,"[1.5314185576664779e-16,1.6779663651295323e-15,6.627160368329228e-16]","{""PspCorrection"":0.09187494522099392,""Ewald"":-14.186487397403095,""Kinetic"":29.07598444591213,""AtomicNonlocalFR"":-14.214054509096108,""AtomicLocal"":-79.43302740804256,""Hartree"":28.516778793701498,""Xc"":-7.177056855440598}",PASS,1.4257102186710935e-109,5.350900899310098e-42
186,iteration,CONTINUE,1.4217560664524451e-08,1.4217560860202422e-09,1.4217560860202422e-09,False,True,linear_mixing,,933f78740a95608b3f5ce4492ece0b09ec74690faa1f702850a2d6ba279d9b51,10.000000000000005,a9194670c149f956af2297aed4d61e7e2a2f60132b2e0005d8686ab5f2e64f9e,10.000000000000004,81a518ddb48ec7b36bc4406cc834ed3a6f6fb7aa30ccc11dfe083adc1dfaeedc,10.000000000000005,24,9.978222771817669e-11,1.4036501022685486e-14,82a0fded22972d9b6e6b110fc4f673e7d6e0a9190a8165194dfc24ec6fd32fc9,90.04470702616456,3.1652578617746014e-06,e5bbaaafee9aee1e4cbfeb7df7963ab528e4417f5cbb29f4d51a3c527357d486,9.708735608784767,-57.32598798514776,1.242610889349618e-34,-1.242610889349618e-37,-57.32598798514776,1.242610889349618e-37,10.000000000000004,10.000000000000005,1.5380025090646308e-13,7.215942304811378e-08,6.050983169271335e-08,-0.07907452380651053,0.0,"[10.0,10.0,10.0]","[3.333333333333333,3.333333333333333,3.333333333333333]",2.2218500165711263e-141,1.0,True,"Midpoint of the global spectral gap; Float64 counts equal at its 1/4,1/2,3/4 points","[[2.2218500165725157e-141,2.2218500165711263e-141],[1.4257093991807974e-109,1.4256991834298986e-109],[1.425709399180392e-109,1.425699183430628e-109]]",0,0.0,"[-8.840630129321682e-16,9.194981062645744e-16,-6.236099020867311e-16]","{""PspCorrection"":0.09187494522099392,""Ewald"":-14.186487397403095,""Kinetic"":29.07598444635854,""AtomicNonlocalFR"":-14.21405450924403,""AtomicLocal"":-79.43302740986898,""Hartree"":28.516778795465314,""Xc"":-7.177056855676503}",PASS,1.4257093991807974e-109,4.923641226132817e-42
187,iteration,CONTINUE,1.3004160663923148e-08,1.3004160816854912e-09,1.3004160816854912e-09,False,True,linear_mixing,,81a518ddb48ec7b36bc4406cc834ed3a6f6fb7aa30ccc11dfe083adc1dfaeedc,10.000000000000005,f3745521639a725e8541a038d44f52016de1d1d1369b44522d3e571812f91eb4,10.000000000000002,4877ddca261c03627e7f2f1e3ddb6482c38b0e69fcd4ed599f07f0fe38cdde4a,10.000000000000004,24,9.676044705663614e-11,1.6647210207688097e-14,7509e61c18b7cbe788c3d281c9490e4c89b3e455463aba20f6fe5472eb6bab69,90.04470700815334,2.9148069980759354e-06,eb83cfcee461677b6608b5a48dda9c74776a716f9181fa6ec8baa744e9d1640d,9.708735610468906,-57.32598798514774,1.2426103458774956e-34,-1.2426103458774956e-37,-57.32598798514774,1.2426103458774956e-37,10.000000000000002,10.000000000000005,1.2230564635071314e-13,6.644536199453149e-08,5.572913613336805e-08,-0.07907452287913587,0.0,"[10.0,10.0,10.0]","[3.333333333333333,3.333333333333333,3.333333333333333]",2.2218519464731878e-141,1.0,True,"Midpoint of the global spectral gap; Float64 counts equal at its 1/4,1/2,3/4 points","[[2.2218519464739455e-141,2.2218519464731878e-141],[1.4257086456340798e-109,1.4256984298899178e-109],[1.4257086456337961e-109,1.4256984298906876e-109]]",0,0.0,"[1.346520947429934e-16,3.679831728565529e-15,-2.1704815873950316e-15]","{""PspCorrection"":0.09187494522099392,""Ewald"":-14.186487397403095,""Kinetic"":29.075984446772676,""AtomicNonlocalFR"":-14.214054509381008,""AtomicLocal"":-79.43302741155796,""Hartree"":28.516778797094734,""Xc"":-7.177056855894078}",PASS,1.4257086456340798e-109,4.5304024611550745e-42
188,iteration,CONTINUE,1.1896117873688509e-08,1.189611786121342e-09,1.189611786121342e-09,False,True,linear_mixing,,4877ddca261c03627e7f2f1e3ddb6482c38b0e69fcd4ed599f07f0fe38cdde4a,10.000000000000004,46017fca022bcd7708a6265318559e0789a7de3dc3ae858334924af9fa52bf49,9.999999999999996,500fc73adc80b24c79b1968a388345171023b7e0fcb1b08083929b32bb4a4e5f,10.000000000000004,24,9.857138905931806e-11,1.5622095049400747e-14,34be803d2f83030534c84154422f195982031349a8ce1f57c3cd748750c1519d,90.04470699148075,2.6841289641421146e-06,7fefa7d5cd980954aaff2ae9c042feb75b5fc6411b90d23784674e449326c754,9.708735612019312,-57.32598798514782,1.2426098458114673e-34,-1.2426098458114674e-37,-57.32598798514782,1.2426098458114674e-37,9.999999999999996,9.999999999999998,9.85273067980166e-14,6.120138217353395e-08,5.1347229588458055e-08,-0.07907452202476334,0.0,"[10.0,10.0,10.0]","[3.333333333333333,3.333333333333333,3.333333333333333]",2.2218537217681257e-141,1.0,True,"Midpoint of the global spectral gap; Float64 counts equal at its 1/4,1/2,3/4 points","[[2.2218537217685047e-141,2.2218537217681257e-141],[1.4257079527437298e-109,1.4256977370063153e-109],[1.4257079527435677e-109,1.425697737005424e-109]]",0,0.0,"[3.2563128871338756e-15,1.7392037318470362e-15,4.4231467582556486e-16]","{""PspCorrection"":0.09187494522099392,""Ewald"":-14.186487397403095,""Kinetic"":29.075984447153612,""AtomicNonlocalFR"":-14.214054509507902,""AtomicLocal"":-79.43302741310853,""Hartree"":28.516778798591062,""Xc"":-7.177056856093956}",PASS,1.4257079527437298e-109,4.1686039058870294e-42
189,iteration,CONTINUE,1.0883956501664575e-08,1.0883956570239594e-09,1.0883956570239594e-09,False,True,linear_mixing,,500fc73adc80b24c79b1968a388345171023b7e0fcb1b08083929b32bb4a4e5f,10.000000000000004,fee96ba2ce7c418476d89c74e05b3b217347eb3b9cd8d6789cce3bd102c9cff4,10.000000000000007,705187982784497ad038fd8ce7f79b86866d38a5a923995a570132a55ba9699d,10.000000000000004,24,9.905681103184024e-11,1.4327365927899424e-14,beeccd4d73e851e7f6e57727bc51a88caa7d65ec6e589de5e9238e3266b2210c,90.04470697605174,2.4717092610689028e-06,8c498c0e16225ee4f76f2806538f78f32e3784716142045079862d618da85062,9.708735613446612,-57.325987985147805,1.2426093856797905e-34,-1.2426093856797905e-37,-57.325987985147805,1.2426093856797905e-37,10.000000000000007,10.00000000000001,1.1118106232930857e-13,5.636131322165275e-08,4.729817518056315e-08,-0.07907452123767857,0.0,"[10.0,10.0,10.0]","[3.333333333333333,3.333333333333333,3.333333333333333]",2.2218553548606713e-141,1.0,True,"Midpoint of the global spectral gap; Float64 counts equal at its 1/4,1/2,3/4 points","[[2.221855354862187e-141,2.2218553548606713e-141],[1.425707315612772e-109,1.4256970998801662e-109],[1.4257073156128532e-109,1.425697099879599e-109]]",0,0.0,"[-6.385937230177575e-16,-4.88649183362062e-16,-6.280798008285104e-16]","{""PspCorrection"":0.09187494522099392,""Ewald"":-14.186487397403095,""Kinetic"":29.075984447505064,""AtomicNonlocalFR"":-14.21405450962519,""AtomicLocal"":-79.43302741453662,""Hartree"":28.516778799968968,""Xc"":-7.177056856277918}",PASS,1.4257073156128532e-109,3.835672080642228e-42
190,iteration,CANDIDATE,9.959338211243041e-09,9.959338286064364e-10,9.959338211243041e-09,True,True,candidate_output_for_closure,,705187982784497ad038fd8ce7f79b86866d38a5a923995a570132a55ba9699d,10.000000000000004,ae531b03cd0f63c8229bbe9c71646cc76989743293f5d79d6148dfcdf5842ad1,10.000000000000002,ae531b03cd0f63c8229bbe9c71646cc76989743293f5d79d6148dfcdf5842ad1,10.000000000000002,24,9.877449131024973e-11,1.267042253420418e-14,1388827d9c79ff35c14b5fb8d9b14523dfbdf007543f12165eb76c67b9a03fef,90.04470696177614,2.2760452354102377e-06,322b369285e884f9ca7faa784c9daeccebca0cc9c0e5f539816c0fafccdf3014,9.70873561476048,-57.32598798514778,1.2426089622979917e-34,-1.2426089622979917e-37,-57.32598798514778,1.2426089622979917e-37,10.000000000000002,10.000000000000004,6.92462519206341e-14,5.1897256907710014e-08,4.356034974301183e-08,-0.07907452051260283,0.0,"[10.0,10.0,10.0]","[3.333333333333333,3.333333333333333,3.333333333333333]",2.2218568571337443e-141,1.0,True,"Midpoint of the global spectral gap; Float64 counts equal at its 1/4,1/2,3/4 points","[[2.2218568571339969e-141,2.2218568571337443e-141],[1.4257067297612092e-109,1.4256965140338952e-109],[1.4257067297621412e-109,1.425696514032639e-109]]",0,0.0,"[2.6140628719530397e-17,-4.8068553137961945e-18,-1.1385549002822736e-15]","{""PspCorrection"":0.09187494522099392,""Ewald"":-14.186487397403095,""Kinetic"":29.075984447828603,""AtomicNonlocalFR"":-14.214054509733913,""AtomicLocal"":-79.43302741584796,""Hartree"":28.516778801234537,""Xc"":-7.177056856446943}",PASS,1.4257067297621412e-109,3.5293713092828686e-42
191,closure,PASS,1.6537267865203399e-09,1.6537268300972387e-10,1.6537267865203399e-09,True,True,returned_orbital_output,,ae531b03cd0f63c8229bbe9c71646cc76989743293f5d79d6148dfcdf5842ad1,10.000000000000002,bc3c988dc240eea33ae4a5ba1d4778d38cc163fd4356650b323c3b34d216bdb3,10.000000000000004,bc3c988dc240eea33ae4a5ba1d4778d38cc163fd4356650b323c3b34d216bdb3,10.000000000000004,24,8.946712915219417e-11,1.770241383018327e-14,c5387a7fcb9c04fca354e7ff328949f3cd398eab98dd89215d82ffc9a2304c8a,90.04470682973243,2.0959142150208244e-05,20ebead41c4aea71a98b7129371ea6229c85f4d07dc690f724f90f1049df216e,9.708735626855665,-57.32598798514773,1.2426050665736324e-34,-1.2426050665736325e-37,-57.32598798514773,1.2426050665736325e-37,10.000000000000004,10.000000000000007,9.831352369473621e-14,1.0811677455353301e-08,9.159279939852875e-09,-0.07907451383333139,0.0,"[10.0,10.0,10.0]","[3.333333333333333,3.333333333333333,3.333333333333333]",2.221870676753517e-141,1.0,True,"Midpoint of the global spectral gap; Float64 counts equal at its 1/4,1/2,3/4 points","[[2.2218706767542748e-141,2.221870676753517e-141],[1.425701342669377e-109,1.425691126986377e-109],[1.4257013426713626e-109,1.4256911269868632e-109]]",0,0.0,"[-1.3503003339943276e-15,1.4158709117864943e-15,-8.662469367506985e-16]","{""PspCorrection"":0.09187494522099392,""Ewald"":-14.186487397403095,""Kinetic"":29.075984450811514,""AtomicNonlocalFR"":-14.21405451074761,""AtomicLocal"":-79.43302742790986,""Hartree"":28.51677881288095,""Xc"":-7.1770568580006175}",PASS,1.4257013426713626e-109,7.106711945932565e-43
