map_index,k_index,target_states,auxiliary_states,ng,initial_source,initial_seed,initial_gram_norm,initial_imaginary_norm,initial_sha256,initial_unchanged,converged,iterations,elapsed_seconds,solver_n_matvec,operator_counts,counts_after_explicit_residual,orthogonality_frobenius,max_explicit_residual_ha
1,1,24,6,2777,Independent ComplexF64 Gaussian whole-column QR,64001,1.5142530770466207e-14,3.868905688309096,950803859761b1873b74ca5cd0cf65218b9542e70b4d0da364a5e41648716826,True,True,35,3.713178873062134,1080,"{""full_mul_calls"":36,""full_columns"":1080,""fr_mul_calls"":36,""fr_columns"":1080,""common"":{""operator_mul_calls"":36,""operator_columns"":1080,""scalar_mul_calls"":72,""scalar_columns"":2160}}","{""full_mul_calls"":37,""full_columns"":1104,""fr_mul_calls"":37,""fr_columns"":1104,""common"":{""operator_mul_calls"":37,""operator_columns"":1104,""scalar_mul_calls"":74,""scalar_columns"":2208}}",4.624325122858059e-14,6.314611273593264e-11
1,2,24,6,2770,Independent ComplexF64 Gaussian whole-column QR,64002,1.62044451452646e-14,3.8677258953991305,444c1897ca7634d84473df5779e9f53bfe469ab69cefc3a853d2d29ec757597c,True,True,35,2.2802650928497314,1080,"{""full_mul_calls"":36,""full_columns"":1080,""fr_mul_calls"":36,""fr_columns"":1080,""common"":{""operator_mul_calls"":36,""operator_columns"":1080,""scalar_mul_calls"":72,""scalar_columns"":2160}}","{""full_mul_calls"":37,""full_columns"":1104,""fr_mul_calls"":37,""fr_columns"":1104,""common"":{""operator_mul_calls"":37,""operator_columns"":1104,""scalar_mul_calls"":74,""scalar_columns"":2208}}",3.877103658100427e-14,6.847761705340741e-11
1,3,24,6,2770,Independent ComplexF64 Gaussian whole-column QR,64003,1.8004502743056898e-14,3.8731210505856266,e15cacfedae74a58c68103bae41989ba7b0eb3d9be9904010a5912a021cba721,True,True,35,2.2966039180755615,1080,"{""full_mul_calls"":36,""full_columns"":1080,""fr_mul_calls"":36,""fr_columns"":1080,""common"":{""operator_mul_calls"":36,""operator_columns"":1080,""scalar_mul_calls"":72,""scalar_columns"":2160}}","{""full_mul_calls"":37,""full_columns"":1104,""fr_mul_calls"":37,""fr_columns"":1104,""common"":{""operator_mul_calls"":37,""operator_columns"":1104,""scalar_mul_calls"":74,""scalar_columns"":2208}}",4.3694024157668685e-14,7.757191169604759e-11
2,1,24,6,2777,Previous map from this run only,64001,5.103110146037118e-14,3.8734796912807417,964389fb18a40da2e54bd9974a9e80e4f3c494ee21204ce930c80c8fd0e62b0a,True,True,22,1.5910561084747314,690,"{""full_mul_calls"":23,""full_columns"":690,""fr_mul_calls"":23,""fr_columns"":690,""common"":{""operator_mul_calls"":23,""operator_columns"":690,""scalar_mul_calls"":46,""scalar_columns"":1380}}","{""full_mul_calls"":24,""full_columns"":714,""fr_mul_calls"":24,""fr_columns"":714,""common"":{""operator_mul_calls"":24,""operator_columns"":714,""scalar_mul_calls"":48,""scalar_columns"":1428}}",4.0438657781572075e-14,5.605327838165509e-11
2,2,24,6,2770,Previous map from this run only,64002,4.226505736946414e-14,3.8683678717611483,25eb9b5d82abfaffacb56a338878f577597ce069d95580a35edd0d7177c1a16c,True,True,23,1.4345800876617432,719,"{""full_mul_calls"":24,""full_columns"":719,""fr_mul_calls"":24,""fr_columns"":719,""common"":{""operator_mul_calls"":24,""operator_columns"":719,""scalar_mul_calls"":48,""scalar_columns"":1438}}","{""full_mul_calls"":25,""full_columns"":743,""fr_mul_calls"":25,""fr_columns"":743,""common"":{""operator_mul_calls"":25,""operator_columns"":743,""scalar_mul_calls"":50,""scalar_columns"":1486}}",3.497571870495968e-14,9.133662353854748e-11
2,3,24,6,2770,Previous map from this run only,64003,4.8446305215225155e-14,3.8772979600477546,c84178c153ba3137b2a5c478dc22e6f5428f367539e7425c8b85f52bd106773b,True,True,23,1.5851759910583496,719,"{""full_mul_calls"":24,""full_columns"":719,""fr_mul_calls"":24,""fr_columns"":719,""common"":{""operator_mul_calls"":24,""operator_columns"":719,""scalar_mul_calls"":48,""scalar_columns"":1438}}","{""full_mul_calls"":25,""full_columns"":743,""fr_mul_calls"":25,""fr_columns"":743,""common"":{""operator_mul_calls"":25,""operator_columns"":743,""scalar_mul_calls"":50,""scalar_columns"":1486}}",3.445592785795639e-14,9.622952138041567e-11
3,1,24,6,2777,Previous map from this run only,64001,4.434763961652932e-14,3.878046288291639,743bd549d4cf62008a8c0c97ec181b634818c10396ec95bdb5e0bb7c8683baba,True,True,19,1.2060809135437012,600,"{""full_mul_calls"":20,""full_columns"":600,""fr_mul_calls"":20,""fr_columns"":600,""common"":{""operator_mul_calls"":20,""operator_columns"":600,""scalar_mul_calls"":40,""scalar_columns"":1200}}","{""full_mul_calls"":21,""full_columns"":624,""fr_mul_calls"":21,""fr_columns"":624,""common"":{""operator_mul_calls"":21,""operator_columns"":624,""scalar_mul_calls"":42,""scalar_columns"":1248}}",2.6658184494311362e-14,9.62686281842304e-11
3,2,24,6,2770,Previous map from this run only,64002,3.9705519679314967e-14,3.8730858762892044,69872d3f3b10a77bc48c87520c18d142138c45522d294eafee0a1e81a324e951,True,True,20,1.4794330596923828,630,"{""full_mul_calls"":21,""full_columns"":630,""fr_mul_calls"":21,""fr_columns"":630,""common"":{""operator_mul_calls"":21,""operator_columns"":630,""scalar_mul_calls"":42,""scalar_columns"":1260}}","{""full_mul_calls"":22,""full_columns"":654,""fr_mul_calls"":22,""fr_columns"":654,""common"":{""operator_mul_calls"":22,""operator_columns"":654,""scalar_mul_calls"":44,""scalar_columns"":1308}}",2.9958052593136086e-14,8.280387277367624e-11
3,3,24,6,2770,Previous map from this run only,64003,4.312690720368301e-14,3.8726734277737513,a06679f4c328da00017d13f71441394406a0d539ccaa0a40f9d9c3b6ba9d4e1d,True,True,20,1.2879059314727783,630,"{""full_mul_calls"":21,""full_columns"":630,""fr_mul_calls"":21,""fr_columns"":630,""common"":{""operator_mul_calls"":21,""operator_columns"":630,""scalar_mul_calls"":42,""scalar_columns"":1260}}","{""full_mul_calls"":22,""full_columns"":654,""fr_mul_calls"":22,""fr_columns"":654,""common"":{""operator_mul_calls"":22,""operator_columns"":654,""scalar_mul_calls"":44,""scalar_columns"":1308}}",3.47275829935836e-14,7.678411583855667e-11
4,1,24,6,2777,Previous map from this run only,64001,3.3147887124900086e-14,3.859556901644344,fcc78514464e6ebafecd5ae7387618fccc2397959118576f3ec8d733c79512c7,True,True,18,1.1614148616790771,570,"{""full_mul_calls"":19,""full_columns"":570,""fr_mul_calls"":19,""fr_columns"":570,""common"":{""operator_mul_calls"":19,""operator_columns"":570,""scalar_mul_calls"":38,""scalar_columns"":1140}}","{""full_mul_calls"":20,""full_columns"":594,""fr_mul_calls"":20,""fr_columns"":594,""common"":{""operator_mul_calls"":20,""operator_columns"":594,""scalar_mul_calls"":40,""scalar_columns"":1188}}",3.4634642508545055e-14,9.125042422165436e-11
4,2,24,6,2770,Previous map from this run only,64002,3.4596528795887566e-14,3.8763084844165236,e9b3a272499d0532f20fed41c6757f82897d1b9aa7c2a1a36a7f4e6f0cf33593,True,True,19,1.4312331676483154,600,"{""full_mul_calls"":20,""full_columns"":600,""fr_mul_calls"":20,""fr_columns"":600,""common"":{""operator_mul_calls"":20,""operator_columns"":600,""scalar_mul_calls"":40,""scalar_columns"":1200}}","{""full_mul_calls"":21,""full_columns"":624,""fr_mul_calls"":21,""fr_columns"":624,""common"":{""operator_mul_calls"":21,""operator_columns"":624,""scalar_mul_calls"":42,""scalar_columns"":1248}}",3.47647707422678e-14,5.650771714896845e-11
4,3,24,6,2770,Previous map from this run only,64003,3.852459628658269e-14,3.865078631674624,6bad6ee0b4d9b79d334027845ac0ecdf24f9102678ca6608e4bd00ba01028f91,True,True,19,1.2092950344085693,600,"{""full_mul_calls"":20,""full_columns"":600,""fr_mul_calls"":20,""fr_columns"":600,""common"":{""operator_mul_calls"":20,""operator_columns"":600,""scalar_mul_calls"":40,""scalar_columns"":1200}}","{""full_mul_calls"":21,""full_columns"":624,""fr_mul_calls"":21,""fr_columns"":624,""common"":{""operator_mul_calls"":21,""operator_columns"":624,""scalar_mul_calls"":42,""scalar_columns"":1248}}",3.093929718561384e-14,6.00238127091445e-11
5,1,24,6,2777,Previous map from this run only,64001,4.0339221524204625e-14,3.8480940721972794,d13b843b634cff269be4c24bbb949ed3fbaa0aed0d3f86f2bdd658ef3c65e9fc,True,True,18,1.300978183746338,570,"{""full_mul_calls"":19,""full_columns"":570,""fr_mul_calls"":19,""fr_columns"":570,""common"":{""operator_mul_calls"":19,""operator_columns"":570,""scalar_mul_calls"":38,""scalar_columns"":1140}}","{""full_mul_calls"":20,""full_columns"":594,""fr_mul_calls"":20,""fr_columns"":594,""common"":{""operator_mul_calls"":20,""operator_columns"":594,""scalar_mul_calls"":40,""scalar_columns"":1188}}",3.115887928198738e-14,5.554409147281194e-11
5,2,24,6,2770,Previous map from this run only,64002,3.813719779650401e-14,3.8560411385990276,d6f6d7028f3e7b1c9e5ce2b963b51aa4b766f6ccbab14b76b9fe1f927f5c2db3,True,True,18,1.1417529582977295,570,"{""full_mul_calls"":19,""full_columns"":570,""fr_mul_calls"":19,""fr_columns"":570,""common"":{""operator_mul_calls"":19,""operator_columns"":570,""scalar_mul_calls"":38,""scalar_columns"":1140}}","{""full_mul_calls"":20,""full_columns"":594,""fr_mul_calls"":20,""fr_columns"":594,""common"":{""operator_mul_calls"":20,""operator_columns"":594,""scalar_mul_calls"":40,""scalar_columns"":1188}}",3.456759184483952e-14,9.657451502715856e-11
5,3,24,6,2770,Previous map from this run only,64003,3.321493211743426e-14,3.8821270325168658,21617e792a374ff1efc807f95054faa0cdfc71e8b8798b05f5b1191d5891765a,True,True,19,1.3778018951416016,600,"{""full_mul_calls"":20,""full_columns"":600,""fr_mul_calls"":20,""fr_columns"":600,""common"":{""operator_mul_calls"":20,""operator_columns"":600,""scalar_mul_calls"":40,""scalar_columns"":1200}}","{""full_mul_calls"":21,""full_columns"":624,""fr_mul_calls"":21,""fr_columns"":624,""common"":{""operator_mul_calls"":21,""operator_columns"":624,""scalar_mul_calls"":42,""scalar_columns"":1248}}",3.203026120900541e-14,4.298598452146143e-11
6,1,24,6,2777,Previous map from this run only,64001,3.481508960154131e-14,3.901220791186436,f2b2422604551615c493d47ea2766a273da00f8519a1df32903c23011f8ddb95,True,True,17,1.1015980243682861,540,"{""full_mul_calls"":18,""full_columns"":540,""fr_mul_calls"":18,""fr_columns"":540,""common"":{""operator_mul_calls"":18,""operator_columns"":540,""scalar_mul_calls"":36,""scalar_columns"":1080}}","{""full_mul_calls"":19,""full_columns"":564,""fr_mul_calls"":19,""fr_columns"":564,""common"":{""operator_mul_calls"":19,""operator_columns"":564,""scalar_mul_calls"":38,""scalar_columns"":1128}}",2.886917954121513e-14,8.305795957598658e-11
6,2,24,6,2770,Previous map from this run only,64002,3.9870750398954484e-14,3.86291878984804,38df49edc3eb32c9fccc3deb1ee97a26d81abbf9a8e8d8099348042fc22b1a88,True,True,18,1.2593469619750977,570,"{""full_mul_calls"":19,""full_columns"":570,""fr_mul_calls"":19,""fr_columns"":570,""common"":{""operator_mul_calls"":19,""operator_columns"":570,""scalar_mul_calls"":38,""scalar_columns"":1140}}","{""full_mul_calls"":20,""full_columns"":594,""fr_mul_calls"":20,""fr_columns"":594,""common"":{""operator_mul_calls"":20,""operator_columns"":594,""scalar_mul_calls"":40,""scalar_columns"":1188}}",3.305427868882782e-14,5.8066043764648895e-11
6,3,24,6,2770,Previous map from this run only,64003,3.722320550906001e-14,3.902872313541888,f8e47215efb678f57b49bf28c874ffadcdbadce6e8b8d825594ea92b386a37fe,True,True,18,1.2603139877319336,570,"{""full_mul_calls"":19,""full_columns"":570,""fr_mul_calls"":19,""fr_columns"":570,""common"":{""operator_mul_calls"":19,""operator_columns"":570,""scalar_mul_calls"":38,""scalar_columns"":1140}}","{""full_mul_calls"":20,""full_columns"":594,""fr_mul_calls"":20,""fr_columns"":594,""common"":{""operator_mul_calls"":20,""operator_columns"":594,""scalar_mul_calls"":40,""scalar_columns"":1188}}",3.6965275035332743e-14,5.881086443844608e-11
7,1,24,6,2777,Previous map from this run only,64001,3.1053080414287286e-14,3.9007416497352967,e8218ee71465de34bffb7fddcad9b8cca65a986b26420b03b5bbc14d514d984a,True,True,17,1.1877269744873047,538,"{""full_mul_calls"":18,""full_columns"":538,""fr_mul_calls"":18,""fr_columns"":538,""common"":{""operator_mul_calls"":18,""operator_columns"":538,""scalar_mul_calls"":36,""scalar_columns"":1076}}","{""full_mul_calls"":19,""full_columns"":562,""fr_mul_calls"":19,""fr_columns"":562,""common"":{""operator_mul_calls"":19,""operator_columns"":562,""scalar_mul_calls"":38,""scalar_columns"":1124}}",3.1616620212793965e-14,9.876809377967283e-11
7,2,24,6,2770,Previous map from this run only,64002,3.681860455825075e-14,3.8551590248177026,bc88d602e8664755c75b00b706f4328901de7fac712a6994b6e959f820416b0f,True,True,17,1.0289299488067627,540,"{""full_mul_calls"":18,""full_columns"":540,""fr_mul_calls"":18,""fr_columns"":540,""common"":{""operator_mul_calls"":18,""operator_columns"":540,""scalar_mul_calls"":36,""scalar_columns"":1080}}","{""full_mul_calls"":19,""full_columns"":564,""fr_mul_calls"":19,""fr_columns"":564,""common"":{""operator_mul_calls"":19,""operator_columns"":564,""scalar_mul_calls"":38,""scalar_columns"":1128}}",2.777238198252504e-14,8.49270430562231e-11
7,3,24,6,2770,Previous map from this run only,64003,4.1442369384668565e-14,3.8582765498752734,73833d14e4e7e9621438349bf656456a78b8c2106778c16480c7cbbd7efcff93,True,True,17,1.1939620971679688,540,"{""full_mul_calls"":18,""full_columns"":540,""fr_mul_calls"":18,""fr_columns"":540,""common"":{""operator_mul_calls"":18,""operator_columns"":540,""scalar_mul_calls"":36,""scalar_columns"":1080}}","{""full_mul_calls"":19,""full_columns"":564,""fr_mul_calls"":19,""fr_columns"":564,""common"":{""operator_mul_calls"":19,""operator_columns"":564,""scalar_mul_calls"":38,""scalar_columns"":1128}}",2.3267070496389398e-14,8.525458308402866e-11
8,1,24,6,2777,Previous map from this run only,64001,3.425101677158478e-14,3.8432655105157845,b07608516a086c4ade2eeff2e4e76256239ed069fe0b726706cc0da1d7bec1d9,True,True,16,0.9727978706359863,510,"{""full_mul_calls"":17,""full_columns"":510,""fr_mul_calls"":17,""fr_columns"":510,""common"":{""operator_mul_calls"":17,""operator_columns"":510,""scalar_mul_calls"":34,""scalar_columns"":1020}}","{""full_mul_calls"":18,""full_columns"":534,""fr_mul_calls"":18,""fr_columns"":534,""common"":{""operator_mul_calls"":18,""operator_columns"":534,""scalar_mul_calls"":36,""scalar_columns"":1068}}",2.999107029390869e-14,7.87031227815635e-11
8,2,24,6,2770,Previous map from this run only,64002,3.156882973829636e-14,3.8486231439876932,5edff6f85f2e8847b5ecbd00fa593ee377185f797b58474bf70e4dff851b2799,True,True,17,1.2006490230560303,540,"{""full_mul_calls"":18,""full_columns"":540,""fr_mul_calls"":18,""fr_columns"":540,""common"":{""operator_mul_calls"":18,""operator_columns"":540,""scalar_mul_calls"":36,""scalar_columns"":1080}}","{""full_mul_calls"":19,""full_columns"":564,""fr_mul_calls"":19,""fr_columns"":564,""common"":{""operator_mul_calls"":19,""operator_columns"":564,""scalar_mul_calls"":38,""scalar_columns"":1128}}",3.185006453028454e-14,4.565250225336725e-11
8,3,24,6,2770,Previous map from this run only,64003,2.813289785875917e-14,3.8454110172757257,f4973af4de3dc3ed6c891da9a6cec67359b300ae022b7bbc351e55d74eec6b52,True,True,17,1.0323710441589355,540,"{""full_mul_calls"":18,""full_columns"":540,""fr_mul_calls"":18,""fr_columns"":540,""common"":{""operator_mul_calls"":18,""operator_columns"":540,""scalar_mul_calls"":36,""scalar_columns"":1080}}","{""full_mul_calls"":19,""full_columns"":564,""fr_mul_calls"":19,""fr_columns"":564,""common"":{""operator_mul_calls"":19,""operator_columns"":564,""scalar_mul_calls"":38,""scalar_columns"":1128}}",2.9537872383152037e-14,4.566651439194747e-11
9,1,24,6,2777,Previous map from this run only,64001,3.3723876499212597e-14,3.9273401739032554,b2c864a66deec768e88c41017c2427587d93a1080b04eb37629f953d9d6e9aff,True,True,16,0.9765360355377197,510,"{""full_mul_calls"":17,""full_columns"":510,""fr_mul_calls"":17,""fr_columns"":510,""common"":{""operator_mul_calls"":17,""operator_columns"":510,""scalar_mul_calls"":34,""scalar_columns"":1020}}","{""full_mul_calls"":18,""full_columns"":534,""fr_mul_calls"":18,""fr_columns"":534,""common"":{""operator_mul_calls"":18,""operator_columns"":534,""scalar_mul_calls"":36,""scalar_columns"":1068}}",2.886365526614148e-14,7.816003402781538e-11
9,2,24,6,2770,Previous map from this run only,64002,3.534659942306282e-14,3.902933167573681,155421a9972266f6a085a3afd2d9d4e667351bc213f3c46e07dd868bddec8705,True,True,16,1.15614914894104,510,"{""full_mul_calls"":17,""full_columns"":510,""fr_mul_calls"":17,""fr_columns"":510,""common"":{""operator_mul_calls"":17,""operator_columns"":510,""scalar_mul_calls"":34,""scalar_columns"":1020}}","{""full_mul_calls"":18,""full_columns"":534,""fr_mul_calls"":18,""fr_columns"":534,""common"":{""operator_mul_calls"":18,""operator_columns"":534,""scalar_mul_calls"":36,""scalar_columns"":1068}}",2.981680023281458e-14,9.82538323166248e-11
9,3,24,6,2770,Previous map from this run only,64003,3.497530737617092e-14,3.900158464319913,9b2d24b8871bd115744b10d4d11505194c36b0908e537d31f0357fcc4f91bb0a,True,True,16,0.9765820503234863,510,"{""full_mul_calls"":17,""full_columns"":510,""fr_mul_calls"":17,""fr_columns"":510,""common"":{""operator_mul_calls"":17,""operator_columns"":510,""scalar_mul_calls"":34,""scalar_columns"":1020}}","{""full_mul_calls"":18,""full_columns"":534,""fr_mul_calls"":18,""fr_columns"":534,""common"":{""operator_mul_calls"":18,""operator_columns"":534,""scalar_mul_calls"":36,""scalar_columns"":1068}}",2.6893619157874605e-14,9.812210453301367e-11
10,1,24,6,2777,Previous map from this run only,64001,3.296668554468773e-14,3.9001726384798254,aa5d887e930d9abed22f41758323c8b3c00687b2e2b053c0c70f3fc8142d4049,True,True,18,0.9767670631408691,520,"{""full_mul_calls"":19,""full_columns"":520,""fr_mul_calls"":19,""fr_columns"":520,""common"":{""operator_mul_calls"":19,""operator_columns"":520,""scalar_mul_calls"":38,""scalar_columns"":1040}}","{""full_mul_calls"":20,""full_columns"":544,""fr_mul_calls"":20,""fr_columns"":544,""common"":{""operator_mul_calls"":20,""operator_columns"":544,""scalar_mul_calls"":40,""scalar_columns"":1088}}",3.271558118322649e-14,9.857634002006694e-11
10,2,24,6,2770,Previous map from this run only,64002,3.310210728074763e-14,3.8788016314674465,9305308b2365bc19baae5fa3cf073744a5e685ff8d9c247a48fdbae5bd88d7cc,True,True,19,1.2083477973937988,548,"{""full_mul_calls"":20,""full_columns"":548,""fr_mul_calls"":20,""fr_columns"":548,""common"":{""operator_mul_calls"":20,""operator_columns"":548,""scalar_mul_calls"":40,""scalar_columns"":1096}}","{""full_mul_calls"":21,""full_columns"":572,""fr_mul_calls"":21,""fr_columns"":572,""common"":{""operator_mul_calls"":21,""operator_columns"":572,""scalar_mul_calls"":42,""scalar_columns"":1144}}",2.7317942936368272e-14,8.996230399183643e-11
10,3,24,6,2770,Previous map from this run only,64003,3.049648970770269e-14,3.8694920822763037,6a0ceb0f9ed14ce21705a770b0e90e069283d2ae7a50e5972f6e29d8bea958c4,True,True,19,1.034938097000122,548,"{""full_mul_calls"":20,""full_columns"":548,""fr_mul_calls"":20,""fr_columns"":548,""common"":{""operator_mul_calls"":20,""operator_columns"":548,""scalar_mul_calls"":40,""scalar_columns"":1096}}","{""full_mul_calls"":21,""full_columns"":572,""fr_mul_calls"":21,""fr_columns"":572,""common"":{""operator_mul_calls"":21,""operator_columns"":572,""scalar_mul_calls"":42,""scalar_columns"":1144}}",3.477476162712412e-14,9.438807545052585e-11
11,1,24,6,2777,Previous map from this run only,64001,3.5660344644532855e-14,3.8302939920482117,838f8448654925816f0943e40eab3829d344538106e6bff93179dce05f30b08b,True,True,20,1.0319578647613525,548,"{""full_mul_calls"":21,""full_columns"":548,""fr_mul_calls"":21,""fr_columns"":548,""common"":{""operator_mul_calls"":21,""operator_columns"":548,""scalar_mul_calls"":42,""scalar_columns"":1096}}","{""full_mul_calls"":22,""full_columns"":572,""fr_mul_calls"":22,""fr_columns"":572,""common"":{""operator_mul_calls"":22,""operator_columns"":572,""scalar_mul_calls"":44,""scalar_columns"":1144}}",3.31275550477982e-14,5.211479758208503e-11
11,2,24,6,2770,Previous map from this run only,64002,3.270123779966942e-14,3.9402128917030463,a2794f7cb2110573defaeca2d86eb0efc73c240af15e3ade8fa340f403761fae,True,True,21,1.20977783203125,560,"{""full_mul_calls"":22,""full_columns"":560,""fr_mul_calls"":22,""fr_columns"":560,""common"":{""operator_mul_calls"":22,""operator_columns"":560,""scalar_mul_calls"":44,""scalar_columns"":1120}}","{""full_mul_calls"":23,""full_columns"":584,""fr_mul_calls"":23,""fr_columns"":584,""common"":{""operator_mul_calls"":23,""operator_columns"":584,""scalar_mul_calls"":46,""scalar_columns"":1168}}",2.853039362865625e-14,9.043598576898308e-11
11,3,24,6,2770,Previous map from this run only,64003,3.9219558076118646e-14,3.822754881011016,f09dba7a6821a9bc58139041170eb119e1cd557ce988cc84aca8326bc0744af1,True,True,21,1.0441620349884033,560,"{""full_mul_calls"":22,""full_columns"":560,""fr_mul_calls"":22,""fr_columns"":560,""common"":{""operator_mul_calls"":22,""operator_columns"":560,""scalar_mul_calls"":44,""scalar_columns"":1120}}","{""full_mul_calls"":23,""full_columns"":584,""fr_mul_calls"":23,""fr_columns"":584,""common"":{""operator_mul_calls"":23,""operator_columns"":584,""scalar_mul_calls"":46,""scalar_columns"":1168}}",3.34976004862386e-14,9.054045898915821e-11
12,1,24,6,2777,Previous map from this run only,64001,3.6892420344989316e-14,3.8343011372985476,e21bc720019cf4db83ae230fd63252278652b8010ff4a1b652039d46a207462a,True,True,21,1.1965010166168213,553,"{""full_mul_calls"":22,""full_columns"":553,""fr_mul_calls"":22,""fr_columns"":553,""common"":{""operator_mul_calls"":22,""operator_columns"":553,""scalar_mul_calls"":44,""scalar_columns"":1106}}","{""full_mul_calls"":23,""full_columns"":577,""fr_mul_calls"":23,""fr_columns"":577,""common"":{""operator_mul_calls"":23,""operator_columns"":577,""scalar_mul_calls"":46,""scalar_columns"":1154}}",2.9349188582012227e-14,8.959098558988976e-11
12,2,24,6,2770,Previous map from this run only,64002,3.176920954892564e-14,3.9511658086494634,46c877c1b55e36d63c38136516b7198b3a39b685ad46bd67863d5d9b8856c124,True,True,23,1.0867729187011719,590,"{""full_mul_calls"":24,""full_columns"":590,""fr_mul_calls"":24,""fr_columns"":590,""common"":{""operator_mul_calls"":24,""operator_columns"":590,""scalar_mul_calls"":48,""scalar_columns"":1180}}","{""full_mul_calls"":25,""full_columns"":614,""fr_mul_calls"":25,""fr_columns"":614,""common"":{""operator_mul_calls"":25,""operator_columns"":614,""scalar_mul_calls"":50,""scalar_columns"":1228}}",3.2605883334339474e-14,9.788525720712133e-11
12,3,24,6,2770,Previous map from this run only,64003,3.699991518399123e-14,3.784590796831372,ae08e11a968619394f627869e514595e6f954d9ff3d77612b79e343e3273cefd,True,True,23,1.2550609111785889,589,"{""full_mul_calls"":24,""full_columns"":589,""fr_mul_calls"":24,""fr_columns"":589,""common"":{""operator_mul_calls"":24,""operator_columns"":589,""scalar_mul_calls"":48,""scalar_columns"":1178}}","{""full_mul_calls"":25,""full_columns"":613,""fr_mul_calls"":25,""fr_columns"":613,""common"":{""operator_mul_calls"":25,""operator_columns"":613,""scalar_mul_calls"":50,""scalar_columns"":1226}}",3.0050337369796256e-14,9.88410266043095e-11
13,1,24,6,2777,Previous map from this run only,64001,3.338693537214843e-14,3.9024369420051808,5d5a9d5581ed919d6d2b0a1899571a4f6e87c3f2cfcaea99122b0f2405e59d4e,True,True,23,1.0702521800994873,582,"{""full_mul_calls"":24,""full_columns"":582,""fr_mul_calls"":24,""fr_columns"":582,""common"":{""operator_mul_calls"":24,""operator_columns"":582,""scalar_mul_calls"":48,""scalar_columns"":1164}}","{""full_mul_calls"":25,""full_columns"":606,""fr_mul_calls"":25,""fr_columns"":606,""common"":{""operator_mul_calls"":25,""operator_columns"":606,""scalar_mul_calls"":50,""scalar_columns"":1212}}",3.445318538251968e-14,8.360822759194474e-11
13,2,24,6,2770,Previous map from this run only,64002,3.818158755863408e-14,3.829499280044701,7db5c18c9e17388bdbdccade550abe0955475c9c20ad41ddc0c6719e3627b937,True,True,26,1.2891018390655518,616,"{""full_mul_calls"":27,""full_columns"":616,""fr_mul_calls"":27,""fr_columns"":616,""common"":{""operator_mul_calls"":27,""operator_columns"":616,""scalar_mul_calls"":54,""scalar_columns"":1232}}","{""full_mul_calls"":28,""full_columns"":640,""fr_mul_calls"":28,""fr_columns"":640,""common"":{""operator_mul_calls"":28,""operator_columns"":640,""scalar_mul_calls"":56,""scalar_columns"":1280}}",3.5131013776494505e-14,9.352928137884593e-11
13,3,24,6,2770,Previous map from this run only,64003,3.3034255815866463e-14,3.871910970696106,c8045a78b1063dc79cb1f066aa37bb39a0a7b7165d3c3ed274626cd3ca9ac878,True,True,26,1.1255300045013428,616,"{""full_mul_calls"":27,""full_columns"":616,""fr_mul_calls"":27,""fr_columns"":616,""common"":{""operator_mul_calls"":27,""operator_columns"":616,""scalar_mul_calls"":54,""scalar_columns"":1232}}","{""full_mul_calls"":28,""full_columns"":640,""fr_mul_calls"":28,""fr_columns"":640,""common"":{""operator_mul_calls"":28,""operator_columns"":640,""scalar_mul_calls"":56,""scalar_columns"":1280}}",3.096504198056712e-14,9.667583320620597e-11
14,1,24,6,2777,Previous map from this run only,64001,3.9407173013382593e-14,3.913014811317587,eff01d916cebf7e57059f47c54add4b998163375bb6dafa4c99bedbd3e8744eb,True,True,22,1.0325250625610352,564,"{""full_mul_calls"":23,""full_columns"":564,""fr_mul_calls"":23,""fr_columns"":564,""common"":{""operator_mul_calls"":23,""operator_columns"":564,""scalar_mul_calls"":46,""scalar_columns"":1128}}","{""full_mul_calls"":24,""full_columns"":588,""fr_mul_calls"":24,""fr_columns"":588,""common"":{""operator_mul_calls"":24,""operator_columns"":588,""scalar_mul_calls"":48,""scalar_columns"":1176}}",2.7114581922063492e-14,9.362163365651751e-11
14,2,24,6,2770,Previous map from this run only,64002,3.994504648357636e-14,3.8200960205242103,b78c04943854edea15a3f0550c6734b7d9f245db11cc8dbf288a25bf8e99c80b,True,True,27,1.281562089920044,622,"{""full_mul_calls"":28,""full_columns"":622,""fr_mul_calls"":28,""fr_columns"":622,""common"":{""operator_mul_calls"":28,""operator_columns"":622,""scalar_mul_calls"":56,""scalar_columns"":1244}}","{""full_mul_calls"":29,""full_columns"":646,""fr_mul_calls"":29,""fr_columns"":646,""common"":{""operator_mul_calls"":29,""operator_columns"":646,""scalar_mul_calls"":58,""scalar_columns"":1292}}",2.98043860374046e-14,8.916581178073927e-11
14,3,24,6,2770,Previous map from this run only,64003,3.737191272827104e-14,3.909393768342477,a1eca06c79ad795b9cd11ac74b96085760b2cf93bcb33167c57ea4ed93952999,True,True,27,1.1212139129638672,622,"{""full_mul_calls"":28,""full_columns"":622,""fr_mul_calls"":28,""fr_columns"":622,""common"":{""operator_mul_calls"":28,""operator_columns"":622,""scalar_mul_calls"":56,""scalar_columns"":1244}}","{""full_mul_calls"":29,""full_columns"":646,""fr_mul_calls"":29,""fr_columns"":646,""common"":{""operator_mul_calls"":29,""operator_columns"":646,""scalar_mul_calls"":58,""scalar_columns"":1292}}",2.736711591730561e-14,9.94605874587867e-11
15,1,24,6,2777,Previous map from this run only,64001,3.1482119512210004e-14,3.7811462655875134,17baba6e4eb5aa112c83c3b044b714cdb32b1b19763fcea985511dbf565560f4,True,True,23,1.0477919578552246,572,"{""full_mul_calls"":24,""full_columns"":572,""fr_mul_calls"":24,""fr_columns"":572,""common"":{""operator_mul_calls"":24,""operator_columns"":572,""scalar_mul_calls"":48,""scalar_columns"":1144}}","{""full_mul_calls"":25,""full_columns"":596,""fr_mul_calls"":25,""fr_columns"":596,""common"":{""operator_mul_calls"":25,""operator_columns"":596,""scalar_mul_calls"":50,""scalar_columns"":1192}}",3.060453413993333e-14,9.260825615816472e-11
15,2,24,6,2770,Previous map from this run only,64002,3.6731118880318825e-14,3.8241756987342135,d4af6d7f49fd1e62a49fbdd9ebea7178fa22a62de206827408d931e60b750418,True,True,28,1.3233630657196045,632,"{""full_mul_calls"":29,""full_columns"":632,""fr_mul_calls"":29,""fr_columns"":632,""common"":{""operator_mul_calls"":29,""operator_columns"":632,""scalar_mul_calls"":58,""scalar_columns"":1264}}","{""full_mul_calls"":30,""full_columns"":656,""fr_mul_calls"":30,""fr_columns"":656,""common"":{""operator_mul_calls"":30,""operator_columns"":656,""scalar_mul_calls"":60,""scalar_columns"":1312}}",3.978965107289571e-14,9.117670018320609e-11
15,3,24,6,2770,Previous map from this run only,64003,3.212731763313997e-14,3.8239270185556786,ca092907cd5ce781589d150209d3c7d3ee4de355305714bbe45368ea2e9c7275,True,True,29,1.1554551124572754,640,"{""full_mul_calls"":30,""full_columns"":640,""fr_mul_calls"":30,""fr_columns"":640,""common"":{""operator_mul_calls"":30,""operator_columns"":640,""scalar_mul_calls"":60,""scalar_columns"":1280}}","{""full_mul_calls"":31,""full_columns"":664,""fr_mul_calls"":31,""fr_columns"":664,""common"":{""operator_mul_calls"":31,""operator_columns"":664,""scalar_mul_calls"":62,""scalar_columns"":1328}}",3.135671125521603e-14,9.291673989145969e-11
16,1,24,6,2777,Previous map from this run only,64001,3.6752470795250027e-14,3.867985217642575,0551c517b48d544c8a0c22cbf201389c1802b728b3d4588aca86c6a05b9d71ae,True,True,27,1.0457160472869873,583,"{""full_mul_calls"":28,""full_columns"":583,""fr_mul_calls"":28,""fr_columns"":583,""common"":{""operator_mul_calls"":28,""operator_columns"":583,""scalar_mul_calls"":56,""scalar_columns"":1166}}","{""full_mul_calls"":29,""full_columns"":607,""fr_mul_calls"":29,""fr_columns"":607,""common"":{""operator_mul_calls"":29,""operator_columns"":607,""scalar_mul_calls"":58,""scalar_columns"":1214}}",2.8551495649032544e-14,9.633535331124335e-11
16,2,24,6,2770,Previous map from this run only,64002,4.4161724663449196e-14,3.9269746530834566,d27aa2a69dedb56d3b887e6c26b225a2345b546b091d69785d98b8d32918afb0,True,True,30,1.3171610832214355,638,"{""full_mul_calls"":31,""full_columns"":638,""fr_mul_calls"":31,""fr_columns"":638,""common"":{""operator_mul_calls"":31,""operator_columns"":638,""scalar_mul_calls"":62,""scalar_columns"":1276}}","{""full_mul_calls"":32,""full_columns"":662,""fr_mul_calls"":32,""fr_columns"":662,""common"":{""operator_mul_calls"":32,""operator_columns"":662,""scalar_mul_calls"":64,""scalar_columns"":1324}}",3.580245936492223e-14,9.761440338147443e-11
16,3,24,6,2770,Previous map from this run only,64003,3.6951192280194864e-14,3.881544440967483,6b13a87ad5c3f9dd724e480804a6cbe8440fb2a1582d0a7a526b2818db45e1d2,True,True,29,1.1331310272216797,630,"{""full_mul_calls"":30,""full_columns"":630,""fr_mul_calls"":30,""fr_columns"":630,""common"":{""operator_mul_calls"":30,""operator_columns"":630,""scalar_mul_calls"":60,""scalar_columns"":1260}}","{""full_mul_calls"":31,""full_columns"":654,""fr_mul_calls"":31,""fr_columns"":654,""common"":{""operator_mul_calls"":31,""operator_columns"":654,""scalar_mul_calls"":62,""scalar_columns"":1308}}",3.156586707932073e-14,9.861768596774067e-11
17,1,24,6,2777,Previous map from this run only,64001,3.379973596620543e-14,3.794353969253436,2cb2fd063381b1920435685418a2a8ee3971d708286f49ba784aac27bdbc5533,True,True,28,1.2574799060821533,601,"{""full_mul_calls"":29,""full_columns"":601,""fr_mul_calls"":29,""fr_columns"":601,""common"":{""operator_mul_calls"":29,""operator_columns"":601,""scalar_mul_calls"":58,""scalar_columns"":1202}}","{""full_mul_calls"":30,""full_columns"":625,""fr_mul_calls"":30,""fr_columns"":625,""common"":{""operator_mul_calls"":30,""operator_columns"":625,""scalar_mul_calls"":60,""scalar_columns"":1250}}",2.833373734660276e-14,9.04056235011344e-11
17,2,24,6,2770,Previous map from this run only,64002,3.975451716106018e-14,3.822154117837717,af89c3653e72f6be3ae702f94c24d5e7aed00b293a6604b28e29c5a3deb501b6,True,True,29,1.1283249855041504,632,"{""full_mul_calls"":30,""full_columns"":632,""fr_mul_calls"":30,""fr_columns"":632,""common"":{""operator_mul_calls"":30,""operator_columns"":632,""scalar_mul_calls"":60,""scalar_columns"":1264}}","{""full_mul_calls"":31,""full_columns"":656,""fr_mul_calls"":31,""fr_columns"":656,""common"":{""operator_mul_calls"":31,""operator_columns"":656,""scalar_mul_calls"":62,""scalar_columns"":1312}}",3.229559732685666e-14,9.766308743578648e-11
17,3,24,6,2770,Previous map from this run only,64003,3.9090505864483104e-14,3.972350355506441,a491ded0239c484e210c4edcd9e57b57a03b64530f2f4a539891aa8e0d6582d4,True,True,29,1.31535005569458,634,"{""full_mul_calls"":30,""full_columns"":634,""fr_mul_calls"":30,""fr_columns"":634,""common"":{""operator_mul_calls"":30,""operator_columns"":634,""scalar_mul_calls"":60,""scalar_columns"":1268}}","{""full_mul_calls"":31,""full_columns"":658,""fr_mul_calls"":31,""fr_columns"":658,""common"":{""operator_mul_calls"":31,""operator_columns"":658,""scalar_mul_calls"":62,""scalar_columns"":1316}}",2.847767652259498e-14,8.645094102285203e-11
18,1,24,6,2777,Previous map from this run only,64001,3.625293906910407e-14,3.8414947689489876,f69e40080a00310a2992ed6c421c9066e1f1102d5d8fe21665aa27382a9fb688,True,True,30,1.1005959510803223,614,"{""full_mul_calls"":31,""full_columns"":614,""fr_mul_calls"":31,""fr_columns"":614,""common"":{""operator_mul_calls"":31,""operator_columns"":614,""scalar_mul_calls"":62,""scalar_columns"":1228}}","{""full_mul_calls"":32,""full_columns"":638,""fr_mul_calls"":32,""fr_columns"":638,""common"":{""operator_mul_calls"":32,""operator_columns"":638,""scalar_mul_calls"":64,""scalar_columns"":1276}}",3.201763400856625e-14,8.303727017075997e-11
18,2,24,6,2770,Previous map from this run only,64002,3.7558843970870736e-14,3.936159883312539,5003e69c1afc26b111d1f66581b30826bc190e34eba2137dc967d3321264a6c4,True,True,30,1.2868399620056152,639,"{""full_mul_calls"":31,""full_columns"":639,""fr_mul_calls"":31,""fr_columns"":639,""common"":{""operator_mul_calls"":31,""operator_columns"":639,""scalar_mul_calls"":62,""scalar_columns"":1278}}","{""full_mul_calls"":32,""full_columns"":663,""fr_mul_calls"":32,""fr_columns"":663,""common"":{""operator_mul_calls"":32,""operator_columns"":663,""scalar_mul_calls"":64,""scalar_columns"":1326}}",3.7666731993232407e-14,9.973443426570149e-11
18,3,24,6,2770,Previous map from this run only,64003,3.549946378814047e-14,3.882804182050723,9246f2b94a19adc0bd7ea48b844328663eeb59402cfbf8baf810316c825a40d0,True,True,30,1.3352930545806885,641,"{""full_mul_calls"":31,""full_columns"":641,""fr_mul_calls"":31,""fr_columns"":641,""common"":{""operator_mul_calls"":31,""operator_columns"":641,""scalar_mul_calls"":62,""scalar_columns"":1282}}","{""full_mul_calls"":32,""full_columns"":665,""fr_mul_calls"":32,""fr_columns"":665,""common"":{""operator_mul_calls"":32,""operator_columns"":665,""scalar_mul_calls"":64,""scalar_columns"":1330}}",2.5868929454212795e-14,9.716597717558304e-11
19,1,24,6,2777,Previous map from this run only,64001,3.508355837377846e-14,3.881254907046699,2855dc91ba6bb742434750cf6e49d8bb04c4811e8e8801dc2df74d5d6b594fe9,True,True,31,1.1137878894805908,622,"{""full_mul_calls"":32,""full_columns"":622,""fr_mul_calls"":32,""fr_columns"":622,""common"":{""operator_mul_calls"":32,""operator_columns"":622,""scalar_mul_calls"":64,""scalar_columns"":1244}}","{""full_mul_calls"":33,""full_columns"":646,""fr_mul_calls"":33,""fr_columns"":646,""common"":{""operator_mul_calls"":33,""operator_columns"":646,""scalar_mul_calls"":66,""scalar_columns"":1292}}",2.6667090580677106e-14,9.701041622954286e-11
19,2,24,6,2770,Previous map from this run only,64002,4.1555039506461826e-14,3.8802059738804275,dbb4818ab8aec2fefa07b8636da839a7bdbaef5cbdaeda6b8c49ded7af4fe2f9,True,True,29,1.3045880794525146,632,"{""full_mul_calls"":30,""full_columns"":632,""fr_mul_calls"":30,""fr_columns"":632,""common"":{""operator_mul_calls"":30,""operator_columns"":632,""scalar_mul_calls"":60,""scalar_columns"":1264}}","{""full_mul_calls"":31,""full_columns"":656,""fr_mul_calls"":31,""fr_columns"":656,""common"":{""operator_mul_calls"":31,""operator_columns"":656,""scalar_mul_calls"":62,""scalar_columns"":1312}}",2.959831181287255e-14,8.153989132252461e-11
19,3,24,6,2770,Previous map from this run only,64003,3.182207189759258e-14,3.924378133184094,6fcfe3b27e0b447bc395d769a43b64e4d3f713fb0f6d8ffad0ad3e19c12d268d,True,True,29,1.1259360313415527,632,"{""full_mul_calls"":30,""full_columns"":632,""fr_mul_calls"":30,""fr_columns"":632,""common"":{""operator_mul_calls"":30,""operator_columns"":632,""scalar_mul_calls"":60,""scalar_columns"":1264}}","{""full_mul_calls"":31,""full_columns"":656,""fr_mul_calls"":31,""fr_columns"":656,""common"":{""operator_mul_calls"":31,""operator_columns"":656,""scalar_mul_calls"":62,""scalar_columns"":1312}}",3.733774823995015e-14,8.113050291236614e-11
20,1,24,6,2777,Previous map from this run only,64001,3.049242768011127e-14,3.763107273337806,8602a6dd305421a2107bca5e39bc9e2dfa94ef8c4fc5e85662a3323c6529616c,True,True,33,1.1286211013793945,640,"{""full_mul_calls"":34,""full_columns"":640,""fr_mul_calls"":34,""fr_columns"":640,""common"":{""operator_mul_calls"":34,""operator_columns"":640,""scalar_mul_calls"":68,""scalar_columns"":1280}}","{""full_mul_calls"":35,""full_columns"":664,""fr_mul_calls"":35,""fr_columns"":664,""common"":{""operator_mul_calls"":35,""operator_columns"":664,""scalar_mul_calls"":70,""scalar_columns"":1328}}",3.296786541078645e-14,9.43489814950282e-11
20,2,24,6,2770,Previous map from this run only,64002,3.672928575157886e-14,3.9243416020947985,f6b8bd6676fdc2658a82313ea394d019dfd06f00e06ce6510a3807d8f4bd585f,True,True,28,1.2970240116119385,626,"{""full_mul_calls"":29,""full_columns"":626,""fr_mul_calls"":29,""fr_columns"":626,""common"":{""operator_mul_calls"":29,""operator_columns"":626,""scalar_mul_calls"":58,""scalar_columns"":1252}}","{""full_mul_calls"":30,""full_columns"":650,""fr_mul_calls"":30,""fr_columns"":650,""common"":{""operator_mul_calls"":30,""operator_columns"":650,""scalar_mul_calls"":60,""scalar_columns"":1300}}",2.785692878852348e-14,8.177482170126624e-11
20,3,24,6,2770,Previous map from this run only,64003,4.305696440257027e-14,3.8787672016254975,04b313eb0c1884da8f219b46057ee797213920aac4b6ea66c49cfc88a04ba2d2,True,True,28,1.1248490810394287,626,"{""full_mul_calls"":29,""full_columns"":626,""fr_mul_calls"":29,""fr_columns"":626,""common"":{""operator_mul_calls"":29,""operator_columns"":626,""scalar_mul_calls"":58,""scalar_columns"":1252}}","{""full_mul_calls"":30,""full_columns"":650,""fr_mul_calls"":30,""fr_columns"":650,""common"":{""operator_mul_calls"":30,""operator_columns"":650,""scalar_mul_calls"":60,""scalar_columns"":1300}}",2.5019124153497003e-14,9.074572570109024e-11
21,1,24,6,2777,Previous map from this run only,64001,3.6576919293594086e-14,3.853110052119964,1be5f8cb57ba439f9ce7de0ce2dc3e2cab25c39ae7a82d5a4c62317c8de5f043,True,True,37,1.1670489311218262,672,"{""full_mul_calls"":38,""full_columns"":672,""fr_mul_calls"":38,""fr_columns"":672,""common"":{""operator_mul_calls"":38,""operator_columns"":672,""scalar_mul_calls"":76,""scalar_columns"":1344}}","{""full_mul_calls"":39,""full_columns"":696,""fr_mul_calls"":39,""fr_columns"":696,""common"":{""operator_mul_calls"":39,""operator_columns"":696,""scalar_mul_calls"":78,""scalar_columns"":1392}}",2.5156720570927094e-14,9.54013523958921e-11
21,2,24,6,2770,Previous map from this run only,64002,3.2339590531428855e-14,3.9959521319353564,81e6a0a7fdffeb1fb2fa3824fab5806d49c325aec0e02a720172d3098c5bca9d,True,True,26,1.2503409385681152,600,"{""full_mul_calls"":27,""full_columns"":600,""fr_mul_calls"":27,""fr_columns"":600,""common"":{""operator_mul_calls"":27,""operator_columns"":600,""scalar_mul_calls"":54,""scalar_columns"":1200}}","{""full_mul_calls"":28,""full_columns"":624,""fr_mul_calls"":28,""fr_columns"":624,""common"":{""operator_mul_calls"":28,""operator_columns"":624,""scalar_mul_calls"":56,""scalar_columns"":1248}}",3.261185564306248e-14,9.255255073106463e-11
21,3,24,6,2770,Previous map from this run only,64003,2.938094140485779e-14,3.9987311901741007,a938e2ebce29841ca5ca01ca98721b3763b0592f768f8416fc4dd801047ad681,True,True,26,1.08042311668396,599,"{""full_mul_calls"":27,""full_columns"":599,""fr_mul_calls"":27,""fr_columns"":599,""common"":{""operator_mul_calls"":27,""operator_columns"":599,""scalar_mul_calls"":54,""scalar_columns"":1198}}","{""full_mul_calls"":28,""full_columns"":623,""fr_mul_calls"":28,""fr_columns"":623,""common"":{""operator_mul_calls"":28,""operator_columns"":623,""scalar_mul_calls"":56,""scalar_columns"":1246}}",3.344394378683856e-14,9.893922526604431e-11
22,1,24,6,2777,Previous map from this run only,64001,3.138055342789041e-14,3.9232763953985734,c1de3233710a4adc92f021ad3d96a796b58dc3fe895cd1f7354720cb3c817e9a,True,True,39,1.2145419120788574,696,"{""full_mul_calls"":40,""full_columns"":696,""fr_mul_calls"":40,""fr_columns"":696,""common"":{""operator_mul_calls"":40,""operator_columns"":696,""scalar_mul_calls"":80,""scalar_columns"":1392}}","{""full_mul_calls"":41,""full_columns"":720,""fr_mul_calls"":41,""fr_columns"":720,""common"":{""operator_mul_calls"":41,""operator_columns"":720,""scalar_mul_calls"":82,""scalar_columns"":1440}}",3.4466141187867973e-14,8.232634545965291e-11
22,2,24,6,2770,Previous map from this run only,64002,3.678621718562608e-14,3.944901342582424,6cccb7b7f2e02a085a483be4c723c04d2406b9d3f87d120c7c606f78410c5622,True,True,27,1.2683558464050293,608,"{""full_mul_calls"":28,""full_columns"":608,""fr_mul_calls"":28,""fr_columns"":608,""common"":{""operator_mul_calls"":28,""operator_columns"":608,""scalar_mul_calls"":56,""scalar_columns"":1216}}","{""full_mul_calls"":29,""full_columns"":632,""fr_mul_calls"":29,""fr_columns"":632,""common"":{""operator_mul_calls"":29,""operator_columns"":632,""scalar_mul_calls"":58,""scalar_columns"":1264}}",2.8623431210023257e-14,9.462694900969585e-11
22,3,24,6,2770,Previous map from this run only,64003,3.7318542025972144e-14,3.7632682401756514,76d38214507f4a78c6b4d4ed241dbc023990edcb16b9c2c2eceee7241b80c66a,True,True,27,1.0938239097595215,608,"{""full_mul_calls"":28,""full_columns"":608,""fr_mul_calls"":28,""fr_columns"":608,""common"":{""operator_mul_calls"":28,""operator_columns"":608,""scalar_mul_calls"":56,""scalar_columns"":1216}}","{""full_mul_calls"":29,""full_columns"":632,""fr_mul_calls"":29,""fr_columns"":632,""common"":{""operator_mul_calls"":29,""operator_columns"":632,""scalar_mul_calls"":58,""scalar_columns"":1264}}",3.079583133476327e-14,9.292059416721533e-11
23,1,24,6,2777,Previous map from this run only,64001,4.218217971024396e-14,3.8159136427085416,b21a66d36c09a6f1688203ad56170fbfb56d17f869729e992453fa4f2099ff0c,True,True,45,1.2679979801177979,731,"{""full_mul_calls"":46,""full_columns"":731,""fr_mul_calls"":46,""fr_columns"":731,""common"":{""operator_mul_calls"":46,""operator_columns"":731,""scalar_mul_calls"":92,""scalar_columns"":1462}}","{""full_mul_calls"":47,""full_columns"":755,""fr_mul_calls"":47,""fr_columns"":755,""common"":{""operator_mul_calls"":47,""operator_columns"":755,""scalar_mul_calls"":94,""scalar_columns"":1510}}",2.9443401903929015e-14,9.178595735343142e-11
23,2,24,6,2770,Previous map from this run only,64002,3.210686111573072e-14,3.805303281936551,6463b46e90ee0c358283899eb1f8d71f7937aa9ce902798bca77d751bfd66638,True,True,27,1.2727820873260498,610,"{""full_mul_calls"":28,""full_columns"":610,""fr_mul_calls"":28,""fr_columns"":610,""common"":{""operator_mul_calls"":28,""operator_columns"":610,""scalar_mul_calls"":56,""scalar_columns"":1220}}","{""full_mul_calls"":29,""full_columns"":634,""fr_mul_calls"":29,""fr_columns"":634,""common"":{""operator_mul_calls"":29,""operator_columns"":634,""scalar_mul_calls"":58,""scalar_columns"":1268}}",2.565258060080448e-14,8.170896215869475e-11
23,3,24,6,2770,Previous map from this run only,64003,3.615293224498949e-14,3.8272723316510167,f7831ef83294043eafe388cc68ec0413b054aa4e77158c71277db67b6c4477e8,True,True,26,1.08793306350708,602,"{""full_mul_calls"":27,""full_columns"":602,""fr_mul_calls"":27,""fr_columns"":602,""common"":{""operator_mul_calls"":27,""operator_columns"":602,""scalar_mul_calls"":54,""scalar_columns"":1204}}","{""full_mul_calls"":28,""full_columns"":626,""fr_mul_calls"":28,""fr_columns"":626,""common"":{""operator_mul_calls"":28,""operator_columns"":626,""scalar_mul_calls"":56,""scalar_columns"":1252}}",3.261932574192782e-14,9.768897588600312e-11
24,1,24,6,2777,Previous map from this run only,64001,3.4885397795692667e-14,3.930726957758069,0ab7880b96c684d589b4a69be2f1c8629b288e0655290098ffcccba5880b4de6,True,True,47,1.2832400798797607,750,"{""full_mul_calls"":48,""full_columns"":750,""fr_mul_calls"":48,""fr_columns"":750,""common"":{""operator_mul_calls"":48,""operator_columns"":750,""scalar_mul_calls"":96,""scalar_columns"":1500}}","{""full_mul_calls"":49,""full_columns"":774,""fr_mul_calls"":49,""fr_columns"":774,""common"":{""operator_mul_calls"":49,""operator_columns"":774,""scalar_mul_calls"":98,""scalar_columns"":1548}}",2.9204892040309266e-14,9.0946966840079e-11
24,2,24,6,2770,Previous map from this run only,64002,3.0952104587097646e-14,3.833127492654061,1937b924401834328641474e125aa1d22102e1c6cecdb0ce491da1fadfdf34fd,True,True,26,1.2389540672302246,593,"{""full_mul_calls"":27,""full_columns"":593,""fr_mul_calls"":27,""fr_columns"":593,""common"":{""operator_mul_calls"":27,""operator_columns"":593,""scalar_mul_calls"":54,""scalar_columns"":1186}}","{""full_mul_calls"":28,""full_columns"":617,""fr_mul_calls"":28,""fr_columns"":617,""common"":{""operator_mul_calls"":28,""operator_columns"":617,""scalar_mul_calls"":56,""scalar_columns"":1234}}",3.5480638884329025e-14,9.41789705075269e-11
24,3,24,6,2770,Previous map from this run only,64003,3.8659409375594154e-14,3.8413626278658084,3c4c85c334319e13660e8cdb8954654e2921f301f7054dc66ba8857a876751a6,True,True,26,1.0712549686431885,593,"{""full_mul_calls"":27,""full_columns"":593,""fr_mul_calls"":27,""fr_columns"":593,""common"":{""operator_mul_calls"":27,""operator_columns"":593,""scalar_mul_calls"":54,""scalar_columns"":1186}}","{""full_mul_calls"":28,""full_columns"":617,""fr_mul_calls"":28,""fr_columns"":617,""common"":{""operator_mul_calls"":28,""operator_columns"":617,""scalar_mul_calls"":56,""scalar_columns"":1234}}",2.9866669447958833e-14,9.360804342510894e-11
25,1,24,6,2777,Previous map from this run only,64001,3.699157380235363e-14,3.868807301424432,7955824a017e6c3d7599638e75b2a65948a7d5241eb9101f32d1d9d7339e9e88,True,True,51,1.3228099346160889,774,"{""full_mul_calls"":52,""full_columns"":774,""fr_mul_calls"":52,""fr_columns"":774,""common"":{""operator_mul_calls"":52,""operator_columns"":774,""scalar_mul_calls"":104,""scalar_columns"":1548}}","{""full_mul_calls"":53,""full_columns"":798,""fr_mul_calls"":53,""fr_columns"":798,""common"":{""operator_mul_calls"":53,""operator_columns"":798,""scalar_mul_calls"":106,""scalar_columns"":1596}}",2.422964783403311e-14,9.573111054806671e-11
25,2,24,6,2770,Previous map from this run only,64002,4.140480445535601e-14,3.7966669308680023,f88fb85a846489c995e18663fd3a389afce2c221ae1614e69d3c93e0884046d5,True,True,26,1.2208139896392822,588,"{""full_mul_calls"":27,""full_columns"":588,""fr_mul_calls"":27,""fr_columns"":588,""common"":{""operator_mul_calls"":27,""operator_columns"":588,""scalar_mul_calls"":54,""scalar_columns"":1176}}","{""full_mul_calls"":28,""full_columns"":612,""fr_mul_calls"":28,""fr_columns"":612,""common"":{""operator_mul_calls"":28,""operator_columns"":612,""scalar_mul_calls"":56,""scalar_columns"":1224}}",3.122878519499726e-14,8.231866897777247e-11
25,3,24,6,2770,Previous map from this run only,64003,3.615706521383096e-14,3.83019963667098,bb7d75434106f872a7ebb526f44569759b0e502a9d55f9386f2da9b397a46c84,True,True,26,1.0622529983520508,588,"{""full_mul_calls"":27,""full_columns"":588,""fr_mul_calls"":27,""fr_columns"":588,""common"":{""operator_mul_calls"":27,""operator_columns"":588,""scalar_mul_calls"":54,""scalar_columns"":1176}}","{""full_mul_calls"":28,""full_columns"":612,""fr_mul_calls"":28,""fr_columns"":612,""common"":{""operator_mul_calls"":28,""operator_columns"":612,""scalar_mul_calls"":56,""scalar_columns"":1224}}",2.709884103844548e-14,8.584544095085324e-11
26,1,24,6,2777,Previous map from this run only,64001,2.938195140858281e-14,3.8617670170672285,ee5597a572a9f5f9f4eae9b70199088b6098692e75029e85c9392f00533abbba,True,True,54,1.3441081047058105,797,"{""full_mul_calls"":55,""full_columns"":797,""fr_mul_calls"":55,""fr_columns"":797,""common"":{""operator_mul_calls"":55,""operator_columns"":797,""scalar_mul_calls"":110,""scalar_columns"":1594}}","{""full_mul_calls"":56,""full_columns"":821,""fr_mul_calls"":56,""fr_columns"":821,""common"":{""operator_mul_calls"":56,""operator_columns"":821,""scalar_mul_calls"":112,""scalar_columns"":1642}}",2.3198944756463277e-14,9.87733001302886e-11
26,2,24,6,2770,Previous map from this run only,64002,3.508467858849778e-14,3.7836379973940146,1f5b018f4c45b7b17c70a0b4c68f263b8a60268511464ba9249ad9a14d19b5f5,True,True,24,1.1897380352020264,568,"{""full_mul_calls"":25,""full_columns"":568,""fr_mul_calls"":25,""fr_columns"":568,""common"":{""operator_mul_calls"":25,""operator_columns"":568,""scalar_mul_calls"":50,""scalar_columns"":1136}}","{""full_mul_calls"":26,""full_columns"":592,""fr_mul_calls"":26,""fr_columns"":592,""common"":{""operator_mul_calls"":26,""operator_columns"":592,""scalar_mul_calls"":52,""scalar_columns"":1184}}",3.380103984483674e-14,9.900967072909165e-11
26,3,24,6,2770,Previous map from this run only,64003,3.1591609919401445e-14,3.769281762560638,61cccddcd808afde02d269c5e45e288cf34ef3b3b80bc2738b75cfc27c67ec03,True,True,24,1.032080888748169,568,"{""full_mul_calls"":25,""full_columns"":568,""fr_mul_calls"":25,""fr_columns"":568,""common"":{""operator_mul_calls"":25,""operator_columns"":568,""scalar_mul_calls"":50,""scalar_columns"":1136}}","{""full_mul_calls"":26,""full_columns"":592,""fr_mul_calls"":26,""fr_columns"":592,""common"":{""operator_mul_calls"":26,""operator_columns"":592,""scalar_mul_calls"":52,""scalar_columns"":1184}}",3.116819915799687e-14,9.74898361695355e-11
27,1,24,6,2777,Previous map from this run only,64001,3.6049264403140324e-14,4.051715145405215,3742a0a6bfb9ed1472d508b90cc0b4bc914539e12e99f0e77b170019f3f2dac7,True,True,51,1.3558628559112549,774,"{""full_mul_calls"":52,""full_columns"":774,""fr_mul_calls"":52,""fr_columns"":774,""common"":{""operator_mul_calls"":52,""operator_columns"":774,""scalar_mul_calls"":104,""scalar_columns"":1548}}","{""full_mul_calls"":53,""full_columns"":798,""fr_mul_calls"":53,""fr_columns"":798,""common"":{""operator_mul_calls"":53,""operator_columns"":798,""scalar_mul_calls"":106,""scalar_columns"":1596}}",2.49331252312783e-14,9.739845169011178e-11
27,2,24,6,2770,Previous map from this run only,64002,3.900135097257326e-14,3.8154030307355082,194bdb554c7bc5ebcd039d2e9465d5df7f5871fdb2a94bb5b019eb1e786ad426,True,True,25,1.211806058883667,576,"{""full_mul_calls"":26,""full_columns"":576,""fr_mul_calls"":26,""fr_columns"":576,""common"":{""operator_mul_calls"":26,""operator_columns"":576,""scalar_mul_calls"":52,""scalar_columns"":1152}}","{""full_mul_calls"":27,""full_columns"":600,""fr_mul_calls"":27,""fr_columns"":600,""common"":{""operator_mul_calls"":27,""operator_columns"":600,""scalar_mul_calls"":54,""scalar_columns"":1200}}",2.9897097133574046e-14,9.137977371810055e-11
27,3,24,6,2770,Previous map from this run only,64003,3.868680632412502e-14,3.8853770151360405,03cbb4a5726b0fdf12123f7fe20379cfdf226e5aacec6b21b200c6902a400d0e,True,True,26,1.0457179546356201,584,"{""full_mul_calls"":27,""full_columns"":584,""fr_mul_calls"":27,""fr_columns"":584,""common"":{""operator_mul_calls"":27,""operator_columns"":584,""scalar_mul_calls"":54,""scalar_columns"":1168}}","{""full_mul_calls"":28,""full_columns"":608,""fr_mul_calls"":28,""fr_columns"":608,""common"":{""operator_mul_calls"":28,""operator_columns"":608,""scalar_mul_calls"":56,""scalar_columns"":1216}}",2.9698618786266107e-14,9.368125071901505e-11
28,1,24,6,2777,Previous map from this run only,64001,3.2329779333604343e-14,3.8513708811672807,4f8490dbf648636c4898fc31bc5cd951fa6fd52efea75eadcb3c63a148c4b752,True,True,52,1.5050389766693115,777,"{""full_mul_calls"":53,""full_columns"":777,""fr_mul_calls"":53,""fr_columns"":777,""common"":{""operator_mul_calls"":53,""operator_columns"":777,""scalar_mul_calls"":106,""scalar_columns"":1554}}","{""full_mul_calls"":54,""full_columns"":801,""fr_mul_calls"":54,""fr_columns"":801,""common"":{""operator_mul_calls"":54,""operator_columns"":801,""scalar_mul_calls"":108,""scalar_columns"":1602}}",2.261600558262182e-14,9.954879764686052e-11
28,2,24,6,2770,Previous map from this run only,64002,3.560946640354541e-14,3.888695237895509,eee8da540a74133e761bc90ce84d266dbb191313376ed2179b1202d1d51bde8e,True,True,24,1.0307860374450684,568,"{""full_mul_calls"":25,""full_columns"":568,""fr_mul_calls"":25,""fr_columns"":568,""common"":{""operator_mul_calls"":25,""operator_columns"":568,""scalar_mul_calls"":50,""scalar_columns"":1136}}","{""full_mul_calls"":26,""full_columns"":592,""fr_mul_calls"":26,""fr_columns"":592,""common"":{""operator_mul_calls"":26,""operator_columns"":592,""scalar_mul_calls"":52,""scalar_columns"":1184}}",3.0249024979663295e-14,9.935167555538567e-11
28,3,24,6,2770,Previous map from this run only,64003,3.417457216047854e-14,4.009304048007192,282bfd233781c25a0a9df0ae151d7e19d07baa83ae41172299f5758f2e070c40,True,True,24,1.226119041442871,568,"{""full_mul_calls"":25,""full_columns"":568,""fr_mul_calls"":25,""fr_columns"":568,""common"":{""operator_mul_calls"":25,""operator_columns"":568,""scalar_mul_calls"":50,""scalar_columns"":1136}}","{""full_mul_calls"":26,""full_columns"":592,""fr_mul_calls"":26,""fr_columns"":592,""common"":{""operator_mul_calls"":26,""operator_columns"":592,""scalar_mul_calls"":52,""scalar_columns"":1184}}",2.4847548157657896e-14,9.691815858179535e-11
29,1,24,6,2777,Previous map from this run only,64001,3.8487940556031285e-14,3.8164468532245905,4a2a594db2a3b6cc1a88e72f95bb20eb3395c80217166dab765cc044b12f9291,True,True,55,1.508857011795044,792,"{""full_mul_calls"":56,""full_columns"":792,""fr_mul_calls"":56,""fr_columns"":792,""common"":{""operator_mul_calls"":56,""operator_columns"":792,""scalar_mul_calls"":112,""scalar_columns"":1584}}","{""full_mul_calls"":57,""full_columns"":816,""fr_mul_calls"":57,""fr_columns"":816,""common"":{""operator_mul_calls"":57,""operator_columns"":816,""scalar_mul_calls"":114,""scalar_columns"":1632}}",2.9179691925630744e-14,8.597388378099396e-11
29,2,24,6,2770,Previous map from this run only,64002,3.457052758255822e-14,4.016231873923273,85ad725da72cf93921cde06ec0296d45576058a91e31b691c799e86105877bf3,True,True,24,1.029129981994629,568,"{""full_mul_calls"":25,""full_columns"":568,""fr_mul_calls"":25,""fr_columns"":568,""common"":{""operator_mul_calls"":25,""operator_columns"":568,""scalar_mul_calls"":50,""scalar_columns"":1136}}","{""full_mul_calls"":26,""full_columns"":592,""fr_mul_calls"":26,""fr_columns"":592,""common"":{""operator_mul_calls"":26,""operator_columns"":592,""scalar_mul_calls"":52,""scalar_columns"":1184}}",3.21307098885032e-14,7.76305400676038e-11
29,3,24,6,2770,Previous map from this run only,64003,3.282193305659494e-14,3.9809278551465135,51ce1377d5969e959952c7659d7d92afd0d1ec22cbdbdaed107cd03b2d602ecc,True,True,24,1.2397840023040771,568,"{""full_mul_calls"":25,""full_columns"":568,""fr_mul_calls"":25,""fr_columns"":568,""common"":{""operator_mul_calls"":25,""operator_columns"":568,""scalar_mul_calls"":50,""scalar_columns"":1136}}","{""full_mul_calls"":26,""full_columns"":592,""fr_mul_calls"":26,""fr_columns"":592,""common"":{""operator_mul_calls"":26,""operator_columns"":592,""scalar_mul_calls"":52,""scalar_columns"":1184}}",3.067648737710197e-14,7.538170135968046e-11
30,1,24,6,2777,Previous map from this run only,64001,3.800063040712024e-14,3.833536750947336,848b05f74bc3a20d6e18ed603c814c77c403f8cb0af93c28a1ffd07ffd2a28b7,True,True,52,1.473611831665039,762,"{""full_mul_calls"":53,""full_columns"":762,""fr_mul_calls"":53,""fr_columns"":762,""common"":{""operator_mul_calls"":53,""operator_columns"":762,""scalar_mul_calls"":106,""scalar_columns"":1524}}","{""full_mul_calls"":54,""full_columns"":786,""fr_mul_calls"":54,""fr_columns"":786,""common"":{""operator_mul_calls"":54,""operator_columns"":786,""scalar_mul_calls"":108,""scalar_columns"":1572}}",2.4669005866495007e-14,9.938401503437955e-11
30,2,24,6,2770,Previous map from this run only,64002,3.691822496374554e-14,3.9499897553827767,b426761464c7274255ee654547847498622924eb81fb858bd14c91efe418b272,True,True,26,1.0567278861999512,578,"{""full_mul_calls"":27,""full_columns"":578,""fr_mul_calls"":27,""fr_columns"":578,""common"":{""operator_mul_calls"":27,""operator_columns"":578,""scalar_mul_calls"":54,""scalar_columns"":1156}}","{""full_mul_calls"":28,""full_columns"":602,""fr_mul_calls"":28,""fr_columns"":602,""common"":{""operator_mul_calls"":28,""operator_columns"":602,""scalar_mul_calls"":56,""scalar_columns"":1204}}",3.300936819967616e-14,9.764070636366475e-11
30,3,24,6,2770,Previous map from this run only,64003,4.1503539741238704e-14,3.9214724690569827,89393d9e80c2cb210e21af3b878fef27372ee0513ba7cb60201e904204499302,True,True,26,1.2361400127410889,578,"{""full_mul_calls"":27,""full_columns"":578,""fr_mul_calls"":27,""fr_columns"":578,""common"":{""operator_mul_calls"":27,""operator_columns"":578,""scalar_mul_calls"":54,""scalar_columns"":1156}}","{""full_mul_calls"":28,""full_columns"":602,""fr_mul_calls"":28,""fr_columns"":602,""common"":{""operator_mul_calls"":28,""operator_columns"":602,""scalar_mul_calls"":56,""scalar_columns"":1204}}",2.660444852042055e-14,9.580930672184789e-11
31,1,24,6,2777,Previous map from this run only,64001,2.945220637604309e-14,4.0364794627346114,c580223024326c41244230f189db2aade1f895037dc83bc5b4f9dcd1badb190e,True,True,49,1.4286839962005615,740,"{""full_mul_calls"":50,""full_columns"":740,""fr_mul_calls"":50,""fr_columns"":740,""common"":{""operator_mul_calls"":50,""operator_columns"":740,""scalar_mul_calls"":100,""scalar_columns"":1480}}","{""full_mul_calls"":51,""full_columns"":764,""fr_mul_calls"":51,""fr_columns"":764,""common"":{""operator_mul_calls"":51,""operator_columns"":764,""scalar_mul_calls"":102,""scalar_columns"":1528}}",2.930975339659678e-14,9.984187141534743e-11
31,2,24,6,2770,Previous map from this run only,64002,3.6429502310261724e-14,4.043577399756748,2c9a704836263d31dbee881f9f24ceb994be525fd2697741754277ae94e6ef36,True,True,26,1.049191951751709,585,"{""full_mul_calls"":27,""full_columns"":585,""fr_mul_calls"":27,""fr_columns"":585,""common"":{""operator_mul_calls"":27,""operator_columns"":585,""scalar_mul_calls"":54,""scalar_columns"":1170}}","{""full_mul_calls"":28,""full_columns"":609,""fr_mul_calls"":28,""fr_columns"":609,""common"":{""operator_mul_calls"":28,""operator_columns"":609,""scalar_mul_calls"":56,""scalar_columns"":1218}}",3.3221737586209593e-14,9.954270141699881e-11
31,3,24,6,2770,Previous map from this run only,64003,3.213153023712899e-14,4.008124493223059,ea990dcf8e809b55111f2085106748d07622488dca95d3acb8b19cb60027ab64,True,True,26,1.2277660369873047,586,"{""full_mul_calls"":27,""full_columns"":586,""fr_mul_calls"":27,""fr_columns"":586,""common"":{""operator_mul_calls"":27,""operator_columns"":586,""scalar_mul_calls"":54,""scalar_columns"":1172}}","{""full_mul_calls"":28,""full_columns"":610,""fr_mul_calls"":28,""fr_columns"":610,""common"":{""operator_mul_calls"":28,""operator_columns"":610,""scalar_mul_calls"":56,""scalar_columns"":1220}}",2.972519558824468e-14,9.167494974540202e-11
32,1,24,6,2777,Previous map from this run only,64001,3.923384617001205e-14,3.9559510951952817,d5eb97a02317c9ee47f70c4bd0a70f7cb539f0392fe8f6b8075176890a7fb0b9,True,True,46,1.2332770824432373,721,"{""full_mul_calls"":47,""full_columns"":721,""fr_mul_calls"":47,""fr_columns"":721,""common"":{""operator_mul_calls"":47,""operator_columns"":721,""scalar_mul_calls"":94,""scalar_columns"":1442}}","{""full_mul_calls"":48,""full_columns"":745,""fr_mul_calls"":48,""fr_columns"":745,""common"":{""operator_mul_calls"":48,""operator_columns"":745,""scalar_mul_calls"":96,""scalar_columns"":1490}}",2.188028507974224e-14,9.848374957187088e-11
32,2,24,6,2770,Previous map from this run only,64002,3.8743064659679137e-14,3.629870023741409,95fe0b4c884d8bf718319536fef1d71ddb5ead36fe42546807e94bce56e7615f,True,True,26,1.2243361473083496,582,"{""full_mul_calls"":27,""full_columns"":582,""fr_mul_calls"":27,""fr_columns"":582,""common"":{""operator_mul_calls"":27,""operator_columns"":582,""scalar_mul_calls"":54,""scalar_columns"":1164}}","{""full_mul_calls"":28,""full_columns"":606,""fr_mul_calls"":28,""fr_columns"":606,""common"":{""operator_mul_calls"":28,""operator_columns"":606,""scalar_mul_calls"":56,""scalar_columns"":1212}}",3.015824311656545e-14,9.407461054302005e-11
32,3,24,6,2770,Previous map from this run only,64003,3.609923955856169e-14,3.892060150535806,6dcc2b33ce8c3eeba160ef396dd50b15071a960e387cd6f33c7f530b730995aa,True,True,26,1.0522880554199219,581,"{""full_mul_calls"":27,""full_columns"":581,""fr_mul_calls"":27,""fr_columns"":581,""common"":{""operator_mul_calls"":27,""operator_columns"":581,""scalar_mul_calls"":54,""scalar_columns"":1162}}","{""full_mul_calls"":28,""full_columns"":605,""fr_mul_calls"":28,""fr_columns"":605,""common"":{""operator_mul_calls"":28,""operator_columns"":605,""scalar_mul_calls"":56,""scalar_columns"":1210}}",3.7870529817399154e-14,9.574549970350197e-11
33,1,24,6,2777,Previous map from this run only,64001,2.7695848955058172e-14,3.9244980748986737,f5bcfd58d386d3bcb945f90dea16d41e42fdbe01c1696a50df8bd28b7680b948,True,True,45,1.3740251064300537,704,"{""full_mul_calls"":46,""full_columns"":704,""fr_mul_calls"":46,""fr_columns"":704,""common"":{""operator_mul_calls"":46,""operator_columns"":704,""scalar_mul_calls"":92,""scalar_columns"":1408}}","{""full_mul_calls"":47,""full_columns"":728,""fr_mul_calls"":47,""fr_columns"":728,""common"":{""operator_mul_calls"":47,""operator_columns"":728,""scalar_mul_calls"":94,""scalar_columns"":1456}}",2.4999799301356546e-14,9.845819639113925e-11
33,2,24,6,2770,Previous map from this run only,64002,3.7663418310158106e-14,4.004891358295938,ae36af5fba3eadb6971a9bdf2aeeb1907a03dae40391adf549ee5f8ea68006e9,True,True,26,1.0404229164123535,578,"{""full_mul_calls"":27,""full_columns"":578,""fr_mul_calls"":27,""fr_columns"":578,""common"":{""operator_mul_calls"":27,""operator_columns"":578,""scalar_mul_calls"":54,""scalar_columns"":1156}}","{""full_mul_calls"":28,""full_columns"":602,""fr_mul_calls"":28,""fr_columns"":602,""common"":{""operator_mul_calls"":28,""operator_columns"":602,""scalar_mul_calls"":56,""scalar_columns"":1204}}",2.700700290465634e-14,7.298107339784223e-11
33,3,24,6,2770,Previous map from this run only,64003,4.093570597740004e-14,3.9500899439157338,96861dcb83dd7c972593f33876a4013831e4e7e27f87554b6c25e89f55cee150,True,True,26,1.2089171409606934,578,"{""full_mul_calls"":27,""full_columns"":578,""fr_mul_calls"":27,""fr_columns"":578,""common"":{""operator_mul_calls"":27,""operator_columns"":578,""scalar_mul_calls"":54,""scalar_columns"":1156}}","{""full_mul_calls"":28,""full_columns"":602,""fr_mul_calls"":28,""fr_columns"":602,""common"":{""operator_mul_calls"":28,""operator_columns"":602,""scalar_mul_calls"":56,""scalar_columns"":1204}}",2.902482135220068e-14,7.545146265257314e-11
34,1,24,6,2777,Previous map from this run only,64001,3.174035894172751e-14,3.8126611245436903,23e507b48a6fc76a91b2644aa43de7f5700d901ec2ec8687e471874c049e0c87,True,True,43,1.3727350234985352,696,"{""full_mul_calls"":44,""full_columns"":696,""fr_mul_calls"":44,""fr_columns"":696,""common"":{""operator_mul_calls"":44,""operator_columns"":696,""scalar_mul_calls"":88,""scalar_columns"":1392}}","{""full_mul_calls"":45,""full_columns"":720,""fr_mul_calls"":45,""fr_columns"":720,""common"":{""operator_mul_calls"":45,""operator_columns"":720,""scalar_mul_calls"":90,""scalar_columns"":1440}}",2.4859785147742432e-14,9.020640438223641e-11
34,2,24,6,2770,Previous map from this run only,64002,3.6020740141298676e-14,3.8260140811323904,fcbf923e12cac51cf09a2dbd867b44e6b4af76ff46bfaf09a6494e8ebb122f83,True,True,25,1.0210750102996826,566,"{""full_mul_calls"":26,""full_columns"":566,""fr_mul_calls"":26,""fr_columns"":566,""common"":{""operator_mul_calls"":26,""operator_columns"":566,""scalar_mul_calls"":52,""scalar_columns"":1132}}","{""full_mul_calls"":27,""full_columns"":590,""fr_mul_calls"":27,""fr_columns"":590,""common"":{""operator_mul_calls"":27,""operator_columns"":590,""scalar_mul_calls"":54,""scalar_columns"":1180}}",3.339093946274591e-14,8.373321176833806e-11
34,3,24,6,2770,Previous map from this run only,64003,3.704495844731484e-14,3.842952434526071,a56c4e5af4bb480347963139227204c380691a9ea98b8eeeb5a89fa7cf2aa272,True,True,26,1.2378849983215332,574,"{""full_mul_calls"":27,""full_columns"":574,""fr_mul_calls"":27,""fr_columns"":574,""common"":{""operator_mul_calls"":27,""operator_columns"":574,""scalar_mul_calls"":54,""scalar_columns"":1148}}","{""full_mul_calls"":28,""full_columns"":598,""fr_mul_calls"":28,""fr_columns"":598,""common"":{""operator_mul_calls"":28,""operator_columns"":598,""scalar_mul_calls"":56,""scalar_columns"":1196}}",3.310963832361709e-14,7.964968743407357e-11
35,1,24,6,2777,Previous map from this run only,64001,3.275854246828247e-14,3.749475714211028,a363039aa0918789639e181efb7e00facc66007eae5556153eed77730ab1fa0f,True,True,40,1.3498830795288086,672,"{""full_mul_calls"":41,""full_columns"":672,""fr_mul_calls"":41,""fr_columns"":672,""common"":{""operator_mul_calls"":41,""operator_columns"":672,""scalar_mul_calls"":82,""scalar_columns"":1344}}","{""full_mul_calls"":42,""full_columns"":696,""fr_mul_calls"":42,""fr_columns"":696,""common"":{""operator_mul_calls"":42,""operator_columns"":696,""scalar_mul_calls"":84,""scalar_columns"":1392}}",3.1140597921267037e-14,9.87220968554031e-11
35,2,24,6,2770,Previous map from this run only,64002,3.688290022805938e-14,3.9644811310261066,1e0c7eb77a11b65ca6350839b7412e8818becb01652745e4ad539d9222bd4c55,True,True,26,1.0086159706115723,563,"{""full_mul_calls"":27,""full_columns"":563,""fr_mul_calls"":27,""fr_columns"":563,""common"":{""operator_mul_calls"":27,""operator_columns"":563,""scalar_mul_calls"":54,""scalar_columns"":1126}}","{""full_mul_calls"":28,""full_columns"":587,""fr_mul_calls"":28,""fr_columns"":587,""common"":{""operator_mul_calls"":28,""operator_columns"":587,""scalar_mul_calls"":56,""scalar_columns"":1174}}",3.1403994043197125e-14,9.555954970137861e-11
35,3,24,6,2770,Previous map from this run only,64003,3.9844018021739214e-14,3.7618300788963954,3020acb532e444d42f31c98642c2092b5b79406e954003696a038ecddfcfee8d,True,True,25,1.169058084487915,558,"{""full_mul_calls"":26,""full_columns"":558,""fr_mul_calls"":26,""fr_columns"":558,""common"":{""operator_mul_calls"":26,""operator_columns"":558,""scalar_mul_calls"":52,""scalar_columns"":1116}}","{""full_mul_calls"":27,""full_columns"":582,""fr_mul_calls"":27,""fr_columns"":582,""common"":{""operator_mul_calls"":27,""operator_columns"":582,""scalar_mul_calls"":54,""scalar_columns"":1164}}",3.1436649728517237e-14,9.83319536642572e-11
36,1,24,6,2777,Previous map from this run only,64001,3.624692037203023e-14,3.8134277315183023,8979a9e1f75099ecfd853db94da9192b04032c70a0d41d4c0587ea98fc2b78bc,True,True,41,1.1605567932128906,672,"{""full_mul_calls"":42,""full_columns"":672,""fr_mul_calls"":42,""fr_columns"":672,""common"":{""operator_mul_calls"":42,""operator_columns"":672,""scalar_mul_calls"":84,""scalar_columns"":1344}}","{""full_mul_calls"":43,""full_columns"":696,""fr_mul_calls"":43,""fr_columns"":696,""common"":{""operator_mul_calls"":43,""operator_columns"":696,""scalar_mul_calls"":86,""scalar_columns"":1392}}",2.4803884296412333e-14,9.3339631271194e-11
36,2,24,6,2770,Previous map from this run only,64002,3.5931865154755845e-14,3.9742955456529527,95f4d4983750d3356452ce621ae4e5cb364e3851e0873ce49c2250ab5226f770,True,True,26,1.181196928024292,562,"{""full_mul_calls"":27,""full_columns"":562,""fr_mul_calls"":27,""fr_columns"":562,""common"":{""operator_mul_calls"":27,""operator_columns"":562,""scalar_mul_calls"":54,""scalar_columns"":1124}}","{""full_mul_calls"":28,""full_columns"":586,""fr_mul_calls"":28,""fr_columns"":586,""common"":{""operator_mul_calls"":28,""operator_columns"":586,""scalar_mul_calls"":56,""scalar_columns"":1172}}",2.3918786799179927e-14,9.026490734718884e-11
36,3,24,6,2770,Previous map from this run only,64003,3.53437072009247e-14,4.102238719747643,51d265f20abc5b3ad80faa21cafac532c9f1b2efd22e557c9f8a9086f355db29,True,True,26,1.0052359104156494,561,"{""full_mul_calls"":27,""full_columns"":561,""fr_mul_calls"":27,""fr_columns"":561,""common"":{""operator_mul_calls"":27,""operator_columns"":561,""scalar_mul_calls"":54,""scalar_columns"":1122}}","{""full_mul_calls"":28,""full_columns"":585,""fr_mul_calls"":28,""fr_columns"":585,""common"":{""operator_mul_calls"":28,""operator_columns"":585,""scalar_mul_calls"":56,""scalar_columns"":1170}}",2.9648834942223796e-14,9.961708763279666e-11
37,1,24,6,2777,Previous map from this run only,64001,3.192230740487312e-14,3.8819311682571067,7829dca022a877dd6fedae9f713c708da9cb2ecc35f50022ddb25e5888ebb3f1,True,True,39,1.14609694480896,656,"{""full_mul_calls"":40,""full_columns"":656,""fr_mul_calls"":40,""fr_columns"":656,""common"":{""operator_mul_calls"":40,""operator_columns"":656,""scalar_mul_calls"":80,""scalar_columns"":1312}}","{""full_mul_calls"":41,""full_columns"":680,""fr_mul_calls"":41,""fr_columns"":680,""common"":{""operator_mul_calls"":41,""operator_columns"":680,""scalar_mul_calls"":82,""scalar_columns"":1360}}",2.722984089011364e-14,9.83209082659063e-11
37,2,24,6,2770,Previous map from this run only,64002,3.424424511003804e-14,4.015204981125481,5d0ea69b96ad1df1bd4325fed09f12c1172ea0945a4c475c6eab56067d450734,True,True,25,1.1742830276489258,548,"{""full_mul_calls"":26,""full_columns"":548,""fr_mul_calls"":26,""fr_columns"":548,""common"":{""operator_mul_calls"":26,""operator_columns"":548,""scalar_mul_calls"":52,""scalar_columns"":1096}}","{""full_mul_calls"":27,""full_columns"":572,""fr_mul_calls"":27,""fr_columns"":572,""common"":{""operator_mul_calls"":27,""operator_columns"":572,""scalar_mul_calls"":54,""scalar_columns"":1144}}",3.040612044492369e-14,8.957511800793622e-11
37,3,24,6,2770,Previous map from this run only,64003,3.56471426707309e-14,3.888902758932595,a69453bfe663cd360133bc5408f28960af0e67e6a8f801a8b9edcb7c31b457fd,True,True,25,0.991339921951294,548,"{""full_mul_calls"":26,""full_columns"":548,""fr_mul_calls"":26,""fr_columns"":548,""common"":{""operator_mul_calls"":26,""operator_columns"":548,""scalar_mul_calls"":52,""scalar_columns"":1096}}","{""full_mul_calls"":27,""full_columns"":572,""fr_mul_calls"":27,""fr_columns"":572,""common"":{""operator_mul_calls"":27,""operator_columns"":572,""scalar_mul_calls"":54,""scalar_columns"":1144}}",2.6652794418662575e-14,8.540507811437755e-11
38,1,24,6,2777,Previous map from this run only,64001,3.541625393601832e-14,3.907801516293694,0b42493d051e220b525cf3fe33c2a4835b02717f4f37b91a56f4af5660a68370,True,True,41,1.3247871398925781,668,"{""full_mul_calls"":42,""full_columns"":668,""fr_mul_calls"":42,""fr_columns"":668,""common"":{""operator_mul_calls"":42,""operator_columns"":668,""scalar_mul_calls"":84,""scalar_columns"":1336}}","{""full_mul_calls"":43,""full_columns"":692,""fr_mul_calls"":43,""fr_columns"":692,""common"":{""operator_mul_calls"":43,""operator_columns"":692,""scalar_mul_calls"":86,""scalar_columns"":1384}}",2.242016281763829e-14,9.20116326560257e-11
38,2,24,6,2770,Previous map from this run only,64002,3.410788529377855e-14,3.8133091471962635,83532bc1cab7da6d740bc0c0bcc73d474880f053441a09cf2cb11a4d46e335f1,True,True,25,0.9747810363769531,546,"{""full_mul_calls"":26,""full_columns"":546,""fr_mul_calls"":26,""fr_columns"":546,""common"":{""operator_mul_calls"":26,""operator_columns"":546,""scalar_mul_calls"":52,""scalar_columns"":1092}}","{""full_mul_calls"":27,""full_columns"":570,""fr_mul_calls"":27,""fr_columns"":570,""common"":{""operator_mul_calls"":27,""operator_columns"":570,""scalar_mul_calls"":54,""scalar_columns"":1140}}",3.010758038783362e-14,9.213431037071939e-11
38,3,24,6,2770,Previous map from this run only,64003,3.4227933226026354e-14,4.068536959633389,058826b0b17a810a8eb99ace64ecece292b90300b048656a1268a45dbc30d126,True,True,25,1.1510388851165771,546,"{""full_mul_calls"":26,""full_columns"":546,""fr_mul_calls"":26,""fr_columns"":546,""common"":{""operator_mul_calls"":26,""operator_columns"":546,""scalar_mul_calls"":52,""scalar_columns"":1092}}","{""full_mul_calls"":27,""full_columns"":570,""fr_mul_calls"":27,""fr_columns"":570,""common"":{""operator_mul_calls"":27,""operator_columns"":570,""scalar_mul_calls"":54,""scalar_columns"":1140}}",3.162154584087027e-14,8.935525844604265e-11
39,1,24,6,2777,Previous map from this run only,64001,2.9410244987631416e-14,3.910712517020186,077a842f39cc4a260ba3b7653c4c32d89591d9de50617c591bbdbf528034e09b,True,True,40,1.13686203956604,656,"{""full_mul_calls"":41,""full_columns"":656,""fr_mul_calls"":41,""fr_columns"":656,""common"":{""operator_mul_calls"":41,""operator_columns"":656,""scalar_mul_calls"":82,""scalar_columns"":1312}}","{""full_mul_calls"":42,""full_columns"":680,""fr_mul_calls"":42,""fr_columns"":680,""common"":{""operator_mul_calls"":42,""operator_columns"":680,""scalar_mul_calls"":84,""scalar_columns"":1360}}",3.149779520846375e-14,9.891338062768888e-11
39,2,24,6,2770,Previous map from this run only,64002,3.795789295108401e-14,3.6308451609199337,62473ca680634f599950bd8e6bcc17ba1bf9d66c234aef5d464e55e243f11f72,True,True,25,1.1582341194152832,548,"{""full_mul_calls"":26,""full_columns"":548,""fr_mul_calls"":26,""fr_columns"":548,""common"":{""operator_mul_calls"":26,""operator_columns"":548,""scalar_mul_calls"":52,""scalar_columns"":1096}}","{""full_mul_calls"":27,""full_columns"":572,""fr_mul_calls"":27,""fr_columns"":572,""common"":{""operator_mul_calls"":27,""operator_columns"":572,""scalar_mul_calls"":54,""scalar_columns"":1144}}",3.056963480370432e-14,9.055959178454447e-11
39,3,24,6,2770,Previous map from this run only,64003,3.562844651871101e-14,4.039696309346227,2d9fc7a7ab04b85ab5f4e6639a956ca521c2af397d3b52f07f602b09cc43d161,True,True,25,0.987083911895752,548,"{""full_mul_calls"":26,""full_columns"":548,""fr_mul_calls"":26,""fr_columns"":548,""common"":{""operator_mul_calls"":26,""operator_columns"":548,""scalar_mul_calls"":52,""scalar_columns"":1096}}","{""full_mul_calls"":27,""full_columns"":572,""fr_mul_calls"":27,""fr_columns"":572,""common"":{""operator_mul_calls"":27,""operator_columns"":572,""scalar_mul_calls"":54,""scalar_columns"":1144}}",3.250853955619195e-14,8.607100771657081e-11
40,1,24,6,2777,Previous map from this run only,64001,3.850673935416524e-14,3.847951316929444,fd1b3f9cbd437dcbb6b31bbf0ef1cc746c5a549747c949abb4d2dc8f19b7830b,True,True,41,1.1321711540222168,652,"{""full_mul_calls"":42,""full_columns"":652,""fr_mul_calls"":42,""fr_columns"":652,""common"":{""operator_mul_calls"":42,""operator_columns"":652,""scalar_mul_calls"":84,""scalar_columns"":1304}}","{""full_mul_calls"":43,""full_columns"":676,""fr_mul_calls"":43,""fr_columns"":676,""common"":{""operator_mul_calls"":43,""operator_columns"":676,""scalar_mul_calls"":86,""scalar_columns"":1352}}",2.5522044036193405e-14,9.764532170008254e-11
40,2,24,6,2770,Previous map from this run only,64002,3.524698571706238e-14,3.8212904997250208,0947c333e110573672f942f06675530aa4e726dd3d329fb8a0afcd708bc4f464,True,True,24,1.1500577926635742,540,"{""full_mul_calls"":25,""full_columns"":540,""fr_mul_calls"":25,""fr_columns"":540,""common"":{""operator_mul_calls"":25,""operator_columns"":540,""scalar_mul_calls"":50,""scalar_columns"":1080}}","{""full_mul_calls"":26,""full_columns"":564,""fr_mul_calls"":26,""fr_columns"":564,""common"":{""operator_mul_calls"":26,""operator_columns"":564,""scalar_mul_calls"":52,""scalar_columns"":1128}}",2.789083879355113e-14,8.266675970857078e-11
40,3,24,6,2770,Previous map from this run only,64003,3.8205004731085117e-14,3.7800993088134973,7a27983c5ff64b24ba205f66bc48aaa04d966684bf4ca77adaf6ca0f3073683a,True,True,24,0.9707221984863281,540,"{""full_mul_calls"":25,""full_columns"":540,""fr_mul_calls"":25,""fr_columns"":540,""common"":{""operator_mul_calls"":25,""operator_columns"":540,""scalar_mul_calls"":50,""scalar_columns"":1080}}","{""full_mul_calls"":26,""full_columns"":564,""fr_mul_calls"":26,""fr_columns"":564,""common"":{""operator_mul_calls"":26,""operator_columns"":564,""scalar_mul_calls"":52,""scalar_columns"":1128}}",2.869060846508959e-14,9.687593080357626e-11
41,1,24,6,2777,Previous map from this run only,64001,2.947834829264929e-14,4.020324384002022,77252be8171cd88921a7c4f06f43d261a3a3c6ecf3bebf430cf9ac0ea3c5a974,True,True,39,1.282646894454956,640,"{""full_mul_calls"":40,""full_columns"":640,""fr_mul_calls"":40,""fr_columns"":640,""common"":{""operator_mul_calls"":40,""operator_columns"":640,""scalar_mul_calls"":80,""scalar_columns"":1280}}","{""full_mul_calls"":41,""full_columns"":664,""fr_mul_calls"":41,""fr_columns"":664,""common"":{""operator_mul_calls"":41,""operator_columns"":664,""scalar_mul_calls"":82,""scalar_columns"":1328}}",2.3584639635449102e-14,9.852289285369279e-11
41,2,24,6,2770,Previous map from this run only,64002,3.494200355603401e-14,3.7637621816398448,a8363ee679e9940cc119d45c5319802e6a8851917f15d3f842847928985bd368,True,True,24,0.9681999683380127,536,"{""full_mul_calls"":25,""full_columns"":536,""fr_mul_calls"":25,""fr_columns"":536,""common"":{""operator_mul_calls"":25,""operator_columns"":536,""scalar_mul_calls"":50,""scalar_columns"":1072}}","{""full_mul_calls"":26,""full_columns"":560,""fr_mul_calls"":26,""fr_columns"":560,""common"":{""operator_mul_calls"":26,""operator_columns"":560,""scalar_mul_calls"":52,""scalar_columns"":1120}}",2.4246759234969668e-14,9.134484344562358e-11
41,3,24,6,2770,Previous map from this run only,64003,3.326089833550764e-14,3.9356935491975547,758e7da674128a6e5b0d9c7a536608f962ca7aa6066b3a60659d388ea7cfa5c2,True,True,24,1.1350018978118896,537,"{""full_mul_calls"":25,""full_columns"":537,""fr_mul_calls"":25,""fr_columns"":537,""common"":{""operator_mul_calls"":25,""operator_columns"":537,""scalar_mul_calls"":50,""scalar_columns"":1074}}","{""full_mul_calls"":26,""full_columns"":561,""fr_mul_calls"":26,""fr_columns"":561,""common"":{""operator_mul_calls"":26,""operator_columns"":561,""scalar_mul_calls"":52,""scalar_columns"":1122}}",2.4837650429781246e-14,9.747982959734674e-11
42,1,24,6,2777,Previous map from this run only,64001,2.8311522988707404e-14,3.898149857184187,5c6024c3a9e14c677adbe5b5935b477c4a38da7c2efaad7bac0f2f0f045ad763,True,True,39,1.2875409126281738,646,"{""full_mul_calls"":40,""full_columns"":646,""fr_mul_calls"":40,""fr_columns"":646,""common"":{""operator_mul_calls"":40,""operator_columns"":646,""scalar_mul_calls"":80,""scalar_columns"":1292}}","{""full_mul_calls"":41,""full_columns"":670,""fr_mul_calls"":41,""fr_columns"":670,""common"":{""operator_mul_calls"":41,""operator_columns"":670,""scalar_mul_calls"":82,""scalar_columns"":1340}}",2.1862711295941167e-14,9.326336412011837e-11
42,2,24,6,2770,Previous map from this run only,64002,2.8233170639772114e-14,3.9169574852288833,0a9348660550c7bf211d223d42346ccf817b6d014784379795c70023a457c805,True,True,24,0.961251974105835,536,"{""full_mul_calls"":25,""full_columns"":536,""fr_mul_calls"":25,""fr_columns"":536,""common"":{""operator_mul_calls"":25,""operator_columns"":536,""scalar_mul_calls"":50,""scalar_columns"":1072}}","{""full_mul_calls"":26,""full_columns"":560,""fr_mul_calls"":26,""fr_columns"":560,""common"":{""operator_mul_calls"":26,""operator_columns"":560,""scalar_mul_calls"":52,""scalar_columns"":1120}}",2.8862051873210867e-14,9.41831230768137e-11
42,3,24,6,2770,Previous map from this run only,64003,3.3433623559745103e-14,4.00237901944775,419faa9ab3bdef913485e433808ee541d93d8af8a582951e42ed808c26ef6c00,True,True,24,1.1373319625854492,536,"{""full_mul_calls"":25,""full_columns"":536,""fr_mul_calls"":25,""fr_columns"":536,""common"":{""operator_mul_calls"":25,""operator_columns"":536,""scalar_mul_calls"":50,""scalar_columns"":1072}}","{""full_mul_calls"":26,""full_columns"":560,""fr_mul_calls"":26,""fr_columns"":560,""common"":{""operator_mul_calls"":26,""operator_columns"":560,""scalar_mul_calls"":52,""scalar_columns"":1120}}",2.8032443313688917e-14,9.162068073792141e-11
43,1,24,6,2777,Previous map from this run only,64001,2.643085040175144e-14,3.931355775004291,6238bb8e67a75d0a819acae01c32b0ec8ff320371aba3a5723754b6e3fefd78c,True,True,40,1.2916960716247559,652,"{""full_mul_calls"":41,""full_columns"":652,""fr_mul_calls"":41,""fr_columns"":652,""common"":{""operator_mul_calls"":41,""operator_columns"":652,""scalar_mul_calls"":82,""scalar_columns"":1304}}","{""full_mul_calls"":42,""full_columns"":676,""fr_mul_calls"":42,""fr_columns"":676,""common"":{""operator_mul_calls"":42,""operator_columns"":676,""scalar_mul_calls"":84,""scalar_columns"":1352}}",2.4519461709164243e-14,8.906214647939624e-11
43,2,24,6,2770,Previous map from this run only,64002,3.267245316384905e-14,3.726063413155218,a39db2f1eca0eeaf0384e55458ccd1d45955f37b8c5aa1c489c76c910cbfe71a,True,True,24,0.9610750675201416,532,"{""full_mul_calls"":25,""full_columns"":532,""fr_mul_calls"":25,""fr_columns"":532,""common"":{""operator_mul_calls"":25,""operator_columns"":532,""scalar_mul_calls"":50,""scalar_columns"":1064}}","{""full_mul_calls"":26,""full_columns"":556,""fr_mul_calls"":26,""fr_columns"":556,""common"":{""operator_mul_calls"":26,""operator_columns"":556,""scalar_mul_calls"":52,""scalar_columns"":1112}}",2.445043978024512e-14,9.923137283300614e-11
43,3,24,6,2770,Previous map from this run only,64003,3.15986899836819e-14,3.904435125224174,b241a7c9c60340d243ecc7583511f7f44a3d444836641045f9859315c73d9004,True,True,25,1.134667158126831,537,"{""full_mul_calls"":26,""full_columns"":537,""fr_mul_calls"":26,""fr_columns"":537,""common"":{""operator_mul_calls"":26,""operator_columns"":537,""scalar_mul_calls"":52,""scalar_columns"":1074}}","{""full_mul_calls"":27,""full_columns"":561,""fr_mul_calls"":27,""fr_columns"":561,""common"":{""operator_mul_calls"":27,""operator_columns"":561,""scalar_mul_calls"":54,""scalar_columns"":1122}}",2.8377573437405452e-14,9.899226993133078e-11
44,1,24,6,2777,Previous map from this run only,64001,3.007466573775166e-14,3.9358813459596402,241c844314792b4ecac881c0879c33341c5d1b057a8f4114065eb9c7349376ef,True,True,39,1.1132400035858154,641,"{""full_mul_calls"":40,""full_columns"":641,""fr_mul_calls"":40,""fr_columns"":641,""common"":{""operator_mul_calls"":40,""operator_columns"":641,""scalar_mul_calls"":80,""scalar_columns"":1282}}","{""full_mul_calls"":41,""full_columns"":665,""fr_mul_calls"":41,""fr_columns"":665,""common"":{""operator_mul_calls"":41,""operator_columns"":665,""scalar_mul_calls"":82,""scalar_columns"":1330}}",2.7062479578836e-14,9.579530528315105e-11
44,2,24,6,2770,Previous map from this run only,64002,2.933565034005557e-14,4.014938921140747,aed9906115af89bb0dec43aa958eec1b5f835b3188c8d95fe3a47f87d43cfa4e,True,True,24,1.1274421215057373,532,"{""full_mul_calls"":25,""full_columns"":532,""fr_mul_calls"":25,""fr_columns"":532,""common"":{""operator_mul_calls"":25,""operator_columns"":532,""scalar_mul_calls"":50,""scalar_columns"":1064}}","{""full_mul_calls"":26,""full_columns"":556,""fr_mul_calls"":26,""fr_columns"":556,""common"":{""operator_mul_calls"":26,""operator_columns"":556,""scalar_mul_calls"":52,""scalar_columns"":1112}}",2.9993053414083394e-14,9.549142594858609e-11
44,3,24,6,2770,Previous map from this run only,64003,3.226316781968641e-14,4.183715768414818,e37240875b2c8b45b5a79935053fc8b3286f6148bc2a26107fbc1cb8102560f3,True,True,24,0.9475278854370117,530,"{""full_mul_calls"":25,""full_columns"":530,""fr_mul_calls"":25,""fr_columns"":530,""common"":{""operator_mul_calls"":25,""operator_columns"":530,""scalar_mul_calls"":50,""scalar_columns"":1060}}","{""full_mul_calls"":26,""full_columns"":554,""fr_mul_calls"":26,""fr_columns"":554,""common"":{""operator_mul_calls"":26,""operator_columns"":554,""scalar_mul_calls"":52,""scalar_columns"":1108}}",3.0732197747912594e-14,9.598667063369443e-11
45,1,24,6,2777,Previous map from this run only,64001,3.634804906315382e-14,3.8325858616881208,f359e3468cc9ed1ec024178cdbb380d6743e7684f2e383593172c10dc15b4037,True,True,36,1.072559118270874,616,"{""full_mul_calls"":37,""full_columns"":616,""fr_mul_calls"":37,""fr_columns"":616,""common"":{""operator_mul_calls"":37,""operator_columns"":616,""scalar_mul_calls"":74,""scalar_columns"":1232}}","{""full_mul_calls"":38,""full_columns"":640,""fr_mul_calls"":38,""fr_columns"":640,""common"":{""operator_mul_calls"":38,""operator_columns"":640,""scalar_mul_calls"":76,""scalar_columns"":1280}}",2.6399139270420632e-14,8.669439673818467e-11
45,2,24,6,2770,Previous map from this run only,64002,3.4288533891992564e-14,3.6157707691883862,307cdd29dabfddd3bcb81648e01bdd3a7b87205454ca1b9f0be061ebe2bc9c68,True,True,24,1.1615281105041504,532,"{""full_mul_calls"":25,""full_columns"":532,""fr_mul_calls"":25,""fr_columns"":532,""common"":{""operator_mul_calls"":25,""operator_columns"":532,""scalar_mul_calls"":50,""scalar_columns"":1064}}","{""full_mul_calls"":26,""full_columns"":556,""fr_mul_calls"":26,""fr_columns"":556,""common"":{""operator_mul_calls"":26,""operator_columns"":556,""scalar_mul_calls"":52,""scalar_columns"":1112}}",3.3952818910212174e-14,9.025632836528403e-11
45,3,24,6,2770,Previous map from this run only,64003,3.4640217879914345e-14,3.959515831012627,f3f89a13021ae0733a57f950d199fe55608d23688ada2f9c3e98e807092f5a40,True,True,24,0.9620909690856934,532,"{""full_mul_calls"":25,""full_columns"":532,""fr_mul_calls"":25,""fr_columns"":532,""common"":{""operator_mul_calls"":25,""operator_columns"":532,""scalar_mul_calls"":50,""scalar_columns"":1064}}","{""full_mul_calls"":26,""full_columns"":556,""fr_mul_calls"":26,""fr_columns"":556,""common"":{""operator_mul_calls"":26,""operator_columns"":556,""scalar_mul_calls"":52,""scalar_columns"":1112}}",2.7259873808302707e-14,9.038562671477075e-11
46,1,24,6,2777,Previous map from this run only,64001,3.343048427736829e-14,4.057016836840924,c74c11e56deb619b662268f90acb462662c603cb1fd24806b45dbe95c51e7d7f,True,True,36,1.0581810474395752,611,"{""full_mul_calls"":37,""full_columns"":611,""fr_mul_calls"":37,""fr_columns"":611,""common"":{""operator_mul_calls"":37,""operator_columns"":611,""scalar_mul_calls"":74,""scalar_columns"":1222}}","{""full_mul_calls"":38,""full_columns"":635,""fr_mul_calls"":38,""fr_columns"":635,""common"":{""operator_mul_calls"":38,""operator_columns"":635,""scalar_mul_calls"":76,""scalar_columns"":1270}}",2.4551823340515464e-14,9.53563017171589e-11
46,2,24,6,2770,Previous map from this run only,64002,4.020972842688155e-14,3.7680429189986255,f37f62742f6ec1f53694c4ee8db0c4c82d6d2796d77cb278104eb9a9a431b32c,True,True,24,1.123028039932251,532,"{""full_mul_calls"":25,""full_columns"":532,""fr_mul_calls"":25,""fr_columns"":532,""common"":{""operator_mul_calls"":25,""operator_columns"":532,""scalar_mul_calls"":50,""scalar_columns"":1064}}","{""full_mul_calls"":26,""full_columns"":556,""fr_mul_calls"":26,""fr_columns"":556,""common"":{""operator_mul_calls"":26,""operator_columns"":556,""scalar_mul_calls"":52,""scalar_columns"":1112}}",2.3673914593220994e-14,7.714660736659967e-11
46,3,24,6,2770,Previous map from this run only,64003,3.6338865414518646e-14,3.939356389653124,fba75518ccabbf3807cb0705b3f57201afe07cf709143cffbeaade6e621b5abe,True,True,24,0.9531500339508057,532,"{""full_mul_calls"":25,""full_columns"":532,""fr_mul_calls"":25,""fr_columns"":532,""common"":{""operator_mul_calls"":25,""operator_columns"":532,""scalar_mul_calls"":50,""scalar_columns"":1064}}","{""full_mul_calls"":26,""full_columns"":556,""fr_mul_calls"":26,""fr_columns"":556,""common"":{""operator_mul_calls"":26,""operator_columns"":556,""scalar_mul_calls"":52,""scalar_columns"":1112}}",2.619883319013854e-14,7.514325104964425e-11
47,1,24,6,2777,Previous map from this run only,64001,2.934871693738455e-14,3.925722405793771,fcdca205f75d1273f45de45126381da3c76fe1daad62e582fce2f0d4ed309315,True,True,36,1.0555460453033447,612,"{""full_mul_calls"":37,""full_columns"":612,""fr_mul_calls"":37,""fr_columns"":612,""common"":{""operator_mul_calls"":37,""operator_columns"":612,""scalar_mul_calls"":74,""scalar_columns"":1224}}","{""full_mul_calls"":38,""full_columns"":636,""fr_mul_calls"":38,""fr_columns"":636,""common"":{""operator_mul_calls"":38,""operator_columns"":636,""scalar_mul_calls"":76,""scalar_columns"":1272}}",2.282224369425453e-14,7.378964586500485e-11
47,2,24,6,2770,Previous map from this run only,64002,3.235442095905325e-14,3.7234905425681952,40cbcf96c57d0e94846409527a54f0a5e8be11c7725d602d0f8c4d1301ce2385,True,True,24,1.1018249988555908,522,"{""full_mul_calls"":25,""full_columns"":522,""fr_mul_calls"":25,""fr_columns"":522,""common"":{""operator_mul_calls"":25,""operator_columns"":522,""scalar_mul_calls"":50,""scalar_columns"":1044}}","{""full_mul_calls"":26,""full_columns"":546,""fr_mul_calls"":26,""fr_columns"":546,""common"":{""operator_mul_calls"":26,""operator_columns"":546,""scalar_mul_calls"":52,""scalar_columns"":1092}}",2.263334622790612e-14,8.61036822191725e-11
47,3,24,6,2770,Previous map from this run only,64003,2.94682582297397e-14,3.9544141687471184,eaf492fc249de86bd1d9ef19c4e983b45185ef5def64776d5e56d8ed13517792,True,True,24,0.9389810562133789,522,"{""full_mul_calls"":25,""full_columns"":522,""fr_mul_calls"":25,""fr_columns"":522,""common"":{""operator_mul_calls"":25,""operator_columns"":522,""scalar_mul_calls"":50,""scalar_columns"":1044}}","{""full_mul_calls"":26,""full_columns"":546,""fr_mul_calls"":26,""fr_columns"":546,""common"":{""operator_mul_calls"":26,""operator_columns"":546,""scalar_mul_calls"":52,""scalar_columns"":1092}}",2.7361822813907804e-14,8.669243089595384e-11
48,1,24,6,2777,Previous map from this run only,64001,2.776947425084109e-14,4.0046920280807194,fd2a14f9d9cf9c833db801569413087a54fff401edafdd31db9e95ada5c5e5bb,True,True,36,1.2436919212341309,611,"{""full_mul_calls"":37,""full_columns"":611,""fr_mul_calls"":37,""fr_columns"":611,""common"":{""operator_mul_calls"":37,""operator_columns"":611,""scalar_mul_calls"":74,""scalar_columns"":1222}}","{""full_mul_calls"":38,""full_columns"":635,""fr_mul_calls"":38,""fr_columns"":635,""common"":{""operator_mul_calls"":38,""operator_columns"":635,""scalar_mul_calls"":76,""scalar_columns"":1270}}",2.9011400035475537e-14,9.704133653934489e-11
48,2,24,6,2770,Previous map from this run only,64002,3.4483294963241564e-14,3.7903863599018175,fdbff148bd8c8c7021038a5b96580724f29a93bd8d3f09911bcd48535bee75ac,True,True,24,0.9348049163818359,520,"{""full_mul_calls"":25,""full_columns"":520,""fr_mul_calls"":25,""fr_columns"":520,""common"":{""operator_mul_calls"":25,""operator_columns"":520,""scalar_mul_calls"":50,""scalar_columns"":1040}}","{""full_mul_calls"":26,""full_columns"":544,""fr_mul_calls"":26,""fr_columns"":544,""common"":{""operator_mul_calls"":26,""operator_columns"":544,""scalar_mul_calls"":52,""scalar_columns"":1088}}",2.980663985222894e-14,9.045733967299468e-11
48,3,24,6,2770,Previous map from this run only,64003,3.115272607061707e-14,3.96474726473742,2580caf725faa01c1bb5558032e76ba82336848f8c2464155cda5e0b9b503f4f,True,True,23,1.0887179374694824,512,"{""full_mul_calls"":24,""full_columns"":512,""fr_mul_calls"":24,""fr_columns"":512,""common"":{""operator_mul_calls"":24,""operator_columns"":512,""scalar_mul_calls"":48,""scalar_columns"":1024}}","{""full_mul_calls"":25,""full_columns"":536,""fr_mul_calls"":25,""fr_columns"":536,""common"":{""operator_mul_calls"":25,""operator_columns"":536,""scalar_mul_calls"":50,""scalar_columns"":1072}}",2.5293591876329505e-14,9.04860492426011e-11
49,1,24,6,2777,Previous map from this run only,64001,3.1996520285360207e-14,3.832072117922358,b9394453fde46098f701dcb5506b975091a1afc696df365748dcdcde07b8149e,True,True,35,1.0575830936431885,604,"{""full_mul_calls"":36,""full_columns"":604,""fr_mul_calls"":36,""fr_columns"":604,""common"":{""operator_mul_calls"":36,""operator_columns"":604,""scalar_mul_calls"":72,""scalar_columns"":1208}}","{""full_mul_calls"":37,""full_columns"":628,""fr_mul_calls"":37,""fr_columns"":628,""common"":{""operator_mul_calls"":37,""operator_columns"":628,""scalar_mul_calls"":74,""scalar_columns"":1256}}",2.4809568183969907e-14,9.501102951088497e-11
49,2,24,6,2770,Previous map from this run only,64002,3.3146560350938447e-14,3.844411815901582,5b86c9f71b2f752db746c41658ce7b7447e3e39db5fa815a92cdbd60bdc33fad,True,True,23,1.091284990310669,512,"{""full_mul_calls"":24,""full_columns"":512,""fr_mul_calls"":24,""fr_columns"":512,""common"":{""operator_mul_calls"":24,""operator_columns"":512,""scalar_mul_calls"":48,""scalar_columns"":1024}}","{""full_mul_calls"":25,""full_columns"":536,""fr_mul_calls"":25,""fr_columns"":536,""common"":{""operator_mul_calls"":25,""operator_columns"":536,""scalar_mul_calls"":50,""scalar_columns"":1072}}",2.2710891398242433e-14,9.990087574223588e-11
49,3,24,6,2770,Previous map from this run only,64003,2.906088152314396e-14,3.913325703612346,66c20080b8df85dc14cf49c8f4c9f116b1458412d47eea384533167b8465fb3a,True,True,23,0.9169721603393555,514,"{""full_mul_calls"":24,""full_columns"":514,""fr_mul_calls"":24,""fr_columns"":514,""common"":{""operator_mul_calls"":24,""operator_columns"":514,""scalar_mul_calls"":48,""scalar_columns"":1028}}","{""full_mul_calls"":25,""full_columns"":538,""fr_mul_calls"":25,""fr_columns"":538,""common"":{""operator_mul_calls"":25,""operator_columns"":538,""scalar_mul_calls"":50,""scalar_columns"":1076}}",2.634224314765626e-14,9.226563486479843e-11
50,1,24,6,2777,Previous map from this run only,64001,3.35302191348914e-14,3.907324758362444,07f51d86e659be7e1a55860b7ad9429078ba516a4f707a96651fb1cc27820e3a,True,True,35,1.0822491645812988,604,"{""full_mul_calls"":36,""full_columns"":604,""fr_mul_calls"":36,""fr_columns"":604,""common"":{""operator_mul_calls"":36,""operator_columns"":604,""scalar_mul_calls"":72,""scalar_columns"":1208}}","{""full_mul_calls"":37,""full_columns"":628,""fr_mul_calls"":37,""fr_columns"":628,""common"":{""operator_mul_calls"":37,""operator_columns"":628,""scalar_mul_calls"":74,""scalar_columns"":1256}}",2.8227706629149994e-14,6.382015251965954e-11
50,2,24,6,2770,Previous map from this run only,64002,2.892035931378822e-14,3.8271536134915918,a96a6cafc393ecf0623e2f726c4d50b8c7cbc18b7f9f46541dead6e13d1b88ea,True,True,23,1.0988688468933105,514,"{""full_mul_calls"":24,""full_columns"":514,""fr_mul_calls"":24,""fr_columns"":514,""common"":{""operator_mul_calls"":24,""operator_columns"":514,""scalar_mul_calls"":48,""scalar_columns"":1028}}","{""full_mul_calls"":25,""full_columns"":538,""fr_mul_calls"":25,""fr_columns"":538,""common"":{""operator_mul_calls"":25,""operator_columns"":538,""scalar_mul_calls"":50,""scalar_columns"":1076}}",2.1638629866134006e-14,8.599659672731857e-11
50,3,24,6,2770,Previous map from this run only,64003,3.067937577462606e-14,4.081692242836402,3419cab6bf25e177f062ffcd0738729ef6c293c440b6b0b6249630fd763493ea,True,True,23,0.9188671112060547,512,"{""full_mul_calls"":24,""full_columns"":512,""fr_mul_calls"":24,""fr_columns"":512,""common"":{""operator_mul_calls"":24,""operator_columns"":512,""scalar_mul_calls"":48,""scalar_columns"":1024}}","{""full_mul_calls"":25,""full_columns"":536,""fr_mul_calls"":25,""fr_columns"":536,""common"":{""operator_mul_calls"":25,""operator_columns"":536,""scalar_mul_calls"":50,""scalar_columns"":1072}}",3.081114704421943e-14,9.160512141267489e-11
51,1,24,6,2777,Previous map from this run only,64001,3.392583570606923e-14,3.8308837262804185,e46cc3aaffc5b800efb36a37e0ccc44c505ee9de1e637190df0b9d555cd2b865,True,True,34,1.192054033279419,587,"{""full_mul_calls"":35,""full_columns"":587,""fr_mul_calls"":35,""fr_columns"":587,""common"":{""operator_mul_calls"":35,""operator_columns"":587,""scalar_mul_calls"":70,""scalar_columns"":1174}}","{""full_mul_calls"":36,""full_columns"":611,""fr_mul_calls"":36,""fr_columns"":611,""common"":{""operator_mul_calls"":36,""operator_columns"":611,""scalar_mul_calls"":72,""scalar_columns"":1222}}",2.2712764367547808e-14,9.928186882146036e-11
51,2,24,6,2770,Previous map from this run only,64002,2.717862492962283e-14,3.8918157453865785,62bbbd9f92459e724f00fe0658b9e10f6990babaf8dcb71222ed18c3fab1e57b,True,True,24,0.929196834564209,518,"{""full_mul_calls"":25,""full_columns"":518,""fr_mul_calls"":25,""fr_columns"":518,""common"":{""operator_mul_calls"":25,""operator_columns"":518,""scalar_mul_calls"":50,""scalar_columns"":1036}}","{""full_mul_calls"":26,""full_columns"":542,""fr_mul_calls"":26,""fr_columns"":542,""common"":{""operator_mul_calls"":26,""operator_columns"":542,""scalar_mul_calls"":52,""scalar_columns"":1084}}",2.8780649879242644e-14,9.6110742609769e-11
51,3,24,6,2770,Previous map from this run only,64003,3.69696058022723e-14,3.859164991632102,33622384cc68a69331ea33c68a65b54bf9097b4daa9d9918c54639deedbecf2b,True,True,23,1.0859379768371582,511,"{""full_mul_calls"":24,""full_columns"":511,""fr_mul_calls"":24,""fr_columns"":511,""common"":{""operator_mul_calls"":24,""operator_columns"":511,""scalar_mul_calls"":48,""scalar_columns"":1022}}","{""full_mul_calls"":25,""full_columns"":535,""fr_mul_calls"":25,""fr_columns"":535,""common"":{""operator_mul_calls"":25,""operator_columns"":535,""scalar_mul_calls"":50,""scalar_columns"":1070}}",2.8357683493089896e-14,9.701216058091395e-11
52,1,24,6,2777,Previous map from this run only,64001,2.7361742782044445e-14,3.9363578410052527,fd137a2d4392b61a55e51d2878b0dab3379751a88b99108f6e34fe4475dd25e1,True,True,35,1.0225059986114502,594,"{""full_mul_calls"":36,""full_columns"":594,""fr_mul_calls"":36,""fr_columns"":594,""common"":{""operator_mul_calls"":36,""operator_columns"":594,""scalar_mul_calls"":72,""scalar_columns"":1188}}","{""full_mul_calls"":37,""full_columns"":618,""fr_mul_calls"":37,""fr_columns"":618,""common"":{""operator_mul_calls"":37,""operator_columns"":618,""scalar_mul_calls"":74,""scalar_columns"":1236}}",2.4518411100412112e-14,9.536328085596235e-11
52,2,24,6,2770,Previous map from this run only,64002,3.277033166153369e-14,3.900729106473254,953f4f4ce80ed911d2f5a119bb84300b71a22654b025557673574542d8614494,True,True,23,1.0795199871063232,508,"{""full_mul_calls"":24,""full_columns"":508,""fr_mul_calls"":24,""fr_columns"":508,""common"":{""operator_mul_calls"":24,""operator_columns"":508,""scalar_mul_calls"":48,""scalar_columns"":1016}}","{""full_mul_calls"":25,""full_columns"":532,""fr_mul_calls"":25,""fr_columns"":532,""common"":{""operator_mul_calls"":25,""operator_columns"":532,""scalar_mul_calls"":50,""scalar_columns"":1064}}",2.8670921043802294e-14,9.826247586241965e-11
52,3,24,6,2770,Previous map from this run only,64003,3.352565920981624e-14,3.9142089328084726,ff3efcceaf90576aede70b84f476b598f76fdfdd8b0d0eef5e215a46123b94d5,True,True,23,0.9104599952697754,510,"{""full_mul_calls"":24,""full_columns"":510,""fr_mul_calls"":24,""fr_columns"":510,""common"":{""operator_mul_calls"":24,""operator_columns"":510,""scalar_mul_calls"":48,""scalar_columns"":1020}}","{""full_mul_calls"":25,""full_columns"":534,""fr_mul_calls"":25,""fr_columns"":534,""common"":{""operator_mul_calls"":25,""operator_columns"":534,""scalar_mul_calls"":50,""scalar_columns"":1068}}",2.7851107814373155e-14,9.878166447195613e-11
53,1,24,6,2777,Previous map from this run only,64001,3.07780872557332e-14,3.892962626846422,811d609fa0fee66bc2bfba2ea4ce19b1a49141dafedb26a28ff231f314538cf9,True,True,34,1.0157289505004883,585,"{""full_mul_calls"":35,""full_columns"":585,""fr_mul_calls"":35,""fr_columns"":585,""common"":{""operator_mul_calls"":35,""operator_columns"":585,""scalar_mul_calls"":70,""scalar_columns"":1170}}","{""full_mul_calls"":36,""full_columns"":609,""fr_mul_calls"":36,""fr_columns"":609,""common"":{""operator_mul_calls"":36,""operator_columns"":609,""scalar_mul_calls"":72,""scalar_columns"":1218}}",2.5336397112784723e-14,9.474099173484749e-11
53,2,24,6,2770,Previous map from this run only,64002,3.395979055337812e-14,3.7151644324198685,88f9542ba052e25c1799384b0fb903e2d3950b31949e0e3e1e4769b10bb4547b,True,True,22,1.0346338748931885,492,"{""full_mul_calls"":23,""full_columns"":492,""fr_mul_calls"":23,""fr_columns"":492,""common"":{""operator_mul_calls"":23,""operator_columns"":492,""scalar_mul_calls"":46,""scalar_columns"":984}}","{""full_mul_calls"":24,""full_columns"":516,""fr_mul_calls"":24,""fr_columns"":516,""common"":{""operator_mul_calls"":24,""operator_columns"":516,""scalar_mul_calls"":48,""scalar_columns"":1032}}",2.8398580874809817e-14,9.960542698647363e-11
53,3,24,6,2770,Previous map from this run only,64003,3.260360556319073e-14,3.950989802493048,7903aa2e66992469bbfb2a2684aa34f8633f884f63791a37a21187d01b60a78a,True,True,23,0.9056580066680908,500,"{""full_mul_calls"":24,""full_columns"":500,""fr_mul_calls"":24,""fr_columns"":500,""common"":{""operator_mul_calls"":24,""operator_columns"":500,""scalar_mul_calls"":48,""scalar_columns"":1000}}","{""full_mul_calls"":25,""full_columns"":524,""fr_mul_calls"":25,""fr_columns"":524,""common"":{""operator_mul_calls"":25,""operator_columns"":524,""scalar_mul_calls"":50,""scalar_columns"":1048}}",2.410700372920221e-14,9.960558438788213e-11
54,1,24,6,2777,Previous map from this run only,64001,2.8700192071069656e-14,3.8211604642809123,72ac82819f429c9606d2d40a4bcbd1d6757df1458e0d65f41774506e2ea212a0,True,True,33,1.1675782203674316,576,"{""full_mul_calls"":34,""full_columns"":576,""fr_mul_calls"":34,""fr_columns"":576,""common"":{""operator_mul_calls"":34,""operator_columns"":576,""scalar_mul_calls"":68,""scalar_columns"":1152}}","{""full_mul_calls"":35,""full_columns"":600,""fr_mul_calls"":35,""fr_columns"":600,""common"":{""operator_mul_calls"":35,""operator_columns"":600,""scalar_mul_calls"":70,""scalar_columns"":1200}}",2.5338048472301182e-14,9.757079538495866e-11
54,2,24,6,2770,Previous map from this run only,64002,3.183372790613795e-14,3.9156692587361968,0fbf21b469db9733840e9c074b1400d5f4bf9490569d43616ffcd3c03f2efb0b,True,True,23,0.8942101001739502,498,"{""full_mul_calls"":24,""full_columns"":498,""fr_mul_calls"":24,""fr_columns"":498,""common"":{""operator_mul_calls"":24,""operator_columns"":498,""scalar_mul_calls"":48,""scalar_columns"":996}}","{""full_mul_calls"":25,""full_columns"":522,""fr_mul_calls"":25,""fr_columns"":522,""common"":{""operator_mul_calls"":25,""operator_columns"":522,""scalar_mul_calls"":50,""scalar_columns"":1044}}",2.3631613997475714e-14,9.8637545098324e-11
54,3,24,6,2770,Previous map from this run only,64003,2.768480827995161e-14,3.6949469031990785,82ef04067f3f3ac6d17af56e48c88842abb8ae3ce0bd8d86ad5a8e7c1db5ebc5,True,True,23,1.1127800941467285,500,"{""full_mul_calls"":24,""full_columns"":500,""fr_mul_calls"":24,""fr_columns"":500,""common"":{""operator_mul_calls"":24,""operator_columns"":500,""scalar_mul_calls"":48,""scalar_columns"":1000}}","{""full_mul_calls"":25,""full_columns"":524,""fr_mul_calls"":25,""fr_columns"":524,""common"":{""operator_mul_calls"":25,""operator_columns"":524,""scalar_mul_calls"":50,""scalar_columns"":1048}}",2.724253538455992e-14,8.497978929144759e-11
55,1,24,6,2777,Previous map from this run only,64001,3.070840126790721e-14,3.7849007235587546,8711633b3825dd0601010787cbaf34f6756bb458d5016187572051e01e4b86b7,True,True,33,1.004439115524292,576,"{""full_mul_calls"":34,""full_columns"":576,""fr_mul_calls"":34,""fr_columns"":576,""common"":{""operator_mul_calls"":34,""operator_columns"":576,""scalar_mul_calls"":68,""scalar_columns"":1152}}","{""full_mul_calls"":35,""full_columns"":600,""fr_mul_calls"":35,""fr_columns"":600,""common"":{""operator_mul_calls"":35,""operator_columns"":600,""scalar_mul_calls"":70,""scalar_columns"":1200}}",2.5351710277676687e-14,8.986991865236566e-11
55,2,24,6,2770,Previous map from this run only,64002,2.921833289310363e-14,3.8231365106211874,d891c9a5ca292b96c76975906476b5f43a6cdd18b841daa129f646b54b8dd9c5,True,True,23,1.049109935760498,496,"{""full_mul_calls"":24,""full_columns"":496,""fr_mul_calls"":24,""fr_columns"":496,""common"":{""operator_mul_calls"":24,""operator_columns"":496,""scalar_mul_calls"":48,""scalar_columns"":992}}","{""full_mul_calls"":25,""full_columns"":520,""fr_mul_calls"":25,""fr_columns"":520,""common"":{""operator_mul_calls"":25,""operator_columns"":520,""scalar_mul_calls"":50,""scalar_columns"":1040}}",2.358015165932687e-14,9.867620745174828e-11
55,3,24,6,2770,Previous map from this run only,64003,3.134673843922886e-14,3.9733072026474487,9b87edd594078ba116fb097c65472cc19d6c9db8b40ab8dc4dc125224b3ba18e,True,True,23,0.88692307472229,496,"{""full_mul_calls"":24,""full_columns"":496,""fr_mul_calls"":24,""fr_columns"":496,""common"":{""operator_mul_calls"":24,""operator_columns"":496,""scalar_mul_calls"":48,""scalar_columns"":992}}","{""full_mul_calls"":25,""full_columns"":520,""fr_mul_calls"":25,""fr_columns"":520,""common"":{""operator_mul_calls"":25,""operator_columns"":520,""scalar_mul_calls"":50,""scalar_columns"":1040}}",2.957547842319376e-14,9.462617493271338e-11
56,1,24,6,2777,Previous map from this run only,64001,3.100089444504899e-14,3.7357331318280766,9b7c6b154c405784b69876bef1f2a6505598d5d73e5783ea403c9cfcb76ff925,True,True,33,1.007215976715088,574,"{""full_mul_calls"":34,""full_columns"":574,""fr_mul_calls"":34,""fr_columns"":574,""common"":{""operator_mul_calls"":34,""operator_columns"":574,""scalar_mul_calls"":68,""scalar_columns"":1148}}","{""full_mul_calls"":35,""full_columns"":598,""fr_mul_calls"":35,""fr_columns"":598,""common"":{""operator_mul_calls"":35,""operator_columns"":598,""scalar_mul_calls"":70,""scalar_columns"":1196}}",2.1701841884216447e-14,9.068472131035401e-11
56,2,24,6,2770,Previous map from this run only,64002,2.7227909480813813e-14,4.236250802422438,71c3e504dd7feadd9fb9adc5effe47e820250f693717aa77448b23bb91350bd3,True,True,23,1.0595438480377197,497,"{""full_mul_calls"":24,""full_columns"":497,""fr_mul_calls"":24,""fr_columns"":497,""common"":{""operator_mul_calls"":24,""operator_columns"":497,""scalar_mul_calls"":48,""scalar_columns"":994}}","{""full_mul_calls"":25,""full_columns"":521,""fr_mul_calls"":25,""fr_columns"":521,""common"":{""operator_mul_calls"":25,""operator_columns"":521,""scalar_mul_calls"":50,""scalar_columns"":1042}}",2.925031986109998e-14,9.455898591960716e-11
56,3,24,6,2770,Previous map from this run only,64003,3.44932605614943e-14,3.7919132783265086,47fb38cb1668d8067988db2f1ddb2901c53f46eece2038bd7ac65ba501b8fae9,True,True,23,0.8900179862976074,496,"{""full_mul_calls"":24,""full_columns"":496,""fr_mul_calls"":24,""fr_columns"":496,""common"":{""operator_mul_calls"":24,""operator_columns"":496,""scalar_mul_calls"":48,""scalar_columns"":992}}","{""full_mul_calls"":25,""full_columns"":520,""fr_mul_calls"":25,""fr_columns"":520,""common"":{""operator_mul_calls"":25,""operator_columns"":520,""scalar_mul_calls"":50,""scalar_columns"":1040}}",2.2877472021505352e-14,9.620036318471116e-11
57,1,24,6,2777,Previous map from this run only,64001,3.110136008615658e-14,3.854157217343148,fa4d3b1bd9068c4aa64edb7cee5c469449937d6f5571b3428e5b42e48cfd634c,True,True,33,1.2314848899841309,575,"{""full_mul_calls"":34,""full_columns"":575,""fr_mul_calls"":34,""fr_columns"":575,""common"":{""operator_mul_calls"":34,""operator_columns"":575,""scalar_mul_calls"":68,""scalar_columns"":1150}}","{""full_mul_calls"":35,""full_columns"":599,""fr_mul_calls"":35,""fr_columns"":599,""common"":{""operator_mul_calls"":35,""operator_columns"":599,""scalar_mul_calls"":70,""scalar_columns"":1198}}",2.1238777490970848e-14,8.723566051290852e-11
57,2,24,6,2770,Previous map from this run only,64002,3.521420659416325e-14,3.9403098104664873,bf334047e1bf3f9b5ac5ea156390be514ce9d1e489dd6fbb1efe824440954f65,True,True,23,0.8828201293945312,496,"{""full_mul_calls"":24,""full_columns"":496,""fr_mul_calls"":24,""fr_columns"":496,""common"":{""operator_mul_calls"":24,""operator_columns"":496,""scalar_mul_calls"":48,""scalar_columns"":992}}","{""full_mul_calls"":25,""full_columns"":520,""fr_mul_calls"":25,""fr_columns"":520,""common"":{""operator_mul_calls"":25,""operator_columns"":520,""scalar_mul_calls"":50,""scalar_columns"":1040}}",2.3387868291995713e-14,9.109533429914568e-11
57,3,24,6,2770,Previous map from this run only,64003,2.8282568104617044e-14,4.114515290816269,cb4eab39cb885a7f27f310ff5b3bb101f6d5c7376e783fde087740eeb8cacd0e,True,True,23,1.0505039691925049,497,"{""full_mul_calls"":24,""full_columns"":497,""fr_mul_calls"":24,""fr_columns"":497,""common"":{""operator_mul_calls"":24,""operator_columns"":497,""scalar_mul_calls"":48,""scalar_columns"":994}}","{""full_mul_calls"":25,""full_columns"":521,""fr_mul_calls"":25,""fr_columns"":521,""common"":{""operator_mul_calls"":25,""operator_columns"":521,""scalar_mul_calls"":50,""scalar_columns"":1042}}",2.563485139290747e-14,8.733267524066295e-11
58,1,24,6,2777,Previous map from this run only,64001,2.7534757823260424e-14,3.914715657534443,75a0d68199e28a298ed64926f08d70fb80d59ae32b011ada1418ed3a2f34a04b,True,True,33,0.9929940700531006,577,"{""full_mul_calls"":34,""full_columns"":577,""fr_mul_calls"":34,""fr_columns"":577,""common"":{""operator_mul_calls"":34,""operator_columns"":577,""scalar_mul_calls"":68,""scalar_columns"":1154}}","{""full_mul_calls"":35,""full_columns"":601,""fr_mul_calls"":35,""fr_columns"":601,""common"":{""operator_mul_calls"":35,""operator_columns"":601,""scalar_mul_calls"":70,""scalar_columns"":1202}}",2.2046272435481645e-14,8.877438853452598e-11
58,2,24,6,2770,Previous map from this run only,64002,2.7614539072047842e-14,3.4837323088400876,7aee14644d962aecdcd86b966ec82474d7a15f3eb5fd7c74d34d250217d3b971,True,True,24,1.0784790515899658,502,"{""full_mul_calls"":25,""full_columns"":502,""fr_mul_calls"":25,""fr_columns"":502,""common"":{""operator_mul_calls"":25,""operator_columns"":502,""scalar_mul_calls"":50,""scalar_columns"":1004}}","{""full_mul_calls"":26,""full_columns"":526,""fr_mul_calls"":26,""fr_columns"":526,""common"":{""operator_mul_calls"":26,""operator_columns"":526,""scalar_mul_calls"":52,""scalar_columns"":1052}}",2.6136667104867468e-14,9.452719717030846e-11
58,3,24,6,2770,Previous map from this run only,64003,3.066995249311903e-14,3.7884331269891716,eda9a3f2f19eb4d4021d1a26a84761fbc42a061b195dbe9d952a94d9665fa3f9,True,True,23,0.9099509716033936,495,"{""full_mul_calls"":24,""full_columns"":495,""fr_mul_calls"":24,""fr_columns"":495,""common"":{""operator_mul_calls"":24,""operator_columns"":495,""scalar_mul_calls"":48,""scalar_columns"":990}}","{""full_mul_calls"":25,""full_columns"":519,""fr_mul_calls"":25,""fr_columns"":519,""common"":{""operator_mul_calls"":25,""operator_columns"":519,""scalar_mul_calls"":50,""scalar_columns"":1038}}",3.1040241112162724e-14,9.132630434879026e-11
59,1,24,6,2777,Previous map from this run only,64001,2.7126712512252574e-14,3.858049556970074,1fb551da2cf3a26d204d3064a595f74733b43d6171ffca3c650f0a78efe9416c,True,True,30,1.129446029663086,550,"{""full_mul_calls"":31,""full_columns"":550,""fr_mul_calls"":31,""fr_columns"":550,""common"":{""operator_mul_calls"":31,""operator_columns"":550,""scalar_mul_calls"":62,""scalar_columns"":1100}}","{""full_mul_calls"":32,""full_columns"":574,""fr_mul_calls"":32,""fr_columns"":574,""common"":{""operator_mul_calls"":32,""operator_columns"":574,""scalar_mul_calls"":64,""scalar_columns"":1148}}",1.9662230008871975e-14,9.69090369700456e-11
59,2,24,6,2770,Previous map from this run only,64002,3.21327645679115e-14,3.8221445304049184,655c15311b1877006f4aac62704c1f9006b2613a9c958b549aca119e5074120c,True,True,23,0.8837730884552002,495,"{""full_mul_calls"":24,""full_columns"":495,""fr_mul_calls"":24,""fr_columns"":495,""common"":{""operator_mul_calls"":24,""operator_columns"":495,""scalar_mul_calls"":48,""scalar_columns"":990}}","{""full_mul_calls"":25,""full_columns"":519,""fr_mul_calls"":25,""fr_columns"":519,""common"":{""operator_mul_calls"":25,""operator_columns"":519,""scalar_mul_calls"":50,""scalar_columns"":1038}}",2.9260009013965783e-14,9.795492654228429e-11
59,3,24,6,2770,Previous map from this run only,64003,3.5906694294786274e-14,3.7243469357281684,9ee99e9e9fb3bf513fbb70963e615dc86253199f3f5284a648d4d12b59d62bd5,True,True,23,0.919590950012207,495,"{""full_mul_calls"":24,""full_columns"":495,""fr_mul_calls"":24,""fr_columns"":495,""common"":{""operator_mul_calls"":24,""operator_columns"":495,""scalar_mul_calls"":48,""scalar_columns"":990}}","{""full_mul_calls"":25,""full_columns"":519,""fr_mul_calls"":25,""fr_columns"":519,""common"":{""operator_mul_calls"":25,""operator_columns"":519,""scalar_mul_calls"":50,""scalar_columns"":1038}}",2.1366433182977445e-14,9.701897947773549e-11
60,1,24,6,2777,Previous map from this run only,64001,2.839256874661613e-14,3.761582418429629,edcb178f8bbdba7debd1cd9c943c85a15060f45112fad4f8e6418d14f09bdfdf,True,True,28,0.8970248699188232,519,"{""full_mul_calls"":29,""full_columns"":519,""fr_mul_calls"":29,""fr_columns"":519,""common"":{""operator_mul_calls"":29,""operator_columns"":519,""scalar_mul_calls"":58,""scalar_columns"":1038}}","{""full_mul_calls"":30,""full_columns"":543,""fr_mul_calls"":30,""fr_columns"":543,""common"":{""operator_mul_calls"":30,""operator_columns"":543,""scalar_mul_calls"":60,""scalar_columns"":1086}}",2.2333437569141936e-14,9.934527893437239e-11
60,2,24,6,2770,Previous map from this run only,64002,3.534659397341333e-14,3.8785527574918035,39c16e40ef47cb8a954a0a2dbb3458801c67728eea6871511c137a7b1b0664a2,True,True,23,1.050400972366333,496,"{""full_mul_calls"":24,""full_columns"":496,""fr_mul_calls"":24,""fr_columns"":496,""common"":{""operator_mul_calls"":24,""operator_columns"":496,""scalar_mul_calls"":48,""scalar_columns"":992}}","{""full_mul_calls"":25,""full_columns"":520,""fr_mul_calls"":25,""fr_columns"":520,""common"":{""operator_mul_calls"":25,""operator_columns"":520,""scalar_mul_calls"":50,""scalar_columns"":1040}}",2.498493175964865e-14,8.220643392525314e-11
60,3,24,6,2770,Previous map from this run only,64003,2.6054284967944033e-14,3.995225549477324,da649dc484f4f98b72eaa3897d4bcfdcb45d92901ddb6f4146cfef2bef67b785,True,True,23,0.8737227916717529,495,"{""full_mul_calls"":24,""full_columns"":495,""fr_mul_calls"":24,""fr_columns"":495,""common"":{""operator_mul_calls"":24,""operator_columns"":495,""scalar_mul_calls"":48,""scalar_columns"":990}}","{""full_mul_calls"":25,""full_columns"":519,""fr_mul_calls"":25,""fr_columns"":519,""common"":{""operator_mul_calls"":25,""operator_columns"":519,""scalar_mul_calls"":50,""scalar_columns"":1038}}",2.3453366022642908e-14,9.698474218412688e-11
61,1,24,6,2777,Previous map from this run only,64001,2.684091318421974e-14,3.9095680232137973,e57a67d8e789dfe6f0265851faa410e286ca49e4f9cf9899ee2342a8aefb51d1,True,True,28,0.9019620418548584,520,"{""full_mul_calls"":29,""full_columns"":520,""fr_mul_calls"":29,""fr_columns"":520,""common"":{""operator_mul_calls"":29,""operator_columns"":520,""scalar_mul_calls"":58,""scalar_columns"":1040}}","{""full_mul_calls"":30,""full_columns"":544,""fr_mul_calls"":30,""fr_columns"":544,""common"":{""operator_mul_calls"":30,""operator_columns"":544,""scalar_mul_calls"":60,""scalar_columns"":1088}}",2.1094341489439168e-14,7.64022903530807e-11
61,2,24,6,2770,Previous map from this run only,64002,2.9323356325717156e-14,3.8908326041319414,7f637bd0caa7fe445601209f72192d4af83315278f4a859d9d75892fdeca06da,True,True,23,1.0290260314941406,486,"{""full_mul_calls"":24,""full_columns"":486,""fr_mul_calls"":24,""fr_columns"":486,""common"":{""operator_mul_calls"":24,""operator_columns"":486,""scalar_mul_calls"":48,""scalar_columns"":972}}","{""full_mul_calls"":25,""full_columns"":510,""fr_mul_calls"":25,""fr_columns"":510,""common"":{""operator_mul_calls"":25,""operator_columns"":510,""scalar_mul_calls"":50,""scalar_columns"":1020}}",2.0978916740719036e-14,9.573267237939251e-11
61,3,24,6,2770,Previous map from this run only,64003,2.9129772692481295e-14,3.9688206006938422,55152f48330f5b2fcf7907216bf40a5e4a3b3b8724f5210126e8af53fa820e4d,True,True,23,0.8653631210327148,486,"{""full_mul_calls"":24,""full_columns"":486,""fr_mul_calls"":24,""fr_columns"":486,""common"":{""operator_mul_calls"":24,""operator_columns"":486,""scalar_mul_calls"":48,""scalar_columns"":972}}","{""full_mul_calls"":25,""full_columns"":510,""fr_mul_calls"":25,""fr_columns"":510,""common"":{""operator_mul_calls"":25,""operator_columns"":510,""scalar_mul_calls"":50,""scalar_columns"":1020}}",3.0095371568344785e-14,9.872495061934357e-11
62,1,24,6,2777,Previous map from this run only,64001,2.7907262179012973e-14,3.790100924328269,7c90ec621048e4fb6384cb720bb15bf57e68910c4ca17dd286fbc99410de5caf,True,True,28,1.0717129707336426,520,"{""full_mul_calls"":29,""full_columns"":520,""fr_mul_calls"":29,""fr_columns"":520,""common"":{""operator_mul_calls"":29,""operator_columns"":520,""scalar_mul_calls"":58,""scalar_columns"":1040}}","{""full_mul_calls"":30,""full_columns"":544,""fr_mul_calls"":30,""fr_columns"":544,""common"":{""operator_mul_calls"":30,""operator_columns"":544,""scalar_mul_calls"":60,""scalar_columns"":1088}}",2.6805562792158885e-14,7.932011543540045e-11
62,2,24,6,2770,Previous map from this run only,64002,2.5340684410935757e-14,4.038776279671312,5906cb8b05de2ad39ec566c4a8b7bae3f0a06eaefe00367dd36c315389b7c743,True,True,24,0.8714132308959961,494,"{""full_mul_calls"":25,""full_columns"":494,""fr_mul_calls"":25,""fr_columns"":494,""common"":{""operator_mul_calls"":25,""operator_columns"":494,""scalar_mul_calls"":50,""scalar_columns"":988}}","{""full_mul_calls"":26,""full_columns"":518,""fr_mul_calls"":26,""fr_columns"":518,""common"":{""operator_mul_calls"":26,""operator_columns"":518,""scalar_mul_calls"":52,""scalar_columns"":1036}}",2.672864771312108e-14,9.13077454690264e-11
62,3,24,6,2770,Previous map from this run only,64003,3.618761253993382e-14,4.074323169779081,6d1ac101eb4e52a14556e1abea278b29c91e5f4def747cea9083a36c45f8fa7f,True,True,24,1.0290119647979736,494,"{""full_mul_calls"":25,""full_columns"":494,""fr_mul_calls"":25,""fr_columns"":494,""common"":{""operator_mul_calls"":25,""operator_columns"":494,""scalar_mul_calls"":50,""scalar_columns"":988}}","{""full_mul_calls"":26,""full_columns"":518,""fr_mul_calls"":26,""fr_columns"":518,""common"":{""operator_mul_calls"":26,""operator_columns"":518,""scalar_mul_calls"":52,""scalar_columns"":1036}}",2.6390124452046507e-14,9.015090282353499e-11
63,1,24,6,2777,Previous map from this run only,64001,3.1562485144962595e-14,3.970448741860117,d9cf3d18b301142bb0d7a01038c2cf14e37879b3746f070846dea8cb5a70f48e,True,True,26,0.8871638774871826,503,"{""full_mul_calls"":27,""full_columns"":503,""fr_mul_calls"":27,""fr_columns"":503,""common"":{""operator_mul_calls"":27,""operator_columns"":503,""scalar_mul_calls"":54,""scalar_columns"":1006}}","{""full_mul_calls"":28,""full_columns"":527,""fr_mul_calls"":28,""fr_columns"":527,""common"":{""operator_mul_calls"":28,""operator_columns"":527,""scalar_mul_calls"":56,""scalar_columns"":1054}}",2.3345215327639515e-14,9.682746211727062e-11
63,2,24,6,2770,Previous map from this run only,64002,3.601671182405656e-14,3.8369790198064258,86a9fe2559845a99c6f3147cb34faf1a5a98ac100560b825bdeb094fba7afc34,True,True,24,1.0416300296783447,494,"{""full_mul_calls"":25,""full_columns"":494,""fr_mul_calls"":25,""fr_columns"":494,""common"":{""operator_mul_calls"":25,""operator_columns"":494,""scalar_mul_calls"":50,""scalar_columns"":988}}","{""full_mul_calls"":26,""full_columns"":518,""fr_mul_calls"":26,""fr_columns"":518,""common"":{""operator_mul_calls"":26,""operator_columns"":518,""scalar_mul_calls"":52,""scalar_columns"":1036}}",2.5437234126811498e-14,8.18197423901446e-11
63,3,24,6,2770,Previous map from this run only,64003,3.046146425607248e-14,3.991320473066871,4e81dc03d09bc38fad787462963c562d1de1c87173c1ecb5e9043cf733c42232,True,True,24,0.8705630302429199,492,"{""full_mul_calls"":25,""full_columns"":492,""fr_mul_calls"":25,""fr_columns"":492,""common"":{""operator_mul_calls"":25,""operator_columns"":492,""scalar_mul_calls"":50,""scalar_columns"":984}}","{""full_mul_calls"":26,""full_columns"":516,""fr_mul_calls"":26,""fr_columns"":516,""common"":{""operator_mul_calls"":26,""operator_columns"":516,""scalar_mul_calls"":52,""scalar_columns"":1032}}",2.639806947837379e-14,9.719411220040484e-11
64,1,24,6,2777,Previous map from this run only,64001,2.8896092870832646e-14,4.038701059810556,4454e90c3e2952b98d2e4bbb55bd075a4d8e33754acf97a574010d99e0bc3691,True,True,26,0.861644983291626,499,"{""full_mul_calls"":27,""full_columns"":499,""fr_mul_calls"":27,""fr_columns"":499,""common"":{""operator_mul_calls"":27,""operator_columns"":499,""scalar_mul_calls"":54,""scalar_columns"":998}}","{""full_mul_calls"":28,""full_columns"":523,""fr_mul_calls"":28,""fr_columns"":523,""common"":{""operator_mul_calls"":28,""operator_columns"":523,""scalar_mul_calls"":56,""scalar_columns"":1046}}",2.5213512894286008e-14,9.803913233530717e-11
64,2,24,6,2770,Previous map from this run only,64002,2.965526222246107e-14,3.971360679652076,3e9cf9542a23eee47f5e359d324d2895ff69abb14b1c60410f1b4f0cec074f7d,True,True,23,0.9078099727630615,486,"{""full_mul_calls"":24,""full_columns"":486,""fr_mul_calls"":24,""fr_columns"":486,""common"":{""operator_mul_calls"":24,""operator_columns"":486,""scalar_mul_calls"":48,""scalar_columns"":972}}","{""full_mul_calls"":25,""full_columns"":510,""fr_mul_calls"":25,""fr_columns"":510,""common"":{""operator_mul_calls"":25,""operator_columns"":510,""scalar_mul_calls"":50,""scalar_columns"":1020}}",2.36011483660724e-14,8.657161856286759e-11
64,3,24,6,2770,Previous map from this run only,64003,3.3636990200810666e-14,3.8163975816944893,cf2b0df57cf052ca398421e952d966d318e9014d2aa7307fa3cf1033d93d2f28,True,True,23,1.011282205581665,486,"{""full_mul_calls"":24,""full_columns"":486,""fr_mul_calls"":24,""fr_columns"":486,""common"":{""operator_mul_calls"":24,""operator_columns"":486,""scalar_mul_calls"":48,""scalar_columns"":972}}","{""full_mul_calls"":25,""full_columns"":510,""fr_mul_calls"":25,""fr_columns"":510,""common"":{""operator_mul_calls"":25,""operator_columns"":510,""scalar_mul_calls"":50,""scalar_columns"":1020}}",3.1195334925504504e-14,9.601198873392029e-11
65,1,24,6,2777,Previous map from this run only,64001,2.881196064796268e-14,4.017396928226914,f5a5003eb495ce65ac8015c2f7c189e912a06d63b9837b7247deccc149411fe5,True,True,25,1.02549409866333,492,"{""full_mul_calls"":26,""full_columns"":492,""fr_mul_calls"":26,""fr_columns"":492,""common"":{""operator_mul_calls"":26,""operator_columns"":492,""scalar_mul_calls"":52,""scalar_columns"":984}}","{""full_mul_calls"":27,""full_columns"":516,""fr_mul_calls"":27,""fr_columns"":516,""common"":{""operator_mul_calls"":27,""operator_columns"":516,""scalar_mul_calls"":54,""scalar_columns"":1032}}",2.3446667715154786e-14,9.136505063085108e-11
65,2,24,6,2770,Previous map from this run only,64002,2.8021891021285664e-14,3.963549851595208,530a7bb808f21e8d9880164133a0bab544feea66d40b3da819648f306b0de1a6,True,True,23,0.8560371398925781,486,"{""full_mul_calls"":24,""full_columns"":486,""fr_mul_calls"":24,""fr_columns"":486,""common"":{""operator_mul_calls"":24,""operator_columns"":486,""scalar_mul_calls"":48,""scalar_columns"":972}}","{""full_mul_calls"":25,""full_columns"":510,""fr_mul_calls"":25,""fr_columns"":510,""common"":{""operator_mul_calls"":25,""operator_columns"":510,""scalar_mul_calls"":50,""scalar_columns"":1020}}",2.774831857372127e-14,8.763535092539602e-11
65,3,24,6,2770,Previous map from this run only,64003,3.6188946512711565e-14,3.7190731892452322,d89e014cdfbbe958401bf2cf193618d1b949a1d9739eaae1d18280dcaa17e5c1,True,True,24,1.0480811595916748,493,"{""full_mul_calls"":25,""full_columns"":493,""fr_mul_calls"":25,""fr_columns"":493,""common"":{""operator_mul_calls"":25,""operator_columns"":493,""scalar_mul_calls"":50,""scalar_columns"":986}}","{""full_mul_calls"":26,""full_columns"":517,""fr_mul_calls"":26,""fr_columns"":517,""common"":{""operator_mul_calls"":26,""operator_columns"":517,""scalar_mul_calls"":52,""scalar_columns"":1034}}",2.4572626414663877e-14,9.835149827232706e-11
66,1,24,6,2777,Previous map from this run only,64001,2.8223609426992124e-14,3.9072263541819847,d196003ef645f4ab2b2e4bcf970a764591d40bd08dafc7171135851eb6c9da9f,True,True,25,1.0205121040344238,484,"{""full_mul_calls"":26,""full_columns"":484,""fr_mul_calls"":26,""fr_columns"":484,""common"":{""operator_mul_calls"":26,""operator_columns"":484,""scalar_mul_calls"":52,""scalar_columns"":968}}","{""full_mul_calls"":27,""full_columns"":508,""fr_mul_calls"":27,""fr_columns"":508,""common"":{""operator_mul_calls"":27,""operator_columns"":508,""scalar_mul_calls"":54,""scalar_columns"":1016}}",2.3680254206815968e-14,9.933900980864279e-11
66,2,24,6,2770,Previous map from this run only,64002,3.1217920424048924e-14,3.976942432762174,6bb1aa1a29528a3594fa5e49118b1547f548deb21996050a768ac68a3158d1c8,True,True,23,0.8580849170684814,486,"{""full_mul_calls"":24,""full_columns"":486,""fr_mul_calls"":24,""fr_columns"":486,""common"":{""operator_mul_calls"":24,""operator_columns"":486,""scalar_mul_calls"":48,""scalar_columns"":972}}","{""full_mul_calls"":25,""full_columns"":510,""fr_mul_calls"":25,""fr_columns"":510,""common"":{""operator_mul_calls"":25,""operator_columns"":510,""scalar_mul_calls"":50,""scalar_columns"":1020}}",2.6675972345516652e-14,8.595387071171498e-11
66,3,24,6,2770,Previous map from this run only,64003,3.012190732977694e-14,3.9639675525732714,b69943639ed1c7958e671f11e4969aa8f32c6442dd9ddcf311e93833a1fbf7aa,True,True,23,1.0253610610961914,482,"{""full_mul_calls"":24,""full_columns"":482,""fr_mul_calls"":24,""fr_columns"":482,""common"":{""operator_mul_calls"":24,""operator_columns"":482,""scalar_mul_calls"":48,""scalar_columns"":964}}","{""full_mul_calls"":25,""full_columns"":506,""fr_mul_calls"":25,""fr_columns"":506,""common"":{""operator_mul_calls"":25,""operator_columns"":506,""scalar_mul_calls"":50,""scalar_columns"":1012}}",2.6541460363367318e-14,9.60466380257583e-11
67,1,24,6,2777,Previous map from this run only,64001,2.638914126598955e-14,3.875873521746918,f0f22f3787310c1d29966a049c6c0a5a4e45b7bf4ce6c1253de6cc6a84c44234,True,True,26,0.8631870746612549,492,"{""full_mul_calls"":27,""full_columns"":492,""fr_mul_calls"":27,""fr_columns"":492,""common"":{""operator_mul_calls"":27,""operator_columns"":492,""scalar_mul_calls"":54,""scalar_columns"":984}}","{""full_mul_calls"":28,""full_columns"":516,""fr_mul_calls"":28,""fr_columns"":516,""common"":{""operator_mul_calls"":28,""operator_columns"":516,""scalar_mul_calls"":56,""scalar_columns"":1032}}",2.6437167013814704e-14,8.488880795991083e-11
67,2,24,6,2770,Previous map from this run only,64002,3.2321841190355246e-14,3.6783107230205094,8907fc276098340c300945139a342f233db381c8620b9f312fc1c6b368ad0e53,True,True,23,1.021212100982666,482,"{""full_mul_calls"":24,""full_columns"":482,""fr_mul_calls"":24,""fr_columns"":482,""common"":{""operator_mul_calls"":24,""operator_columns"":482,""scalar_mul_calls"":48,""scalar_columns"":964}}","{""full_mul_calls"":25,""full_columns"":506,""fr_mul_calls"":25,""fr_columns"":506,""common"":{""operator_mul_calls"":25,""operator_columns"":506,""scalar_mul_calls"":50,""scalar_columns"":1012}}",2.4363594600407727e-14,9.752805779527589e-11
67,3,24,6,2770,Previous map from this run only,64003,3.34525346069196e-14,3.8791521091331,5d6038e3afff3beeb01602e0c58961ee21d7a59b6930f1d0b1c896e0d690aa12,True,True,23,0.8555550575256348,481,"{""full_mul_calls"":24,""full_columns"":481,""fr_mul_calls"":24,""fr_columns"":481,""common"":{""operator_mul_calls"":24,""operator_columns"":481,""scalar_mul_calls"":48,""scalar_columns"":962}}","{""full_mul_calls"":25,""full_columns"":505,""fr_mul_calls"":25,""fr_columns"":505,""common"":{""operator_mul_calls"":25,""operator_columns"":505,""scalar_mul_calls"":50,""scalar_columns"":1010}}",2.629467150876502e-14,9.78460245346633e-11
68,1,24,6,2777,Previous map from this run only,64001,3.038879493559731e-14,3.8065165326456545,4b60c759e28912c0b22c352293e66f6d302585e42013af6dbc9e2b86c2e83f89,True,True,26,1.0416350364685059,492,"{""full_mul_calls"":27,""full_columns"":492,""fr_mul_calls"":27,""fr_columns"":492,""common"":{""operator_mul_calls"":27,""operator_columns"":492,""scalar_mul_calls"":54,""scalar_columns"":984}}","{""full_mul_calls"":28,""full_columns"":516,""fr_mul_calls"":28,""fr_columns"":516,""common"":{""operator_mul_calls"":28,""operator_columns"":516,""scalar_mul_calls"":56,""scalar_columns"":1032}}",2.670553338909049e-14,9.610288301280814e-11
68,2,24,6,2770,Previous map from this run only,64002,2.970238083807222e-14,3.808305749664882,0b60bdeb57439dc5ead5f331290c2dd790dc2b6a8d31e0ee0d892c33b8524a1e,True,True,23,0.850255012512207,481,"{""full_mul_calls"":24,""full_columns"":481,""fr_mul_calls"":24,""fr_columns"":481,""common"":{""operator_mul_calls"":24,""operator_columns"":481,""scalar_mul_calls"":48,""scalar_columns"":962}}","{""full_mul_calls"":25,""full_columns"":505,""fr_mul_calls"":25,""fr_columns"":505,""common"":{""operator_mul_calls"":25,""operator_columns"":505,""scalar_mul_calls"":50,""scalar_columns"":1010}}",2.4786140754081636e-14,9.879561372428217e-11
68,3,24,6,2770,Previous map from this run only,64003,3.00583849058098e-14,3.8845139362184784,52a4d9112972f150ba0d602144d1e420dedde64c24717fd6cf426e678c4b010e,True,True,22,0.8640880584716797,474,"{""full_mul_calls"":23,""full_columns"":474,""fr_mul_calls"":23,""fr_columns"":474,""common"":{""operator_mul_calls"":23,""operator_columns"":474,""scalar_mul_calls"":46,""scalar_columns"":948}}","{""full_mul_calls"":24,""full_columns"":498,""fr_mul_calls"":24,""fr_columns"":498,""common"":{""operator_mul_calls"":24,""operator_columns"":498,""scalar_mul_calls"":48,""scalar_columns"":996}}",2.5666489884056367e-14,9.409537162161589e-11
69,1,24,6,2777,Previous map from this run only,64001,3.013572384863945e-14,3.7798694923447513,abed28cf96ed7575b7cc158492a25cba53877e65a5e033a4771bb7307ebf5972,True,True,26,0.8707690238952637,491,"{""full_mul_calls"":27,""full_columns"":491,""fr_mul_calls"":27,""fr_columns"":491,""common"":{""operator_mul_calls"":27,""operator_columns"":491,""scalar_mul_calls"":54,""scalar_columns"":982}}","{""full_mul_calls"":28,""full_columns"":515,""fr_mul_calls"":28,""fr_columns"":515,""common"":{""operator_mul_calls"":28,""operator_columns"":515,""scalar_mul_calls"":56,""scalar_columns"":1030}}",2.2901072452394347e-14,9.225927228584232e-11
69,2,24,6,2770,Previous map from this run only,64002,3.095172934425095e-14,3.817350604985746,541e0c4f4aedb930d0f6c010550ba56228817e3d602cc44de5ef498896fe7f1f,True,True,22,1.0132479667663574,475,"{""full_mul_calls"":23,""full_columns"":475,""fr_mul_calls"":23,""fr_columns"":475,""common"":{""operator_mul_calls"":23,""operator_columns"":475,""scalar_mul_calls"":46,""scalar_columns"":950}}","{""full_mul_calls"":24,""full_columns"":499,""fr_mul_calls"":24,""fr_columns"":499,""common"":{""operator_mul_calls"":24,""operator_columns"":499,""scalar_mul_calls"":48,""scalar_columns"":998}}",2.3894206051595173e-14,9.791172154954863e-11
69,3,24,6,2770,Previous map from this run only,64003,2.964024879033074e-14,4.094559872930522,37b5a7db9f68ff909448dcc0933df135529af4e6f34bc2f9d182d3940c98b14c,True,True,22,0.8351128101348877,473,"{""full_mul_calls"":23,""full_columns"":473,""fr_mul_calls"":23,""fr_columns"":473,""common"":{""operator_mul_calls"":23,""operator_columns"":473,""scalar_mul_calls"":46,""scalar_columns"":946}}","{""full_mul_calls"":24,""full_columns"":497,""fr_mul_calls"":24,""fr_columns"":497,""common"":{""operator_mul_calls"":24,""operator_columns"":497,""scalar_mul_calls"":48,""scalar_columns"":994}}",2.6164154084127704e-14,9.988017428413543e-11
70,1,24,6,2777,Previous map from this run only,64001,2.8306178101302928e-14,3.8842503047107355,5a455610aadb58c383b1119ed2eba071f74f1960b77b661b469d813baa43b0fd,True,True,26,1.035888910293579,490,"{""full_mul_calls"":27,""full_columns"":490,""fr_mul_calls"":27,""fr_columns"":490,""common"":{""operator_mul_calls"":27,""operator_columns"":490,""scalar_mul_calls"":54,""scalar_columns"":980}}","{""full_mul_calls"":28,""full_columns"":514,""fr_mul_calls"":28,""fr_columns"":514,""common"":{""operator_mul_calls"":28,""operator_columns"":514,""scalar_mul_calls"":56,""scalar_columns"":1028}}",2.5303617420645988e-14,8.291587750211918e-11
70,2,24,6,2770,Previous map from this run only,64002,3.375273901841812e-14,3.913943761847804,d26d3ad855523d66ee53ea514e6631d216292f2545b865cfa3be526a129b7495,True,True,22,0.8412818908691406,473,"{""full_mul_calls"":23,""full_columns"":473,""fr_mul_calls"":23,""fr_columns"":473,""common"":{""operator_mul_calls"":23,""operator_columns"":473,""scalar_mul_calls"":46,""scalar_columns"":946}}","{""full_mul_calls"":24,""full_columns"":497,""fr_mul_calls"":24,""fr_columns"":497,""common"":{""operator_mul_calls"":24,""operator_columns"":497,""scalar_mul_calls"":48,""scalar_columns"":994}}",2.4521350433868635e-14,9.767203593365661e-11
70,3,24,6,2770,Previous map from this run only,64003,3.164424334810831e-14,3.8333215722879093,370462893d3b2961f5e72e3f3196ff51b4d53e2aa93b9225609ee3c7c3e75516,True,True,22,1.0146000385284424,473,"{""full_mul_calls"":23,""full_columns"":473,""fr_mul_calls"":23,""fr_columns"":473,""common"":{""operator_mul_calls"":23,""operator_columns"":473,""scalar_mul_calls"":46,""scalar_columns"":946}}","{""full_mul_calls"":24,""full_columns"":497,""fr_mul_calls"":24,""fr_columns"":497,""common"":{""operator_mul_calls"":24,""operator_columns"":497,""scalar_mul_calls"":48,""scalar_columns"":994}}",1.8754638654487585e-14,9.524728690686008e-11
71,1,24,6,2777,Previous map from this run only,64001,2.9055655388695343e-14,3.8960825340987406,239c93c0628647877d103843e3784e248d7cd85308b11cf1985a28769a2a3d4b,True,True,23,0.8167169094085693,464,"{""full_mul_calls"":24,""full_columns"":464,""fr_mul_calls"":24,""fr_columns"":464,""common"":{""operator_mul_calls"":24,""operator_columns"":464,""scalar_mul_calls"":48,""scalar_columns"":928}}","{""full_mul_calls"":25,""full_columns"":488,""fr_mul_calls"":25,""fr_columns"":488,""common"":{""operator_mul_calls"":25,""operator_columns"":488,""scalar_mul_calls"":50,""scalar_columns"":976}}",2.2695187543590572e-14,9.960945467033907e-11
71,2,24,6,2770,Previous map from this run only,64002,2.932778052987444e-14,4.095381992605838,438d95626016846ef8a6e0d7954ca41963b13c7547ff73ce4f13fcd6ae527f04,True,True,21,0.9954690933227539,462,"{""full_mul_calls"":22,""full_columns"":462,""fr_mul_calls"":22,""fr_columns"":462,""common"":{""operator_mul_calls"":22,""operator_columns"":462,""scalar_mul_calls"":44,""scalar_columns"":924}}","{""full_mul_calls"":23,""full_columns"":486,""fr_mul_calls"":23,""fr_columns"":486,""common"":{""operator_mul_calls"":23,""operator_columns"":486,""scalar_mul_calls"":46,""scalar_columns"":972}}",2.3135907124327497e-14,9.532878624039292e-11
71,3,24,6,2770,Previous map from this run only,64003,2.4685306184582063e-14,3.868406401728549,cf7349eb93abc076005d21340421701694cf6b7014dffb5dc4c06493c7a8dd36,True,True,21,0.8217020034790039,462,"{""full_mul_calls"":22,""full_columns"":462,""fr_mul_calls"":22,""fr_columns"":462,""common"":{""operator_mul_calls"":22,""operator_columns"":462,""scalar_mul_calls"":44,""scalar_columns"":924}}","{""full_mul_calls"":23,""full_columns"":486,""fr_mul_calls"":23,""fr_columns"":486,""common"":{""operator_mul_calls"":23,""operator_columns"":486,""scalar_mul_calls"":46,""scalar_columns"":972}}",2.8491346285903296e-14,9.389816619366795e-11
72,1,24,6,2777,Previous map from this run only,64001,2.7543111345561135e-14,3.8989839998672893,42b5ed4cc4714a9a8bcb7cfd6feb225ecc80684be1ab758a2ddb0a66219c1994,True,True,22,0.9566850662231445,446,"{""full_mul_calls"":23,""full_columns"":446,""fr_mul_calls"":23,""fr_columns"":446,""common"":{""operator_mul_calls"":23,""operator_columns"":446,""scalar_mul_calls"":46,""scalar_columns"":892}}","{""full_mul_calls"":24,""full_columns"":470,""fr_mul_calls"":24,""fr_columns"":470,""common"":{""operator_mul_calls"":24,""operator_columns"":470,""scalar_mul_calls"":48,""scalar_columns"":940}}",2.1438823636954024e-14,9.413913578146469e-11
72,2,24,6,2770,Previous map from this run only,64002,2.851872334617582e-14,3.889554233330146,e6859ea1039ec96009f9d5fc4617a5a962bc8936fcd3f0e3a130840149175188,True,True,22,0.8327181339263916,470,"{""full_mul_calls"":23,""full_columns"":470,""fr_mul_calls"":23,""fr_columns"":470,""common"":{""operator_mul_calls"":23,""operator_columns"":470,""scalar_mul_calls"":46,""scalar_columns"":940}}","{""full_mul_calls"":24,""full_columns"":494,""fr_mul_calls"":24,""fr_columns"":494,""common"":{""operator_mul_calls"":24,""operator_columns"":494,""scalar_mul_calls"":48,""scalar_columns"":988}}",2.276362955560969e-14,8.511384774617789e-11
72,3,24,6,2770,Previous map from this run only,64003,3.421098634978297e-14,3.7714273142664543,1f0f7f648f84a57b02a68f7036d6eaf451d3fe78622eae3bf3fafccf03e76e31,True,True,22,1.010472059249878,469,"{""full_mul_calls"":23,""full_columns"":469,""fr_mul_calls"":23,""fr_columns"":469,""common"":{""operator_mul_calls"":23,""operator_columns"":469,""scalar_mul_calls"":46,""scalar_columns"":938}}","{""full_mul_calls"":24,""full_columns"":493,""fr_mul_calls"":24,""fr_columns"":493,""common"":{""operator_mul_calls"":24,""operator_columns"":493,""scalar_mul_calls"":48,""scalar_columns"":986}}",2.226873112130476e-14,8.355867125916068e-11
73,1,24,6,2777,Previous map from this run only,64001,2.616100536897308e-14,3.8681855137962837,dae8550728220bc5c17ae7c22137535debdb3a7d225c97db40518523f1f0ae01,True,True,22,0.8143160343170166,444,"{""full_mul_calls"":23,""full_columns"":444,""fr_mul_calls"":23,""fr_columns"":444,""common"":{""operator_mul_calls"":23,""operator_columns"":444,""scalar_mul_calls"":46,""scalar_columns"":888}}","{""full_mul_calls"":24,""full_columns"":468,""fr_mul_calls"":24,""fr_columns"":468,""common"":{""operator_mul_calls"":24,""operator_columns"":468,""scalar_mul_calls"":48,""scalar_columns"":936}}",2.123691964354283e-14,9.92093791742677e-11
73,2,24,6,2770,Previous map from this run only,64002,3.16866371485601e-14,3.8203362885005934,528e58d599493516764e4b9950724af8a0469da3f07750d999a386c3d7c50026,True,True,21,0.9986958503723145,460,"{""full_mul_calls"":22,""full_columns"":460,""fr_mul_calls"":22,""fr_columns"":460,""common"":{""operator_mul_calls"":22,""operator_columns"":460,""scalar_mul_calls"":44,""scalar_columns"":920}}","{""full_mul_calls"":23,""full_columns"":484,""fr_mul_calls"":23,""fr_columns"":484,""common"":{""operator_mul_calls"":23,""operator_columns"":484,""scalar_mul_calls"":46,""scalar_columns"":968}}",2.6864582418361388e-14,9.617887028477373e-11
73,3,24,6,2770,Previous map from this run only,64003,2.724344450321462e-14,3.8937215369376075,14a80f192048c2a70ebde2c1e0761c802a108c745f95e185f5b78e86ebaea03a,True,True,22,0.8382210731506348,468,"{""full_mul_calls"":23,""full_columns"":468,""fr_mul_calls"":23,""fr_columns"":468,""common"":{""operator_mul_calls"":23,""operator_columns"":468,""scalar_mul_calls"":46,""scalar_columns"":936}}","{""full_mul_calls"":24,""full_columns"":492,""fr_mul_calls"":24,""fr_columns"":492,""common"":{""operator_mul_calls"":24,""operator_columns"":492,""scalar_mul_calls"":48,""scalar_columns"":984}}",2.567571263690555e-14,9.438690595507702e-11
74,1,24,6,2777,Previous map from this run only,64001,2.706478311519707e-14,3.789460830381955,b4082898b3393792fd26c8eec3ac1a33acb65664948f91d2f0ede3fd33b8c5f7,True,True,22,0.9497230052947998,444,"{""full_mul_calls"":23,""full_columns"":444,""fr_mul_calls"":23,""fr_columns"":444,""common"":{""operator_mul_calls"":23,""operator_columns"":444,""scalar_mul_calls"":46,""scalar_columns"":888}}","{""full_mul_calls"":24,""full_columns"":468,""fr_mul_calls"":24,""fr_columns"":468,""common"":{""operator_mul_calls"":24,""operator_columns"":468,""scalar_mul_calls"":48,""scalar_columns"":936}}",1.799360307575534e-14,9.559509495546301e-11
74,2,24,6,2770,Previous map from this run only,64002,3.3962713958426537e-14,3.850368210248593,485998dd08470b861860a12ec1ba6d8546a306de6b4fbc6378857c111277ff49,True,True,21,0.7914121150970459,452,"{""full_mul_calls"":22,""full_columns"":452,""fr_mul_calls"":22,""fr_columns"":452,""common"":{""operator_mul_calls"":22,""operator_columns"":452,""scalar_mul_calls"":44,""scalar_columns"":904}}","{""full_mul_calls"":23,""full_columns"":476,""fr_mul_calls"":23,""fr_columns"":476,""common"":{""operator_mul_calls"":23,""operator_columns"":476,""scalar_mul_calls"":46,""scalar_columns"":952}}",2.496523192936286e-14,9.351834852921388e-11
74,3,24,6,2770,Previous map from this run only,64003,3.1580577974249447e-14,4.031005846165779,1ceaa5b13b7f08b9e99c9980106f6b953bc8b593610951ce57b315d173abe940,True,True,21,0.8074178695678711,452,"{""full_mul_calls"":22,""full_columns"":452,""fr_mul_calls"":22,""fr_columns"":452,""common"":{""operator_mul_calls"":22,""operator_columns"":452,""scalar_mul_calls"":44,""scalar_columns"":904}}","{""full_mul_calls"":23,""full_columns"":476,""fr_mul_calls"":23,""fr_columns"":476,""common"":{""operator_mul_calls"":23,""operator_columns"":476,""scalar_mul_calls"":46,""scalar_columns"":952}}",2.886951275980317e-14,9.931033357210154e-11
75,1,24,6,2777,Previous map from this run only,64001,2.896812853481879e-14,3.9422562944970405,bdb54d52b73ac2aacc163344947d8f5dce85830266a3b25a32203da941568cd6,True,True,22,0.8181519508361816,444,"{""full_mul_calls"":23,""full_columns"":444,""fr_mul_calls"":23,""fr_columns"":444,""common"":{""operator_mul_calls"":23,""operator_columns"":444,""scalar_mul_calls"":46,""scalar_columns"":888}}","{""full_mul_calls"":24,""full_columns"":468,""fr_mul_calls"":24,""fr_columns"":468,""common"":{""operator_mul_calls"":24,""operator_columns"":468,""scalar_mul_calls"":48,""scalar_columns"":936}}",2.5918497111203586e-14,9.457012595928e-11
75,2,24,6,2770,Previous map from this run only,64002,2.894401587919636e-14,3.9145898553364793,850325cb86b7f0e35ffc1872dca347a627be928e99858c0bd43a7207fe857988,True,True,21,0.953848123550415,450,"{""full_mul_calls"":22,""full_columns"":450,""fr_mul_calls"":22,""fr_columns"":450,""common"":{""operator_mul_calls"":22,""operator_columns"":450,""scalar_mul_calls"":44,""scalar_columns"":900}}","{""full_mul_calls"":23,""full_columns"":474,""fr_mul_calls"":23,""fr_columns"":474,""common"":{""operator_mul_calls"":23,""operator_columns"":474,""scalar_mul_calls"":46,""scalar_columns"":948}}",2.4255639472263703e-14,9.76633210074912e-11
75,3,24,6,2770,Previous map from this run only,64003,3.706228012231794e-14,3.967643783506732,01b4ae49d6d73462448cd94e91255281f2608dccd60534da75a38de928cf1571,True,True,21,0.7972700595855713,451,"{""full_mul_calls"":22,""full_columns"":451,""fr_mul_calls"":22,""fr_columns"":451,""common"":{""operator_mul_calls"":22,""operator_columns"":451,""scalar_mul_calls"":44,""scalar_columns"":902}}","{""full_mul_calls"":23,""full_columns"":475,""fr_mul_calls"":23,""fr_columns"":475,""common"":{""operator_mul_calls"":23,""operator_columns"":475,""scalar_mul_calls"":46,""scalar_columns"":950}}",2.2195205642889854e-14,9.786755601349078e-11
76,1,24,6,2777,Previous map from this run only,64001,3.046071045464758e-14,3.917201925637645,fdd3a77582a72add096618835a3c7a55cc431e5201caf1b494ae936e6400a183,True,True,22,0.9535069465637207,444,"{""full_mul_calls"":23,""full_columns"":444,""fr_mul_calls"":23,""fr_columns"":444,""common"":{""operator_mul_calls"":23,""operator_columns"":444,""scalar_mul_calls"":46,""scalar_columns"":888}}","{""full_mul_calls"":24,""full_columns"":468,""fr_mul_calls"":24,""fr_columns"":468,""common"":{""operator_mul_calls"":24,""operator_columns"":468,""scalar_mul_calls"":48,""scalar_columns"":936}}",2.158513073586926e-14,9.057473816806118e-11
76,2,24,6,2770,Previous map from this run only,64002,2.97621175294895e-14,3.87868675301288,4d7f832aec143a1734eb7b9c46b308be7ce7c87c8aa9b65527aceaf488f440a4,True,True,20,0.7843351364135742,443,"{""full_mul_calls"":21,""full_columns"":443,""fr_mul_calls"":21,""fr_columns"":443,""common"":{""operator_mul_calls"":21,""operator_columns"":443,""scalar_mul_calls"":42,""scalar_columns"":886}}","{""full_mul_calls"":22,""full_columns"":467,""fr_mul_calls"":22,""fr_columns"":467,""common"":{""operator_mul_calls"":22,""operator_columns"":467,""scalar_mul_calls"":44,""scalar_columns"":934}}",2.9531918657691944e-14,9.742743579367484e-11
76,3,24,6,2770,Previous map from this run only,64003,2.8493234599255244e-14,3.630597321443625,b63a8f56602971d41a70f195e8a4c104f7674f4e6a9f27de071a4cee374f4c1e,True,True,20,0.808074951171875,442,"{""full_mul_calls"":21,""full_columns"":442,""fr_mul_calls"":21,""fr_columns"":442,""common"":{""operator_mul_calls"":21,""operator_columns"":442,""scalar_mul_calls"":42,""scalar_columns"":884}}","{""full_mul_calls"":22,""full_columns"":466,""fr_mul_calls"":22,""fr_columns"":466,""common"":{""operator_mul_calls"":22,""operator_columns"":466,""scalar_mul_calls"":44,""scalar_columns"":932}}",2.7204216998687555e-14,9.810828575741631e-11
77,1,24,6,2777,Previous map from this run only,64001,2.703979067875837e-14,3.8768688126616166,bee2e02d5a9d63a07405cfb60703a0356a8b96446d808e9858bf6ea5ac0cb48a,True,True,22,0.7835040092468262,444,"{""full_mul_calls"":23,""full_columns"":444,""fr_mul_calls"":23,""fr_columns"":444,""common"":{""operator_mul_calls"":23,""operator_columns"":444,""scalar_mul_calls"":46,""scalar_columns"":888}}","{""full_mul_calls"":24,""full_columns"":468,""fr_mul_calls"":24,""fr_columns"":468,""common"":{""operator_mul_calls"":24,""operator_columns"":468,""scalar_mul_calls"":48,""scalar_columns"":936}}",2.061363905164245e-14,8.578218574493452e-11
77,2,24,6,2770,Previous map from this run only,64002,3.279362829142669e-14,3.9486540933093286,793881ab8d0a438c91e8236325050fa273b2978c78af8ef621d5ef7091e2275d,True,True,20,0.9535698890686035,442,"{""full_mul_calls"":21,""full_columns"":442,""fr_mul_calls"":21,""fr_columns"":442,""common"":{""operator_mul_calls"":21,""operator_columns"":442,""scalar_mul_calls"":42,""scalar_columns"":884}}","{""full_mul_calls"":22,""full_columns"":466,""fr_mul_calls"":22,""fr_columns"":466,""common"":{""operator_mul_calls"":22,""operator_columns"":466,""scalar_mul_calls"":44,""scalar_columns"":932}}",2.801022418874399e-14,8.884089244960665e-11
77,3,24,6,2770,Previous map from this run only,64003,3.320589637851135e-14,3.876567821620269,0fe9dd4ff0935f73acd00746e0243e26734f78d0639641603f0df347a76f76f3,True,True,20,0.7739131450653076,440,"{""full_mul_calls"":21,""full_columns"":440,""fr_mul_calls"":21,""fr_columns"":440,""common"":{""operator_mul_calls"":21,""operator_columns"":440,""scalar_mul_calls"":42,""scalar_columns"":880}}","{""full_mul_calls"":22,""full_columns"":464,""fr_mul_calls"":22,""fr_columns"":464,""common"":{""operator_mul_calls"":22,""operator_columns"":464,""scalar_mul_calls"":44,""scalar_columns"":928}}",2.46895173231044e-14,9.308652374242985e-11
78,1,24,6,2777,Previous map from this run only,64001,2.4774225078283194e-14,3.881421425878351,5accf5ce960ae044a66f49ea2c4cb8a1f69d52a0ad66f069faa05e334f1519ae,True,True,22,0.9467940330505371,438,"{""full_mul_calls"":23,""full_columns"":438,""fr_mul_calls"":23,""fr_columns"":438,""common"":{""operator_mul_calls"":23,""operator_columns"":438,""scalar_mul_calls"":46,""scalar_columns"":876}}","{""full_mul_calls"":24,""full_columns"":462,""fr_mul_calls"":24,""fr_columns"":462,""common"":{""operator_mul_calls"":24,""operator_columns"":462,""scalar_mul_calls"":48,""scalar_columns"":924}}",1.8714830700084605e-14,9.499741754133244e-11
78,2,24,6,2770,Previous map from this run only,64002,3.433008093325386e-14,3.732728807329181,e1f4e1db98d2192095c5bc4a9f159c99164f521b3e78a8d488607101211236d9,True,True,20,0.774482011795044,439,"{""full_mul_calls"":21,""full_columns"":439,""fr_mul_calls"":21,""fr_columns"":439,""common"":{""operator_mul_calls"":21,""operator_columns"":439,""scalar_mul_calls"":42,""scalar_columns"":878}}","{""full_mul_calls"":22,""full_columns"":463,""fr_mul_calls"":22,""fr_columns"":463,""common"":{""operator_mul_calls"":22,""operator_columns"":463,""scalar_mul_calls"":44,""scalar_columns"":926}}",2.892329415054464e-14,9.870637156054317e-11
78,3,24,6,2770,Previous map from this run only,64003,2.972734972458278e-14,3.787915642871918,c2db127a60e5cbc1b7af0631217c2ea0598c4a9e970195c6c9818f039989495b,True,True,20,0.9469311237335205,440,"{""full_mul_calls"":21,""full_columns"":440,""fr_mul_calls"":21,""fr_columns"":440,""common"":{""operator_mul_calls"":21,""operator_columns"":440,""scalar_mul_calls"":42,""scalar_columns"":880}}","{""full_mul_calls"":22,""full_columns"":464,""fr_mul_calls"":22,""fr_columns"":464,""common"":{""operator_mul_calls"":22,""operator_columns"":464,""scalar_mul_calls"":44,""scalar_columns"":928}}",2.5716419720130384e-14,9.281037801306096e-11
79,1,24,6,2777,Previous map from this run only,64001,2.1526859288258233e-14,3.8634909754727023,2b3e1cf416d3ee4df2e1b54b56259d422acf29cc2da5b2aa8b16f0fe0923a0a1,True,True,25,0.8053989410400391,462,"{""full_mul_calls"":26,""full_columns"":462,""fr_mul_calls"":26,""fr_columns"":462,""common"":{""operator_mul_calls"":26,""operator_columns"":462,""scalar_mul_calls"":52,""scalar_columns"":924}}","{""full_mul_calls"":27,""full_columns"":486,""fr_mul_calls"":27,""fr_columns"":486,""common"":{""operator_mul_calls"":27,""operator_columns"":486,""scalar_mul_calls"":54,""scalar_columns"":972}}",2.0020857269897023e-14,8.974675679903813e-11
79,2,24,6,2770,Previous map from this run only,64002,3.5621115971394924e-14,3.94440771834795,0ead95ebddc3e59336a1c8da6111bc71db8797390eaf499bc8d4554f35046bf5,True,True,19,0.9259040355682373,428,"{""full_mul_calls"":20,""full_columns"":428,""fr_mul_calls"":20,""fr_columns"":428,""common"":{""operator_mul_calls"":20,""operator_columns"":428,""scalar_mul_calls"":40,""scalar_columns"":856}}","{""full_mul_calls"":21,""full_columns"":452,""fr_mul_calls"":21,""fr_columns"":452,""common"":{""operator_mul_calls"":21,""operator_columns"":452,""scalar_mul_calls"":42,""scalar_columns"":904}}",2.530963609708216e-14,9.999360437012515e-11
79,3,24,6,2770,Previous map from this run only,64003,3.08103337207258e-14,4.036722886692793,80b6b6a2e8d5436437eec4b2393ce36b4727b4d4a2196dc8fced7b501a1f8c7e,True,True,19,0.7913720607757568,429,"{""full_mul_calls"":20,""full_columns"":429,""fr_mul_calls"":20,""fr_columns"":429,""common"":{""operator_mul_calls"":20,""operator_columns"":429,""scalar_mul_calls"":40,""scalar_columns"":858}}","{""full_mul_calls"":21,""full_columns"":453,""fr_mul_calls"":21,""fr_columns"":453,""common"":{""operator_mul_calls"":21,""operator_columns"":453,""scalar_mul_calls"":42,""scalar_columns"":906}}",2.5748987627441085e-14,9.891891114363791e-11
80,1,24,6,2777,Previous map from this run only,64001,2.4623893006010855e-14,3.7706396404490623,a163c82ab5011b8d0a88f5266c3d593eb3f8a1e04c06574615813e72ee3c6b76,True,True,25,0.9633100032806396,459,"{""full_mul_calls"":26,""full_columns"":459,""fr_mul_calls"":26,""fr_columns"":459,""common"":{""operator_mul_calls"":26,""operator_columns"":459,""scalar_mul_calls"":52,""scalar_columns"":918}}","{""full_mul_calls"":27,""full_columns"":483,""fr_mul_calls"":27,""fr_columns"":483,""common"":{""operator_mul_calls"":27,""operator_columns"":483,""scalar_mul_calls"":54,""scalar_columns"":966}}",2.2471881633677728e-14,9.4500075678342e-11
80,2,24,6,2770,Previous map from this run only,64002,2.908407292319599e-14,3.823667746148389,21f861a58e432d732eaaf714caf12fabfd26449bea744d1466f411158739372a,True,True,19,0.7519700527191162,428,"{""full_mul_calls"":20,""full_columns"":428,""fr_mul_calls"":20,""fr_columns"":428,""common"":{""operator_mul_calls"":20,""operator_columns"":428,""scalar_mul_calls"":40,""scalar_columns"":856}}","{""full_mul_calls"":21,""full_columns"":452,""fr_mul_calls"":21,""fr_columns"":452,""common"":{""operator_mul_calls"":21,""operator_columns"":452,""scalar_mul_calls"":42,""scalar_columns"":904}}",2.48706988737389e-14,8.996098174395545e-11
80,3,24,6,2770,Previous map from this run only,64003,2.8653935663251146e-14,3.857718509261911,c0b26274e438a4661afb39b9a312c59ffe786f146960feeba2b8f00efdd2e7d5,True,True,19,0.7570838928222656,428,"{""full_mul_calls"":20,""full_columns"":428,""fr_mul_calls"":20,""fr_columns"":428,""common"":{""operator_mul_calls"":20,""operator_columns"":428,""scalar_mul_calls"":40,""scalar_columns"":856}}","{""full_mul_calls"":21,""full_columns"":452,""fr_mul_calls"":21,""fr_columns"":452,""common"":{""operator_mul_calls"":21,""operator_columns"":452,""scalar_mul_calls"":42,""scalar_columns"":904}}",2.1471362336192096e-14,9.290381489561442e-11
81,1,24,6,2777,Previous map from this run only,64001,2.575782209314938e-14,3.841465985986961,3a504dfb5a665e62a05908ef5a4d9b42ee64c4ac5016bd54312f7481ad1b37dc,True,True,24,0.795137882232666,454,"{""full_mul_calls"":25,""full_columns"":454,""fr_mul_calls"":25,""fr_columns"":454,""common"":{""operator_mul_calls"":25,""operator_columns"":454,""scalar_mul_calls"":50,""scalar_columns"":908}}","{""full_mul_calls"":26,""full_columns"":478,""fr_mul_calls"":26,""fr_columns"":478,""common"":{""operator_mul_calls"":26,""operator_columns"":478,""scalar_mul_calls"":52,""scalar_columns"":956}}",2.4804594773648782e-14,9.701811760034704e-11
81,2,24,6,2770,Previous map from this run only,64002,3.1556389475471055e-14,3.8426477513679496,4034c17ab6fa431ee4d51890538632312ba3800e20df3c6d5035adb752639e64,True,True,19,0.7459409236907959,426,"{""full_mul_calls"":20,""full_columns"":426,""fr_mul_calls"":20,""fr_columns"":426,""common"":{""operator_mul_calls"":20,""operator_columns"":426,""scalar_mul_calls"":40,""scalar_columns"":852}}","{""full_mul_calls"":21,""full_columns"":450,""fr_mul_calls"":21,""fr_columns"":450,""common"":{""operator_mul_calls"":21,""operator_columns"":450,""scalar_mul_calls"":42,""scalar_columns"":900}}",1.9842321510421117e-14,9.913370059623207e-11
81,3,24,6,2770,Previous map from this run only,64003,2.9252320995273404e-14,3.9943174649570046,b31e5b3524b548bb892b5470c2b00dacdc81d5f5e5e1de837e72b066cd9690b9,True,True,19,0.9299328327178955,428,"{""full_mul_calls"":20,""full_columns"":428,""fr_mul_calls"":20,""fr_columns"":428,""common"":{""operator_mul_calls"":20,""operator_columns"":428,""scalar_mul_calls"":40,""scalar_columns"":856}}","{""full_mul_calls"":21,""full_columns"":452,""fr_mul_calls"":21,""fr_columns"":452,""common"":{""operator_mul_calls"":21,""operator_columns"":452,""scalar_mul_calls"":42,""scalar_columns"":904}}",2.7178679136392692e-14,9.453275272872832e-11
82,1,24,6,2777,Previous map from this run only,64001,2.909614946206173e-14,4.048977746073353,4e9bc76b41c7960c3abda6be3234a413810ceba2a6420e5ee8f15207cfcb5cfd,True,True,22,0.9416110515594482,438,"{""full_mul_calls"":23,""full_columns"":438,""fr_mul_calls"":23,""fr_columns"":438,""common"":{""operator_mul_calls"":23,""operator_columns"":438,""scalar_mul_calls"":46,""scalar_columns"":876}}","{""full_mul_calls"":24,""full_columns"":462,""fr_mul_calls"":24,""fr_columns"":462,""common"":{""operator_mul_calls"":24,""operator_columns"":462,""scalar_mul_calls"":48,""scalar_columns"":924}}",1.8806240718427096e-14,9.849912996894616e-11
82,2,24,6,2770,Previous map from this run only,64002,2.4914896386961745e-14,3.9208225881673773,0206bc48a30d7347e769e4c3e7d5988d1ea5cb94735bad2d71a7ae1ddafe21d1,True,True,19,0.7482559680938721,426,"{""full_mul_calls"":20,""full_columns"":426,""fr_mul_calls"":20,""fr_columns"":426,""common"":{""operator_mul_calls"":20,""operator_columns"":426,""scalar_mul_calls"":40,""scalar_columns"":852}}","{""full_mul_calls"":21,""full_columns"":450,""fr_mul_calls"":21,""fr_columns"":450,""common"":{""operator_mul_calls"":21,""operator_columns"":450,""scalar_mul_calls"":42,""scalar_columns"":900}}",2.929872608824782e-14,8.347299385376073e-11
82,3,24,6,2770,Previous map from this run only,64003,3.157091141225013e-14,3.8644313090885336,522cf4789a2342ac2b480c665c3ca9882e7c67e582033c62306960d53b8c42c2,True,True,19,0.7567460536956787,426,"{""full_mul_calls"":20,""full_columns"":426,""fr_mul_calls"":20,""fr_columns"":426,""common"":{""operator_mul_calls"":20,""operator_columns"":426,""scalar_mul_calls"":40,""scalar_columns"":852}}","{""full_mul_calls"":21,""full_columns"":450,""fr_mul_calls"":21,""fr_columns"":450,""common"":{""operator_mul_calls"":21,""operator_columns"":450,""scalar_mul_calls"":42,""scalar_columns"":900}}",2.739296022222291e-14,9.764052003986402e-11
83,1,24,6,2777,Previous map from this run only,64001,2.5897052817919653e-14,3.9346034550864726,c29da23ab96a9ee6c672f7767f7e5e308d0dbfef290ea8ac23125883168e419b,True,True,22,0.7650659084320068,437,"{""full_mul_calls"":23,""full_columns"":437,""fr_mul_calls"":23,""fr_columns"":437,""common"":{""operator_mul_calls"":23,""operator_columns"":437,""scalar_mul_calls"":46,""scalar_columns"":874}}","{""full_mul_calls"":24,""full_columns"":461,""fr_mul_calls"":24,""fr_columns"":461,""common"":{""operator_mul_calls"":24,""operator_columns"":461,""scalar_mul_calls"":48,""scalar_columns"":922}}",2.1814734010581894e-14,9.226371822686912e-11
83,2,24,6,2770,Previous map from this run only,64002,3.4175439917784557e-14,4.073588083133571,611e761a9e925a67906869b0f664eea72f47c30a435ac0666ba3115fc2fc2efa,True,True,19,0.9204788208007812,426,"{""full_mul_calls"":20,""full_columns"":426,""fr_mul_calls"":20,""fr_columns"":426,""common"":{""operator_mul_calls"":20,""operator_columns"":426,""scalar_mul_calls"":40,""scalar_columns"":852}}","{""full_mul_calls"":21,""full_columns"":450,""fr_mul_calls"":21,""fr_columns"":450,""common"":{""operator_mul_calls"":21,""operator_columns"":450,""scalar_mul_calls"":42,""scalar_columns"":900}}",2.6259014959418468e-14,9.686739561737327e-11
83,3,24,6,2770,Previous map from this run only,64003,3.692155222807449e-14,3.8066212516575417,e4c09c56acf3dd2be564d540e68383c61fb4c19cc9f2899fa4a6c7644d08b7ca,True,True,18,0.7372808456420898,418,"{""full_mul_calls"":19,""full_columns"":418,""fr_mul_calls"":19,""fr_columns"":418,""common"":{""operator_mul_calls"":19,""operator_columns"":418,""scalar_mul_calls"":38,""scalar_columns"":836}}","{""full_mul_calls"":20,""full_columns"":442,""fr_mul_calls"":20,""fr_columns"":442,""common"":{""operator_mul_calls"":20,""operator_columns"":442,""scalar_mul_calls"":40,""scalar_columns"":884}}",2.563665451834186e-14,9.420918593235768e-11
84,1,24,6,2777,Previous map from this run only,64001,2.789932813120594e-14,3.9135503234297038,78f75575131d43aa51b4ea2d3dfd53b58c150cf26744e62afdef5a0abcaecf24,True,True,22,0.9721601009368896,437,"{""full_mul_calls"":23,""full_columns"":437,""fr_mul_calls"":23,""fr_columns"":437,""common"":{""operator_mul_calls"":23,""operator_columns"":437,""scalar_mul_calls"":46,""scalar_columns"":874}}","{""full_mul_calls"":24,""full_columns"":461,""fr_mul_calls"":24,""fr_columns"":461,""common"":{""operator_mul_calls"":24,""operator_columns"":461,""scalar_mul_calls"":48,""scalar_columns"":922}}",2.1345173630286418e-14,9.42961852479668e-11
84,2,24,6,2770,Previous map from this run only,64002,3.031213914143221e-14,3.920740791505134,4115351392fd2e6e8d372218c50a59988d5250c359eb4e5d002f003dc19211ac,True,True,19,0.762354850769043,425,"{""full_mul_calls"":20,""full_columns"":425,""fr_mul_calls"":20,""fr_columns"":425,""common"":{""operator_mul_calls"":20,""operator_columns"":425,""scalar_mul_calls"":40,""scalar_columns"":850}}","{""full_mul_calls"":21,""full_columns"":449,""fr_mul_calls"":21,""fr_columns"":449,""common"":{""operator_mul_calls"":21,""operator_columns"":449,""scalar_mul_calls"":42,""scalar_columns"":898}}",2.5085603763696075e-14,9.768524047601713e-11
84,3,24,6,2770,Previous map from this run only,64003,3.0530061366343595e-14,3.9173045351017572,74169dc65e0e415cc2df97e3acdfcf89b2a0a22e26591fc7e5186e6793ad493b,True,True,19,0.7516639232635498,424,"{""full_mul_calls"":20,""full_columns"":424,""fr_mul_calls"":20,""fr_columns"":424,""common"":{""operator_mul_calls"":20,""operator_columns"":424,""scalar_mul_calls"":40,""scalar_columns"":848}}","{""full_mul_calls"":21,""full_columns"":448,""fr_mul_calls"":21,""fr_columns"":448,""common"":{""operator_mul_calls"":21,""operator_columns"":448,""scalar_mul_calls"":42,""scalar_columns"":896}}",2.2323705870784437e-14,9.750936873300408e-11
85,1,24,6,2777,Previous map from this run only,64001,2.4486483547131095e-14,3.7798022952762342,fa0fa5abe5307b560d9fe234fbbe714c53aca1704294c5a67c0836d65bd14c9c,True,True,21,0.7468869686126709,426,"{""full_mul_calls"":22,""full_columns"":426,""fr_mul_calls"":22,""fr_columns"":426,""common"":{""operator_mul_calls"":22,""operator_columns"":426,""scalar_mul_calls"":44,""scalar_columns"":852}}","{""full_mul_calls"":23,""full_columns"":450,""fr_mul_calls"":23,""fr_columns"":450,""common"":{""operator_mul_calls"":23,""operator_columns"":450,""scalar_mul_calls"":46,""scalar_columns"":900}}",2.275703711180502e-14,9.297276204471497e-11
85,2,24,6,2770,Previous map from this run only,64002,3.4396827639092665e-14,3.8073175094311478,21144e2bbd42aa3027af16352aaa4d05b382588ac8311fb18144f5daf1443cee,True,True,19,0.919435977935791,422,"{""full_mul_calls"":20,""full_columns"":422,""fr_mul_calls"":20,""fr_columns"":422,""common"":{""operator_mul_calls"":20,""operator_columns"":422,""scalar_mul_calls"":40,""scalar_columns"":844}}","{""full_mul_calls"":21,""full_columns"":446,""fr_mul_calls"":21,""fr_columns"":446,""common"":{""operator_mul_calls"":21,""operator_columns"":446,""scalar_mul_calls"":42,""scalar_columns"":892}}",2.5696746613946735e-14,9.527767969283523e-11
85,3,24,6,2770,Previous map from this run only,64003,2.7247639710126203e-14,3.7768719498631076,1436a548ee5f7dc0d3afa6bafff7c3a739124c4bc0dfca526d2b3a0eea3cb894,True,True,19,0.7474370002746582,420,"{""full_mul_calls"":20,""full_columns"":420,""fr_mul_calls"":20,""fr_columns"":420,""common"":{""operator_mul_calls"":20,""operator_columns"":420,""scalar_mul_calls"":40,""scalar_columns"":840}}","{""full_mul_calls"":21,""full_columns"":444,""fr_mul_calls"":21,""fr_columns"":444,""common"":{""operator_mul_calls"":21,""operator_columns"":444,""scalar_mul_calls"":42,""scalar_columns"":888}}",2.1908433182333684e-14,9.571808114323726e-11
86,1,24,6,2777,Previous map from this run only,64001,2.577054261025206e-14,3.697213367398831,0c9cf4310469f4a4f71299ad011522d7e937add0456531de3a4a5ba63a0ae50a,True,True,21,0.9302718639373779,426,"{""full_mul_calls"":22,""full_columns"":426,""fr_mul_calls"":22,""fr_columns"":426,""common"":{""operator_mul_calls"":22,""operator_columns"":426,""scalar_mul_calls"":44,""scalar_columns"":852}}","{""full_mul_calls"":23,""full_columns"":450,""fr_mul_calls"":23,""fr_columns"":450,""common"":{""operator_mul_calls"":23,""operator_columns"":450,""scalar_mul_calls"":46,""scalar_columns"":900}}",2.1523772074144224e-14,8.76681702022661e-11
86,2,24,6,2770,Previous map from this run only,64002,3.0018016028000004e-14,3.804964624444657,bf1b770a58066b903ac5b84684a7de6982b3b13b684b46c832251b4528a46a0e,True,True,18,0.7276458740234375,412,"{""full_mul_calls"":19,""full_columns"":412,""fr_mul_calls"":19,""fr_columns"":412,""common"":{""operator_mul_calls"":19,""operator_columns"":412,""scalar_mul_calls"":38,""scalar_columns"":824}}","{""full_mul_calls"":20,""full_columns"":436,""fr_mul_calls"":20,""fr_columns"":436,""common"":{""operator_mul_calls"":20,""operator_columns"":436,""scalar_mul_calls"":40,""scalar_columns"":872}}",2.695039373776981e-14,9.53495234290074e-11
86,3,24,6,2770,Previous map from this run only,64003,2.7044795149517678e-14,3.8898920120085445,c1e0ebbac9f31723c59e280dd599b0f66f25ed2564996eb821b049f033876c82,True,True,18,0.7347798347473145,410,"{""full_mul_calls"":19,""full_columns"":410,""fr_mul_calls"":19,""fr_columns"":410,""common"":{""operator_mul_calls"":19,""operator_columns"":410,""scalar_mul_calls"":38,""scalar_columns"":820}}","{""full_mul_calls"":20,""full_columns"":434,""fr_mul_calls"":20,""fr_columns"":434,""common"":{""operator_mul_calls"":20,""operator_columns"":434,""scalar_mul_calls"":40,""scalar_columns"":868}}",2.252762296118064e-14,9.913271669893635e-11
87,1,24,6,2777,Previous map from this run only,64001,2.5308807335138088e-14,4.051666327661354,39ff4c8cde4740458fb891563dcc17cdf9a24e47703d65e14547dd3b24e0cea9,True,True,21,0.7580301761627197,426,"{""full_mul_calls"":22,""full_columns"":426,""fr_mul_calls"":22,""fr_columns"":426,""common"":{""operator_mul_calls"":22,""operator_columns"":426,""scalar_mul_calls"":44,""scalar_columns"":852}}","{""full_mul_calls"":23,""full_columns"":450,""fr_mul_calls"":23,""fr_columns"":450,""common"":{""operator_mul_calls"":23,""operator_columns"":450,""scalar_mul_calls"":46,""scalar_columns"":900}}",2.3484347645425076e-14,8.552377636426942e-11
87,2,24,6,2770,Previous map from this run only,64002,3.138173186988013e-14,3.915147255161545,5e13ba47fb52278091a81acf958399d4be14950c5f673e5941e6ed3cb7e0b40e,True,True,18,0.8982651233673096,411,"{""full_mul_calls"":19,""full_columns"":411,""fr_mul_calls"":19,""fr_columns"":411,""common"":{""operator_mul_calls"":19,""operator_columns"":411,""scalar_mul_calls"":38,""scalar_columns"":822}}","{""full_mul_calls"":20,""full_columns"":435,""fr_mul_calls"":20,""fr_columns"":435,""common"":{""operator_mul_calls"":20,""operator_columns"":435,""scalar_mul_calls"":40,""scalar_columns"":870}}",2.392122343248035e-14,8.997070578416717e-11
87,3,24,6,2770,Previous map from this run only,64003,2.881887512569191e-14,3.7746563919160776,e145f091a3c5e2de6630b0d6a5840bec83d31a86a150e93a259d27891fadf14a,True,True,19,0.7484331130981445,418,"{""full_mul_calls"":20,""full_columns"":418,""fr_mul_calls"":20,""fr_columns"":418,""common"":{""operator_mul_calls"":20,""operator_columns"":418,""scalar_mul_calls"":40,""scalar_columns"":836}}","{""full_mul_calls"":21,""full_columns"":442,""fr_mul_calls"":21,""fr_columns"":442,""common"":{""operator_mul_calls"":21,""operator_columns"":442,""scalar_mul_calls"":42,""scalar_columns"":884}}",2.1937770168993188e-14,9.589209719374507e-11
88,1,24,6,2777,Previous map from this run only,64001,2.7832764123075643e-14,3.7956660318416073,f540c6563a46734b2ad6e23f306e27b4f22a02af8dcbf4e2930a011d8291815e,True,True,20,0.7376019954681396,416,"{""full_mul_calls"":21,""full_columns"":416,""fr_mul_calls"":21,""fr_columns"":416,""common"":{""operator_mul_calls"":21,""operator_columns"":416,""scalar_mul_calls"":42,""scalar_columns"":832}}","{""full_mul_calls"":22,""full_columns"":440,""fr_mul_calls"":22,""fr_columns"":440,""common"":{""operator_mul_calls"":22,""operator_columns"":440,""scalar_mul_calls"":44,""scalar_columns"":880}}",2.1439253670520953e-14,9.883631016812803e-11
88,2,24,6,2770,Previous map from this run only,64002,2.933284341283486e-14,3.7582775317834347,74b5fbdc3150aa38d4e0eb849a54b25075bdea7325df1f6060db4813a6de4665,True,True,18,0.9288198947906494,410,"{""full_mul_calls"":19,""full_columns"":410,""fr_mul_calls"":19,""fr_columns"":410,""common"":{""operator_mul_calls"":19,""operator_columns"":410,""scalar_mul_calls"":38,""scalar_columns"":820}}","{""full_mul_calls"":20,""full_columns"":434,""fr_mul_calls"":20,""fr_columns"":434,""common"":{""operator_mul_calls"":20,""operator_columns"":434,""scalar_mul_calls"":40,""scalar_columns"":868}}",2.7093153030370238e-14,9.570506524604335e-11
88,3,24,6,2770,Previous map from this run only,64003,2.8541258727523686e-14,3.8088176205896707,169f252e5d3782458a4af78232984a82abbdca535c802406ccb3e9ea0562ea5d,True,True,18,0.728071928024292,411,"{""full_mul_calls"":19,""full_columns"":411,""fr_mul_calls"":19,""fr_columns"":411,""common"":{""operator_mul_calls"":19,""operator_columns"":411,""scalar_mul_calls"":38,""scalar_columns"":822}}","{""full_mul_calls"":20,""full_columns"":435,""fr_mul_calls"":20,""fr_columns"":435,""common"":{""operator_mul_calls"":20,""operator_columns"":435,""scalar_mul_calls"":40,""scalar_columns"":870}}",2.5366972890843918e-14,9.708332686817328e-11
89,1,24,6,2777,Previous map from this run only,64001,2.5825070092938155e-14,4.055641179219995,ef02aa9290dbe3a40af72eedf210131ca9ff2f7bc9e81b37f1815ac3d668c788,True,True,20,0.9075860977172852,416,"{""full_mul_calls"":21,""full_columns"":416,""fr_mul_calls"":21,""fr_columns"":416,""common"":{""operator_mul_calls"":21,""operator_columns"":416,""scalar_mul_calls"":42,""scalar_columns"":832}}","{""full_mul_calls"":22,""full_columns"":440,""fr_mul_calls"":22,""fr_columns"":440,""common"":{""operator_mul_calls"":22,""operator_columns"":440,""scalar_mul_calls"":44,""scalar_columns"":880}}",2.123790585989241e-14,9.256616830049245e-11
89,2,24,6,2770,Previous map from this run only,64002,3.4803500365087757e-14,3.8528101013951783,4c8147f988f6e75da8953443767edca8f3b43c6d71615c4f9f777694596d6b4d,True,True,19,0.7367570400238037,417,"{""full_mul_calls"":20,""full_columns"":417,""fr_mul_calls"":20,""fr_columns"":417,""common"":{""operator_mul_calls"":20,""operator_columns"":417,""scalar_mul_calls"":40,""scalar_columns"":834}}","{""full_mul_calls"":21,""full_columns"":441,""fr_mul_calls"":21,""fr_columns"":441,""common"":{""operator_mul_calls"":21,""operator_columns"":441,""scalar_mul_calls"":42,""scalar_columns"":882}}",2.008092107792955e-14,9.493381037653293e-11
89,3,24,6,2770,Previous map from this run only,64003,2.910653699019246e-14,3.9416027836791736,d136495e1f65e54bd3173247594725bc966a60af3ffe27a9d92e467e92ef4b24,True,True,18,0.928459882736206,410,"{""full_mul_calls"":19,""full_columns"":410,""fr_mul_calls"":19,""fr_columns"":410,""common"":{""operator_mul_calls"":19,""operator_columns"":410,""scalar_mul_calls"":38,""scalar_columns"":820}}","{""full_mul_calls"":20,""full_columns"":434,""fr_mul_calls"":20,""fr_columns"":434,""common"":{""operator_mul_calls"":20,""operator_columns"":434,""scalar_mul_calls"":40,""scalar_columns"":868}}",2.2470612602313314e-14,9.737478010071578e-11
90,1,24,6,2777,Previous map from this run only,64001,2.4962292272905517e-14,3.958523143250086,c9c0f082c3b4ea5bcdabca116fb2b804249109e8f7bb276936ff136c8fe74396,True,True,20,0.732586145401001,416,"{""full_mul_calls"":21,""full_columns"":416,""fr_mul_calls"":21,""fr_columns"":416,""common"":{""operator_mul_calls"":21,""operator_columns"":416,""scalar_mul_calls"":42,""scalar_columns"":832}}","{""full_mul_calls"":22,""full_columns"":440,""fr_mul_calls"":22,""fr_columns"":440,""common"":{""operator_mul_calls"":22,""operator_columns"":440,""scalar_mul_calls"":44,""scalar_columns"":880}}",2.136638407509886e-14,9.650731357843323e-11
90,2,24,6,2770,Previous map from this run only,64002,2.5486145350483706e-14,4.18428232602484,640fe4e5f9eb0c8edf6c527113e2999132ba7d85e1fe9549a277c4d8cae88cfb,True,True,18,0.920814037322998,407,"{""full_mul_calls"":19,""full_columns"":407,""fr_mul_calls"":19,""fr_columns"":407,""common"":{""operator_mul_calls"":19,""operator_columns"":407,""scalar_mul_calls"":38,""scalar_columns"":814}}","{""full_mul_calls"":20,""full_columns"":431,""fr_mul_calls"":20,""fr_columns"":431,""common"":{""operator_mul_calls"":20,""operator_columns"":431,""scalar_mul_calls"":40,""scalar_columns"":862}}",2.6334535003297146e-14,9.797315164235692e-11
90,3,24,6,2770,Previous map from this run only,64003,2.863976499749473e-14,3.8043579368514973,ab99f1d65a121041678e3cd375ab9403c3080a5b1bbbdc0d3d9e275beefb4757,True,True,18,0.7297458648681641,410,"{""full_mul_calls"":19,""full_columns"":410,""fr_mul_calls"":19,""fr_columns"":410,""common"":{""operator_mul_calls"":19,""operator_columns"":410,""scalar_mul_calls"":38,""scalar_columns"":820}}","{""full_mul_calls"":20,""full_columns"":434,""fr_mul_calls"":20,""fr_columns"":434,""common"":{""operator_mul_calls"":20,""operator_columns"":434,""scalar_mul_calls"":40,""scalar_columns"":868}}",2.343309556002775e-14,9.006708572010176e-11
91,1,24,6,2777,Previous map from this run only,64001,2.731440131257307e-14,3.7919756142505405,f3439b71a9deae87c84129ec8718f9f1708071cd9310b6636977696ca00b3633,True,True,20,0.7456200122833252,416,"{""full_mul_calls"":21,""full_columns"":416,""fr_mul_calls"":21,""fr_columns"":416,""common"":{""operator_mul_calls"":21,""operator_columns"":416,""scalar_mul_calls"":42,""scalar_columns"":832}}","{""full_mul_calls"":22,""full_columns"":440,""fr_mul_calls"":22,""fr_columns"":440,""common"":{""operator_mul_calls"":22,""operator_columns"":440,""scalar_mul_calls"":44,""scalar_columns"":880}}",2.132808355551299e-14,7.996273317437351e-11
91,2,24,6,2770,Previous map from this run only,64002,3.161778113586234e-14,3.8000856015584508,8e498020036f1257232c34b20e050599a27eee7e6af6d4aec10d26efde9a42d0,True,True,18,0.9019680023193359,408,"{""full_mul_calls"":19,""full_columns"":408,""fr_mul_calls"":19,""fr_columns"":408,""common"":{""operator_mul_calls"":19,""operator_columns"":408,""scalar_mul_calls"":38,""scalar_columns"":816}}","{""full_mul_calls"":20,""full_columns"":432,""fr_mul_calls"":20,""fr_columns"":432,""common"":{""operator_mul_calls"":20,""operator_columns"":432,""scalar_mul_calls"":40,""scalar_columns"":864}}",2.144041660071396e-14,9.247796101369517e-11
91,3,24,6,2770,Previous map from this run only,64003,2.745438185465649e-14,4.034379882537791,086156fd4e101bc04f4c459490975b0032050b43ecb7b308028f187bc95b1986,True,True,18,0.7277820110321045,408,"{""full_mul_calls"":19,""full_columns"":408,""fr_mul_calls"":19,""fr_columns"":408,""common"":{""operator_mul_calls"":19,""operator_columns"":408,""scalar_mul_calls"":38,""scalar_columns"":816}}","{""full_mul_calls"":20,""full_columns"":432,""fr_mul_calls"":20,""fr_columns"":432,""common"":{""operator_mul_calls"":20,""operator_columns"":432,""scalar_mul_calls"":40,""scalar_columns"":864}}",2.4802883585195704e-14,8.648204817840332e-11
92,1,24,6,2777,Previous map from this run only,64001,2.5710152501104758e-14,3.8895605527684487,754dcf65cd921412818033bfe57a79f7fe3b77f7d748bcc5b55e8a492668d86c,True,True,20,0.7321720123291016,416,"{""full_mul_calls"":21,""full_columns"":416,""fr_mul_calls"":21,""fr_columns"":416,""common"":{""operator_mul_calls"":21,""operator_columns"":416,""scalar_mul_calls"":42,""scalar_columns"":832}}","{""full_mul_calls"":22,""full_columns"":440,""fr_mul_calls"":22,""fr_columns"":440,""common"":{""operator_mul_calls"":22,""operator_columns"":440,""scalar_mul_calls"":44,""scalar_columns"":880}}",1.9964963614186834e-14,9.140174028248048e-11
92,2,24,6,2770,Previous map from this run only,64002,2.5438658506453215e-14,4.116458411756987,f3c5ad8f33e63edb267863e49de16717eb41aab7e8c795bc47546468f413c923,True,True,18,0.8937392234802246,406,"{""full_mul_calls"":19,""full_columns"":406,""fr_mul_calls"":19,""fr_columns"":406,""common"":{""operator_mul_calls"":19,""operator_columns"":406,""scalar_mul_calls"":38,""scalar_columns"":812}}","{""full_mul_calls"":20,""full_columns"":430,""fr_mul_calls"":20,""fr_columns"":430,""common"":{""operator_mul_calls"":20,""operator_columns"":430,""scalar_mul_calls"":40,""scalar_columns"":860}}",2.3791256836990786e-14,9.309935091182238e-11
92,3,24,6,2770,Previous map from this run only,64003,2.801439381527994e-14,3.964077297642473,8573b1ef8dd483baa8d221bfb2be487064991d3fd2a5e90ff32e4462054c9885,True,True,18,0.7318398952484131,407,"{""full_mul_calls"":19,""full_columns"":407,""fr_mul_calls"":19,""fr_columns"":407,""common"":{""operator_mul_calls"":19,""operator_columns"":407,""scalar_mul_calls"":38,""scalar_columns"":814}}","{""full_mul_calls"":20,""full_columns"":431,""fr_mul_calls"":20,""fr_columns"":431,""common"":{""operator_mul_calls"":20,""operator_columns"":431,""scalar_mul_calls"":40,""scalar_columns"":862}}",2.4016607450650963e-14,8.103775062384079e-11
93,1,24,6,2777,Previous map from this run only,64001,2.4728422897774717e-14,3.7061602171219046,ac4bf8383614311c398e11328e91341997039e2c379e35c93679220d46b4c39d,True,True,20,0.9088082313537598,416,"{""full_mul_calls"":21,""full_columns"":416,""fr_mul_calls"":21,""fr_columns"":416,""common"":{""operator_mul_calls"":21,""operator_columns"":416,""scalar_mul_calls"":42,""scalar_columns"":832}}","{""full_mul_calls"":22,""full_columns"":440,""fr_mul_calls"":22,""fr_columns"":440,""common"":{""operator_mul_calls"":22,""operator_columns"":440,""scalar_mul_calls"":44,""scalar_columns"":880}}",2.119451425904777e-14,8.209077627013381e-11
93,2,24,6,2770,Previous map from this run only,64002,2.7505693613122663e-14,3.6370490501103467,3c1be0cb7bdfaddf7357b905357d1c1436166438bfb85a68c4e6d3e5d92628a2,True,True,18,0.7194459438323975,406,"{""full_mul_calls"":19,""full_columns"":406,""fr_mul_calls"":19,""fr_columns"":406,""common"":{""operator_mul_calls"":19,""operator_columns"":406,""scalar_mul_calls"":38,""scalar_columns"":812}}","{""full_mul_calls"":20,""full_columns"":430,""fr_mul_calls"":20,""fr_columns"":430,""common"":{""operator_mul_calls"":20,""operator_columns"":430,""scalar_mul_calls"":40,""scalar_columns"":860}}",2.542158358478088e-14,9.033428789352396e-11
93,3,24,6,2770,Previous map from this run only,64003,2.70344516666464e-14,3.5924363584351977,d732bf7057aead45883ae0d3973e3012b8c5c6c2993656bdfd48d7b4b6fa7023,True,True,18,0.7184770107269287,406,"{""full_mul_calls"":19,""full_columns"":406,""fr_mul_calls"":19,""fr_columns"":406,""common"":{""operator_mul_calls"":19,""operator_columns"":406,""scalar_mul_calls"":38,""scalar_columns"":812}}","{""full_mul_calls"":20,""full_columns"":430,""fr_mul_calls"":20,""fr_columns"":430,""common"":{""operator_mul_calls"":20,""operator_columns"":430,""scalar_mul_calls"":40,""scalar_columns"":860}}",2.6052525669088876e-14,9.162107350929784e-11
94,1,24,6,2777,Previous map from this run only,64001,2.3881586804944422e-14,3.795737010202186,8ded13c82aae9f9c6a2bdfe5b5b0b593720dc70a7564e51e5adc26e106b40fc4,True,True,20,0.7343029975891113,416,"{""full_mul_calls"":21,""full_columns"":416,""fr_mul_calls"":21,""fr_columns"":416,""common"":{""operator_mul_calls"":21,""operator_columns"":416,""scalar_mul_calls"":42,""scalar_columns"":832}}","{""full_mul_calls"":22,""full_columns"":440,""fr_mul_calls"":22,""fr_columns"":440,""common"":{""operator_mul_calls"":22,""operator_columns"":440,""scalar_mul_calls"":44,""scalar_columns"":880}}",2.1192282607355836e-14,7.906854422855023e-11
94,2,24,6,2770,Previous map from this run only,64002,2.8173192302173695e-14,3.924396547943127,82c9933f43db62f5b06cbc1c91ccd6ab55ead14b8192ab050a8ee29e0a5b44b4,True,True,18,0.7252960205078125,393,"{""full_mul_calls"":19,""full_columns"":393,""fr_mul_calls"":19,""fr_columns"":393,""common"":{""operator_mul_calls"":19,""operator_columns"":393,""scalar_mul_calls"":38,""scalar_columns"":786}}","{""full_mul_calls"":20,""full_columns"":417,""fr_mul_calls"":20,""fr_columns"":417,""common"":{""operator_mul_calls"":20,""operator_columns"":417,""scalar_mul_calls"":40,""scalar_columns"":834}}",2.2809539844481106e-14,9.730961532143819e-11
94,3,24,6,2770,Previous map from this run only,64003,3.25114094766671e-14,4.0203592453398125,5e21496292dfcb622d866c6d291e928a068a76467bc15172820ae7b6698e1a2a,True,True,18,0.8751060962677002,395,"{""full_mul_calls"":19,""full_columns"":395,""fr_mul_calls"":19,""fr_columns"":395,""common"":{""operator_mul_calls"":19,""operator_columns"":395,""scalar_mul_calls"":38,""scalar_columns"":790}}","{""full_mul_calls"":20,""full_columns"":419,""fr_mul_calls"":20,""fr_columns"":419,""common"":{""operator_mul_calls"":20,""operator_columns"":419,""scalar_mul_calls"":40,""scalar_columns"":838}}",2.0579579048247205e-14,9.668922789929825e-11
95,1,24,6,2777,Previous map from this run only,64001,2.426020253846155e-14,3.7904256822445364,484b6c526c104363f19af1d65d169eb2244d7fea14f2e8a99a7bbc8008c3c8dc,True,True,20,0.9072048664093018,416,"{""full_mul_calls"":21,""full_columns"":416,""fr_mul_calls"":21,""fr_columns"":416,""common"":{""operator_mul_calls"":21,""operator_columns"":416,""scalar_mul_calls"":42,""scalar_columns"":832}}","{""full_mul_calls"":22,""full_columns"":440,""fr_mul_calls"":22,""fr_columns"":440,""common"":{""operator_mul_calls"":22,""operator_columns"":440,""scalar_mul_calls"":44,""scalar_columns"":880}}",2.1300851574630763e-14,7.522296367828897e-11
95,2,24,6,2770,Previous map from this run only,64002,2.7168127381892116e-14,4.032347246367399,327c8f9904dff951ad77e82d2100a09d2b95d8233a9a641be8077d438dec81ac,True,True,18,0.6927089691162109,394,"{""full_mul_calls"":19,""full_columns"":394,""fr_mul_calls"":19,""fr_columns"":394,""common"":{""operator_mul_calls"":19,""operator_columns"":394,""scalar_mul_calls"":38,""scalar_columns"":788}}","{""full_mul_calls"":20,""full_columns"":418,""fr_mul_calls"":20,""fr_columns"":418,""common"":{""operator_mul_calls"":20,""operator_columns"":418,""scalar_mul_calls"":40,""scalar_columns"":836}}",2.4593258581445057e-14,9.131906430460576e-11
95,3,24,6,2770,Previous map from this run only,64003,2.8390372387402392e-14,3.9120384381415327,426b06e589a699a411cc66781cb2146a591ba35212081ebd32eb42052a05cda2,True,True,18,0.7124509811401367,392,"{""full_mul_calls"":19,""full_columns"":392,""fr_mul_calls"":19,""fr_columns"":392,""common"":{""operator_mul_calls"":19,""operator_columns"":392,""scalar_mul_calls"":38,""scalar_columns"":784}}","{""full_mul_calls"":20,""full_columns"":416,""fr_mul_calls"":20,""fr_columns"":416,""common"":{""operator_mul_calls"":20,""operator_columns"":416,""scalar_mul_calls"":40,""scalar_columns"":832}}",2.346533427690398e-14,9.694455772376705e-11
96,1,24,6,2777,Previous map from this run only,64001,2.7725146133305296e-14,3.822212580239074,48328039f6a69959ab60c6277bfd6499eb9ea06f6b3161d158c73dd256a4011c,True,True,19,0.7258131504058838,408,"{""full_mul_calls"":20,""full_columns"":408,""fr_mul_calls"":20,""fr_columns"":408,""common"":{""operator_mul_calls"":20,""operator_columns"":408,""scalar_mul_calls"":40,""scalar_columns"":816}}","{""full_mul_calls"":21,""full_columns"":432,""fr_mul_calls"":21,""fr_columns"":432,""common"":{""operator_mul_calls"":21,""operator_columns"":432,""scalar_mul_calls"":42,""scalar_columns"":864}}",1.73278496426554e-14,9.495614419499225e-11
96,2,24,6,2770,Previous map from this run only,64002,3.047201693106768e-14,3.857586822435022,feec6faf1066bb0601a1b531b945e602be1487181a2a27aea31d11ed6fc0f578,True,True,18,0.8600010871887207,391,"{""full_mul_calls"":19,""full_columns"":391,""fr_mul_calls"":19,""fr_columns"":391,""common"":{""operator_mul_calls"":19,""operator_columns"":391,""scalar_mul_calls"":38,""scalar_columns"":782}}","{""full_mul_calls"":20,""full_columns"":415,""fr_mul_calls"":20,""fr_columns"":415,""common"":{""operator_mul_calls"":20,""operator_columns"":415,""scalar_mul_calls"":40,""scalar_columns"":830}}",2.408136621147766e-14,9.103212000979355e-11
96,3,24,6,2770,Previous map from this run only,64003,2.8753390740978884e-14,3.6381356626302552,1322d5dd47e17010998b4a673986120d4e1cfb0861ee4edfd5af6bdac1e7b9c4,True,True,18,0.6933300495147705,390,"{""full_mul_calls"":19,""full_columns"":390,""fr_mul_calls"":19,""fr_columns"":390,""common"":{""operator_mul_calls"":19,""operator_columns"":390,""scalar_mul_calls"":38,""scalar_columns"":780}}","{""full_mul_calls"":20,""full_columns"":414,""fr_mul_calls"":20,""fr_columns"":414,""common"":{""operator_mul_calls"":20,""operator_columns"":414,""scalar_mul_calls"":40,""scalar_columns"":828}}",2.5917050325715467e-14,9.952996515210276e-11
97,1,24,6,2777,Previous map from this run only,64001,2.1244695618381125e-14,3.8098329825887753,1fcc8ce875b8720435258d1873ea832af0e55d1cfbfdbb8633f9d80465816993,True,True,19,0.8646829128265381,392,"{""full_mul_calls"":20,""full_columns"":392,""fr_mul_calls"":20,""fr_columns"":392,""common"":{""operator_mul_calls"":20,""operator_columns"":392,""scalar_mul_calls"":40,""scalar_columns"":784}}","{""full_mul_calls"":21,""full_columns"":416,""fr_mul_calls"":21,""fr_columns"":416,""common"":{""operator_mul_calls"":21,""operator_columns"":416,""scalar_mul_calls"":42,""scalar_columns"":832}}",1.7715472413763474e-14,9.755798970371638e-11
97,2,24,6,2770,Previous map from this run only,64002,2.9030421436443175e-14,3.92132563123205,8052ac0399aa6ef73bafc2f30e843922c0388d33fb93dea6de0f798f2c2882d1,True,True,18,0.6851310729980469,387,"{""full_mul_calls"":19,""full_columns"":387,""fr_mul_calls"":19,""fr_columns"":387,""common"":{""operator_mul_calls"":19,""operator_columns"":387,""scalar_mul_calls"":38,""scalar_columns"":774}}","{""full_mul_calls"":20,""full_columns"":411,""fr_mul_calls"":20,""fr_columns"":411,""common"":{""operator_mul_calls"":20,""operator_columns"":411,""scalar_mul_calls"":40,""scalar_columns"":822}}",2.0413868394342074e-14,9.176586522350633e-11
97,3,24,6,2770,Previous map from this run only,64003,3.1595809075789215e-14,3.7378416848744904,d34d7630328b3479f5a38a37ab1193165f451d30ca4b2a2b40900e1ec3f01123,True,True,18,0.8479099273681641,386,"{""full_mul_calls"":19,""full_columns"":386,""fr_mul_calls"":19,""fr_columns"":386,""common"":{""operator_mul_calls"":19,""operator_columns"":386,""scalar_mul_calls"":38,""scalar_columns"":772}}","{""full_mul_calls"":20,""full_columns"":410,""fr_mul_calls"":20,""fr_columns"":410,""common"":{""operator_mul_calls"":20,""operator_columns"":410,""scalar_mul_calls"":40,""scalar_columns"":820}}",2.593571846183896e-14,9.837949174864424e-11
98,1,24,6,2777,Previous map from this run only,64001,2.1171310520149878e-14,3.823915160571524,660345c42a77eb85255ef0aef30a576920e00aa2f1ac58c5f473c4757fdb34aa,True,True,17,0.6624131202697754,376,"{""full_mul_calls"":18,""full_columns"":376,""fr_mul_calls"":18,""fr_columns"":376,""common"":{""operator_mul_calls"":18,""operator_columns"":376,""scalar_mul_calls"":36,""scalar_columns"":752}}","{""full_mul_calls"":19,""full_columns"":400,""fr_mul_calls"":19,""fr_columns"":400,""common"":{""operator_mul_calls"":19,""operator_columns"":400,""scalar_mul_calls"":38,""scalar_columns"":800}}",1.974924513012255e-14,9.67440596513828e-11
98,2,24,6,2770,Previous map from this run only,64002,2.8032702047411867e-14,3.829425715924076,aad160686692bc94bfd0f346ee2ae55e04ee51f2510432e547f1f2506542a735,True,True,18,0.8548710346221924,386,"{""full_mul_calls"":19,""full_columns"":386,""fr_mul_calls"":19,""fr_columns"":386,""common"":{""operator_mul_calls"":19,""operator_columns"":386,""scalar_mul_calls"":38,""scalar_columns"":772}}","{""full_mul_calls"":20,""full_columns"":410,""fr_mul_calls"":20,""fr_columns"":410,""common"":{""operator_mul_calls"":20,""operator_columns"":410,""scalar_mul_calls"":40,""scalar_columns"":820}}",2.128816752921274e-14,9.383049150735222e-11
98,3,24,6,2770,Previous map from this run only,64003,3.0159009853733686e-14,3.833403019592715,d4cfb4fbdaa029d2f178eabeb2e6876a26d0ca7aa5e7f34a49b6d4c62f38300c,True,True,18,0.6736011505126953,385,"{""full_mul_calls"":19,""full_columns"":385,""fr_mul_calls"":19,""fr_columns"":385,""common"":{""operator_mul_calls"":19,""operator_columns"":385,""scalar_mul_calls"":38,""scalar_columns"":770}}","{""full_mul_calls"":20,""full_columns"":409,""fr_mul_calls"":20,""fr_columns"":409,""common"":{""operator_mul_calls"":20,""operator_columns"":409,""scalar_mul_calls"":40,""scalar_columns"":818}}",2.235197196705629e-14,9.44946485934792e-11
99,1,24,6,2777,Previous map from this run only,64001,2.294572384590176e-14,3.8654208087325137,a3bec255a7f46b008c0c454f9db27e80080af13bd0fc8ff437a5a4b10b7c9456,True,True,18,0.8513071537017822,382,"{""full_mul_calls"":19,""full_columns"":382,""fr_mul_calls"":19,""fr_columns"":382,""common"":{""operator_mul_calls"":19,""operator_columns"":382,""scalar_mul_calls"":38,""scalar_columns"":764}}","{""full_mul_calls"":20,""full_columns"":406,""fr_mul_calls"":20,""fr_columns"":406,""common"":{""operator_mul_calls"":20,""operator_columns"":406,""scalar_mul_calls"":40,""scalar_columns"":812}}",1.8369126885027093e-14,9.769334060707419e-11
99,2,24,6,2770,Previous map from this run only,64002,2.5551324158175624e-14,3.912122521571547,de2bc2856fe23c7f07c74f7493c9348d0664f8aa145396506bbf8cfc2331e158,True,True,18,0.7189309597015381,387,"{""full_mul_calls"":19,""full_columns"":387,""fr_mul_calls"":19,""fr_columns"":387,""common"":{""operator_mul_calls"":19,""operator_columns"":387,""scalar_mul_calls"":38,""scalar_columns"":774}}","{""full_mul_calls"":20,""full_columns"":411,""fr_mul_calls"":20,""fr_columns"":411,""common"":{""operator_mul_calls"":20,""operator_columns"":411,""scalar_mul_calls"":40,""scalar_columns"":822}}",1.987375727335188e-14,9.222740534030266e-11
99,3,24,6,2770,Previous map from this run only,64003,2.6198690601319023e-14,3.795892167031284,5d8296f84b89836563272530959abb9e2a198e0471d236c23abcd83692325b8b,True,True,18,0.6841301918029785,385,"{""full_mul_calls"":19,""full_columns"":385,""fr_mul_calls"":19,""fr_columns"":385,""common"":{""operator_mul_calls"":19,""operator_columns"":385,""scalar_mul_calls"":38,""scalar_columns"":770}}","{""full_mul_calls"":20,""full_columns"":409,""fr_mul_calls"":20,""fr_columns"":409,""common"":{""operator_mul_calls"":20,""operator_columns"":409,""scalar_mul_calls"":40,""scalar_columns"":818}}",2.005318107006258e-14,9.780039007505067e-11
100,1,24,6,2777,Previous map from this run only,64001,2.24653338133152e-14,3.966308443806302,3ab830d0b409b12fbf96ab397da0d855e312c6b02c882e013fad320471442f48,True,True,17,0.8270471096038818,373,"{""full_mul_calls"":18,""full_columns"":373,""fr_mul_calls"":18,""fr_columns"":373,""common"":{""operator_mul_calls"":18,""operator_columns"":373,""scalar_mul_calls"":36,""scalar_columns"":746}}","{""full_mul_calls"":19,""full_columns"":397,""fr_mul_calls"":19,""fr_columns"":397,""common"":{""operator_mul_calls"":19,""operator_columns"":397,""scalar_mul_calls"":38,""scalar_columns"":794}}",1.7228197983484735e-14,9.780251378498052e-11
100,2,24,6,2770,Previous map from this run only,64002,2.496567815897054e-14,3.643850212700219,f8fcb3ce6c3ab24dda88463316557b8c88927cec8d5ed78755f1fb1a99a4316d,True,True,17,0.6682841777801514,378,"{""full_mul_calls"":18,""full_columns"":378,""fr_mul_calls"":18,""fr_columns"":378,""common"":{""operator_mul_calls"":18,""operator_columns"":378,""scalar_mul_calls"":36,""scalar_columns"":756}}","{""full_mul_calls"":19,""full_columns"":402,""fr_mul_calls"":19,""fr_columns"":402,""common"":{""operator_mul_calls"":19,""operator_columns"":402,""scalar_mul_calls"":38,""scalar_columns"":804}}",2.3087494828907794e-14,9.136089376681952e-11
100,3,24,6,2770,Previous map from this run only,64003,2.458499696113384e-14,3.7697832491181242,e1e0782ecedd7eb2c83a11e1935f56c179a7a6699ab5c5d1a03becf67b12c0b4,True,True,17,0.6822099685668945,376,"{""full_mul_calls"":18,""full_columns"":376,""fr_mul_calls"":18,""fr_columns"":376,""common"":{""operator_mul_calls"":18,""operator_columns"":376,""scalar_mul_calls"":36,""scalar_columns"":752}}","{""full_mul_calls"":19,""full_columns"":400,""fr_mul_calls"":19,""fr_columns"":400,""common"":{""operator_mul_calls"":19,""operator_columns"":400,""scalar_mul_calls"":38,""scalar_columns"":800}}",2.5172715712437517e-14,9.389584687463538e-11
101,1,24,6,2777,Previous map from this run only,64001,2.1064743482803736e-14,3.941915158890447,b62b4f57aa5ca23dd601263628728bc759d7b8fd2f46f57af6e21e8f0c9b3c45,True,True,17,0.6436278820037842,364,"{""full_mul_calls"":18,""full_columns"":364,""fr_mul_calls"":18,""fr_columns"":364,""common"":{""operator_mul_calls"":18,""operator_columns"":364,""scalar_mul_calls"":36,""scalar_columns"":728}}","{""full_mul_calls"":19,""full_columns"":388,""fr_mul_calls"":19,""fr_columns"":388,""common"":{""operator_mul_calls"":19,""operator_columns"":388,""scalar_mul_calls"":38,""scalar_columns"":776}}",2.1646592825059942e-14,9.983366661029048e-11
101,2,24,6,2770,Previous map from this run only,64002,2.724237262348164e-14,4.135547378822971,f26539f8347317c30a3a899ca6f6f4f5b3afc488ac731432478fa1d868633264,True,True,17,0.8276510238647461,376,"{""full_mul_calls"":18,""full_columns"":376,""fr_mul_calls"":18,""fr_columns"":376,""common"":{""operator_mul_calls"":18,""operator_columns"":376,""scalar_mul_calls"":36,""scalar_columns"":752}}","{""full_mul_calls"":19,""full_columns"":400,""fr_mul_calls"":19,""fr_columns"":400,""common"":{""operator_mul_calls"":19,""operator_columns"":400,""scalar_mul_calls"":38,""scalar_columns"":800}}",2.401619911558921e-14,9.56341704097663e-11
101,3,24,6,2770,Previous map from this run only,64003,2.802297343936207e-14,3.910216122141791,d2cf5c35f04b2ef696d1f9b61ddf66881662805d8e84fc0378bb4d10255462ad,True,True,17,0.6673312187194824,376,"{""full_mul_calls"":18,""full_columns"":376,""fr_mul_calls"":18,""fr_columns"":376,""common"":{""operator_mul_calls"":18,""operator_columns"":376,""scalar_mul_calls"":36,""scalar_columns"":752}}","{""full_mul_calls"":19,""full_columns"":400,""fr_mul_calls"":19,""fr_columns"":400,""common"":{""operator_mul_calls"":19,""operator_columns"":400,""scalar_mul_calls"":38,""scalar_columns"":800}}",2.0338882104957067e-14,8.969607410378097e-11
102,1,24,6,2777,Previous map from this run only,64001,2.4505227817458964e-14,3.913811216032832,338d48306779dfe26e9bc40aabad95cc5c117919d0b2226524931552339b80c2,True,True,17,0.8166251182556152,364,"{""full_mul_calls"":18,""full_columns"":364,""fr_mul_calls"":18,""fr_columns"":364,""common"":{""operator_mul_calls"":18,""operator_columns"":364,""scalar_mul_calls"":36,""scalar_columns"":728}}","{""full_mul_calls"":19,""full_columns"":388,""fr_mul_calls"":19,""fr_columns"":388,""common"":{""operator_mul_calls"":19,""operator_columns"":388,""scalar_mul_calls"":38,""scalar_columns"":776}}",2.001785756839398e-14,8.013111790943406e-11
102,2,24,6,2770,Previous map from this run only,64002,2.7934467266009483e-14,3.9067027528160154,632d0f8060f6ac4de6c6b16fabd0de5dfafdf95a05c96d26aa2e293f0df5cbef,True,True,17,0.6608009338378906,374,"{""full_mul_calls"":18,""full_columns"":374,""fr_mul_calls"":18,""fr_columns"":374,""common"":{""operator_mul_calls"":18,""operator_columns"":374,""scalar_mul_calls"":36,""scalar_columns"":748}}","{""full_mul_calls"":19,""full_columns"":398,""fr_mul_calls"":19,""fr_columns"":398,""common"":{""operator_mul_calls"":19,""operator_columns"":398,""scalar_mul_calls"":38,""scalar_columns"":796}}",1.8190912589713723e-14,9.719993026985806e-11
102,3,24,6,2770,Previous map from this run only,64003,2.583414507275488e-14,3.9487256021257964,302b2298bb3573f3cd2783621c597a39d92671ce82e9eecd94c2b5614c02f1f1,True,True,17,0.6654601097106934,374,"{""full_mul_calls"":18,""full_columns"":374,""fr_mul_calls"":18,""fr_columns"":374,""common"":{""operator_mul_calls"":18,""operator_columns"":374,""scalar_mul_calls"":36,""scalar_columns"":748}}","{""full_mul_calls"":19,""full_columns"":398,""fr_mul_calls"":19,""fr_columns"":398,""common"":{""operator_mul_calls"":19,""operator_columns"":398,""scalar_mul_calls"":38,""scalar_columns"":796}}",1.896571162390824e-14,9.859666168371578e-11
103,1,24,6,2777,Previous map from this run only,64001,2.565718088222676e-14,3.9611094680635257,8f74a1fb6a2acd682e033b2720feaa49524a3a022e2d3f15496570f568493a16,True,True,17,0.6606040000915527,364,"{""full_mul_calls"":18,""full_columns"":364,""fr_mul_calls"":18,""fr_columns"":364,""common"":{""operator_mul_calls"":18,""operator_columns"":364,""scalar_mul_calls"":36,""scalar_columns"":728}}","{""full_mul_calls"":19,""full_columns"":388,""fr_mul_calls"":19,""fr_columns"":388,""common"":{""operator_mul_calls"":19,""operator_columns"":388,""scalar_mul_calls"":38,""scalar_columns"":776}}",1.7912523695855252e-14,8.705362900956074e-11
103,2,24,6,2770,Previous map from this run only,64002,2.6089474346902677e-14,3.802104763192729,27562284ca70168fbdabf150b2bf684ca2f5d8c394a22a06145f26b8db00621c,True,True,17,0.700186014175415,374,"{""full_mul_calls"":18,""full_columns"":374,""fr_mul_calls"":18,""fr_columns"":374,""common"":{""operator_mul_calls"":18,""operator_columns"":374,""scalar_mul_calls"":36,""scalar_columns"":748}}","{""full_mul_calls"":19,""full_columns"":398,""fr_mul_calls"":19,""fr_columns"":398,""common"":{""operator_mul_calls"":19,""operator_columns"":398,""scalar_mul_calls"":38,""scalar_columns"":796}}",2.4652003681242276e-14,9.196921934087506e-11
103,3,24,6,2770,Previous map from this run only,64003,2.2827669628995692e-14,3.6265131081664115,48dd452814298c1b2505d1b2d632d11e67dd17f90a60e6913ec53c7a4992a954,True,True,17,0.8239939212799072,374,"{""full_mul_calls"":18,""full_columns"":374,""fr_mul_calls"":18,""fr_columns"":374,""common"":{""operator_mul_calls"":18,""operator_columns"":374,""scalar_mul_calls"":36,""scalar_columns"":748}}","{""full_mul_calls"":19,""full_columns"":398,""fr_mul_calls"":19,""fr_columns"":398,""common"":{""operator_mul_calls"":19,""operator_columns"":398,""scalar_mul_calls"":38,""scalar_columns"":796}}",2.4298558621893606e-14,9.142878601857486e-11
104,1,24,6,2777,Previous map from this run only,64001,2.0771807735205438e-14,3.8043514943010086,06d711b25badc7d8e87e9b65454f3b1d33d58a43407bae7c5fe799d68e90209a,True,True,15,0.8024969100952148,348,"{""full_mul_calls"":16,""full_columns"":348,""fr_mul_calls"":16,""fr_columns"":348,""common"":{""operator_mul_calls"":16,""operator_columns"":348,""scalar_mul_calls"":32,""scalar_columns"":696}}","{""full_mul_calls"":17,""full_columns"":372,""fr_mul_calls"":17,""fr_columns"":372,""common"":{""operator_mul_calls"":17,""operator_columns"":372,""scalar_mul_calls"":34,""scalar_columns"":744}}",1.885411500504101e-14,9.816401115183552e-11
104,2,24,6,2770,Previous map from this run only,64002,2.938049396450856e-14,3.7846087223266576,20e7ee4eabafbb2cf061a899845f53b018c74742f0e02404c20d8e55c3c24790,True,True,17,0.6611950397491455,373,"{""full_mul_calls"":18,""full_columns"":373,""fr_mul_calls"":18,""fr_columns"":373,""common"":{""operator_mul_calls"":18,""operator_columns"":373,""scalar_mul_calls"":36,""scalar_columns"":746}}","{""full_mul_calls"":19,""full_columns"":397,""fr_mul_calls"":19,""fr_columns"":397,""common"":{""operator_mul_calls"":19,""operator_columns"":397,""scalar_mul_calls"":38,""scalar_columns"":794}}",2.2003140217435398e-14,9.180844042181538e-11
104,3,24,6,2770,Previous map from this run only,64003,2.799859379250678e-14,3.732372649381705,ae3bc6d5183cf81a79b26c1eaf90d6a9f439af881d82002d0c19447af774e645,True,True,17,0.6833021640777588,374,"{""full_mul_calls"":18,""full_columns"":374,""fr_mul_calls"":18,""fr_columns"":374,""common"":{""operator_mul_calls"":18,""operator_columns"":374,""scalar_mul_calls"":36,""scalar_columns"":748}}","{""full_mul_calls"":19,""full_columns"":398,""fr_mul_calls"":19,""fr_columns"":398,""common"":{""operator_mul_calls"":19,""operator_columns"":398,""scalar_mul_calls"":38,""scalar_columns"":796}}",2.4018244165401165e-14,8.296611696109023e-11
105,1,24,6,2777,Previous map from this run only,64001,2.2614246073732513e-14,3.8794365589749678,24d542c845591522b8bcc49d3bf184ba5fead31db0e990f25d5923d2ac15cdba,True,True,15,0.6268460750579834,348,"{""full_mul_calls"":16,""full_columns"":348,""fr_mul_calls"":16,""fr_columns"":348,""common"":{""operator_mul_calls"":16,""operator_columns"":348,""scalar_mul_calls"":32,""scalar_columns"":696}}","{""full_mul_calls"":17,""full_columns"":372,""fr_mul_calls"":17,""fr_columns"":372,""common"":{""operator_mul_calls"":17,""operator_columns"":372,""scalar_mul_calls"":34,""scalar_columns"":744}}",2.1070219454807172e-14,9.78785225426524e-11
105,2,24,6,2770,Previous map from this run only,64002,2.6964152678423502e-14,4.006755602996413,8a53a42456d0974c5ecee4fb795fee25e012357f647d6a0290a4707f1b472c94,True,True,16,0.6564550399780273,366,"{""full_mul_calls"":17,""full_columns"":366,""fr_mul_calls"":17,""fr_columns"":366,""common"":{""operator_mul_calls"":17,""operator_columns"":366,""scalar_mul_calls"":34,""scalar_columns"":732}}","{""full_mul_calls"":18,""full_columns"":390,""fr_mul_calls"":18,""fr_columns"":390,""common"":{""operator_mul_calls"":18,""operator_columns"":390,""scalar_mul_calls"":36,""scalar_columns"":780}}",2.1207390910179923e-14,8.969718306257062e-11
105,3,24,6,2770,Previous map from this run only,64003,2.7450097755933044e-14,3.958190998137679,bacf1ca48fdb50f2894eff7dd0546b4a9ffcb8360400680badbcb52c3487695a,True,True,17,0.824566125869751,371,"{""full_mul_calls"":18,""full_columns"":371,""fr_mul_calls"":18,""fr_columns"":371,""common"":{""operator_mul_calls"":18,""operator_columns"":371,""scalar_mul_calls"":36,""scalar_columns"":742}}","{""full_mul_calls"":19,""full_columns"":395,""fr_mul_calls"":19,""fr_columns"":395,""common"":{""operator_mul_calls"":19,""operator_columns"":395,""scalar_mul_calls"":38,""scalar_columns"":790}}",2.2955460847691432e-14,9.904482234296208e-11
106,1,24,6,2777,Previous map from this run only,64001,2.4715677973617263e-14,3.9492100968525206,01c86ccb39d33e6df45e6ad69dc1ae58495613cc3464a07a6f18a2454b6d33dc,True,True,15,0.627204179763794,348,"{""full_mul_calls"":16,""full_columns"":348,""fr_mul_calls"":16,""fr_columns"":348,""common"":{""operator_mul_calls"":16,""operator_columns"":348,""scalar_mul_calls"":32,""scalar_columns"":696}}","{""full_mul_calls"":17,""full_columns"":372,""fr_mul_calls"":17,""fr_columns"":372,""common"":{""operator_mul_calls"":17,""operator_columns"":372,""scalar_mul_calls"":34,""scalar_columns"":744}}",1.7294141830210306e-14,9.526342143367665e-11
106,2,24,6,2770,Previous map from this run only,64002,2.613165502512276e-14,4.084547531719504,b326b0e765591d7b71e1174838f65ebe7757415749e3a354831dda9581126164,True,True,17,0.8258490562438965,369,"{""full_mul_calls"":18,""full_columns"":369,""fr_mul_calls"":18,""fr_columns"":369,""common"":{""operator_mul_calls"":18,""operator_columns"":369,""scalar_mul_calls"":36,""scalar_columns"":738}}","{""full_mul_calls"":19,""full_columns"":393,""fr_mul_calls"":19,""fr_columns"":393,""common"":{""operator_mul_calls"":19,""operator_columns"":393,""scalar_mul_calls"":38,""scalar_columns"":786}}",1.8415338217209987e-14,9.646849296830185e-11
106,3,24,6,2770,Previous map from this run only,64003,2.6796315980820444e-14,3.8127780062267203,f66b2de22623636ad0a3cd2e110fa682d8af9771d1317f6c9853181ea721ef83,True,True,17,0.6611008644104004,370,"{""full_mul_calls"":18,""full_columns"":370,""fr_mul_calls"":18,""fr_columns"":370,""common"":{""operator_mul_calls"":18,""operator_columns"":370,""scalar_mul_calls"":36,""scalar_columns"":740}}","{""full_mul_calls"":19,""full_columns"":394,""fr_mul_calls"":19,""fr_columns"":394,""common"":{""operator_mul_calls"":19,""operator_columns"":394,""scalar_mul_calls"":38,""scalar_columns"":788}}",2.3522866696608137e-14,9.782800798500258e-11
107,1,24,6,2777,Previous map from this run only,64001,2.1182204915852925e-14,3.8278457669718158,3b0c9e056dcbbd15ea3db97737f634450e1a5a46f3a0105c7c6a74412e328f18,True,True,15,0.7937479019165039,348,"{""full_mul_calls"":16,""full_columns"":348,""fr_mul_calls"":16,""fr_columns"":348,""common"":{""operator_mul_calls"":16,""operator_columns"":348,""scalar_mul_calls"":32,""scalar_columns"":696}}","{""full_mul_calls"":17,""full_columns"":372,""fr_mul_calls"":17,""fr_columns"":372,""common"":{""operator_mul_calls"":17,""operator_columns"":372,""scalar_mul_calls"":34,""scalar_columns"":744}}",2.351451614966712e-14,9.637065454550231e-11
107,2,24,6,2770,Previous map from this run only,64002,2.330824780991719e-14,3.9213627776950655,5ac00e541821f45ad9f1ddc4c5292df8011d52053edfc9e29c783042fa207f2e,True,True,17,0.6624290943145752,370,"{""full_mul_calls"":18,""full_columns"":370,""fr_mul_calls"":18,""fr_columns"":370,""common"":{""operator_mul_calls"":18,""operator_columns"":370,""scalar_mul_calls"":36,""scalar_columns"":740}}","{""full_mul_calls"":19,""full_columns"":394,""fr_mul_calls"":19,""fr_columns"":394,""common"":{""operator_mul_calls"":19,""operator_columns"":394,""scalar_mul_calls"":38,""scalar_columns"":788}}",1.9879493119665488e-14,8.575976780573089e-11
107,3,24,6,2770,Previous map from this run only,64003,2.878349198944724e-14,3.8039821383722616,a203de66bebe772f598b58479d64db00facbe4a7c681b77fb98191b118abf423,True,True,17,0.6610820293426514,369,"{""full_mul_calls"":18,""full_columns"":369,""fr_mul_calls"":18,""fr_columns"":369,""common"":{""operator_mul_calls"":18,""operator_columns"":369,""scalar_mul_calls"":36,""scalar_columns"":738}}","{""full_mul_calls"":19,""full_columns"":393,""fr_mul_calls"":19,""fr_columns"":393,""common"":{""operator_mul_calls"":19,""operator_columns"":393,""scalar_mul_calls"":38,""scalar_columns"":786}}",2.0779265052477152e-14,8.920360638342127e-11
108,1,24,6,2777,Previous map from this run only,64001,2.6500419976915507e-14,3.936880771633459,9d52cef0ecf2a517634eccc73278e81c165e1bfc9bd4f902a312bc83f11bb700,True,True,15,0.6217930316925049,348,"{""full_mul_calls"":16,""full_columns"":348,""fr_mul_calls"":16,""fr_columns"":348,""common"":{""operator_mul_calls"":16,""operator_columns"":348,""scalar_mul_calls"":32,""scalar_columns"":696}}","{""full_mul_calls"":17,""full_columns"":372,""fr_mul_calls"":17,""fr_columns"":372,""common"":{""operator_mul_calls"":17,""operator_columns"":372,""scalar_mul_calls"":34,""scalar_columns"":744}}",1.956724867608105e-14,7.14056465077397e-11
108,2,24,6,2770,Previous map from this run only,64002,2.422823811846749e-14,3.7971822634457895,07c2373396b9c1d3c52612eb1041ba3cd025cd55e81be87cabffc40784985163,True,True,16,0.8105638027191162,358,"{""full_mul_calls"":17,""full_columns"":358,""fr_mul_calls"":17,""fr_columns"":358,""common"":{""operator_mul_calls"":17,""operator_columns"":358,""scalar_mul_calls"":34,""scalar_columns"":716}}","{""full_mul_calls"":18,""full_columns"":382,""fr_mul_calls"":18,""fr_columns"":382,""common"":{""operator_mul_calls"":18,""operator_columns"":382,""scalar_mul_calls"":36,""scalar_columns"":764}}",2.2986430600055978e-14,9.590667201772896e-11
108,3,24,6,2770,Previous map from this run only,64003,2.6036117939554912e-14,3.967111219790304,e3c33a2e503f23f74b70576d65bbda8aa7c55ea3a6d1db090f7fdc4917092581,True,True,16,0.6363139152526855,358,"{""full_mul_calls"":17,""full_columns"":358,""fr_mul_calls"":17,""fr_columns"":358,""common"":{""operator_mul_calls"":17,""operator_columns"":358,""scalar_mul_calls"":34,""scalar_columns"":716}}","{""full_mul_calls"":18,""full_columns"":382,""fr_mul_calls"":18,""fr_columns"":382,""common"":{""operator_mul_calls"":18,""operator_columns"":382,""scalar_mul_calls"":36,""scalar_columns"":764}}",2.1131636763125514e-14,9.994780482105167e-11
109,1,24,6,2777,Previous map from this run only,64001,2.246821262897232e-14,3.783445133871354,e51c19917be8be9c8e4ada415261a713fbc229363eae50fa26a861dae829ac18,True,True,15,0.8008019924163818,348,"{""full_mul_calls"":16,""full_columns"":348,""fr_mul_calls"":16,""fr_columns"":348,""common"":{""operator_mul_calls"":16,""operator_columns"":348,""scalar_mul_calls"":32,""scalar_columns"":696}}","{""full_mul_calls"":17,""full_columns"":372,""fr_mul_calls"":17,""fr_columns"":372,""common"":{""operator_mul_calls"":17,""operator_columns"":372,""scalar_mul_calls"":34,""scalar_columns"":744}}",1.9561747967203905e-14,9.103451406971077e-11
109,2,24,6,2770,Previous map from this run only,64002,2.707206449308138e-14,4.125803683781967,aa83b377fddb2a8c362cde0013549bc7061d5d0ba74c1f97c97ed729826d60c5,True,True,16,0.671116828918457,359,"{""full_mul_calls"":17,""full_columns"":359,""fr_mul_calls"":17,""fr_columns"":359,""common"":{""operator_mul_calls"":17,""operator_columns"":359,""scalar_mul_calls"":34,""scalar_columns"":718}}","{""full_mul_calls"":18,""full_columns"":383,""fr_mul_calls"":18,""fr_columns"":383,""common"":{""operator_mul_calls"":18,""operator_columns"":383,""scalar_mul_calls"":36,""scalar_columns"":766}}",1.9447679695538117e-14,9.190605955427206e-11
109,3,24,6,2770,Previous map from this run only,64003,2.597389642359361e-14,3.954225952590099,864628e97a9c8ccb3521ff062a2761250e70aed188ac76349956c5ecc6fe399c,True,True,16,0.6414971351623535,358,"{""full_mul_calls"":17,""full_columns"":358,""fr_mul_calls"":17,""fr_columns"":358,""common"":{""operator_mul_calls"":17,""operator_columns"":358,""scalar_mul_calls"":34,""scalar_columns"":716}}","{""full_mul_calls"":18,""full_columns"":382,""fr_mul_calls"":18,""fr_columns"":382,""common"":{""operator_mul_calls"":18,""operator_columns"":382,""scalar_mul_calls"":36,""scalar_columns"":764}}",2.2981708372333034e-14,9.815148489187073e-11
110,1,24,6,2777,Previous map from this run only,64001,2.446939329473132e-14,3.9622821165579762,b90521a4b4d1cdb1e0a3851ad1b305b83d78c86dee960c27030479a02aab89e4,True,True,14,0.6194560527801514,340,"{""full_mul_calls"":15,""full_columns"":340,""fr_mul_calls"":15,""fr_columns"":340,""common"":{""operator_mul_calls"":15,""operator_columns"":340,""scalar_mul_calls"":30,""scalar_columns"":680}}","{""full_mul_calls"":16,""full_columns"":364,""fr_mul_calls"":16,""fr_columns"":364,""common"":{""operator_mul_calls"":16,""operator_columns"":364,""scalar_mul_calls"":32,""scalar_columns"":728}}",1.8905755328726804e-14,9.989015702238884e-11
110,2,24,6,2770,Previous map from this run only,64002,2.669427941487132e-14,3.7674423066337934,0ad7c680e949675c962fbe43691a26ed09a52ba0d43ce168c8bfa3aeaf9dd605,True,True,16,0.6578938961029053,358,"{""full_mul_calls"":17,""full_columns"":358,""fr_mul_calls"":17,""fr_columns"":358,""common"":{""operator_mul_calls"":17,""operator_columns"":358,""scalar_mul_calls"":34,""scalar_columns"":716}}","{""full_mul_calls"":18,""full_columns"":382,""fr_mul_calls"":18,""fr_columns"":382,""common"":{""operator_mul_calls"":18,""operator_columns"":382,""scalar_mul_calls"":36,""scalar_columns"":764}}",2.2496232131236316e-14,8.864639181828412e-11
110,3,24,6,2770,Previous map from this run only,64003,2.7350229001610956e-14,3.822167627965945,498ba9cf4009ab096c20ea9d0e67c3be2f660eeb5e072a42ace0e879a29f0cc4,True,True,16,0.7963581085205078,358,"{""full_mul_calls"":17,""full_columns"":358,""fr_mul_calls"":17,""fr_columns"":358,""common"":{""operator_mul_calls"":17,""operator_columns"":358,""scalar_mul_calls"":34,""scalar_columns"":716}}","{""full_mul_calls"":18,""full_columns"":382,""fr_mul_calls"":18,""fr_columns"":382,""common"":{""operator_mul_calls"":18,""operator_columns"":382,""scalar_mul_calls"":36,""scalar_columns"":764}}",2.147356259065319e-14,8.682855308871505e-11
111,1,24,6,2777,Previous map from this run only,64001,2.3515650636010072e-14,3.7699207840524283,7c487634b7ca357e1cf3292dfb53ad53b154be04e161c15ab89689820af8b5f8,True,True,15,0.7986679077148438,347,"{""full_mul_calls"":16,""full_columns"":347,""fr_mul_calls"":16,""fr_columns"":347,""common"":{""operator_mul_calls"":16,""operator_columns"":347,""scalar_mul_calls"":32,""scalar_columns"":694}}","{""full_mul_calls"":17,""full_columns"":371,""fr_mul_calls"":17,""fr_columns"":371,""common"":{""operator_mul_calls"":17,""operator_columns"":371,""scalar_mul_calls"":34,""scalar_columns"":742}}",2.193701023090824e-14,9.707372079713379e-11
111,2,24,6,2770,Previous map from this run only,64002,3.067415032315989e-14,3.9838367645202144,89552922aa62795bce1e4850e30a86a68d57c79c4862b8c3174b6a199edbd568,True,True,17,0.6356289386749268,360,"{""full_mul_calls"":18,""full_columns"":360,""fr_mul_calls"":18,""fr_columns"":360,""common"":{""operator_mul_calls"":18,""operator_columns"":360,""scalar_mul_calls"":36,""scalar_columns"":720}}","{""full_mul_calls"":19,""full_columns"":384,""fr_mul_calls"":19,""fr_columns"":384,""common"":{""operator_mul_calls"":19,""operator_columns"":384,""scalar_mul_calls"":38,""scalar_columns"":768}}",2.158022133714615e-14,9.891590170653046e-11
111,3,24,6,2770,Previous map from this run only,64003,2.733341214766923e-14,3.847842784925533,f3dde898e2b120bf2b70ac596db3bac4d615aaee2f3647d170055e6658322108,True,True,17,0.6314220428466797,359,"{""full_mul_calls"":18,""full_columns"":359,""fr_mul_calls"":18,""fr_columns"":359,""common"":{""operator_mul_calls"":18,""operator_columns"":359,""scalar_mul_calls"":36,""scalar_columns"":718}}","{""full_mul_calls"":19,""full_columns"":383,""fr_mul_calls"":19,""fr_columns"":383,""common"":{""operator_mul_calls"":19,""operator_columns"":383,""scalar_mul_calls"":38,""scalar_columns"":766}}",1.996593634660558e-14,9.891029199176644e-11
112,1,24,6,2777,Previous map from this run only,64001,2.522028247314707e-14,3.844820584170255,bcd143250a5b8eb4bc750d9924295c8eef82e88caba158f4ebb87ec0b913bbd1,True,True,16,0.6404409408569336,356,"{""full_mul_calls"":17,""full_columns"":356,""fr_mul_calls"":17,""fr_columns"":356,""common"":{""operator_mul_calls"":17,""operator_columns"":356,""scalar_mul_calls"":34,""scalar_columns"":712}}","{""full_mul_calls"":18,""full_columns"":380,""fr_mul_calls"":18,""fr_columns"":380,""common"":{""operator_mul_calls"":18,""operator_columns"":380,""scalar_mul_calls"":36,""scalar_columns"":760}}",2.0899519294159623e-14,7.186960792342613e-11
112,2,24,6,2770,Previous map from this run only,64002,2.458368118573902e-14,3.9118717472455176,6b9d1846841b576d6e1bc89c98b151a99c4232a5a83a6d908681a38e1dbcf9c0,True,True,16,0.6423931121826172,351,"{""full_mul_calls"":17,""full_columns"":351,""fr_mul_calls"":17,""fr_columns"":351,""common"":{""operator_mul_calls"":17,""operator_columns"":351,""scalar_mul_calls"":34,""scalar_columns"":702}}","{""full_mul_calls"":18,""full_columns"":375,""fr_mul_calls"":18,""fr_columns"":375,""common"":{""operator_mul_calls"":18,""operator_columns"":375,""scalar_mul_calls"":36,""scalar_columns"":750}}",1.981677943034845e-14,9.597934453970447e-11
112,3,24,6,2770,Previous map from this run only,64003,2.496555929325654e-14,3.6973734297228846,7e490b14f623bdeb2b2f4b200ba8b57686be55245ead9c11fecdef41f799fe39,True,True,17,0.7827420234680176,357,"{""full_mul_calls"":18,""full_columns"":357,""fr_mul_calls"":18,""fr_columns"":357,""common"":{""operator_mul_calls"":18,""operator_columns"":357,""scalar_mul_calls"":36,""scalar_columns"":714}}","{""full_mul_calls"":19,""full_columns"":381,""fr_mul_calls"":19,""fr_columns"":381,""common"":{""operator_mul_calls"":19,""operator_columns"":381,""scalar_mul_calls"":38,""scalar_columns"":762}}",1.9792138796689662e-14,9.905644011188457e-11
113,1,24,6,2777,Previous map from this run only,64001,2.674576324706855e-14,3.866721099665445,c739a3280eccf5fde89a7d8b3cd8e72659a22187267ab4e88c9094c7ef2c0bd0,True,True,14,0.6039409637451172,330,"{""full_mul_calls"":15,""full_columns"":330,""fr_mul_calls"":15,""fr_columns"":330,""common"":{""operator_mul_calls"":15,""operator_columns"":330,""scalar_mul_calls"":30,""scalar_columns"":660}}","{""full_mul_calls"":16,""full_columns"":354,""fr_mul_calls"":16,""fr_columns"":354,""common"":{""operator_mul_calls"":16,""operator_columns"":354,""scalar_mul_calls"":32,""scalar_columns"":708}}",1.628306343680794e-14,9.892832175024468e-11
113,2,24,6,2770,Previous map from this run only,64002,2.4232262028264187e-14,3.781692713191589,82a662ffdcbf4fb3b6a9ca9abddefb8b1ddb026dbf6475d55d3c20d30f294d0e,True,True,17,0.7753958702087402,356,"{""full_mul_calls"":18,""full_columns"":356,""fr_mul_calls"":18,""fr_columns"":356,""common"":{""operator_mul_calls"":18,""operator_columns"":356,""scalar_mul_calls"":36,""scalar_columns"":712}}","{""full_mul_calls"":19,""full_columns"":380,""fr_mul_calls"":19,""fr_columns"":380,""common"":{""operator_mul_calls"":19,""operator_columns"":380,""scalar_mul_calls"":38,""scalar_columns"":760}}",2.025787396582323e-14,9.178979216633794e-11
113,3,24,6,2770,Previous map from this run only,64003,2.4710154588543765e-14,4.166474752241017,005d4d2f4add267bdce319f7d55b0dac1697ff27d3a1cc6cbfc018f2db3b40eb,True,True,16,0.6181530952453613,348,"{""full_mul_calls"":17,""full_columns"":348,""fr_mul_calls"":17,""fr_columns"":348,""common"":{""operator_mul_calls"":17,""operator_columns"":348,""scalar_mul_calls"":34,""scalar_columns"":696}}","{""full_mul_calls"":18,""full_columns"":372,""fr_mul_calls"":18,""fr_columns"":372,""common"":{""operator_mul_calls"":18,""operator_columns"":372,""scalar_mul_calls"":36,""scalar_columns"":744}}",1.9039681306800745e-14,9.688860234965269e-11
114,1,24,6,2777,Previous map from this run only,64001,2.2201252360078875e-14,4.022487157220095,05ff90e32c2e4cf5c82441b8d9c2fc19aa4883e1231929ce1c37d141ed70c8fa,True,True,14,0.5899810791015625,330,"{""full_mul_calls"":15,""full_columns"":330,""fr_mul_calls"":15,""fr_columns"":330,""common"":{""operator_mul_calls"":15,""operator_columns"":330,""scalar_mul_calls"":30,""scalar_columns"":660}}","{""full_mul_calls"":16,""full_columns"":354,""fr_mul_calls"":16,""fr_columns"":354,""common"":{""operator_mul_calls"":16,""operator_columns"":354,""scalar_mul_calls"":32,""scalar_columns"":708}}",1.7557178891816492e-14,9.160764545256685e-11
114,2,24,6,2770,Previous map from this run only,64002,2.3737020765357238e-14,3.8671821701815476,ff34d27c3a3e3731a8490cf1efefb78c633319ee44bb61f147d30e8709631552,True,True,16,0.6288230419158936,346,"{""full_mul_calls"":17,""full_columns"":346,""fr_mul_calls"":17,""fr_columns"":346,""common"":{""operator_mul_calls"":17,""operator_columns"":346,""scalar_mul_calls"":34,""scalar_columns"":692}}","{""full_mul_calls"":18,""full_columns"":370,""fr_mul_calls"":18,""fr_columns"":370,""common"":{""operator_mul_calls"":18,""operator_columns"":370,""scalar_mul_calls"":36,""scalar_columns"":740}}",2.1588621761414517e-14,9.743257944148753e-11
114,3,24,6,2770,Previous map from this run only,64003,2.3077026190042954e-14,3.752173241087104,8b0b78c4794d3322d8fb813069d29c11acb0e0654c25797d037307f6499e6163,True,True,17,0.8027529716491699,353,"{""full_mul_calls"":18,""full_columns"":353,""fr_mul_calls"":18,""fr_columns"":353,""common"":{""operator_mul_calls"":18,""operator_columns"":353,""scalar_mul_calls"":36,""scalar_columns"":706}}","{""full_mul_calls"":19,""full_columns"":377,""fr_mul_calls"":19,""fr_columns"":377,""common"":{""operator_mul_calls"":19,""operator_columns"":377,""scalar_mul_calls"":38,""scalar_columns"":754}}",1.9785184218785898e-14,9.889974011111778e-11
115,1,24,6,2777,Previous map from this run only,64001,2.169467023191084e-14,3.8958530128234727,9e563b4b9fb97bed9adca54758f05c4aebca7d53be290fe58cec627118d2bbee,True,True,14,0.7588789463043213,329,"{""full_mul_calls"":15,""full_columns"":329,""fr_mul_calls"":15,""fr_columns"":329,""common"":{""operator_mul_calls"":15,""operator_columns"":329,""scalar_mul_calls"":30,""scalar_columns"":658}}","{""full_mul_calls"":16,""full_columns"":353,""fr_mul_calls"":16,""fr_columns"":353,""common"":{""operator_mul_calls"":16,""operator_columns"":353,""scalar_mul_calls"":32,""scalar_columns"":706}}",1.89195513531268e-14,9.889941283599218e-11
115,2,24,6,2770,Previous map from this run only,64002,2.541853809645581e-14,3.8592249355147024,01f63de8ff5b01d1dfdad37fbc31d02b6c8bb20a85c9afa48437acfa9c30b598,True,True,16,0.6092829704284668,344,"{""full_mul_calls"":17,""full_columns"":344,""fr_mul_calls"":17,""fr_columns"":344,""common"":{""operator_mul_calls"":17,""operator_columns"":344,""scalar_mul_calls"":34,""scalar_columns"":688}}","{""full_mul_calls"":18,""full_columns"":368,""fr_mul_calls"":18,""fr_columns"":368,""common"":{""operator_mul_calls"":18,""operator_columns"":368,""scalar_mul_calls"":36,""scalar_columns"":736}}",2.097565845719545e-14,9.440822160633224e-11
115,3,24,6,2770,Previous map from this run only,64003,2.4945273898097705e-14,4.008907288473338,7f759442b0cfb89794bcc1033be63c1d26833ae9cc4649c7ef752754c9feec0d,True,True,16,0.613602876663208,345,"{""full_mul_calls"":17,""full_columns"":345,""fr_mul_calls"":17,""fr_columns"":345,""common"":{""operator_mul_calls"":17,""operator_columns"":345,""scalar_mul_calls"":34,""scalar_columns"":690}}","{""full_mul_calls"":18,""full_columns"":369,""fr_mul_calls"":18,""fr_columns"":369,""common"":{""operator_mul_calls"":18,""operator_columns"":369,""scalar_mul_calls"":36,""scalar_columns"":738}}",1.8663401902561544e-14,9.562338205691935e-11
116,1,24,6,2777,Previous map from this run only,64001,2.323488729180895e-14,3.8569866501476757,85774197746f3290a75e3f32678487c835a91f5c4150037863b8d875b5981c0e,True,True,16,0.5901930332183838,334,"{""full_mul_calls"":17,""full_columns"":334,""fr_mul_calls"":17,""fr_columns"":334,""common"":{""operator_mul_calls"":17,""operator_columns"":334,""scalar_mul_calls"":34,""scalar_columns"":668}}","{""full_mul_calls"":18,""full_columns"":358,""fr_mul_calls"":18,""fr_columns"":358,""common"":{""operator_mul_calls"":18,""operator_columns"":358,""scalar_mul_calls"":36,""scalar_columns"":716}}",1.962584593268615e-14,9.693809212681271e-11
116,2,24,6,2770,Previous map from this run only,64002,2.64157916558473e-14,4.0292332125785775,b0367eacce77bed028993902c2f38261dc43d6f2ac2e1b6d0ccea24db6679c82,True,True,16,0.6254911422729492,342,"{""full_mul_calls"":17,""full_columns"":342,""fr_mul_calls"":17,""fr_columns"":342,""common"":{""operator_mul_calls"":17,""operator_columns"":342,""scalar_mul_calls"":34,""scalar_columns"":684}}","{""full_mul_calls"":18,""full_columns"":366,""fr_mul_calls"":18,""fr_columns"":366,""common"":{""operator_mul_calls"":18,""operator_columns"":366,""scalar_mul_calls"":36,""scalar_columns"":732}}",1.804357660835726e-14,9.57108858055523e-11
116,3,24,6,2770,Previous map from this run only,64003,2.316008891530806e-14,3.9118840081427817,5cf57e3d9945fc22f930bb0560a4104bae22f1eb3aff04e15db77bdedcbf2065,True,True,16,0.7488729953765869,342,"{""full_mul_calls"":17,""full_columns"":342,""fr_mul_calls"":17,""fr_columns"":342,""common"":{""operator_mul_calls"":17,""operator_columns"":342,""scalar_mul_calls"":34,""scalar_columns"":684}}","{""full_mul_calls"":18,""full_columns"":366,""fr_mul_calls"":18,""fr_columns"":366,""common"":{""operator_mul_calls"":18,""operator_columns"":366,""scalar_mul_calls"":36,""scalar_columns"":732}}",1.9006222744970004e-14,9.303084681178206e-11
117,1,24,6,2777,Previous map from this run only,64001,2.3177698029638656e-14,3.7567006541046037,deedcc3af5e860bbdce6ef1933c2e0d61bba112fe6f5ce5016497a9b4c90c3f6,True,True,15,0.6002600193023682,326,"{""full_mul_calls"":16,""full_columns"":326,""fr_mul_calls"":16,""fr_columns"":326,""common"":{""operator_mul_calls"":16,""operator_columns"":326,""scalar_mul_calls"":32,""scalar_columns"":652}}","{""full_mul_calls"":17,""full_columns"":350,""fr_mul_calls"":17,""fr_columns"":350,""common"":{""operator_mul_calls"":17,""operator_columns"":350,""scalar_mul_calls"":34,""scalar_columns"":700}}",1.925536870148281e-14,9.709341949011254e-11
117,2,24,6,2770,Previous map from this run only,64002,2.3007393757153402e-14,3.699589449287272,b521632065534f47bffd8b4871475a40e7fd2fced087c2d1fda4739e21a04e9f,True,True,16,0.7525839805603027,340,"{""full_mul_calls"":17,""full_columns"":340,""fr_mul_calls"":17,""fr_columns"":340,""common"":{""operator_mul_calls"":17,""operator_columns"":340,""scalar_mul_calls"":34,""scalar_columns"":680}}","{""full_mul_calls"":18,""full_columns"":364,""fr_mul_calls"":18,""fr_columns"":364,""common"":{""operator_mul_calls"":18,""operator_columns"":364,""scalar_mul_calls"":36,""scalar_columns"":728}}",2.16233184498673e-14,9.6105780858609e-11
117,3,24,6,2770,Previous map from this run only,64003,2.5061948680678892e-14,3.676180596521454,2068ec5e0cccc20669cef93846b3db3ca2b3a1d720b1432247fd2c9464cf6b82,True,True,16,0.6070091724395752,342,"{""full_mul_calls"":17,""full_columns"":342,""fr_mul_calls"":17,""fr_columns"":342,""common"":{""operator_mul_calls"":17,""operator_columns"":342,""scalar_mul_calls"":34,""scalar_columns"":684}}","{""full_mul_calls"":18,""full_columns"":366,""fr_mul_calls"":18,""fr_columns"":366,""common"":{""operator_mul_calls"":18,""operator_columns"":366,""scalar_mul_calls"":36,""scalar_columns"":732}}",1.9756994796949192e-14,8.664396788546718e-11
118,1,24,6,2777,Previous map from this run only,64001,2.232170509527811e-14,3.821861782955833,8e29bcd651c84b81b413483e12ca429b6ae32afe44d443442ad54c1b9b21f3ab,True,True,15,0.5805470943450928,326,"{""full_mul_calls"":16,""full_columns"":326,""fr_mul_calls"":16,""fr_columns"":326,""common"":{""operator_mul_calls"":16,""operator_columns"":326,""scalar_mul_calls"":32,""scalar_columns"":652}}","{""full_mul_calls"":17,""full_columns"":350,""fr_mul_calls"":17,""fr_columns"":350,""common"":{""operator_mul_calls"":17,""operator_columns"":350,""scalar_mul_calls"":34,""scalar_columns"":700}}",1.8059541966354456e-14,9.671748833583931e-11
118,2,24,6,2770,Previous map from this run only,64002,2.584835784792751e-14,3.795335196530091,03f00c20364e82035d80a72b5889cf1ebd5ba4ce0af4e923ca7085b60ffafe89,True,True,16,0.7788329124450684,342,"{""full_mul_calls"":17,""full_columns"":342,""fr_mul_calls"":17,""fr_columns"":342,""common"":{""operator_mul_calls"":17,""operator_columns"":342,""scalar_mul_calls"":34,""scalar_columns"":684}}","{""full_mul_calls"":18,""full_columns"":366,""fr_mul_calls"":18,""fr_columns"":366,""common"":{""operator_mul_calls"":18,""operator_columns"":366,""scalar_mul_calls"":36,""scalar_columns"":732}}",1.9161835200949462e-14,8.726887188317454e-11
118,3,24,6,2770,Previous map from this run only,64003,2.4134149879269128e-14,4.098771332665018,264e8eee4025c334ca2f225db945e3e4ed3d340ab210a5b3bd5855b0edb9344d,True,True,16,0.6065778732299805,341,"{""full_mul_calls"":17,""full_columns"":341,""fr_mul_calls"":17,""fr_columns"":341,""common"":{""operator_mul_calls"":17,""operator_columns"":341,""scalar_mul_calls"":34,""scalar_columns"":682}}","{""full_mul_calls"":18,""full_columns"":365,""fr_mul_calls"":18,""fr_columns"":365,""common"":{""operator_mul_calls"":18,""operator_columns"":365,""scalar_mul_calls"":36,""scalar_columns"":730}}",2.043407347713815e-14,9.557722191901532e-11
119,1,24,6,2777,Previous map from this run only,64001,2.2555262298170497e-14,4.0047240867962675,f3a5ed6b291c8c5d203df476d63e3b0c421f119974a059dcaae8e1d988c69c72,True,True,13,0.7318868637084961,310,"{""full_mul_calls"":14,""full_columns"":310,""fr_mul_calls"":14,""fr_columns"":310,""common"":{""operator_mul_calls"":14,""operator_columns"":310,""scalar_mul_calls"":28,""scalar_columns"":620}}","{""full_mul_calls"":15,""full_columns"":334,""fr_mul_calls"":15,""fr_columns"":334,""common"":{""operator_mul_calls"":15,""operator_columns"":334,""scalar_mul_calls"":30,""scalar_columns"":668}}",1.868780001688273e-14,9.724210555482183e-11
119,2,24,6,2770,Previous map from this run only,64002,2.4617898333131555e-14,3.8695945544410235,c691b4af13fc9df879dc86d6fa424a9b3fe38544d878a54bcee2d29972608dff,True,True,16,0.6017100811004639,339,"{""full_mul_calls"":17,""full_columns"":339,""fr_mul_calls"":17,""fr_columns"":339,""common"":{""operator_mul_calls"":17,""operator_columns"":339,""scalar_mul_calls"":34,""scalar_columns"":678}}","{""full_mul_calls"":18,""full_columns"":363,""fr_mul_calls"":18,""fr_columns"":363,""common"":{""operator_mul_calls"":18,""operator_columns"":363,""scalar_mul_calls"":36,""scalar_columns"":726}}",2.231274930593763e-14,9.741841228752154e-11
119,3,24,6,2770,Previous map from this run only,64003,2.5329344208134913e-14,4.114916025354204,cfa87fd8713ec6d525d3e83f9821fa8dd3b13296bd169081b0cb32a881bb6d63,True,True,16,0.631432056427002,340,"{""full_mul_calls"":17,""full_columns"":340,""fr_mul_calls"":17,""fr_columns"":340,""common"":{""operator_mul_calls"":17,""operator_columns"":340,""scalar_mul_calls"":34,""scalar_columns"":680}}","{""full_mul_calls"":18,""full_columns"":364,""fr_mul_calls"":18,""fr_columns"":364,""common"":{""operator_mul_calls"":18,""operator_columns"":364,""scalar_mul_calls"":36,""scalar_columns"":728}}",1.9224075827033847e-14,8.286898151605346e-11
120,1,24,6,2777,Previous map from this run only,64001,2.0802636992345694e-14,3.685989772256564,250ca5b9a17c002c62ed90b159394d00c7c82c3ac7d9f0e4bd2379d6c382d0ec,True,True,13,0.5531470775604248,310,"{""full_mul_calls"":14,""full_columns"":310,""fr_mul_calls"":14,""fr_columns"":310,""common"":{""operator_mul_calls"":14,""operator_columns"":310,""scalar_mul_calls"":28,""scalar_columns"":620}}","{""full_mul_calls"":15,""full_columns"":334,""fr_mul_calls"":15,""fr_columns"":334,""common"":{""operator_mul_calls"":15,""operator_columns"":334,""scalar_mul_calls"":30,""scalar_columns"":668}}",1.8817277615603732e-14,9.880360638172813e-11
120,2,24,6,2770,Previous map from this run only,64002,2.844572845113053e-14,3.9975113468736585,3018eeb01f816eefe77ea76b41b103bb02ea4bc74409d8fe433416ce8b6a35ab,True,True,16,0.615286111831665,340,"{""full_mul_calls"":17,""full_columns"":340,""fr_mul_calls"":17,""fr_columns"":340,""common"":{""operator_mul_calls"":17,""operator_columns"":340,""scalar_mul_calls"":34,""scalar_columns"":680}}","{""full_mul_calls"":18,""full_columns"":364,""fr_mul_calls"":18,""fr_columns"":364,""common"":{""operator_mul_calls"":18,""operator_columns"":364,""scalar_mul_calls"":36,""scalar_columns"":728}}",2.2406178141400963e-14,8.873791211708818e-11
120,3,24,6,2770,Previous map from this run only,64003,2.4615576685877047e-14,3.989794139137759,a136873233d8f09a23b91d5b7234f438ade695c7bbd4b8efe3722118344ba08f,True,True,16,0.7535440921783447,340,"{""full_mul_calls"":17,""full_columns"":340,""fr_mul_calls"":17,""fr_columns"":340,""common"":{""operator_mul_calls"":17,""operator_columns"":340,""scalar_mul_calls"":34,""scalar_columns"":680}}","{""full_mul_calls"":18,""full_columns"":364,""fr_mul_calls"":18,""fr_columns"":364,""common"":{""operator_mul_calls"":18,""operator_columns"":364,""scalar_mul_calls"":36,""scalar_columns"":728}}",2.200114924012053e-14,9.798230457335442e-11
121,1,24,6,2777,Previous map from this run only,64001,2.0854445968959767e-14,3.733858608522156,6bc5911fd30720a6e8e583b01e6542d6033297b99eba6b79fbcec63d5cac49be,True,True,13,0.5772140026092529,310,"{""full_mul_calls"":14,""full_columns"":310,""fr_mul_calls"":14,""fr_columns"":310,""common"":{""operator_mul_calls"":14,""operator_columns"":310,""scalar_mul_calls"":28,""scalar_columns"":620}}","{""full_mul_calls"":15,""full_columns"":334,""fr_mul_calls"":15,""fr_columns"":334,""common"":{""operator_mul_calls"":15,""operator_columns"":334,""scalar_mul_calls"":30,""scalar_columns"":668}}",1.8547585354335224e-14,8.955128228878202e-11
121,2,24,6,2770,Previous map from this run only,64002,2.6486151964117833e-14,3.9286902199569926,8dd9d46ea7b56f79729ddc9e940ed3781db564ded19c76f54608f7e4c964796c,True,True,16,0.7434329986572266,337,"{""full_mul_calls"":17,""full_columns"":337,""fr_mul_calls"":17,""fr_columns"":337,""common"":{""operator_mul_calls"":17,""operator_columns"":337,""scalar_mul_calls"":34,""scalar_columns"":674}}","{""full_mul_calls"":18,""full_columns"":361,""fr_mul_calls"":18,""fr_columns"":361,""common"":{""operator_mul_calls"":18,""operator_columns"":361,""scalar_mul_calls"":36,""scalar_columns"":722}}",1.8281157836545495e-14,9.785953956486332e-11
121,3,24,6,2770,Previous map from this run only,64003,2.6473614961921166e-14,3.7621603474996603,7bbf77d2b6da175e3cbbd5b2f5554a33c040e85766fa0b8755d1a57f0d760b33,True,True,16,0.5976190567016602,338,"{""full_mul_calls"":17,""full_columns"":338,""fr_mul_calls"":17,""fr_columns"":338,""common"":{""operator_mul_calls"":17,""operator_columns"":338,""scalar_mul_calls"":34,""scalar_columns"":676}}","{""full_mul_calls"":18,""full_columns"":362,""fr_mul_calls"":18,""fr_columns"":362,""common"":{""operator_mul_calls"":18,""operator_columns"":362,""scalar_mul_calls"":36,""scalar_columns"":724}}",1.841924771053347e-14,9.944298013608208e-11
122,1,24,6,2777,Previous map from this run only,64001,2.3425422049871614e-14,3.8383245156319163,ea4e3c8228a3cfb54c0041b5c185c9e6150d6865a1ec7d024828a6f53d75a91b,True,True,13,0.5607531070709229,310,"{""full_mul_calls"":14,""full_columns"":310,""fr_mul_calls"":14,""fr_columns"":310,""common"":{""operator_mul_calls"":14,""operator_columns"":310,""scalar_mul_calls"":28,""scalar_columns"":620}}","{""full_mul_calls"":15,""full_columns"":334,""fr_mul_calls"":15,""fr_columns"":334,""common"":{""operator_mul_calls"":15,""operator_columns"":334,""scalar_mul_calls"":30,""scalar_columns"":668}}",1.7432943799060938e-14,7.49679312806756e-11
122,2,24,6,2770,Previous map from this run only,64002,2.2533283774648896e-14,3.938209056718242,b83fbb32c93dd1c6d2cec78d462289a608cbc00b289fca369b6e70d4d1fb0448,True,True,16,0.7668941020965576,335,"{""full_mul_calls"":17,""full_columns"":335,""fr_mul_calls"":17,""fr_columns"":335,""common"":{""operator_mul_calls"":17,""operator_columns"":335,""scalar_mul_calls"":34,""scalar_columns"":670}}","{""full_mul_calls"":18,""full_columns"":359,""fr_mul_calls"":18,""fr_columns"":359,""common"":{""operator_mul_calls"":18,""operator_columns"":359,""scalar_mul_calls"":36,""scalar_columns"":718}}",1.7990581665544004e-14,9.644150847376759e-11
122,3,24,6,2770,Previous map from this run only,64003,2.301741519803976e-14,4.157437749938719,2fa99f6b77eb2af03090cf9450601c3c19060431de7be2794aafd6339d274e42,True,True,16,0.5897290706634521,335,"{""full_mul_calls"":17,""full_columns"":335,""fr_mul_calls"":17,""fr_columns"":335,""common"":{""operator_mul_calls"":17,""operator_columns"":335,""scalar_mul_calls"":34,""scalar_columns"":670}}","{""full_mul_calls"":18,""full_columns"":359,""fr_mul_calls"":18,""fr_columns"":359,""common"":{""operator_mul_calls"":18,""operator_columns"":359,""scalar_mul_calls"":36,""scalar_columns"":718}}",1.9506006812536748e-14,9.654186796360297e-11
123,1,24,6,2777,Previous map from this run only,64001,2.0376627433852945e-14,3.801409254343032,ae9e6fdffa63836c958e72f277f27b527a258abc0043a25d2b7475d34966a697,True,True,13,0.7309920787811279,310,"{""full_mul_calls"":14,""full_columns"":310,""fr_mul_calls"":14,""fr_columns"":310,""common"":{""operator_mul_calls"":14,""operator_columns"":310,""scalar_mul_calls"":28,""scalar_columns"":620}}","{""full_mul_calls"":15,""full_columns"":334,""fr_mul_calls"":15,""fr_columns"":334,""common"":{""operator_mul_calls"":15,""operator_columns"":334,""scalar_mul_calls"":30,""scalar_columns"":668}}",1.9050637270827564e-14,7.459106784594931e-11
123,2,24,6,2770,Previous map from this run only,64002,2.3125542363094502e-14,3.857490638932173,f32cec411ec1fb4c312452ae8ef7cd35a64becc768ad57f41824302a2d77e176,True,True,16,0.5815858840942383,332,"{""full_mul_calls"":17,""full_columns"":332,""fr_mul_calls"":17,""fr_columns"":332,""common"":{""operator_mul_calls"":17,""operator_columns"":332,""scalar_mul_calls"":34,""scalar_columns"":664}}","{""full_mul_calls"":18,""full_columns"":356,""fr_mul_calls"":18,""fr_columns"":356,""common"":{""operator_mul_calls"":18,""operator_columns"":356,""scalar_mul_calls"":36,""scalar_columns"":712}}",2.3824092385775798e-14,9.51952087328513e-11
123,3,24,6,2770,Previous map from this run only,64003,2.255709896984001e-14,3.7716262610628437,762bb9316327f7478df2aa595a03dc1e16713fb25a41f325b7a2e22f4a13aa35,True,True,15,0.5792109966278076,326,"{""full_mul_calls"":16,""full_columns"":326,""fr_mul_calls"":16,""fr_columns"":326,""common"":{""operator_mul_calls"":16,""operator_columns"":326,""scalar_mul_calls"":32,""scalar_columns"":652}}","{""full_mul_calls"":17,""full_columns"":350,""fr_mul_calls"":17,""fr_columns"":350,""common"":{""operator_mul_calls"":17,""operator_columns"":350,""scalar_mul_calls"":34,""scalar_columns"":700}}",1.9928334420603453e-14,8.718092522013106e-11
124,1,24,6,2777,Previous map from this run only,64001,2.2376701737261554e-14,3.7802205429813642,d37554bcc095d7dfbf36a0305343e92b4c40d9f28bd6460d0335bfa6a1805924,True,True,13,0.5611140727996826,310,"{""full_mul_calls"":14,""full_columns"":310,""fr_mul_calls"":14,""fr_columns"":310,""common"":{""operator_mul_calls"":14,""operator_columns"":310,""scalar_mul_calls"":28,""scalar_columns"":620}}","{""full_mul_calls"":15,""full_columns"":334,""fr_mul_calls"":15,""fr_columns"":334,""common"":{""operator_mul_calls"":15,""operator_columns"":334,""scalar_mul_calls"":30,""scalar_columns"":668}}",1.7850407364854584e-14,6.745184046696086e-11
124,2,24,6,2770,Previous map from this run only,64002,2.636983693666679e-14,3.9611821297532632,757c3b36bdb4cf10d20225223de3cdcf2f5f5231d1b44c824426455cec121d78,True,True,15,0.7514710426330566,326,"{""full_mul_calls"":16,""full_columns"":326,""fr_mul_calls"":16,""fr_columns"":326,""common"":{""operator_mul_calls"":16,""operator_columns"":326,""scalar_mul_calls"":32,""scalar_columns"":652}}","{""full_mul_calls"":17,""full_columns"":350,""fr_mul_calls"":17,""fr_columns"":350,""common"":{""operator_mul_calls"":17,""operator_columns"":350,""scalar_mul_calls"":34,""scalar_columns"":700}}",1.8926251711005065e-14,8.449629172720254e-11
124,3,24,6,2770,Previous map from this run only,64003,2.3651441876384816e-14,3.9401030607250513,d13cf6b4f33c791e191e08014ed0cb093f04ea439be41a44891a7fd283d9150b,True,True,15,0.5750100612640381,326,"{""full_mul_calls"":16,""full_columns"":326,""fr_mul_calls"":16,""fr_columns"":326,""common"":{""operator_mul_calls"":16,""operator_columns"":326,""scalar_mul_calls"":32,""scalar_columns"":652}}","{""full_mul_calls"":17,""full_columns"":350,""fr_mul_calls"":17,""fr_columns"":350,""common"":{""operator_mul_calls"":17,""operator_columns"":350,""scalar_mul_calls"":34,""scalar_columns"":700}}",2.0736937663930563e-14,8.758458947245989e-11
125,1,24,6,2777,Previous map from this run only,64001,2.1379884721506568e-14,3.9398181199987974,9c6fe12a8b508415898816b374a92b6950a5045a4432c8860f235226ccb307f5,True,True,13,0.574821949005127,309,"{""full_mul_calls"":14,""full_columns"":309,""fr_mul_calls"":14,""fr_columns"":309,""common"":{""operator_mul_calls"":14,""operator_columns"":309,""scalar_mul_calls"":28,""scalar_columns"":618}}","{""full_mul_calls"":15,""full_columns"":333,""fr_mul_calls"":15,""fr_columns"":333,""common"":{""operator_mul_calls"":15,""operator_columns"":333,""scalar_mul_calls"":30,""scalar_columns"":666}}",2.008130481799101e-14,8.98674192902766e-11
125,2,24,6,2770,Previous map from this run only,64002,2.2419030427490324e-14,3.995861147303225,2dea8faf0debd2a7a03e6f09283c0f1ac2f91f56687d5d60ae781924d37cb74c,True,True,15,0.5915040969848633,324,"{""full_mul_calls"":16,""full_columns"":324,""fr_mul_calls"":16,""fr_columns"":324,""common"":{""operator_mul_calls"":16,""operator_columns"":324,""scalar_mul_calls"":32,""scalar_columns"":648}}","{""full_mul_calls"":17,""full_columns"":348,""fr_mul_calls"":17,""fr_columns"":348,""common"":{""operator_mul_calls"":17,""operator_columns"":348,""scalar_mul_calls"":34,""scalar_columns"":696}}",2.088067297240506e-14,9.265567620596008e-11
125,3,24,6,2770,Previous map from this run only,64003,2.301772125559637e-14,3.95246380988032,95bb2a39ee8d2eb97e55a2573da6253c01cecdfb096cd4918224d65fa9f01828,True,True,15,0.727180004119873,324,"{""full_mul_calls"":16,""full_columns"":324,""fr_mul_calls"":16,""fr_columns"":324,""common"":{""operator_mul_calls"":16,""operator_columns"":324,""scalar_mul_calls"":32,""scalar_columns"":648}}","{""full_mul_calls"":17,""full_columns"":348,""fr_mul_calls"":17,""fr_columns"":348,""common"":{""operator_mul_calls"":17,""operator_columns"":348,""scalar_mul_calls"":34,""scalar_columns"":696}}",1.6381982398890604e-14,8.862675999351788e-11
126,1,24,6,2777,Previous map from this run only,64001,2.438476644129268e-14,3.996098695930419,dd365c33b75fc3e742769b5ee3718a4a74f91792f8a336ff711052dc1fae019c,True,True,13,0.7293238639831543,308,"{""full_mul_calls"":14,""full_columns"":308,""fr_mul_calls"":14,""fr_columns"":308,""common"":{""operator_mul_calls"":14,""operator_columns"":308,""scalar_mul_calls"":28,""scalar_columns"":616}}","{""full_mul_calls"":15,""full_columns"":332,""fr_mul_calls"":15,""fr_columns"":332,""common"":{""operator_mul_calls"":15,""operator_columns"":332,""scalar_mul_calls"":30,""scalar_columns"":664}}",1.7455374738504956e-14,9.437386862673478e-11
126,2,24,6,2770,Previous map from this run only,64002,2.668062349328776e-14,3.8875324499170953,35155364a690d1f241712fb2546837a800ba3e31e97e250c82c57643e7563c0b,True,True,15,0.5712339878082275,322,"{""full_mul_calls"":16,""full_columns"":322,""fr_mul_calls"":16,""fr_columns"":322,""common"":{""operator_mul_calls"":16,""operator_columns"":322,""scalar_mul_calls"":32,""scalar_columns"":644}}","{""full_mul_calls"":17,""full_columns"":346,""fr_mul_calls"":17,""fr_columns"":346,""common"":{""operator_mul_calls"":17,""operator_columns"":346,""scalar_mul_calls"":34,""scalar_columns"":692}}",1.905785644111259e-14,9.917479326150262e-11
126,3,24,6,2770,Previous map from this run only,64003,2.2701132648788395e-14,3.9905065119223653,7c14382f7da1f6023a3613cd54caace6b32b4eda32be460cee26427f0fbc4f3e,True,True,15,0.5691258907318115,321,"{""full_mul_calls"":16,""full_columns"":321,""fr_mul_calls"":16,""fr_columns"":321,""common"":{""operator_mul_calls"":16,""operator_columns"":321,""scalar_mul_calls"":32,""scalar_columns"":642}}","{""full_mul_calls"":17,""full_columns"":345,""fr_mul_calls"":17,""fr_columns"":345,""common"":{""operator_mul_calls"":17,""operator_columns"":345,""scalar_mul_calls"":34,""scalar_columns"":690}}",1.7586008867149033e-14,9.44592239620409e-11
127,1,24,6,2777,Previous map from this run only,64001,2.145241093928563e-14,3.718671627910856,1c9b6e4b445a884ae016087e1f27de56566e051fec1d7334dc607431d636ea3e,True,True,12,0.5357677936553955,300,"{""full_mul_calls"":13,""full_columns"":300,""fr_mul_calls"":13,""fr_columns"":300,""common"":{""operator_mul_calls"":13,""operator_columns"":300,""scalar_mul_calls"":26,""scalar_columns"":600}}","{""full_mul_calls"":14,""full_columns"":324,""fr_mul_calls"":14,""fr_columns"":324,""common"":{""operator_mul_calls"":14,""operator_columns"":324,""scalar_mul_calls"":28,""scalar_columns"":648}}",2.3111369139794898e-14,9.865796272996449e-11
127,2,24,6,2770,Previous map from this run only,64002,2.2269472387518914e-14,3.636892738517093,715f4feaf1627527d101ddfba6e31edc3921ca943805a83afba13aff15710c1d,True,True,15,0.7376608848571777,320,"{""full_mul_calls"":16,""full_columns"":320,""fr_mul_calls"":16,""fr_columns"":320,""common"":{""operator_mul_calls"":16,""operator_columns"":320,""scalar_mul_calls"":32,""scalar_columns"":640}}","{""full_mul_calls"":17,""full_columns"":344,""fr_mul_calls"":17,""fr_columns"":344,""common"":{""operator_mul_calls"":17,""operator_columns"":344,""scalar_mul_calls"":34,""scalar_columns"":688}}",2.0137678862436976e-14,9.577166648104625e-11
127,3,24,6,2770,Previous map from this run only,64003,2.3000571123215357e-14,3.8673433725014625,f62b6a1f5b3044a9099506bed79ae7ef2acafe7e8a9ab8e3a5e3a08f0f149e25,True,True,15,0.5633971691131592,320,"{""full_mul_calls"":16,""full_columns"":320,""fr_mul_calls"":16,""fr_columns"":320,""common"":{""operator_mul_calls"":16,""operator_columns"":320,""scalar_mul_calls"":32,""scalar_columns"":640}}","{""full_mul_calls"":17,""full_columns"":344,""fr_mul_calls"":17,""fr_columns"":344,""common"":{""operator_mul_calls"":17,""operator_columns"":344,""scalar_mul_calls"":34,""scalar_columns"":688}}",1.9526000463453892e-14,9.625579310475546e-11
128,1,24,6,2777,Previous map from this run only,64001,2.637882776380904e-14,3.8415374280494503,4dc9802a73fd1ff379b3233c7436448e9bd19fdb931d48e5c2905a9083a4f935,True,True,12,0.7108190059661865,296,"{""full_mul_calls"":13,""full_columns"":296,""fr_mul_calls"":13,""fr_columns"":296,""common"":{""operator_mul_calls"":13,""operator_columns"":296,""scalar_mul_calls"":26,""scalar_columns"":592}}","{""full_mul_calls"":14,""full_columns"":320,""fr_mul_calls"":14,""fr_columns"":320,""common"":{""operator_mul_calls"":14,""operator_columns"":320,""scalar_mul_calls"":28,""scalar_columns"":640}}",1.9869528169561065e-14,9.503497936076936e-11
128,2,24,6,2770,Previous map from this run only,64002,2.4407698485753296e-14,3.7536729609353676,c7fa9d0c136e2aef88e0a8c717ecc5f92cfe4cb394b565ebc9ef5b9df8af96d0,True,True,15,0.5640819072723389,320,"{""full_mul_calls"":16,""full_columns"":320,""fr_mul_calls"":16,""fr_columns"":320,""common"":{""operator_mul_calls"":16,""operator_columns"":320,""scalar_mul_calls"":32,""scalar_columns"":640}}","{""full_mul_calls"":17,""full_columns"":344,""fr_mul_calls"":17,""fr_columns"":344,""common"":{""operator_mul_calls"":17,""operator_columns"":344,""scalar_mul_calls"":34,""scalar_columns"":688}}",2.057004504779999e-14,8.421688940960896e-11
128,3,24,6,2770,Previous map from this run only,64003,2.2614214315289844e-14,3.855539808092216,b284a6e9825b1d438f125b028973f653eada5990c240127efa4f074f0274e0bb,True,True,15,0.5668721199035645,320,"{""full_mul_calls"":16,""full_columns"":320,""fr_mul_calls"":16,""fr_columns"":320,""common"":{""operator_mul_calls"":16,""operator_columns"":320,""scalar_mul_calls"":32,""scalar_columns"":640}}","{""full_mul_calls"":17,""full_columns"":344,""fr_mul_calls"":17,""fr_columns"":344,""common"":{""operator_mul_calls"":17,""operator_columns"":344,""scalar_mul_calls"":34,""scalar_columns"":688}}",2.280643443879449e-14,8.888537128524055e-11
129,1,24,6,2777,Previous map from this run only,64001,2.308447872423649e-14,3.904035309791539,0a9db72a34c530606beb343d35c575a366337c2cfa8ef79929db87645372f797,True,True,12,0.5355157852172852,296,"{""full_mul_calls"":13,""full_columns"":296,""fr_mul_calls"":13,""fr_columns"":296,""common"":{""operator_mul_calls"":13,""operator_columns"":296,""scalar_mul_calls"":26,""scalar_columns"":592}}","{""full_mul_calls"":14,""full_columns"":320,""fr_mul_calls"":14,""fr_columns"":320,""common"":{""operator_mul_calls"":14,""operator_columns"":320,""scalar_mul_calls"":28,""scalar_columns"":640}}",1.483703886447124e-14,8.675090576414677e-11
129,2,24,6,2770,Previous map from this run only,64002,2.42680472298404e-14,3.981053376822337,5e45b4b8fca1910a26aa7235d3385c13b8f26c3100ec836c69c02e887ac3f834,True,True,15,0.5628139972686768,320,"{""full_mul_calls"":16,""full_columns"":320,""fr_mul_calls"":16,""fr_columns"":320,""common"":{""operator_mul_calls"":16,""operator_columns"":320,""scalar_mul_calls"":32,""scalar_columns"":640}}","{""full_mul_calls"":17,""full_columns"":344,""fr_mul_calls"":17,""fr_columns"":344,""common"":{""operator_mul_calls"":17,""operator_columns"":344,""scalar_mul_calls"":34,""scalar_columns"":688}}",2.078834127603088e-14,7.725500589701415e-11
129,3,24,6,2770,Previous map from this run only,64003,2.7136508011721646e-14,3.768281666403147,f23f2ca4bb9eff9d73aa6ab50ca4bb373a03a4f8c00abd6968e0dd7eaf6abb5e,True,True,15,0.7335691452026367,318,"{""full_mul_calls"":16,""full_columns"":318,""fr_mul_calls"":16,""fr_columns"":318,""common"":{""operator_mul_calls"":16,""operator_columns"":318,""scalar_mul_calls"":32,""scalar_columns"":636}}","{""full_mul_calls"":17,""full_columns"":342,""fr_mul_calls"":17,""fr_columns"":342,""common"":{""operator_mul_calls"":17,""operator_columns"":342,""scalar_mul_calls"":34,""scalar_columns"":684}}",1.914029864233496e-14,9.751692033826313e-11
130,1,24,6,2777,Previous map from this run only,64001,1.8479024998678708e-14,3.9913005428289896,b0a447cc1d6ae598ee9a74d952695f5ae6a187327ce6b2fd54c7025e54882d03,True,True,12,0.5306210517883301,294,"{""full_mul_calls"":13,""full_columns"":294,""fr_mul_calls"":13,""fr_columns"":294,""common"":{""operator_mul_calls"":13,""operator_columns"":294,""scalar_mul_calls"":26,""scalar_columns"":588}}","{""full_mul_calls"":14,""full_columns"":318,""fr_mul_calls"":14,""fr_columns"":318,""common"":{""operator_mul_calls"":14,""operator_columns"":318,""scalar_mul_calls"":28,""scalar_columns"":636}}",1.6599513125075953e-14,9.742951848449725e-11
130,2,24,6,2770,Previous map from this run only,64002,2.4872826990485263e-14,3.6806053567537305,f02853b84ebcd48afc4053651b63978491737ad02cfea4cfd6c979f8bfb52838,True,True,15,0.5777590274810791,314,"{""full_mul_calls"":16,""full_columns"":314,""fr_mul_calls"":16,""fr_columns"":314,""common"":{""operator_mul_calls"":16,""operator_columns"":314,""scalar_mul_calls"":32,""scalar_columns"":628}}","{""full_mul_calls"":17,""full_columns"":338,""fr_mul_calls"":17,""fr_columns"":338,""common"":{""operator_mul_calls"":17,""operator_columns"":338,""scalar_mul_calls"":34,""scalar_columns"":676}}",1.7837882963598076e-14,9.268858500292947e-11
130,3,24,6,2770,Previous map from this run only,64003,2.1779802128367426e-14,4.108310479996583,2d9d4cc333e8f993e8e7937b2b56e292d666c567272f9b5eaa28b10604cb03d0,True,True,15,0.7194888591766357,314,"{""full_mul_calls"":16,""full_columns"":314,""fr_mul_calls"":16,""fr_columns"":314,""common"":{""operator_mul_calls"":16,""operator_columns"":314,""scalar_mul_calls"":32,""scalar_columns"":628}}","{""full_mul_calls"":17,""full_columns"":338,""fr_mul_calls"":17,""fr_columns"":338,""common"":{""operator_mul_calls"":17,""operator_columns"":338,""scalar_mul_calls"":34,""scalar_columns"":676}}",2.143547891137434e-14,9.269889792192101e-11
131,1,24,6,2777,Previous map from this run only,64001,2.017564451850015e-14,3.8348205138997833,f33ff6584209d0722fd8819671c33980f7e0802bf6294e67a262b27439216734,True,True,12,0.5184950828552246,288,"{""full_mul_calls"":13,""full_columns"":288,""fr_mul_calls"":13,""fr_columns"":288,""common"":{""operator_mul_calls"":13,""operator_columns"":288,""scalar_mul_calls"":26,""scalar_columns"":576}}","{""full_mul_calls"":14,""full_columns"":312,""fr_mul_calls"":14,""fr_columns"":312,""common"":{""operator_mul_calls"":14,""operator_columns"":312,""scalar_mul_calls"":28,""scalar_columns"":624}}",1.7486296784468478e-14,9.802689181901155e-11
131,2,24,6,2770,Previous map from this run only,64002,2.1856306675545397e-14,3.6462016596770632,672cf34d43b852f243f69e068518b1499837629cb195411a743f2657eff5d7d7,True,True,14,0.5338430404663086,306,"{""full_mul_calls"":15,""full_columns"":306,""fr_mul_calls"":15,""fr_columns"":306,""common"":{""operator_mul_calls"":15,""operator_columns"":306,""scalar_mul_calls"":30,""scalar_columns"":612}}","{""full_mul_calls"":16,""full_columns"":330,""fr_mul_calls"":16,""fr_columns"":330,""common"":{""operator_mul_calls"":16,""operator_columns"":330,""scalar_mul_calls"":32,""scalar_columns"":660}}",2.0883869893509526e-14,8.052501329107544e-11
131,3,24,6,2770,Previous map from this run only,64003,2.5440187818553192e-14,3.9475835407385924,66d8c37ca3cc06df4d9b4608f62d850fe6a32482f30e0812e6a803c80b3cf644,True,True,14,0.7072091102600098,304,"{""full_mul_calls"":15,""full_columns"":304,""fr_mul_calls"":15,""fr_columns"":304,""common"":{""operator_mul_calls"":15,""operator_columns"":304,""scalar_mul_calls"":30,""scalar_columns"":608}}","{""full_mul_calls"":16,""full_columns"":328,""fr_mul_calls"":16,""fr_columns"":328,""common"":{""operator_mul_calls"":16,""operator_columns"":328,""scalar_mul_calls"":32,""scalar_columns"":656}}",1.7506449362328646e-14,9.584405283305087e-11
132,1,24,6,2777,Previous map from this run only,64001,1.9888651351597635e-14,3.7742764499718944,e0549ff2ebeacbb91418c93f7b75129080bef527832e616dbe8c1f4b2a94c8eb,True,True,12,0.5184159278869629,288,"{""full_mul_calls"":13,""full_columns"":288,""fr_mul_calls"":13,""fr_columns"":288,""common"":{""operator_mul_calls"":13,""operator_columns"":288,""scalar_mul_calls"":26,""scalar_columns"":576}}","{""full_mul_calls"":14,""full_columns"":312,""fr_mul_calls"":14,""fr_columns"":312,""common"":{""operator_mul_calls"":14,""operator_columns"":312,""scalar_mul_calls"":28,""scalar_columns"":624}}",1.9808597555017747e-14,8.997821875377473e-11
132,2,24,6,2770,Previous map from this run only,64002,2.423937901369747e-14,3.8572599145926953,c7b4f1976f0b425c2b84f3b35123daea0fd10a8049f03256f32662352d13bd91,True,True,15,0.7125899791717529,310,"{""full_mul_calls"":16,""full_columns"":310,""fr_mul_calls"":16,""fr_columns"":310,""common"":{""operator_mul_calls"":16,""operator_columns"":310,""scalar_mul_calls"":32,""scalar_columns"":620}}","{""full_mul_calls"":17,""full_columns"":334,""fr_mul_calls"":17,""fr_columns"":334,""common"":{""operator_mul_calls"":17,""operator_columns"":334,""scalar_mul_calls"":34,""scalar_columns"":668}}",1.7437885671051703e-14,9.23517460120674e-11
132,3,24,6,2770,Previous map from this run only,64003,2.1637718290410844e-14,3.9933882047456217,bfe862c1fcdb26008548b58b002c1719e241b78363526cadfe515cfcdb4a24da,True,True,15,0.5425810813903809,310,"{""full_mul_calls"":16,""full_columns"":310,""fr_mul_calls"":16,""fr_columns"":310,""common"":{""operator_mul_calls"":16,""operator_columns"":310,""scalar_mul_calls"":32,""scalar_columns"":620}}","{""full_mul_calls"":17,""full_columns"":334,""fr_mul_calls"":17,""fr_columns"":334,""common"":{""operator_mul_calls"":17,""operator_columns"":334,""scalar_mul_calls"":34,""scalar_columns"":668}}",1.782896805624021e-14,9.726518586344077e-11
133,1,24,6,2777,Previous map from this run only,64001,2.181779575381604e-14,3.955837495937206,c36e7b8b911671d3634526b3199df86fe484750d9807ec6fa7a39b441d61330a,True,True,12,0.6691207885742188,280,"{""full_mul_calls"":13,""full_columns"":280,""fr_mul_calls"":13,""fr_columns"":280,""common"":{""operator_mul_calls"":13,""operator_columns"":280,""scalar_mul_calls"":26,""scalar_columns"":560}}","{""full_mul_calls"":14,""full_columns"":304,""fr_mul_calls"":14,""fr_columns"":304,""common"":{""operator_mul_calls"":14,""operator_columns"":304,""scalar_mul_calls"":28,""scalar_columns"":608}}",1.590512151985227e-14,9.449077520082634e-11
133,2,24,6,2770,Previous map from this run only,64002,2.183190379901352e-14,3.899748256386099,b70e3ba3452254373042dbfcff7989485baf718f90ea360ef14497fa22622a7b,True,True,15,0.535742998123169,307,"{""full_mul_calls"":16,""full_columns"":307,""fr_mul_calls"":16,""fr_columns"":307,""common"":{""operator_mul_calls"":16,""operator_columns"":307,""scalar_mul_calls"":32,""scalar_columns"":614}}","{""full_mul_calls"":17,""full_columns"":331,""fr_mul_calls"":17,""fr_columns"":331,""common"":{""operator_mul_calls"":17,""operator_columns"":331,""scalar_mul_calls"":34,""scalar_columns"":662}}",2.1188713391983044e-14,9.863940392533156e-11
133,3,24,6,2770,Previous map from this run only,64003,2.4886714793822165e-14,3.945371447326972,dc5db18953d368f76a5c4b61bfc09167b74c14b6b90ed6f7fba81c54e5833b28,True,True,14,0.530087947845459,301,"{""full_mul_calls"":15,""full_columns"":301,""fr_mul_calls"":15,""fr_columns"":301,""common"":{""operator_mul_calls"":15,""operator_columns"":301,""scalar_mul_calls"":30,""scalar_columns"":602}}","{""full_mul_calls"":16,""full_columns"":325,""fr_mul_calls"":16,""fr_columns"":325,""common"":{""operator_mul_calls"":16,""operator_columns"":325,""scalar_mul_calls"":32,""scalar_columns"":650}}",1.876082243764358e-14,9.497561459090605e-11
134,1,24,6,2777,Previous map from this run only,64001,1.8779894440000016e-14,3.9974790215211704,5c3299f1c6e2aabfb8964b148c393a877918cd863a58b4969fb2c366d4cfe1c0,True,True,12,0.5011370182037354,280,"{""full_mul_calls"":13,""full_columns"":280,""fr_mul_calls"":13,""fr_columns"":280,""common"":{""operator_mul_calls"":13,""operator_columns"":280,""scalar_mul_calls"":26,""scalar_columns"":560}}","{""full_mul_calls"":14,""full_columns"":304,""fr_mul_calls"":14,""fr_columns"":304,""common"":{""operator_mul_calls"":14,""operator_columns"":304,""scalar_mul_calls"":28,""scalar_columns"":608}}",1.5217137939190248e-14,9.165017781385435e-11
134,2,24,6,2770,Previous map from this run only,64002,2.5159044779662477e-14,3.8838623773766,ae7abf2e56d20172721886553b58d5b5521f88a86cdd26387fb2d821a9262c28,True,True,15,0.7154629230499268,307,"{""full_mul_calls"":16,""full_columns"":307,""fr_mul_calls"":16,""fr_columns"":307,""common"":{""operator_mul_calls"":16,""operator_columns"":307,""scalar_mul_calls"":32,""scalar_columns"":614}}","{""full_mul_calls"":17,""full_columns"":331,""fr_mul_calls"":17,""fr_columns"":331,""common"":{""operator_mul_calls"":17,""operator_columns"":331,""scalar_mul_calls"":34,""scalar_columns"":662}}",1.705335985319165e-14,8.850475323455841e-11
134,3,24,6,2770,Previous map from this run only,64003,2.25704962184078e-14,3.8194640038206997,4d243304ee74650df815e4ac3740bb6316804b75e5a93edfaed5aaca3b206616,True,True,14,0.5180530548095703,300,"{""full_mul_calls"":15,""full_columns"":300,""fr_mul_calls"":15,""fr_columns"":300,""common"":{""operator_mul_calls"":15,""operator_columns"":300,""scalar_mul_calls"":30,""scalar_columns"":600}}","{""full_mul_calls"":16,""full_columns"":324,""fr_mul_calls"":16,""fr_columns"":324,""common"":{""operator_mul_calls"":16,""operator_columns"":324,""scalar_mul_calls"":32,""scalar_columns"":648}}",2.0553585690337252e-14,9.574544912917584e-11
135,1,24,6,2777,Previous map from this run only,64001,1.7659167343869573e-14,3.8955314507700987,4e2daa160e0d3d7e1546cf676b35cc594d0eb141c036ce964d7e3e3e46d05c65,True,True,12,0.6675410270690918,280,"{""full_mul_calls"":13,""full_columns"":280,""fr_mul_calls"":13,""fr_columns"":280,""common"":{""operator_mul_calls"":13,""operator_columns"":280,""scalar_mul_calls"":26,""scalar_columns"":560}}","{""full_mul_calls"":14,""full_columns"":304,""fr_mul_calls"":14,""fr_columns"":304,""common"":{""operator_mul_calls"":14,""operator_columns"":304,""scalar_mul_calls"":28,""scalar_columns"":608}}",1.6557920893538472e-14,7.816203001849169e-11
135,2,24,6,2770,Previous map from this run only,64002,2.0658253066875487e-14,3.9943777442383936,411df52c30280c67d7ab12317d18bef6e6c17ea85513ba310a7a2fdce91b1a78,True,True,14,0.5456328392028809,296,"{""full_mul_calls"":15,""full_columns"":296,""fr_mul_calls"":15,""fr_columns"":296,""common"":{""operator_mul_calls"":15,""operator_columns"":296,""scalar_mul_calls"":30,""scalar_columns"":592}}","{""full_mul_calls"":16,""full_columns"":320,""fr_mul_calls"":16,""fr_columns"":320,""common"":{""operator_mul_calls"":16,""operator_columns"":320,""scalar_mul_calls"":32,""scalar_columns"":640}}",1.7483405000442776e-14,9.985618418455513e-11
135,3,24,6,2770,Previous map from this run only,64003,2.4415119084768844e-14,4.062441046177076,02cee7726f82252d98c608e8294e0a04b4d14d468b612cd83534d4d34df67f3f,True,True,14,0.521981954574585,296,"{""full_mul_calls"":15,""full_columns"":296,""fr_mul_calls"":15,""fr_columns"":296,""common"":{""operator_mul_calls"":15,""operator_columns"":296,""scalar_mul_calls"":30,""scalar_columns"":592}}","{""full_mul_calls"":16,""full_columns"":320,""fr_mul_calls"":16,""fr_columns"":320,""common"":{""operator_mul_calls"":16,""operator_columns"":320,""scalar_mul_calls"":32,""scalar_columns"":640}}",1.929499931405543e-14,9.917139823579897e-11
136,1,24,6,2777,Previous map from this run only,64001,1.9267215831425662e-14,3.907707347502537,22dbf60536ab2e0bc67fccbe4036560e2b4276867092671de43d838f4c736b6d,True,True,12,0.6812410354614258,279,"{""full_mul_calls"":13,""full_columns"":279,""fr_mul_calls"":13,""fr_columns"":279,""common"":{""operator_mul_calls"":13,""operator_columns"":279,""scalar_mul_calls"":26,""scalar_columns"":558}}","{""full_mul_calls"":14,""full_columns"":303,""fr_mul_calls"":14,""fr_columns"":303,""common"":{""operator_mul_calls"":14,""operator_columns"":303,""scalar_mul_calls"":28,""scalar_columns"":606}}",1.732236266413626e-14,9.39157923278237e-11
136,2,24,6,2770,Previous map from this run only,64002,2.1598580804521802e-14,3.7144345873984004,118ffec3b3e5d611d12aada3ba8ac847ada19b16c228d9f010e8f37cf79107f3,True,True,14,0.5207240581512451,296,"{""full_mul_calls"":15,""full_columns"":296,""fr_mul_calls"":15,""fr_columns"":296,""common"":{""operator_mul_calls"":15,""operator_columns"":296,""scalar_mul_calls"":30,""scalar_columns"":592}}","{""full_mul_calls"":16,""full_columns"":320,""fr_mul_calls"":16,""fr_columns"":320,""common"":{""operator_mul_calls"":16,""operator_columns"":320,""scalar_mul_calls"":32,""scalar_columns"":640}}",1.9427294515708625e-14,9.786590220410653e-11
136,3,24,6,2770,Previous map from this run only,64003,2.2964914350070945e-14,3.8138795204526588,72a7a451422b3cd606484b6443ef17154e000591ba1e242e3156bb6690f6fe9e,True,True,14,0.5197100639343262,295,"{""full_mul_calls"":15,""full_columns"":295,""fr_mul_calls"":15,""fr_columns"":295,""common"":{""operator_mul_calls"":15,""operator_columns"":295,""scalar_mul_calls"":30,""scalar_columns"":590}}","{""full_mul_calls"":16,""full_columns"":319,""fr_mul_calls"":16,""fr_columns"":319,""common"":{""operator_mul_calls"":16,""operator_columns"":319,""scalar_mul_calls"":32,""scalar_columns"":638}}",1.8625182330457612e-14,9.367653956282273e-11
137,1,24,6,2777,Previous map from this run only,64001,1.9603225991472874e-14,3.922376508403802,de3d72fed7d9ef16f4c2e262bc60cecaadf0ffc4dd742745d4b26ba87d3f8b2f,True,True,11,0.48010897636413574,268,"{""full_mul_calls"":12,""full_columns"":268,""fr_mul_calls"":12,""fr_columns"":268,""common"":{""operator_mul_calls"":12,""operator_columns"":268,""scalar_mul_calls"":24,""scalar_columns"":536}}","{""full_mul_calls"":13,""full_columns"":292,""fr_mul_calls"":13,""fr_columns"":292,""common"":{""operator_mul_calls"":13,""operator_columns"":292,""scalar_mul_calls"":26,""scalar_columns"":584}}",1.620764800723488e-14,9.458691878880663e-11
137,2,24,6,2770,Previous map from this run only,64002,2.589384492673556e-14,3.934317094946516,3b734c30edd353e27313aa0e586169fbea4004ae3495d2fb104b01d6af011c86,True,True,14,0.6939029693603516,295,"{""full_mul_calls"":15,""full_columns"":295,""fr_mul_calls"":15,""fr_columns"":295,""common"":{""operator_mul_calls"":15,""operator_columns"":295,""scalar_mul_calls"":30,""scalar_columns"":590}}","{""full_mul_calls"":16,""full_columns"":319,""fr_mul_calls"":16,""fr_columns"":319,""common"":{""operator_mul_calls"":16,""operator_columns"":319,""scalar_mul_calls"":32,""scalar_columns"":638}}",1.7481726196224704e-14,9.836029462828193e-11
137,3,24,6,2770,Previous map from this run only,64003,2.3576327097174102e-14,3.9967865591646685,5c39e6498c5830e71cc67dc7863982370199fc923623e9f778300f814a45a964,True,True,14,0.5206029415130615,294,"{""full_mul_calls"":15,""full_columns"":294,""fr_mul_calls"":15,""fr_columns"":294,""common"":{""operator_mul_calls"":15,""operator_columns"":294,""scalar_mul_calls"":30,""scalar_columns"":588}}","{""full_mul_calls"":16,""full_columns"":318,""fr_mul_calls"":16,""fr_columns"":318,""common"":{""operator_mul_calls"":16,""operator_columns"":318,""scalar_mul_calls"":32,""scalar_columns"":636}}",1.791714969507454e-14,9.73267894607731e-11
138,1,24,6,2777,Previous map from this run only,64001,2.0120346327908452e-14,3.965844937455888,256f9b98881793289302dcb48709e0ad563c941b70b17c74fa4277de30e34478,True,True,11,0.6590681076049805,269,"{""full_mul_calls"":12,""full_columns"":269,""fr_mul_calls"":12,""fr_columns"":269,""common"":{""operator_mul_calls"":12,""operator_columns"":269,""scalar_mul_calls"":24,""scalar_columns"":538}}","{""full_mul_calls"":13,""full_columns"":293,""fr_mul_calls"":13,""fr_columns"":293,""common"":{""operator_mul_calls"":13,""operator_columns"":293,""scalar_mul_calls"":26,""scalar_columns"":586}}",1.679624448572002e-14,9.894233788831249e-11
138,2,24,6,2770,Previous map from this run only,64002,2.257485132256129e-14,4.158916659185803,0ba06a12f81e009f09cdbe810ebd078d100cfeadde54f61a6cadab427e52fd1c,True,True,14,0.510443925857544,294,"{""full_mul_calls"":15,""full_columns"":294,""fr_mul_calls"":15,""fr_columns"":294,""common"":{""operator_mul_calls"":15,""operator_columns"":294,""scalar_mul_calls"":30,""scalar_columns"":588}}","{""full_mul_calls"":16,""full_columns"":318,""fr_mul_calls"":16,""fr_columns"":318,""common"":{""operator_mul_calls"":16,""operator_columns"":318,""scalar_mul_calls"":32,""scalar_columns"":636}}",2.0260486257916294e-14,8.553356318353231e-11
138,3,24,6,2770,Previous map from this run only,64003,2.2671107287841652e-14,3.788606504231872,3ef343b0f16e93bb821b5452af6c5fa7463d2deeeec06c7bf2699234b9f8f89f,True,True,14,0.5315399169921875,294,"{""full_mul_calls"":15,""full_columns"":294,""fr_mul_calls"":15,""fr_columns"":294,""common"":{""operator_mul_calls"":15,""operator_columns"":294,""scalar_mul_calls"":30,""scalar_columns"":588}}","{""full_mul_calls"":16,""full_columns"":318,""fr_mul_calls"":16,""fr_columns"":318,""common"":{""operator_mul_calls"":16,""operator_columns"":318,""scalar_mul_calls"":32,""scalar_columns"":636}}",2.108762785176923e-14,8.570237103182441e-11
139,1,24,6,2777,Previous map from this run only,64001,1.9940232776239453e-14,4.012392227401741,0209d872b11c94118423f5118c0199c075e09f14b443de724cc675d60a59f998,True,True,11,0.47101712226867676,266,"{""full_mul_calls"":12,""full_columns"":266,""fr_mul_calls"":12,""fr_columns"":266,""common"":{""operator_mul_calls"":12,""operator_columns"":266,""scalar_mul_calls"":24,""scalar_columns"":532}}","{""full_mul_calls"":13,""full_columns"":290,""fr_mul_calls"":13,""fr_columns"":290,""common"":{""operator_mul_calls"":13,""operator_columns"":290,""scalar_mul_calls"":26,""scalar_columns"":580}}",1.7528288835401734e-14,8.781724962725298e-11
139,2,24,6,2770,Previous map from this run only,64002,2.328630220011502e-14,3.69939007031631,d0a3d21fc4965c5396686db2946495a61ebd590dec3bc98464f6fe520a30c5be,True,True,13,0.5233900547027588,286,"{""full_mul_calls"":14,""full_columns"":286,""fr_mul_calls"":14,""fr_columns"":286,""common"":{""operator_mul_calls"":14,""operator_columns"":286,""scalar_mul_calls"":28,""scalar_columns"":572}}","{""full_mul_calls"":15,""full_columns"":310,""fr_mul_calls"":15,""fr_columns"":310,""common"":{""operator_mul_calls"":15,""operator_columns"":310,""scalar_mul_calls"":30,""scalar_columns"":620}}",1.7622408297931355e-14,9.767900099684658e-11
139,3,24,6,2770,Previous map from this run only,64003,2.617110815803306e-14,3.724295998794335,1211bd3444d47634915edc61e35263a5fadc0b5a4f7ab1f03f60c411811ffcbf,True,True,14,0.6577930450439453,290,"{""full_mul_calls"":15,""full_columns"":290,""fr_mul_calls"":15,""fr_columns"":290,""common"":{""operator_mul_calls"":15,""operator_columns"":290,""scalar_mul_calls"":30,""scalar_columns"":580}}","{""full_mul_calls"":16,""full_columns"":314,""fr_mul_calls"":16,""fr_columns"":314,""common"":{""operator_mul_calls"":16,""operator_columns"":314,""scalar_mul_calls"":32,""scalar_columns"":628}}",1.715523161361536e-14,9.887879527468247e-11
140,1,24,6,2777,Previous map from this run only,64001,2.128403360493012e-14,3.699190430303909,1e31644486c639718937aa3dd04704d13e6cc9baaf52ccdaf8eed28c07a67386,True,True,11,0.5143921375274658,270,"{""full_mul_calls"":12,""full_columns"":270,""fr_mul_calls"":12,""fr_columns"":270,""common"":{""operator_mul_calls"":12,""operator_columns"":270,""scalar_mul_calls"":24,""scalar_columns"":540}}","{""full_mul_calls"":13,""full_columns"":294,""fr_mul_calls"":13,""fr_columns"":294,""common"":{""operator_mul_calls"":13,""operator_columns"":294,""scalar_mul_calls"":26,""scalar_columns"":588}}",1.6046178660285882e-14,9.471378447737852e-11
140,2,24,6,2770,Previous map from this run only,64002,2.146995603273914e-14,3.867952686159363,2dfe6cf3f3b2c26a5ffff4a49c098860f4e34c17b356b4e25752c203abb563ca,True,True,14,0.5072329044342041,290,"{""full_mul_calls"":15,""full_columns"":290,""fr_mul_calls"":15,""fr_columns"":290,""common"":{""operator_mul_calls"":15,""operator_columns"":290,""scalar_mul_calls"":30,""scalar_columns"":580}}","{""full_mul_calls"":16,""full_columns"":314,""fr_mul_calls"":16,""fr_columns"":314,""common"":{""operator_mul_calls"":16,""operator_columns"":314,""scalar_mul_calls"":32,""scalar_columns"":628}}",1.553300771232495e-14,9.634215268804829e-11
140,3,24,6,2770,Previous map from this run only,64003,2.2136398276824938e-14,4.003541149438053,81529e78494be9420eb7ce8b28dd080544be801fad7cc4db56d06c15a242901a,True,True,14,0.5325798988342285,290,"{""full_mul_calls"":15,""full_columns"":290,""fr_mul_calls"":15,""fr_columns"":290,""common"":{""operator_mul_calls"":15,""operator_columns"":290,""scalar_mul_calls"":30,""scalar_columns"":580}}","{""full_mul_calls"":16,""full_columns"":314,""fr_mul_calls"":16,""fr_columns"":314,""common"":{""operator_mul_calls"":16,""operator_columns"":314,""scalar_mul_calls"":32,""scalar_columns"":628}}",1.6922375462871706e-14,9.795577969694448e-11
141,1,24,6,2777,Previous map from this run only,64001,1.9532201214233327e-14,3.8435368714691065,f8274b16dbde8f6ca8f36227e9d6381fff4cb33aff562dcb0985fd4062cf4f1d,True,True,11,0.4743030071258545,266,"{""full_mul_calls"":12,""full_columns"":266,""fr_mul_calls"":12,""fr_columns"":266,""common"":{""operator_mul_calls"":12,""operator_columns"":266,""scalar_mul_calls"":24,""scalar_columns"":532}}","{""full_mul_calls"":13,""full_columns"":290,""fr_mul_calls"":13,""fr_columns"":290,""common"":{""operator_mul_calls"":13,""operator_columns"":290,""scalar_mul_calls"":26,""scalar_columns"":580}}",1.827092530035999e-14,7.948372522962744e-11
141,2,24,6,2770,Previous map from this run only,64002,1.9608709702207706e-14,3.969861847008948,a9b0d6619fbc764654afb108dfcf2e6640fd9dbdf2afc998753cc8f7e113cc39,True,True,14,0.5029449462890625,287,"{""full_mul_calls"":15,""full_columns"":287,""fr_mul_calls"":15,""fr_columns"":287,""common"":{""operator_mul_calls"":15,""operator_columns"":287,""scalar_mul_calls"":30,""scalar_columns"":574}}","{""full_mul_calls"":16,""full_columns"":311,""fr_mul_calls"":16,""fr_columns"":311,""common"":{""operator_mul_calls"":16,""operator_columns"":311,""scalar_mul_calls"":32,""scalar_columns"":622}}",1.5085056391066196e-14,9.576091213849754e-11
141,3,24,6,2770,Previous map from this run only,64003,2.003918541752092e-14,3.8761219612756648,d5c9817be7e0eb803b0d0cb1b4e1baf1e6d05eb399f4d25f3bafb1a21842066a,True,True,13,0.6669440269470215,280,"{""full_mul_calls"":14,""full_columns"":280,""fr_mul_calls"":14,""fr_columns"":280,""common"":{""operator_mul_calls"":14,""operator_columns"":280,""scalar_mul_calls"":28,""scalar_columns"":560}}","{""full_mul_calls"":15,""full_columns"":304,""fr_mul_calls"":15,""fr_columns"":304,""common"":{""operator_mul_calls"":15,""operator_columns"":304,""scalar_mul_calls"":30,""scalar_columns"":608}}",1.5349712600007586e-14,9.934658497909451e-11
142,1,24,6,2777,Previous map from this run only,64001,2.162123790740243e-14,3.8851407770742843,f09e6bc1e1c8fd1ab3cd3814ff294706bf9c86c37c84a231138d57074e2ccd0f,True,True,10,0.45320606231689453,252,"{""full_mul_calls"":11,""full_columns"":252,""fr_mul_calls"":11,""fr_columns"":252,""common"":{""operator_mul_calls"":11,""operator_columns"":252,""scalar_mul_calls"":22,""scalar_columns"":504}}","{""full_mul_calls"":12,""full_columns"":276,""fr_mul_calls"":12,""fr_columns"":276,""common"":{""operator_mul_calls"":12,""operator_columns"":276,""scalar_mul_calls"":24,""scalar_columns"":552}}",1.349008393768305e-14,9.436344367376991e-11
142,2,24,6,2770,Previous map from this run only,64002,2.0362327544261267e-14,3.7858103125738136,94d005be7cfde2d7741a7805eae2f3b154b3e6cfc964c5b2dcff96f47332edc4,True,True,14,0.5317590236663818,288,"{""full_mul_calls"":15,""full_columns"":288,""fr_mul_calls"":15,""fr_columns"":288,""common"":{""operator_mul_calls"":15,""operator_columns"":288,""scalar_mul_calls"":30,""scalar_columns"":576}}","{""full_mul_calls"":16,""full_columns"":312,""fr_mul_calls"":16,""fr_columns"":312,""common"":{""operator_mul_calls"":16,""operator_columns"":312,""scalar_mul_calls"":32,""scalar_columns"":624}}",1.7257274678323392e-14,8.801293317797252e-11
142,3,24,6,2770,Previous map from this run only,64003,2.042753758457343e-14,3.7008658734800255,c38e4d6bc810b3a4d1dfa74552e176c78b0a81420925f3080eb1b1f1c8ed1141,True,True,14,0.6567728519439697,287,"{""full_mul_calls"":15,""full_columns"":287,""fr_mul_calls"":15,""fr_columns"":287,""common"":{""operator_mul_calls"":15,""operator_columns"":287,""scalar_mul_calls"":30,""scalar_columns"":574}}","{""full_mul_calls"":16,""full_columns"":311,""fr_mul_calls"":16,""fr_columns"":311,""common"":{""operator_mul_calls"":16,""operator_columns"":311,""scalar_mul_calls"":32,""scalar_columns"":622}}",1.8057331775750114e-14,9.768581272517404e-11
143,1,24,6,2777,Previous map from this run only,64001,1.8667553322581913e-14,3.7791927272606114,fdaa614fb8f681b905e69303b7381b3e33ba574e9930dad61cf2d7c1992546e3,True,True,9,0.45687389373779297,244,"{""full_mul_calls"":10,""full_columns"":244,""fr_mul_calls"":10,""fr_columns"":244,""common"":{""operator_mul_calls"":10,""operator_columns"":244,""scalar_mul_calls"":20,""scalar_columns"":488}}","{""full_mul_calls"":11,""full_columns"":268,""fr_mul_calls"":11,""fr_columns"":268,""common"":{""operator_mul_calls"":11,""operator_columns"":268,""scalar_mul_calls"":22,""scalar_columns"":536}}",1.503240105932901e-14,9.514205617890134e-11
143,2,24,6,2770,Previous map from this run only,64002,2.1653603593359434e-14,4.12838539767551,f3b13f6e06daf43837fa74c3b4a36a44e127c5cc6d7c20e535d09a5431b26626,True,True,13,0.6389510631561279,280,"{""full_mul_calls"":14,""full_columns"":280,""fr_mul_calls"":14,""fr_columns"":280,""common"":{""operator_mul_calls"":14,""operator_columns"":280,""scalar_mul_calls"":28,""scalar_columns"":560}}","{""full_mul_calls"":15,""full_columns"":304,""fr_mul_calls"":15,""fr_columns"":304,""common"":{""operator_mul_calls"":15,""operator_columns"":304,""scalar_mul_calls"":30,""scalar_columns"":608}}",1.942539969300807e-14,9.330674729377856e-11
143,3,24,6,2770,Previous map from this run only,64003,2.2698175841634047e-14,3.5519826444512757,8edcd3da1034b529d172a65cad320e839e6909967317a05db275e4815fa6a833,True,True,13,0.49105405807495117,280,"{""full_mul_calls"":14,""full_columns"":280,""fr_mul_calls"":14,""fr_columns"":280,""common"":{""operator_mul_calls"":14,""operator_columns"":280,""scalar_mul_calls"":28,""scalar_columns"":560}}","{""full_mul_calls"":15,""full_columns"":304,""fr_mul_calls"":15,""fr_columns"":304,""common"":{""operator_mul_calls"":15,""operator_columns"":304,""scalar_mul_calls"":30,""scalar_columns"":608}}",2.0117677814348375e-14,9.600702964274401e-11
144,1,24,6,2777,Previous map from this run only,64001,1.7831081635972542e-14,3.8248348445965936,9df6d3399583835bbb669242c59a6ea2b1c7de72d574f813c6cfa27cf8d59b7a,True,True,9,0.4564499855041504,242,"{""full_mul_calls"":10,""full_columns"":242,""fr_mul_calls"":10,""fr_columns"":242,""common"":{""operator_mul_calls"":10,""operator_columns"":242,""scalar_mul_calls"":20,""scalar_columns"":484}}","{""full_mul_calls"":11,""full_columns"":266,""fr_mul_calls"":11,""fr_columns"":266,""common"":{""operator_mul_calls"":11,""operator_columns"":266,""scalar_mul_calls"":22,""scalar_columns"":532}}",1.5848463749184533e-14,9.98895176052186e-11
144,2,24,6,2770,Previous map from this run only,64002,2.2585350128730143e-14,3.8056539869439256,478a52be339cdbcdb6149d7de3ec092967331e61bf54624243252ea693eedbee,True,True,13,0.6415159702301025,280,"{""full_mul_calls"":14,""full_columns"":280,""fr_mul_calls"":14,""fr_columns"":280,""common"":{""operator_mul_calls"":14,""operator_columns"":280,""scalar_mul_calls"":28,""scalar_columns"":560}}","{""full_mul_calls"":15,""full_columns"":304,""fr_mul_calls"":15,""fr_columns"":304,""common"":{""operator_mul_calls"":15,""operator_columns"":304,""scalar_mul_calls"":30,""scalar_columns"":608}}",2.02488299830089e-14,7.88951018161806e-11
144,3,24,6,2770,Previous map from this run only,64003,2.3465019058484293e-14,3.6577432296061825,4876dd764014b65c058fc8d28a91632e6261d8106b8bc82f472c2c30fee3303b,True,True,13,0.49244213104248047,280,"{""full_mul_calls"":14,""full_columns"":280,""fr_mul_calls"":14,""fr_columns"":280,""common"":{""operator_mul_calls"":14,""operator_columns"":280,""scalar_mul_calls"":28,""scalar_columns"":560}}","{""full_mul_calls"":15,""full_columns"":304,""fr_mul_calls"":15,""fr_columns"":304,""common"":{""operator_mul_calls"":15,""operator_columns"":304,""scalar_mul_calls"":30,""scalar_columns"":608}}",2.005637832564951e-14,9.343311102433143e-11
145,1,24,6,2777,Previous map from this run only,64001,1.847155148223438e-14,3.9214148864278697,0329e2a697905b207aab72c15762b253b218f2153ced63821331985c71a46d28,True,True,9,0.4650709629058838,242,"{""full_mul_calls"":10,""full_columns"":242,""fr_mul_calls"":10,""fr_columns"":242,""common"":{""operator_mul_calls"":10,""operator_columns"":242,""scalar_mul_calls"":20,""scalar_columns"":484}}","{""full_mul_calls"":11,""full_columns"":266,""fr_mul_calls"":11,""fr_columns"":266,""common"":{""operator_mul_calls"":11,""operator_columns"":266,""scalar_mul_calls"":22,""scalar_columns"":532}}",1.4940957751963992e-14,9.188148769029098e-11
145,2,24,6,2770,Previous map from this run only,64002,2.58507476101252e-14,3.730664581825322,5eac2c5a821008ca3e060a4bea59e4f9f6eabf5f0b379b7c81c75022d379284f,True,True,13,0.4936661720275879,280,"{""full_mul_calls"":14,""full_columns"":280,""fr_mul_calls"":14,""fr_columns"":280,""common"":{""operator_mul_calls"":14,""operator_columns"":280,""scalar_mul_calls"":28,""scalar_columns"":560}}","{""full_mul_calls"":15,""full_columns"":304,""fr_mul_calls"":15,""fr_columns"":304,""common"":{""operator_mul_calls"":15,""operator_columns"":304,""scalar_mul_calls"":30,""scalar_columns"":608}}",1.8763898446251147e-14,7.456882655007371e-11
145,3,24,6,2770,Previous map from this run only,64003,2.322978360747888e-14,3.872659357219774,aaa141de54205f89d3ed03dd746f0d39a8e71f7058a5e898595d58c2c9673416,True,True,14,0.5134899616241455,288,"{""full_mul_calls"":15,""full_columns"":288,""fr_mul_calls"":15,""fr_columns"":288,""common"":{""operator_mul_calls"":15,""operator_columns"":288,""scalar_mul_calls"":30,""scalar_columns"":576}}","{""full_mul_calls"":16,""full_columns"":312,""fr_mul_calls"":16,""fr_columns"":312,""common"":{""operator_mul_calls"":16,""operator_columns"":312,""scalar_mul_calls"":32,""scalar_columns"":624}}",2.0919833597369388e-14,7.042370731304498e-11
146,1,24,6,2777,Previous map from this run only,64001,1.776374665491898e-14,3.9185360332043557,6991f47073b9e6f1de73da6c7dbcc08570b4c57e39da19ba90ceaa8045aa664c,True,True,9,0.6074428558349609,241,"{""full_mul_calls"":10,""full_columns"":241,""fr_mul_calls"":10,""fr_columns"":241,""common"":{""operator_mul_calls"":10,""operator_columns"":241,""scalar_mul_calls"":20,""scalar_columns"":482}}","{""full_mul_calls"":11,""full_columns"":265,""fr_mul_calls"":11,""fr_columns"":265,""common"":{""operator_mul_calls"":11,""operator_columns"":265,""scalar_mul_calls"":22,""scalar_columns"":530}}",1.681073072996192e-14,8.687461658570748e-11
146,2,24,6,2770,Previous map from this run only,64002,2.174159252070222e-14,3.59867224572201,cb62fc31b44f6e7f05c7a3b5d480961e77307d6b6fda8950b02d821f075ee9c2,True,True,13,0.48874998092651367,279,"{""full_mul_calls"":14,""full_columns"":279,""fr_mul_calls"":14,""fr_columns"":279,""common"":{""operator_mul_calls"":14,""operator_columns"":279,""scalar_mul_calls"":28,""scalar_columns"":558}}","{""full_mul_calls"":15,""full_columns"":303,""fr_mul_calls"":15,""fr_columns"":303,""common"":{""operator_mul_calls"":15,""operator_columns"":303,""scalar_mul_calls"":30,""scalar_columns"":606}}",1.7933576241310534e-14,9.943574358188688e-11
146,3,24,6,2770,Previous map from this run only,64003,2.3773073293063254e-14,3.955622126171577,fa6fa9fb1f93504d97e296e15e95e4cfff109d8d974a0f7b8cd51af41c663109,True,True,13,0.4792490005493164,275,"{""full_mul_calls"":14,""full_columns"":275,""fr_mul_calls"":14,""fr_columns"":275,""common"":{""operator_mul_calls"":14,""operator_columns"":275,""scalar_mul_calls"":28,""scalar_columns"":550}}","{""full_mul_calls"":15,""full_columns"":299,""fr_mul_calls"":15,""fr_columns"":299,""common"":{""operator_mul_calls"":15,""operator_columns"":299,""scalar_mul_calls"":30,""scalar_columns"":598}}",1.9910800380948493e-14,9.911517914919522e-11
147,1,24,6,2777,Previous map from this run only,64001,1.974967981944489e-14,3.8873136944491087,8884a9162c7f4622191b4645d50af4374711edd6c97fd97be6879cf3a3e861ad,True,True,9,0.4330019950866699,242,"{""full_mul_calls"":10,""full_columns"":242,""fr_mul_calls"":10,""fr_columns"":242,""common"":{""operator_mul_calls"":10,""operator_columns"":242,""scalar_mul_calls"":20,""scalar_columns"":484}}","{""full_mul_calls"":11,""full_columns"":266,""fr_mul_calls"":11,""fr_columns"":266,""common"":{""operator_mul_calls"":11,""operator_columns"":266,""scalar_mul_calls"":22,""scalar_columns"":532}}",1.543494589781188e-14,7.615583765972743e-11
147,2,24,6,2770,Previous map from this run only,64002,2.1857520501656446e-14,3.9707017840175096,a8579bfdb8f1689ee4bd9668034ed9b8ed3dccea6bf5e5bf2ac711d8959aaf41,True,True,13,0.6550419330596924,273,"{""full_mul_calls"":14,""full_columns"":273,""fr_mul_calls"":14,""fr_columns"":273,""common"":{""operator_mul_calls"":14,""operator_columns"":273,""scalar_mul_calls"":28,""scalar_columns"":546}}","{""full_mul_calls"":15,""full_columns"":297,""fr_mul_calls"":15,""fr_columns"":297,""common"":{""operator_mul_calls"":15,""operator_columns"":297,""scalar_mul_calls"":30,""scalar_columns"":594}}",1.9203533140036247e-14,9.917600350365462e-11
147,3,24,6,2770,Previous map from this run only,64003,2.419316326182197e-14,3.718885051432989,00e5c6d3d7e165abac6f145adb4593c208ece3cf6d30e51416145a9e90c2bcb7,True,True,12,0.463763952255249,267,"{""full_mul_calls"":13,""full_columns"":267,""fr_mul_calls"":13,""fr_columns"":267,""common"":{""operator_mul_calls"":13,""operator_columns"":267,""scalar_mul_calls"":26,""scalar_columns"":534}}","{""full_mul_calls"":14,""full_columns"":291,""fr_mul_calls"":14,""fr_columns"":291,""common"":{""operator_mul_calls"":14,""operator_columns"":291,""scalar_mul_calls"":28,""scalar_columns"":582}}",1.7523622605049794e-14,9.754349186139807e-11
148,1,24,6,2777,Previous map from this run only,64001,1.7367647869569164e-14,3.8672325186146264,a24b6876fc737f01c7fb0da14e57f03a6c1427ced942f45bb0cd415418258ee1,True,True,9,0.45615100860595703,241,"{""full_mul_calls"":10,""full_columns"":241,""fr_mul_calls"":10,""fr_columns"":241,""common"":{""operator_mul_calls"":10,""operator_columns"":241,""scalar_mul_calls"":20,""scalar_columns"":482}}","{""full_mul_calls"":11,""full_columns"":265,""fr_mul_calls"":11,""fr_columns"":265,""common"":{""operator_mul_calls"":11,""operator_columns"":265,""scalar_mul_calls"":22,""scalar_columns"":530}}",1.7474971265444902e-14,9.704728135697272e-11
148,2,24,6,2770,Previous map from this run only,64002,2.191287919350384e-14,3.752375102553847,97087d8093ae46f9d12680749252b090da23fd2a2db9d96637d9df059d178072,True,True,13,0.45130395889282227,264,"{""full_mul_calls"":14,""full_columns"":264,""fr_mul_calls"":14,""fr_columns"":264,""common"":{""operator_mul_calls"":14,""operator_columns"":264,""scalar_mul_calls"":28,""scalar_columns"":528}}","{""full_mul_calls"":15,""full_columns"":288,""fr_mul_calls"":15,""fr_columns"":288,""common"":{""operator_mul_calls"":15,""operator_columns"":288,""scalar_mul_calls"":30,""scalar_columns"":576}}",1.9853512464173864e-14,9.688851527888012e-11
148,3,24,6,2770,Previous map from this run only,64003,2.1009892027204876e-14,3.9998559028715293,e4acb8c9b033c24e42407236e0134fa94fe968904eb2654f570d38f3a7e100a1,True,True,13,0.4497709274291992,263,"{""full_mul_calls"":14,""full_columns"":263,""fr_mul_calls"":14,""fr_columns"":263,""common"":{""operator_mul_calls"":14,""operator_columns"":263,""scalar_mul_calls"":28,""scalar_columns"":526}}","{""full_mul_calls"":15,""full_columns"":287,""fr_mul_calls"":15,""fr_columns"":287,""common"":{""operator_mul_calls"":15,""operator_columns"":287,""scalar_mul_calls"":30,""scalar_columns"":574}}",1.5504787707506696e-14,9.459475456641573e-11
149,1,24,6,2777,Previous map from this run only,64001,2.1148212414281734e-14,3.8810324585810694,c26ce43e32d837a43ba6027786c32fddf9f606c67cd77fb4fc28c5fb118d6234,True,True,9,0.6048421859741211,239,"{""full_mul_calls"":10,""full_columns"":239,""fr_mul_calls"":10,""fr_columns"":239,""common"":{""operator_mul_calls"":10,""operator_columns"":239,""scalar_mul_calls"":20,""scalar_columns"":478}}","{""full_mul_calls"":11,""full_columns"":263,""fr_mul_calls"":11,""fr_columns"":263,""common"":{""operator_mul_calls"":11,""operator_columns"":263,""scalar_mul_calls"":22,""scalar_columns"":526}}",1.5792255788141517e-14,9.290087785429274e-11
149,2,24,6,2770,Previous map from this run only,64002,2.458515101273144e-14,3.760751068832968,071a48609a4af7ce59a9897f44c0c2e524f5a065847c5fc10f733c6b023f67ea,True,True,12,0.4389820098876953,256,"{""full_mul_calls"":13,""full_columns"":256,""fr_mul_calls"":13,""fr_columns"":256,""common"":{""operator_mul_calls"":13,""operator_columns"":256,""scalar_mul_calls"":26,""scalar_columns"":512}}","{""full_mul_calls"":14,""full_columns"":280,""fr_mul_calls"":14,""fr_columns"":280,""common"":{""operator_mul_calls"":14,""operator_columns"":280,""scalar_mul_calls"":28,""scalar_columns"":560}}",1.8675248202462776e-14,9.654175526437448e-11
149,3,24,6,2770,Previous map from this run only,64003,2.38439798109307e-14,3.770858653975381,55684ededfe309f116c555191e94746f8c61f641c00a92f8d80fe9caed05a872,True,True,13,0.45819711685180664,263,"{""full_mul_calls"":14,""full_columns"":263,""fr_mul_calls"":14,""fr_columns"":263,""common"":{""operator_mul_calls"":14,""operator_columns"":263,""scalar_mul_calls"":28,""scalar_columns"":526}}","{""full_mul_calls"":15,""full_columns"":287,""fr_mul_calls"":15,""fr_columns"":287,""common"":{""operator_mul_calls"":15,""operator_columns"":287,""scalar_mul_calls"":30,""scalar_columns"":574}}",2.148885560383068e-14,9.834985354459747e-11
150,1,24,6,2777,Previous map from this run only,64001,1.9733332215011232e-14,3.8412283224931056,9cc1240c53be97123b64f9c1a4e73bba1cc1810f6c96966044c7d01ad3a8b6f2,True,True,9,0.5765819549560547,228,"{""full_mul_calls"":10,""full_columns"":228,""fr_mul_calls"":10,""fr_columns"":228,""common"":{""operator_mul_calls"":10,""operator_columns"":228,""scalar_mul_calls"":20,""scalar_columns"":456}}","{""full_mul_calls"":11,""full_columns"":252,""fr_mul_calls"":11,""fr_columns"":252,""common"":{""operator_mul_calls"":11,""operator_columns"":252,""scalar_mul_calls"":22,""scalar_columns"":504}}",1.4366804263736705e-14,9.545662120864094e-11
150,2,24,6,2770,Previous map from this run only,64002,2.3525289202531415e-14,4.044089634916183,9307c6627716f5936f05f68b6bb176a996f500d22440d049a125491fbe30f8b4,True,True,12,0.4460320472717285,256,"{""full_mul_calls"":13,""full_columns"":256,""fr_mul_calls"":13,""fr_columns"":256,""common"":{""operator_mul_calls"":13,""operator_columns"":256,""scalar_mul_calls"":26,""scalar_columns"":512}}","{""full_mul_calls"":14,""full_columns"":280,""fr_mul_calls"":14,""fr_columns"":280,""common"":{""operator_mul_calls"":14,""operator_columns"":280,""scalar_mul_calls"":28,""scalar_columns"":560}}",1.429239924691798e-14,9.188726330362085e-11
150,3,24,6,2770,Previous map from this run only,64003,2.3923387382847125e-14,3.9790345772401237,46ad2fffba1d2ecdc3c79f5645a3f9583a539782aa88e934469e92b0c868e905,True,True,12,0.4443349838256836,256,"{""full_mul_calls"":13,""full_columns"":256,""fr_mul_calls"":13,""fr_columns"":256,""common"":{""operator_mul_calls"":13,""operator_columns"":256,""scalar_mul_calls"":26,""scalar_columns"":512}}","{""full_mul_calls"":14,""full_columns"":280,""fr_mul_calls"":14,""fr_columns"":280,""common"":{""operator_mul_calls"":14,""operator_columns"":280,""scalar_mul_calls"":28,""scalar_columns"":560}}",1.525780143406201e-14,9.549827375107762e-11
151,1,24,6,2777,Previous map from this run only,64001,1.8839107557283524e-14,3.912071085917063,159f453dc6aa932f81e99a8a22ec433ad4fef2a71fd09815e7d70d04b4f8b6c7,True,True,9,0.5793969631195068,227,"{""full_mul_calls"":10,""full_columns"":227,""fr_mul_calls"":10,""fr_columns"":227,""common"":{""operator_mul_calls"":10,""operator_columns"":227,""scalar_mul_calls"":20,""scalar_columns"":454}}","{""full_mul_calls"":11,""full_columns"":251,""fr_mul_calls"":11,""fr_columns"":251,""common"":{""operator_mul_calls"":11,""operator_columns"":251,""scalar_mul_calls"":22,""scalar_columns"":502}}",1.520490163644372e-14,9.94364257984343e-11
151,2,24,6,2770,Previous map from this run only,64002,2.0998818239206605e-14,4.038177261534216,cc4582a21cc21b4dd65582c7a3c8d8571613445b803322205c72d589f3e90fd1,True,True,12,0.4412369728088379,253,"{""full_mul_calls"":13,""full_columns"":253,""fr_mul_calls"":13,""fr_columns"":253,""common"":{""operator_mul_calls"":13,""operator_columns"":253,""scalar_mul_calls"":26,""scalar_columns"":506}}","{""full_mul_calls"":14,""full_columns"":277,""fr_mul_calls"":14,""fr_columns"":277,""common"":{""operator_mul_calls"":14,""operator_columns"":277,""scalar_mul_calls"":28,""scalar_columns"":554}}",1.771744347227193e-14,9.995495999085144e-11
151,3,24,6,2770,Previous map from this run only,64003,1.8980594788379456e-14,3.691695733641429,bc0076cb985c68a0ca99a3f49d04985b6e4497900d76640b419c808fa0567bb5,True,True,12,0.44272303581237793,253,"{""full_mul_calls"":13,""full_columns"":253,""fr_mul_calls"":13,""fr_columns"":253,""common"":{""operator_mul_calls"":13,""operator_columns"":253,""scalar_mul_calls"":26,""scalar_columns"":506}}","{""full_mul_calls"":14,""full_columns"":277,""fr_mul_calls"":14,""fr_columns"":277,""common"":{""operator_mul_calls"":14,""operator_columns"":277,""scalar_mul_calls"":28,""scalar_columns"":554}}",1.3594470092969293e-14,9.923317087514734e-11
152,1,24,6,2777,Previous map from this run only,64001,1.8579752889782783e-14,3.8894324632026422,801eb77638f7c1b5687c05b1956250f7c570c10f1cb27369310ae4db19685bc7,True,True,9,0.426192045211792,228,"{""full_mul_calls"":10,""full_columns"":228,""fr_mul_calls"":10,""fr_columns"":228,""common"":{""operator_mul_calls"":10,""operator_columns"":228,""scalar_mul_calls"":20,""scalar_columns"":456}}","{""full_mul_calls"":11,""full_columns"":252,""fr_mul_calls"":11,""fr_columns"":252,""common"":{""operator_mul_calls"":11,""operator_columns"":252,""scalar_mul_calls"":22,""scalar_columns"":504}}",1.4598473165441253e-14,9.04739696599234e-11
152,2,24,6,2770,Previous map from this run only,64002,2.23762358463708e-14,3.745606976286849,81bea1292a079ab175c7b318d2409a0cc73424cbf5a5adf218fd348e23dd410b,True,True,12,0.5905349254608154,252,"{""full_mul_calls"":13,""full_columns"":252,""fr_mul_calls"":13,""fr_columns"":252,""common"":{""operator_mul_calls"":13,""operator_columns"":252,""scalar_mul_calls"":26,""scalar_columns"":504}}","{""full_mul_calls"":14,""full_columns"":276,""fr_mul_calls"":14,""fr_columns"":276,""common"":{""operator_mul_calls"":14,""operator_columns"":276,""scalar_mul_calls"":28,""scalar_columns"":552}}",1.419283648523636e-14,9.988984502327802e-11
152,3,24,6,2770,Previous map from this run only,64003,1.9097668223877443e-14,3.768834857002563,9041065d584b6dafa0a7744c0f8048574e527601e1f38990cb9c6c099422ac70,True,True,12,0.4301760196685791,252,"{""full_mul_calls"":13,""full_columns"":252,""fr_mul_calls"":13,""fr_columns"":252,""common"":{""operator_mul_calls"":13,""operator_columns"":252,""scalar_mul_calls"":26,""scalar_columns"":504}}","{""full_mul_calls"":14,""full_columns"":276,""fr_mul_calls"":14,""fr_columns"":276,""common"":{""operator_mul_calls"":14,""operator_columns"":276,""scalar_mul_calls"":28,""scalar_columns"":552}}",1.70456222989436e-14,9.726829016904613e-11
153,1,24,6,2777,Previous map from this run only,64001,1.7822767998504418e-14,3.7997139524227688,9fc90e9451639eb06e32478d81ee419f1dc860354cffe1b707689063322ac9fc,True,True,8,0.5528390407562256,214,"{""full_mul_calls"":9,""full_columns"":214,""fr_mul_calls"":9,""fr_columns"":214,""common"":{""operator_mul_calls"":9,""operator_columns"":214,""scalar_mul_calls"":18,""scalar_columns"":428}}","{""full_mul_calls"":10,""full_columns"":238,""fr_mul_calls"":10,""fr_columns"":238,""common"":{""operator_mul_calls"":10,""operator_columns"":238,""scalar_mul_calls"":20,""scalar_columns"":476}}",1.4464422338547582e-14,8.674088065248192e-11
153,2,24,6,2770,Previous map from this run only,64002,1.912915712541777e-14,3.9797873078738495,f7fdf09c089fc1f5c0c171f3e63a6ad69e8f5515388c2e134735d14bc5cfe8fc,True,True,12,0.4569718837738037,250,"{""full_mul_calls"":13,""full_columns"":250,""fr_mul_calls"":13,""fr_columns"":250,""common"":{""operator_mul_calls"":13,""operator_columns"":250,""scalar_mul_calls"":26,""scalar_columns"":500}}","{""full_mul_calls"":14,""full_columns"":274,""fr_mul_calls"":14,""fr_columns"":274,""common"":{""operator_mul_calls"":14,""operator_columns"":274,""scalar_mul_calls"":28,""scalar_columns"":548}}",1.7120758740654025e-14,9.910880354446957e-11
153,3,24,6,2770,Previous map from this run only,64003,2.0357619608918395e-14,3.9155997905793747,dac97f856e24f124284d4846c603b3b37260e5ab86a02af2ffbe610401a5517f,True,True,12,0.4374349117279053,251,"{""full_mul_calls"":13,""full_columns"":251,""fr_mul_calls"":13,""fr_columns"":251,""common"":{""operator_mul_calls"":13,""operator_columns"":251,""scalar_mul_calls"":26,""scalar_columns"":502}}","{""full_mul_calls"":14,""full_columns"":275,""fr_mul_calls"":14,""fr_columns"":275,""common"":{""operator_mul_calls"":14,""operator_columns"":275,""scalar_mul_calls"":28,""scalar_columns"":550}}",1.9622480920502167e-14,9.859969472693643e-11
154,1,24,6,2777,Previous map from this run only,64001,1.734398357996473e-14,3.9413655707353024,9a8e2fe289368f52d0485d9e084a9537384b47f61d7598f87feb488fff0fa640,True,True,8,0.5540831089019775,214,"{""full_mul_calls"":9,""full_columns"":214,""fr_mul_calls"":9,""fr_columns"":214,""common"":{""operator_mul_calls"":9,""operator_columns"":214,""scalar_mul_calls"":18,""scalar_columns"":428}}","{""full_mul_calls"":10,""full_columns"":238,""fr_mul_calls"":10,""fr_columns"":238,""common"":{""operator_mul_calls"":10,""operator_columns"":238,""scalar_mul_calls"":20,""scalar_columns"":476}}",1.5099016473002508e-14,8.646719415148847e-11
154,2,24,6,2770,Previous map from this run only,64002,2.0459962318163522e-14,3.716708091891755,d81abf4642e2d3d39eeb078420f481af5dd834666091e3b23e05c7f107075403,True,True,12,0.43555307388305664,250,"{""full_mul_calls"":13,""full_columns"":250,""fr_mul_calls"":13,""fr_columns"":250,""common"":{""operator_mul_calls"":13,""operator_columns"":250,""scalar_mul_calls"":26,""scalar_columns"":500}}","{""full_mul_calls"":14,""full_columns"":274,""fr_mul_calls"":14,""fr_columns"":274,""common"":{""operator_mul_calls"":14,""operator_columns"":274,""scalar_mul_calls"":28,""scalar_columns"":548}}",1.6093824928464496e-14,9.260010147025538e-11
154,3,24,6,2770,Previous map from this run only,64003,2.420885045612869e-14,3.7871025840343555,66bf3e90ab7839f7cb99b4b3d76429aa853ef022fb885a782609180c22ef5284,True,True,12,0.4307739734649658,250,"{""full_mul_calls"":13,""full_columns"":250,""fr_mul_calls"":13,""fr_columns"":250,""common"":{""operator_mul_calls"":13,""operator_columns"":250,""scalar_mul_calls"":26,""scalar_columns"":500}}","{""full_mul_calls"":14,""full_columns"":274,""fr_mul_calls"":14,""fr_columns"":274,""common"":{""operator_mul_calls"":14,""operator_columns"":274,""scalar_mul_calls"":28,""scalar_columns"":548}}",1.455835941964254e-14,8.83062429682553e-11
155,1,24,6,2777,Previous map from this run only,64001,1.7498600842884205e-14,3.870571587578741,3a11dc601575d1154587bae68f0f866bbf854aec9db0e8421bd113721c6ca148,True,True,8,0.38456201553344727,214,"{""full_mul_calls"":9,""full_columns"":214,""fr_mul_calls"":9,""fr_columns"":214,""common"":{""operator_mul_calls"":9,""operator_columns"":214,""scalar_mul_calls"":18,""scalar_columns"":428}}","{""full_mul_calls"":10,""full_columns"":238,""fr_mul_calls"":10,""fr_columns"":238,""common"":{""operator_mul_calls"":10,""operator_columns"":238,""scalar_mul_calls"":20,""scalar_columns"":476}}",1.5066550359600005e-14,7.733107952231428e-11
155,2,24,6,2770,Previous map from this run only,64002,2.1783695990951317e-14,4.079604326652951,c7f7c2947bd3a5143196bbe87ac523bfd6bffba827a7af476aa516f3765a8088,True,True,12,0.5750179290771484,247,"{""full_mul_calls"":13,""full_columns"":247,""fr_mul_calls"":13,""fr_columns"":247,""common"":{""operator_mul_calls"":13,""operator_columns"":247,""scalar_mul_calls"":26,""scalar_columns"":494}}","{""full_mul_calls"":14,""full_columns"":271,""fr_mul_calls"":14,""fr_columns"":271,""common"":{""operator_mul_calls"":14,""operator_columns"":271,""scalar_mul_calls"":28,""scalar_columns"":542}}",1.7007120729743135e-14,9.799693927742913e-11
155,3,24,6,2770,Previous map from this run only,64003,2.088049965634947e-14,3.8906450450697414,e35f47201306fa30c2f3e897c2170a58ed2f42f0968119752b6ae422e12315a2,True,True,12,0.4303100109100342,248,"{""full_mul_calls"":13,""full_columns"":248,""fr_mul_calls"":13,""fr_columns"":248,""common"":{""operator_mul_calls"":13,""operator_columns"":248,""scalar_mul_calls"":26,""scalar_columns"":496}}","{""full_mul_calls"":14,""full_columns"":272,""fr_mul_calls"":14,""fr_columns"":272,""common"":{""operator_mul_calls"":14,""operator_columns"":272,""scalar_mul_calls"":28,""scalar_columns"":544}}",1.6111858498585563e-14,9.780414926354633e-11
156,1,24,6,2777,Previous map from this run only,64001,1.8397285375912485e-14,3.998083097358347,d277a07d5802d9774fe41a8a83c832c214c1239786043e845334fda5be3d30b9,True,True,8,0.4028160572052002,214,"{""full_mul_calls"":9,""full_columns"":214,""fr_mul_calls"":9,""fr_columns"":214,""common"":{""operator_mul_calls"":9,""operator_columns"":214,""scalar_mul_calls"":18,""scalar_columns"":428}}","{""full_mul_calls"":10,""full_columns"":238,""fr_mul_calls"":10,""fr_columns"":238,""common"":{""operator_mul_calls"":10,""operator_columns"":238,""scalar_mul_calls"":20,""scalar_columns"":476}}",1.5930479766491846e-14,8.367298890965288e-11
156,2,24,6,2770,Previous map from this run only,64002,2.0646211727799284e-14,3.933743965976435,2f343e0142c41997c00a0928638487863fcb46490872aec9386da02d9653b3b0,True,True,12,0.5823850631713867,248,"{""full_mul_calls"":13,""full_columns"":248,""fr_mul_calls"":13,""fr_columns"":248,""common"":{""operator_mul_calls"":13,""operator_columns"":248,""scalar_mul_calls"":26,""scalar_columns"":496}}","{""full_mul_calls"":14,""full_columns"":272,""fr_mul_calls"":14,""fr_columns"":272,""common"":{""operator_mul_calls"":14,""operator_columns"":272,""scalar_mul_calls"":28,""scalar_columns"":544}}",1.2892441909296527e-14,9.109445196670675e-11
156,3,24,6,2770,Previous map from this run only,64003,2.0596581034913462e-14,3.740022554467264,9173711cdb2651375daa09439982083d5cbd2c1831b82e5a3e3842d2b77677e3,True,True,12,0.43112993240356445,248,"{""full_mul_calls"":13,""full_columns"":248,""fr_mul_calls"":13,""fr_columns"":248,""common"":{""operator_mul_calls"":13,""operator_columns"":248,""scalar_mul_calls"":26,""scalar_columns"":496}}","{""full_mul_calls"":14,""full_columns"":272,""fr_mul_calls"":14,""fr_columns"":272,""common"":{""operator_mul_calls"":14,""operator_columns"":272,""scalar_mul_calls"":28,""scalar_columns"":544}}",1.4649899405538806e-14,8.882198682355514e-11
157,1,24,6,2777,Previous map from this run only,64001,1.897847965448076e-14,4.014739615808192,2fe1c722b483d2f931846a4a0e2ff0145fbcbb50db5c3eade20862f755992ff6,True,True,8,0.4037799835205078,214,"{""full_mul_calls"":9,""full_columns"":214,""fr_mul_calls"":9,""fr_columns"":214,""common"":{""operator_mul_calls"":9,""operator_columns"":214,""scalar_mul_calls"":18,""scalar_columns"":428}}","{""full_mul_calls"":10,""full_columns"":238,""fr_mul_calls"":10,""fr_columns"":238,""common"":{""operator_mul_calls"":10,""operator_columns"":238,""scalar_mul_calls"":20,""scalar_columns"":476}}",1.2941454374064025e-14,7.116072804044528e-11
157,2,24,6,2770,Previous map from this run only,64002,1.934128809084588e-14,3.908371014497546,6841939e7888425be4350032bcc238fe46448e0153bc4c26cce3c07d6548516f,True,True,11,0.5743420124053955,240,"{""full_mul_calls"":12,""full_columns"":240,""fr_mul_calls"":12,""fr_columns"":240,""common"":{""operator_mul_calls"":12,""operator_columns"":240,""scalar_mul_calls"":24,""scalar_columns"":480}}","{""full_mul_calls"":13,""full_columns"":264,""fr_mul_calls"":13,""fr_columns"":264,""common"":{""operator_mul_calls"":13,""operator_columns"":264,""scalar_mul_calls"":26,""scalar_columns"":528}}",1.3501619704263318e-14,9.639211348671106e-11
157,3,24,6,2770,Previous map from this run only,64003,1.7914018459345743e-14,3.897875561325848,1497ac2062ba3ee8bd1f07349969a2de7900a6e4e0457bbfe438929a736f1fef,True,True,11,0.4118330478668213,240,"{""full_mul_calls"":12,""full_columns"":240,""fr_mul_calls"":12,""fr_columns"":240,""common"":{""operator_mul_calls"":12,""operator_columns"":240,""scalar_mul_calls"":24,""scalar_columns"":480}}","{""full_mul_calls"":13,""full_columns"":264,""fr_mul_calls"":13,""fr_columns"":264,""common"":{""operator_mul_calls"":13,""operator_columns"":264,""scalar_mul_calls"":26,""scalar_columns"":528}}",1.600676140990899e-14,9.634116549902619e-11
158,1,24,6,2777,Previous map from this run only,64001,1.557979516014505e-14,3.7976704889266983,12f145e25a74c94820962ea4dbf6386fa12d37469244d423cab8c320e5df200f,True,True,8,0.40401697158813477,214,"{""full_mul_calls"":9,""full_columns"":214,""fr_mul_calls"":9,""fr_columns"":214,""common"":{""operator_mul_calls"":9,""operator_columns"":214,""scalar_mul_calls"":18,""scalar_columns"":428}}","{""full_mul_calls"":10,""full_columns"":238,""fr_mul_calls"":10,""fr_columns"":238,""common"":{""operator_mul_calls"":10,""operator_columns"":238,""scalar_mul_calls"":20,""scalar_columns"":476}}",1.616554071615215e-14,6.081290105693998e-11
158,2,24,6,2770,Previous map from this run only,64002,1.7474151595850166e-14,3.784683950676196,46d01a691ed6f739a86e51625ea8693dceece14ff65b07b227e0c0c033bf371d,True,True,11,0.5710558891296387,240,"{""full_mul_calls"":12,""full_columns"":240,""fr_mul_calls"":12,""fr_columns"":240,""common"":{""operator_mul_calls"":12,""operator_columns"":240,""scalar_mul_calls"":24,""scalar_columns"":480}}","{""full_mul_calls"":13,""full_columns"":264,""fr_mul_calls"":13,""fr_columns"":264,""common"":{""operator_mul_calls"":13,""operator_columns"":264,""scalar_mul_calls"":26,""scalar_columns"":528}}",1.730901729777593e-14,8.474491262631628e-11
158,3,24,6,2770,Previous map from this run only,64003,1.8751346572980627e-14,4.003120025608148,625ef54215b8d5d499fac22948d5f40fc1d696c37cb293f2286d9a027295a806,True,True,11,0.4121091365814209,239,"{""full_mul_calls"":12,""full_columns"":239,""fr_mul_calls"":12,""fr_columns"":239,""common"":{""operator_mul_calls"":12,""operator_columns"":239,""scalar_mul_calls"":24,""scalar_columns"":478}}","{""full_mul_calls"":13,""full_columns"":263,""fr_mul_calls"":13,""fr_columns"":263,""common"":{""operator_mul_calls"":13,""operator_columns"":263,""scalar_mul_calls"":26,""scalar_columns"":526}}",1.7260633672005065e-14,9.788130161951415e-11
159,1,24,6,2777,Previous map from this run only,64001,1.8428780296568892e-14,3.8911536487774585,80aca7cadb87d293d9e505320f5cfc8026652b6a1e8b8e60203ecb1729e2129d,True,True,8,0.39632606506347656,213,"{""full_mul_calls"":9,""full_columns"":213,""fr_mul_calls"":9,""fr_columns"":213,""common"":{""operator_mul_calls"":9,""operator_columns"":213,""scalar_mul_calls"":18,""scalar_columns"":426}}","{""full_mul_calls"":10,""full_columns"":237,""fr_mul_calls"":10,""fr_columns"":237,""common"":{""operator_mul_calls"":10,""operator_columns"":237,""scalar_mul_calls"":20,""scalar_columns"":474}}",1.7024880380208248e-14,9.261517327770593e-11
159,2,24,6,2770,Previous map from this run only,64002,2.0715730071312992e-14,3.6045827339616343,b0b27af26bf65e5460dda33cb6cb61d0338d52ab2767abb5fba59ae9f8228478,True,True,11,0.5694270133972168,238,"{""full_mul_calls"":12,""full_columns"":238,""fr_mul_calls"":12,""fr_columns"":238,""common"":{""operator_mul_calls"":12,""operator_columns"":238,""scalar_mul_calls"":24,""scalar_columns"":476}}","{""full_mul_calls"":13,""full_columns"":262,""fr_mul_calls"":13,""fr_columns"":262,""common"":{""operator_mul_calls"":13,""operator_columns"":262,""scalar_mul_calls"":26,""scalar_columns"":524}}",1.7633242398770112e-14,9.127723770304892e-11
159,3,24,6,2770,Previous map from this run only,64003,2.139469826908387e-14,3.554991833339507,5c9444efc798f8147c62c49f855e497ecfeb7f78078603d755f60be8d9ddfde2,True,True,11,0.41640281677246094,238,"{""full_mul_calls"":12,""full_columns"":238,""fr_mul_calls"":12,""fr_columns"":238,""common"":{""operator_mul_calls"":12,""operator_columns"":238,""scalar_mul_calls"":24,""scalar_columns"":476}}","{""full_mul_calls"":13,""full_columns"":262,""fr_mul_calls"":13,""fr_columns"":262,""common"":{""operator_mul_calls"":13,""operator_columns"":262,""scalar_mul_calls"":26,""scalar_columns"":524}}",1.6346871809558946e-14,9.141524236920546e-11
160,1,24,6,2777,Previous map from this run only,64001,1.9188634016739917e-14,3.8540143511986757,56f25959a48a4fd0bdf890427167eb8691ca2a55f98aa9d86a62cef780a05307,True,True,8,0.4206099510192871,212,"{""full_mul_calls"":9,""full_columns"":212,""fr_mul_calls"":9,""fr_columns"":212,""common"":{""operator_mul_calls"":9,""operator_columns"":212,""scalar_mul_calls"":18,""scalar_columns"":424}}","{""full_mul_calls"":10,""full_columns"":236,""fr_mul_calls"":10,""fr_columns"":236,""common"":{""operator_mul_calls"":10,""operator_columns"":236,""scalar_mul_calls"":20,""scalar_columns"":472}}",1.5196849736863584e-14,9.739169518932193e-11
160,2,24,6,2770,Previous map from this run only,64002,2.1564213637655357e-14,3.8663241390842655,bb5571df23e471f4e5764730d38898ae8f9017e3cf45e90310c8803945e46d55,True,True,11,0.5560131072998047,236,"{""full_mul_calls"":12,""full_columns"":236,""fr_mul_calls"":12,""fr_columns"":236,""common"":{""operator_mul_calls"":12,""operator_columns"":236,""scalar_mul_calls"":24,""scalar_columns"":472}}","{""full_mul_calls"":13,""full_columns"":260,""fr_mul_calls"":13,""fr_columns"":260,""common"":{""operator_mul_calls"":13,""operator_columns"":260,""scalar_mul_calls"":26,""scalar_columns"":520}}",1.6578666981736444e-14,9.52036393573037e-11
160,3,24,6,2770,Previous map from this run only,64003,2.1836118981607386e-14,3.8980282274574956,fc0aadf560d45c40ab290e3bcb16657a11303fc4eae9fabfc1e9b1cc097f38c6,True,True,11,0.4110839366912842,236,"{""full_mul_calls"":12,""full_columns"":236,""fr_mul_calls"":12,""fr_columns"":236,""common"":{""operator_mul_calls"":12,""operator_columns"":236,""scalar_mul_calls"":24,""scalar_columns"":472}}","{""full_mul_calls"":13,""full_columns"":260,""fr_mul_calls"":13,""fr_columns"":260,""common"":{""operator_mul_calls"":13,""operator_columns"":260,""scalar_mul_calls"":26,""scalar_columns"":520}}",1.724538060092019e-14,9.672828859660674e-11
161,1,24,6,2777,Previous map from this run only,64001,1.7852285835588977e-14,3.8013850816831987,aa0a7cd3598e175b5c89700334078ebe84b5b06cbbabc23f997d72d766a393ca,True,True,8,0.391035795211792,210,"{""full_mul_calls"":9,""full_columns"":210,""fr_mul_calls"":9,""fr_columns"":210,""common"":{""operator_mul_calls"":9,""operator_columns"":210,""scalar_mul_calls"":18,""scalar_columns"":420}}","{""full_mul_calls"":10,""full_columns"":234,""fr_mul_calls"":10,""fr_columns"":234,""common"":{""operator_mul_calls"":10,""operator_columns"":234,""scalar_mul_calls"":20,""scalar_columns"":468}}",1.1329929994559718e-14,9.80893677976429e-11
161,2,24,6,2770,Previous map from this run only,64002,2.1457945019739116e-14,3.8107370194439194,e8a27bf9c806fe65719e0aafbfef4e82c812a58ca3548e10d65cce0a9c1fa724,True,True,11,0.5607089996337891,236,"{""full_mul_calls"":12,""full_columns"":236,""fr_mul_calls"":12,""fr_columns"":236,""common"":{""operator_mul_calls"":12,""operator_columns"":236,""scalar_mul_calls"":24,""scalar_columns"":472}}","{""full_mul_calls"":13,""full_columns"":260,""fr_mul_calls"":13,""fr_columns"":260,""common"":{""operator_mul_calls"":13,""operator_columns"":260,""scalar_mul_calls"":26,""scalar_columns"":520}}",1.565718770152476e-14,8.877758193472921e-11
161,3,24,6,2770,Previous map from this run only,64003,2.108018677212229e-14,3.768298183240881,1b5ecfc1749340a8d268e5d6d2514d727cd5bc1c21caf4a0557d71335bc03afc,True,True,11,0.4100840091705322,235,"{""full_mul_calls"":12,""full_columns"":235,""fr_mul_calls"":12,""fr_columns"":235,""common"":{""operator_mul_calls"":12,""operator_columns"":235,""scalar_mul_calls"":24,""scalar_columns"":470}}","{""full_mul_calls"":13,""full_columns"":259,""fr_mul_calls"":13,""fr_columns"":259,""common"":{""operator_mul_calls"":13,""operator_columns"":259,""scalar_mul_calls"":26,""scalar_columns"":518}}",1.523632017782176e-14,9.964859322257525e-11
162,1,24,6,2777,Previous map from this run only,64001,1.4763230599088374e-14,3.895330025513735,5252a60230fc54ade06f38775bfdad631769bcf0fa6067bb795263984222df52,True,True,7,0.3648960590362549,192,"{""full_mul_calls"":8,""full_columns"":192,""fr_mul_calls"":8,""fr_columns"":192,""common"":{""operator_mul_calls"":8,""operator_columns"":192,""scalar_mul_calls"":16,""scalar_columns"":384}}","{""full_mul_calls"":9,""full_columns"":216,""fr_mul_calls"":9,""fr_columns"":216,""common"":{""operator_mul_calls"":9,""operator_columns"":216,""scalar_mul_calls"":18,""scalar_columns"":432}}",1.5802034549320852e-14,9.618573969294366e-11
162,2,24,6,2770,Previous map from this run only,64002,2.008604780116285e-14,3.769866710365419,820cca004d864388b22fcad38357e84f0c79eefb6d8846faf07376f0462dc10d,True,True,11,0.5572340488433838,234,"{""full_mul_calls"":12,""full_columns"":234,""fr_mul_calls"":12,""fr_columns"":234,""common"":{""operator_mul_calls"":12,""operator_columns"":234,""scalar_mul_calls"":24,""scalar_columns"":468}}","{""full_mul_calls"":13,""full_columns"":258,""fr_mul_calls"":13,""fr_columns"":258,""common"":{""operator_mul_calls"":13,""operator_columns"":258,""scalar_mul_calls"":26,""scalar_columns"":516}}",1.5065504787706765e-14,9.411335011643535e-11
162,3,24,6,2770,Previous map from this run only,64003,1.8177710375704214e-14,3.7672658854404273,4f1c8b2f0e576eb4df1a8fc0cc7810a4948b69244fa4f3907053cacc5b25020e,True,True,11,0.40857505798339844,234,"{""full_mul_calls"":12,""full_columns"":234,""fr_mul_calls"":12,""fr_columns"":234,""common"":{""operator_mul_calls"":12,""operator_columns"":234,""scalar_mul_calls"":24,""scalar_columns"":468}}","{""full_mul_calls"":13,""full_columns"":258,""fr_mul_calls"":13,""fr_columns"":258,""common"":{""operator_mul_calls"":13,""operator_columns"":258,""scalar_mul_calls"":26,""scalar_columns"":516}}",1.612933680912068e-14,9.675274468219456e-11
163,1,24,6,2777,Previous map from this run only,64001,1.8078983193341355e-14,3.977718073096907,0e92f4ab3e296022eeacdb096442d9c649779b63022638830c17c4dd230160f3,True,True,7,0.36354804039001465,192,"{""full_mul_calls"":8,""full_columns"":192,""fr_mul_calls"":8,""fr_columns"":192,""common"":{""operator_mul_calls"":8,""operator_columns"":192,""scalar_mul_calls"":16,""scalar_columns"":384}}","{""full_mul_calls"":9,""full_columns"":216,""fr_mul_calls"":9,""fr_columns"":216,""common"":{""operator_mul_calls"":9,""operator_columns"":216,""scalar_mul_calls"":18,""scalar_columns"":432}}",1.4409896332891437e-14,8.779012372821237e-11
163,2,24,6,2770,Previous map from this run only,64002,2.0626601019355068e-14,3.7509839781316217,c7484243f4b6aab1f0890382c734fe332f2170bc29fb623a5490b2d01b4ae7fa,True,True,11,0.54840087890625,234,"{""full_mul_calls"":12,""full_columns"":234,""fr_mul_calls"":12,""fr_columns"":234,""common"":{""operator_mul_calls"":12,""operator_columns"":234,""scalar_mul_calls"":24,""scalar_columns"":468}}","{""full_mul_calls"":13,""full_columns"":258,""fr_mul_calls"":13,""fr_columns"":258,""common"":{""operator_mul_calls"":13,""operator_columns"":258,""scalar_mul_calls"":26,""scalar_columns"":516}}",1.5773574514290145e-14,8.933534637199956e-11
163,3,24,6,2770,Previous map from this run only,64003,2.0307011599323147e-14,4.034489574412901,d904b33071b91607fae8a0153c3e4729bf3d283e9a2421638bb99c474974d597,True,True,10,0.39542102813720703,226,"{""full_mul_calls"":11,""full_columns"":226,""fr_mul_calls"":11,""fr_columns"":226,""common"":{""operator_mul_calls"":11,""operator_columns"":226,""scalar_mul_calls"":22,""scalar_columns"":452}}","{""full_mul_calls"":12,""full_columns"":250,""fr_mul_calls"":12,""fr_columns"":250,""common"":{""operator_mul_calls"":12,""operator_columns"":250,""scalar_mul_calls"":24,""scalar_columns"":500}}",1.6896394498657518e-14,9.800681377402422e-11
164,1,24,6,2777,Previous map from this run only,64001,1.898725369196817e-14,3.9219507476222613,0555602a3c9151b14b199072d0ef30d068a4a82d12bba9afccbc88d760406d75,True,True,7,0.3620021343231201,192,"{""full_mul_calls"":8,""full_columns"":192,""fr_mul_calls"":8,""fr_columns"":192,""common"":{""operator_mul_calls"":8,""operator_columns"":192,""scalar_mul_calls"":16,""scalar_columns"":384}}","{""full_mul_calls"":9,""full_columns"":216,""fr_mul_calls"":9,""fr_columns"":216,""common"":{""operator_mul_calls"":9,""operator_columns"":216,""scalar_mul_calls"":18,""scalar_columns"":432}}",1.255063912597149e-14,8.882821247507391e-11
164,2,24,6,2770,Previous map from this run only,64002,1.963303657616943e-14,3.918335870891246,4e43340d7d95647d462b30e665472f7919bd8d405c38498c38f75bca9d474f3c,True,True,10,0.533581018447876,222,"{""full_mul_calls"":11,""full_columns"":222,""fr_mul_calls"":11,""fr_columns"":222,""common"":{""operator_mul_calls"":11,""operator_columns"":222,""scalar_mul_calls"":22,""scalar_columns"":444}}","{""full_mul_calls"":12,""full_columns"":246,""fr_mul_calls"":12,""fr_columns"":246,""common"":{""operator_mul_calls"":12,""operator_columns"":246,""scalar_mul_calls"":24,""scalar_columns"":492}}",1.3591260410538725e-14,8.957913158362342e-11
164,3,24,6,2770,Previous map from this run only,64003,1.899016009298059e-14,3.776781049892523,3e204c9a82defd36e662cd11ebf3a7bf003d344399c7516646c306229b635ea2,True,True,10,0.384458065032959,222,"{""full_mul_calls"":11,""full_columns"":222,""fr_mul_calls"":11,""fr_columns"":222,""common"":{""operator_mul_calls"":11,""operator_columns"":222,""scalar_mul_calls"":22,""scalar_columns"":444}}","{""full_mul_calls"":12,""full_columns"":246,""fr_mul_calls"":12,""fr_columns"":246,""common"":{""operator_mul_calls"":12,""operator_columns"":246,""scalar_mul_calls"":24,""scalar_columns"":492}}",1.4494240098554974e-14,9.354629919337428e-11
165,1,24,6,2777,Previous map from this run only,64001,1.4554085706494573e-14,3.9944593136108346,ef32fed1b0557e694f1eff3e726184d80dc42a11cc3207e61b67e5987b4021fb,True,True,7,0.335446834564209,192,"{""full_mul_calls"":8,""full_columns"":192,""fr_mul_calls"":8,""fr_columns"":192,""common"":{""operator_mul_calls"":8,""operator_columns"":192,""scalar_mul_calls"":16,""scalar_columns"":384}}","{""full_mul_calls"":9,""full_columns"":216,""fr_mul_calls"":9,""fr_columns"":216,""common"":{""operator_mul_calls"":9,""operator_columns"":216,""scalar_mul_calls"":18,""scalar_columns"":432}}",1.6170215127814473e-14,7.534817356036571e-11
165,2,24,6,2770,Previous map from this run only,64002,1.6972476028881815e-14,3.8421019331524766,1dc04d9f3cce0192308e50cd262c9fe292c59389696b5206cc977e4fe2eb05c5,True,True,11,0.38021206855773926,222,"{""full_mul_calls"":12,""full_columns"":222,""fr_mul_calls"":12,""fr_columns"":222,""common"":{""operator_mul_calls"":12,""operator_columns"":222,""scalar_mul_calls"":24,""scalar_columns"":444}}","{""full_mul_calls"":13,""full_columns"":246,""fr_mul_calls"":13,""fr_columns"":246,""common"":{""operator_mul_calls"":13,""operator_columns"":246,""scalar_mul_calls"":26,""scalar_columns"":492}}",1.2923218707602348e-14,9.669020665667254e-11
165,3,24,6,2770,Previous map from this run only,64003,1.9726693099893466e-14,3.7161912730115314,c227b9dcb4ef96bdc4e2e09241182d087006cdcdc69486d4afbadb729441f447,True,True,11,0.3808400630950928,222,"{""full_mul_calls"":12,""full_columns"":222,""fr_mul_calls"":12,""fr_columns"":222,""common"":{""operator_mul_calls"":12,""operator_columns"":222,""scalar_mul_calls"":24,""scalar_columns"":444}}","{""full_mul_calls"":13,""full_columns"":246,""fr_mul_calls"":13,""fr_columns"":246,""common"":{""operator_mul_calls"":13,""operator_columns"":246,""scalar_mul_calls"":26,""scalar_columns"":492}}",1.5521499099565298e-14,9.521862304307177e-11
166,1,24,6,2777,Previous map from this run only,64001,1.8670279912155947e-14,3.963595306960694,faa79992ad57a7bf2891f436d5048c657298aa3a6a82506a20e1029ec7a81b29,True,True,7,0.34185099601745605,192,"{""full_mul_calls"":8,""full_columns"":192,""fr_mul_calls"":8,""fr_columns"":192,""common"":{""operator_mul_calls"":8,""operator_columns"":192,""scalar_mul_calls"":16,""scalar_columns"":384}}","{""full_mul_calls"":9,""full_columns"":216,""fr_mul_calls"":9,""fr_columns"":216,""common"":{""operator_mul_calls"":9,""operator_columns"":216,""scalar_mul_calls"":18,""scalar_columns"":432}}",1.2418625086720838e-14,7.381790212175376e-11
166,2,24,6,2770,Previous map from this run only,64002,1.599499653677463e-14,3.867935146583565,1531ded570faf22fbd5b0ad8c0450e742824ffc1bbdc92de1378ec9b515ea1fe,True,True,11,0.5449080467224121,218,"{""full_mul_calls"":12,""full_columns"":218,""fr_mul_calls"":12,""fr_columns"":218,""common"":{""operator_mul_calls"":12,""operator_columns"":218,""scalar_mul_calls"":24,""scalar_columns"":436}}","{""full_mul_calls"":13,""full_columns"":242,""fr_mul_calls"":13,""fr_columns"":242,""common"":{""operator_mul_calls"":13,""operator_columns"":242,""scalar_mul_calls"":26,""scalar_columns"":484}}",1.2495570787844208e-14,9.263013525832008e-11
166,3,24,6,2770,Previous map from this run only,64003,2.0222802353255948e-14,3.772233803116262,0fa4f3fb57d4ccd143ac5312c6d3871b798387f9488f06041753a58a4348e9b1,True,True,11,0.3645339012145996,218,"{""full_mul_calls"":12,""full_columns"":218,""fr_mul_calls"":12,""fr_columns"":218,""common"":{""operator_mul_calls"":12,""operator_columns"":218,""scalar_mul_calls"":24,""scalar_columns"":436}}","{""full_mul_calls"":13,""full_columns"":242,""fr_mul_calls"":13,""fr_columns"":242,""common"":{""operator_mul_calls"":13,""operator_columns"":242,""scalar_mul_calls"":26,""scalar_columns"":484}}",1.3915565850562635e-14,9.471559319993803e-11
167,1,24,6,2777,Previous map from this run only,64001,1.5126091175858967e-14,3.904786027521153,4186ec0c6726b402bdb5143e00d55c728e73e79b9da889015321baaf917e3fde,True,True,7,0.3429892063140869,184,"{""full_mul_calls"":8,""full_columns"":184,""fr_mul_calls"":8,""fr_columns"":184,""common"":{""operator_mul_calls"":8,""operator_columns"":184,""scalar_mul_calls"":16,""scalar_columns"":368}}","{""full_mul_calls"":9,""full_columns"":208,""fr_mul_calls"":9,""fr_columns"":208,""common"":{""operator_mul_calls"":9,""operator_columns"":208,""scalar_mul_calls"":18,""scalar_columns"":416}}",1.320617884015477e-14,9.776723903487075e-11
167,2,24,6,2770,Previous map from this run only,64002,1.5041970352339388e-14,3.8674163125649543,375d6bfa999141f62083c88cd9ef35a0da7c62df0488d4b74be0dfc1bc44d36b,True,True,11,0.524446964263916,218,"{""full_mul_calls"":12,""full_columns"":218,""fr_mul_calls"":12,""fr_columns"":218,""common"":{""operator_mul_calls"":12,""operator_columns"":218,""scalar_mul_calls"":24,""scalar_columns"":436}}","{""full_mul_calls"":13,""full_columns"":242,""fr_mul_calls"":13,""fr_columns"":242,""common"":{""operator_mul_calls"":13,""operator_columns"":242,""scalar_mul_calls"":26,""scalar_columns"":484}}",1.4445899441655454e-14,8.65522653515853e-11
167,3,24,6,2770,Previous map from this run only,64003,1.6713936913826905e-14,3.8708785123475318,e6ec63ec708e65c591a04223f791daa7cf78d2ad5d1d79e10a205ec1529b9678,True,True,11,0.3727290630340576,218,"{""full_mul_calls"":12,""full_columns"":218,""fr_mul_calls"":12,""fr_columns"":218,""common"":{""operator_mul_calls"":12,""operator_columns"":218,""scalar_mul_calls"":24,""scalar_columns"":436}}","{""full_mul_calls"":13,""full_columns"":242,""fr_mul_calls"":13,""fr_columns"":242,""common"":{""operator_mul_calls"":13,""operator_columns"":242,""scalar_mul_calls"":26,""scalar_columns"":484}}",1.495050439407894e-14,8.810317816219607e-11
168,1,24,6,2777,Previous map from this run only,64001,1.585515518449543e-14,3.900484886954696,71cf79b32b6eae6f791a0d1a4af87672956fb1f6e9e044e7627d81e8d2357093,True,True,7,0.3236250877380371,184,"{""full_mul_calls"":8,""full_columns"":184,""fr_mul_calls"":8,""fr_columns"":184,""common"":{""operator_mul_calls"":8,""operator_columns"":184,""scalar_mul_calls"":16,""scalar_columns"":368}}","{""full_mul_calls"":9,""full_columns"":208,""fr_mul_calls"":9,""fr_columns"":208,""common"":{""operator_mul_calls"":9,""operator_columns"":208,""scalar_mul_calls"":18,""scalar_columns"":416}}",1.3333650444580225e-14,7.40047391931765e-11
168,2,24,6,2770,Previous map from this run only,64002,1.7850988113342074e-14,4.048623189641459,9eb135ccc92381586847337f58bc02006f5ad9d7a9a128ebaa53bc0c1fffa79b,True,True,10,0.5159680843353271,210,"{""full_mul_calls"":11,""full_columns"":210,""fr_mul_calls"":11,""fr_columns"":210,""common"":{""operator_mul_calls"":11,""operator_columns"":210,""scalar_mul_calls"":22,""scalar_columns"":420}}","{""full_mul_calls"":12,""full_columns"":234,""fr_mul_calls"":12,""fr_columns"":234,""common"":{""operator_mul_calls"":12,""operator_columns"":234,""scalar_mul_calls"":24,""scalar_columns"":468}}",1.4107306808805524e-14,9.497297277390605e-11
168,3,24,6,2770,Previous map from this run only,64003,1.939426090068973e-14,3.782335041354607,365beba268c38b94bc826c797bbba20e818d279e45c5d424a77f53183e4c7c0a,True,True,10,0.36184000968933105,210,"{""full_mul_calls"":11,""full_columns"":210,""fr_mul_calls"":11,""fr_columns"":210,""common"":{""operator_mul_calls"":11,""operator_columns"":210,""scalar_mul_calls"":22,""scalar_columns"":420}}","{""full_mul_calls"":12,""full_columns"":234,""fr_mul_calls"":12,""fr_columns"":234,""common"":{""operator_mul_calls"":12,""operator_columns"":234,""scalar_mul_calls"":24,""scalar_columns"":468}}",1.3537368724624429e-14,9.100445521710229e-11
169,1,24,6,2777,Previous map from this run only,64001,1.7883850599298863e-14,3.8181974356523956,3f9cb3afd0c5078b541cee654394613265078a1907affc1e8a16ab6569fecade,True,True,7,0.32229089736938477,184,"{""full_mul_calls"":8,""full_columns"":184,""fr_mul_calls"":8,""fr_columns"":184,""common"":{""operator_mul_calls"":8,""operator_columns"":184,""scalar_mul_calls"":16,""scalar_columns"":368}}","{""full_mul_calls"":9,""full_columns"":208,""fr_mul_calls"":9,""fr_columns"":208,""common"":{""operator_mul_calls"":9,""operator_columns"":208,""scalar_mul_calls"":18,""scalar_columns"":416}}",1.493523255794791e-14,7.146091783110112e-11
169,2,24,6,2770,Previous map from this run only,64002,1.7535213108415673e-14,4.091962112923654,d4da418103cbbc92f6b9c425a31f4c099dcce63dd1666a18ea13765f48e9e883,True,True,10,0.3611409664154053,210,"{""full_mul_calls"":11,""full_columns"":210,""fr_mul_calls"":11,""fr_columns"":210,""common"":{""operator_mul_calls"":11,""operator_columns"":210,""scalar_mul_calls"":22,""scalar_columns"":420}}","{""full_mul_calls"":12,""full_columns"":234,""fr_mul_calls"":12,""fr_columns"":234,""common"":{""operator_mul_calls"":12,""operator_columns"":234,""scalar_mul_calls"":24,""scalar_columns"":468}}",1.4612399180864498e-14,8.877567544288367e-11
169,3,24,6,2770,Previous map from this run only,64003,1.9105399279783333e-14,4.012085813578007,41356bfe9f18e63ecee6da7edab995761ecac0b90a7073d627e8256330c37f81,True,True,10,0.3620321750640869,210,"{""full_mul_calls"":11,""full_columns"":210,""fr_mul_calls"":11,""fr_columns"":210,""common"":{""operator_mul_calls"":11,""operator_columns"":210,""scalar_mul_calls"":22,""scalar_columns"":420}}","{""full_mul_calls"":12,""full_columns"":234,""fr_mul_calls"":12,""fr_columns"":234,""common"":{""operator_mul_calls"":12,""operator_columns"":234,""scalar_mul_calls"":24,""scalar_columns"":468}}",1.3853002588396835e-14,8.689271738497109e-11
170,1,24,6,2777,Previous map from this run only,64001,1.6881970366256568e-14,3.9158926720890563,370525b16a5b6dce02901857c903e6d7dc9d4cb2af5edd21a0ec00b414f1d96b,True,True,7,0.3236088752746582,184,"{""full_mul_calls"":8,""full_columns"":184,""fr_mul_calls"":8,""fr_columns"":184,""common"":{""operator_mul_calls"":8,""operator_columns"":184,""scalar_mul_calls"":16,""scalar_columns"":368}}","{""full_mul_calls"":9,""full_columns"":208,""fr_mul_calls"":9,""fr_columns"":208,""common"":{""operator_mul_calls"":9,""operator_columns"":208,""scalar_mul_calls"":18,""scalar_columns"":416}}",1.1910049930447127e-14,5.788029997243186e-11
170,2,24,6,2770,Previous map from this run only,64002,1.8219827213333096e-14,3.7599380950059773,a4209580512e3b7858a5b731ff5512818891ad445e7185e0235b8f8a39074abd,True,True,10,0.353801965713501,208,"{""full_mul_calls"":11,""full_columns"":208,""fr_mul_calls"":11,""fr_columns"":208,""common"":{""operator_mul_calls"":11,""operator_columns"":208,""scalar_mul_calls"":22,""scalar_columns"":416}}","{""full_mul_calls"":12,""full_columns"":232,""fr_mul_calls"":12,""fr_columns"":232,""common"":{""operator_mul_calls"":12,""operator_columns"":232,""scalar_mul_calls"":24,""scalar_columns"":464}}",1.346542354491152e-14,9.486698912589824e-11
170,3,24,6,2770,Previous map from this run only,64003,1.787583230058778e-14,3.5254869367337514,d24c1b5d7d4f71e69bd61f181264a514c6bc309a7bbcbd721bdaf6d14303c23e,True,True,10,0.3893709182739258,208,"{""full_mul_calls"":11,""full_columns"":208,""fr_mul_calls"":11,""fr_columns"":208,""common"":{""operator_mul_calls"":11,""operator_columns"":208,""scalar_mul_calls"":22,""scalar_columns"":416}}","{""full_mul_calls"":12,""full_columns"":232,""fr_mul_calls"":12,""fr_columns"":232,""common"":{""operator_mul_calls"":12,""operator_columns"":232,""scalar_mul_calls"":24,""scalar_columns"":464}}",1.36995724802363e-14,9.345486311137124e-11
171,1,24,6,2777,Previous map from this run only,64001,1.4399066673788362e-14,4.072358085183865,b238e7c56871999a02ff7fdc024a1945164aeb39aed800cb91c201469c8b629c,True,True,7,0.3205420970916748,182,"{""full_mul_calls"":8,""full_columns"":182,""fr_mul_calls"":8,""fr_columns"":182,""common"":{""operator_mul_calls"":8,""operator_columns"":182,""scalar_mul_calls"":16,""scalar_columns"":364}}","{""full_mul_calls"":9,""full_columns"":206,""fr_mul_calls"":9,""fr_columns"":206,""common"":{""operator_mul_calls"":9,""operator_columns"":206,""scalar_mul_calls"":18,""scalar_columns"":412}}",1.32258257229858e-14,9.544048205072667e-11
171,2,24,6,2770,Previous map from this run only,64002,1.7535280457899123e-14,4.114649151179596,a9fa74a6073ac979fa61d487f43cd5959c7ee9f781cc616b03dd021e4b2843a8,True,True,10,0.35631704330444336,208,"{""full_mul_calls"":11,""full_columns"":208,""fr_mul_calls"":11,""fr_columns"":208,""common"":{""operator_mul_calls"":11,""operator_columns"":208,""scalar_mul_calls"":22,""scalar_columns"":416}}","{""full_mul_calls"":12,""full_columns"":232,""fr_mul_calls"":12,""fr_columns"":232,""common"":{""operator_mul_calls"":12,""operator_columns"":232,""scalar_mul_calls"":24,""scalar_columns"":464}}",1.2605759693421841e-14,9.447982499064942e-11
171,3,24,6,2770,Previous map from this run only,64003,1.79304299307054e-14,3.725536243360736,c5ad6b83546e103401e7639fcd4880d3756dba352042383414cd657d2bfa30c8,True,True,10,0.35677099227905273,208,"{""full_mul_calls"":11,""full_columns"":208,""fr_mul_calls"":11,""fr_columns"":208,""common"":{""operator_mul_calls"":11,""operator_columns"":208,""scalar_mul_calls"":22,""scalar_columns"":416}}","{""full_mul_calls"":12,""full_columns"":232,""fr_mul_calls"":12,""fr_columns"":232,""common"":{""operator_mul_calls"":12,""operator_columns"":232,""scalar_mul_calls"":24,""scalar_columns"":464}}",1.1691086589999906e-14,9.426070250854591e-11
172,1,24,6,2777,Previous map from this run only,64001,1.5621627690178348e-14,3.838049583558445,77383d06e7f6c8b8f1ef682bc768cd234eaefce4796b6d8ab427efe894befaa0,True,True,7,0.3189878463745117,182,"{""full_mul_calls"":8,""full_columns"":182,""fr_mul_calls"":8,""fr_columns"":182,""common"":{""operator_mul_calls"":8,""operator_columns"":182,""scalar_mul_calls"":16,""scalar_columns"":364}}","{""full_mul_calls"":9,""full_columns"":206,""fr_mul_calls"":9,""fr_columns"":206,""common"":{""operator_mul_calls"":9,""operator_columns"":206,""scalar_mul_calls"":18,""scalar_columns"":412}}",1.0674941532471128e-14,9.920315869159677e-11
172,2,24,6,2770,Previous map from this run only,64002,1.5691283244944722e-14,3.6762247742884657,8466efe59f649d52eff5c9bef62328cbd332106a37800e3b815a56d382722091,True,True,10,0.35212016105651855,208,"{""full_mul_calls"":11,""full_columns"":208,""fr_mul_calls"":11,""fr_columns"":208,""common"":{""operator_mul_calls"":11,""operator_columns"":208,""scalar_mul_calls"":22,""scalar_columns"":416}}","{""full_mul_calls"":12,""full_columns"":232,""fr_mul_calls"":12,""fr_columns"":232,""common"":{""operator_mul_calls"":12,""operator_columns"":232,""scalar_mul_calls"":24,""scalar_columns"":464}}",1.30088617707712e-14,8.162789851984655e-11
172,3,24,6,2770,Previous map from this run only,64003,1.6768333789832322e-14,3.5775802746446,e239f2ef06e331facf58ea680ccbb51211c76c4ddf22c9fcf241f54cc3ca0a16,True,True,10,0.5247259140014648,208,"{""full_mul_calls"":11,""full_columns"":208,""fr_mul_calls"":11,""fr_columns"":208,""common"":{""operator_mul_calls"":11,""operator_columns"":208,""scalar_mul_calls"":22,""scalar_columns"":416}}","{""full_mul_calls"":12,""full_columns"":232,""fr_mul_calls"":12,""fr_columns"":232,""common"":{""operator_mul_calls"":12,""operator_columns"":232,""scalar_mul_calls"":24,""scalar_columns"":464}}",1.392150293917149e-14,8.379827242674648e-11
173,1,24,6,2777,Previous map from this run only,64001,1.3276974232892608e-14,3.70189302147258,8af4a33ced6b7fa9335143eb73bc67db4b0b1a3ef34a59661940119555bdb1a3,True,True,7,0.3207252025604248,182,"{""full_mul_calls"":8,""full_columns"":182,""fr_mul_calls"":8,""fr_columns"":182,""common"":{""operator_mul_calls"":8,""operator_columns"":182,""scalar_mul_calls"":16,""scalar_columns"":364}}","{""full_mul_calls"":9,""full_columns"":206,""fr_mul_calls"":9,""fr_columns"":206,""common"":{""operator_mul_calls"":9,""operator_columns"":206,""scalar_mul_calls"":18,""scalar_columns"":412}}",1.2989594725596811e-14,7.614271136424553e-11
173,2,24,6,2770,Previous map from this run only,64002,1.671685838637282e-14,3.686833894870832,3d52248c4d27f554161eb9cc7edccaef6b8ad69ad01137575537e0f397122924,True,True,10,0.3560669422149658,207,"{""full_mul_calls"":11,""full_columns"":207,""fr_mul_calls"":11,""fr_columns"":207,""common"":{""operator_mul_calls"":11,""operator_columns"":207,""scalar_mul_calls"":22,""scalar_columns"":414}}","{""full_mul_calls"":12,""full_columns"":231,""fr_mul_calls"":12,""fr_columns"":231,""common"":{""operator_mul_calls"":12,""operator_columns"":231,""scalar_mul_calls"":24,""scalar_columns"":462}}",1.5085337331567896e-14,9.888241838768389e-11
173,3,24,6,2770,Previous map from this run only,64003,1.824743642351252e-14,3.6395825957354044,7a72c55d19f5ce8dee0d6c580ec44e8ca0bbaf38ce60d0fa2b8959487c63501b,True,True,10,0.5300848484039307,208,"{""full_mul_calls"":11,""full_columns"":208,""fr_mul_calls"":11,""fr_columns"":208,""common"":{""operator_mul_calls"":11,""operator_columns"":208,""scalar_mul_calls"":22,""scalar_columns"":416}}","{""full_mul_calls"":12,""full_columns"":232,""fr_mul_calls"":12,""fr_columns"":232,""common"":{""operator_mul_calls"":12,""operator_columns"":232,""scalar_mul_calls"":24,""scalar_columns"":464}}",2.031936443513821e-14,8.102441573273285e-11
174,1,24,6,2777,Previous map from this run only,64001,1.664032499753918e-14,3.944392238027694,df4ec885d3fc011fa6899413f83a923561e55158fdb486d3b2b6998a77d932e2,True,True,7,0.31293702125549316,182,"{""full_mul_calls"":8,""full_columns"":182,""fr_mul_calls"":8,""fr_columns"":182,""common"":{""operator_mul_calls"":8,""operator_columns"":182,""scalar_mul_calls"":16,""scalar_columns"":364}}","{""full_mul_calls"":9,""full_columns"":206,""fr_mul_calls"":9,""fr_columns"":206,""common"":{""operator_mul_calls"":9,""operator_columns"":206,""scalar_mul_calls"":18,""scalar_columns"":412}}",1.0316986871404187e-14,8.428198822375004e-11
174,2,24,6,2770,Previous map from this run only,64002,1.7769046037673275e-14,3.8740380981324987,248f2963eb2063c2ab26d0bffc94a7a3434a4a657929bb49837fded5d8424fc3,True,True,9,0.34433698654174805,199,"{""full_mul_calls"":10,""full_columns"":199,""fr_mul_calls"":10,""fr_columns"":199,""common"":{""operator_mul_calls"":10,""operator_columns"":199,""scalar_mul_calls"":20,""scalar_columns"":398}}","{""full_mul_calls"":11,""full_columns"":223,""fr_mul_calls"":11,""fr_columns"":223,""common"":{""operator_mul_calls"":11,""operator_columns"":223,""scalar_mul_calls"":22,""scalar_columns"":446}}",1.3549578569546223e-14,9.782261678380511e-11
174,3,24,6,2770,Previous map from this run only,64003,2.2971093292069314e-14,3.779818036194128,b3ed87c60ff5fa806e4f12a65db4b3fc619dea77eae4615865728058e229291a,True,True,9,0.34152817726135254,198,"{""full_mul_calls"":10,""full_columns"":198,""fr_mul_calls"":10,""fr_columns"":198,""common"":{""operator_mul_calls"":10,""operator_columns"":198,""scalar_mul_calls"":20,""scalar_columns"":396}}","{""full_mul_calls"":11,""full_columns"":222,""fr_mul_calls"":11,""fr_columns"":222,""common"":{""operator_mul_calls"":11,""operator_columns"":222,""scalar_mul_calls"":22,""scalar_columns"":444}}",1.486864992676149e-14,9.834632619059328e-11
175,1,24,6,2777,Previous map from this run only,64001,1.4101712914696042e-14,3.8402408301700324,13227851c95e228432b5612beb00d64d3e48fbf2b8ead79963dcc7f6be0b7bd3,True,True,7,0.31389594078063965,182,"{""full_mul_calls"":8,""full_columns"":182,""fr_mul_calls"":8,""fr_columns"":182,""common"":{""operator_mul_calls"":8,""operator_columns"":182,""scalar_mul_calls"":16,""scalar_columns"":364}}","{""full_mul_calls"":9,""full_columns"":206,""fr_mul_calls"":9,""fr_columns"":206,""common"":{""operator_mul_calls"":9,""operator_columns"":206,""scalar_mul_calls"":18,""scalar_columns"":412}}",1.3400611076557983e-14,6.600878203405704e-11
175,2,24,6,2770,Previous map from this run only,64002,1.8310754946429102e-14,3.9966352254827537,ef92aa3ee6d2cf3bc0a9255179fced3dfe9a10b11d2e4fe78256c66758f06e63,True,True,9,0.34241199493408203,200,"{""full_mul_calls"":10,""full_columns"":200,""fr_mul_calls"":10,""fr_columns"":200,""common"":{""operator_mul_calls"":10,""operator_columns"":200,""scalar_mul_calls"":20,""scalar_columns"":400}}","{""full_mul_calls"":11,""full_columns"":224,""fr_mul_calls"":11,""fr_columns"":224,""common"":{""operator_mul_calls"":11,""operator_columns"":224,""scalar_mul_calls"":22,""scalar_columns"":448}}",1.4771261278488912e-14,9.2250506449205e-11
175,3,24,6,2770,Previous map from this run only,64003,1.8536221392521792e-14,3.863138644981393,33ad8e417d50ea66cc7f73a41c6be95773beb408518e44a90959e1d9786786ce,True,True,9,0.5210099220275879,200,"{""full_mul_calls"":10,""full_columns"":200,""fr_mul_calls"":10,""fr_columns"":200,""common"":{""operator_mul_calls"":10,""operator_columns"":200,""scalar_mul_calls"":20,""scalar_columns"":400}}","{""full_mul_calls"":11,""full_columns"":224,""fr_mul_calls"":11,""fr_columns"":224,""common"":{""operator_mul_calls"":11,""operator_columns"":224,""scalar_mul_calls"":22,""scalar_columns"":448}}",1.5365334996219948e-14,8.781316491082714e-11
176,1,24,6,2777,Previous map from this run only,64001,1.5968841384686036e-14,3.9153698827787746,bc022da60ec755a20940047ea02595645554bdd03427f0fa9af009cd4c9ae84e,True,True,6,0.2895200252532959,164,"{""full_mul_calls"":7,""full_columns"":164,""fr_mul_calls"":7,""fr_columns"":164,""common"":{""operator_mul_calls"":7,""operator_columns"":164,""scalar_mul_calls"":14,""scalar_columns"":328}}","{""full_mul_calls"":8,""full_columns"":188,""fr_mul_calls"":8,""fr_columns"":188,""common"":{""operator_mul_calls"":8,""operator_columns"":188,""scalar_mul_calls"":16,""scalar_columns"":376}}",1.0352629252449599e-14,9.726337945306894e-11
176,2,24,6,2770,Previous map from this run only,64002,1.7092801310232353e-14,3.8525767092432943,c88fb00535cb47f3f23cbd5c12d9d1e5d1db0221f74cb977ab0b346f048107fc,True,True,9,0.33610105514526367,194,"{""full_mul_calls"":10,""full_columns"":194,""fr_mul_calls"":10,""fr_columns"":194,""common"":{""operator_mul_calls"":10,""operator_columns"":194,""scalar_mul_calls"":20,""scalar_columns"":388}}","{""full_mul_calls"":11,""full_columns"":218,""fr_mul_calls"":11,""fr_columns"":218,""common"":{""operator_mul_calls"":11,""operator_columns"":218,""scalar_mul_calls"":22,""scalar_columns"":436}}",1.434300424366977e-14,8.835402592138207e-11
176,3,24,6,2770,Previous map from this run only,64003,1.802636332715173e-14,3.945293007742877,91c3e57f0ddef1f326fc5b4a58324736aa2ed6ff7b20de7e49e259109db3cfc1,True,True,9,0.5007131099700928,194,"{""full_mul_calls"":10,""full_columns"":194,""fr_mul_calls"":10,""fr_columns"":194,""common"":{""operator_mul_calls"":10,""operator_columns"":194,""scalar_mul_calls"":20,""scalar_columns"":388}}","{""full_mul_calls"":11,""full_columns"":218,""fr_mul_calls"":11,""fr_columns"":218,""common"":{""operator_mul_calls"":11,""operator_columns"":218,""scalar_mul_calls"":22,""scalar_columns"":436}}",1.5573738488196813e-14,9.13051433791949e-11
177,1,24,6,2777,Previous map from this run only,64001,1.2808440040460155e-14,3.879369525959807,8aca86822e8a5c0034f0d89d46fc5e79a0b6a1a18c05d2f5322aa4001efc9ffc,True,True,6,0.2834010124206543,164,"{""full_mul_calls"":7,""full_columns"":164,""fr_mul_calls"":7,""fr_columns"":164,""common"":{""operator_mul_calls"":7,""operator_columns"":164,""scalar_mul_calls"":14,""scalar_columns"":328}}","{""full_mul_calls"":8,""full_columns"":188,""fr_mul_calls"":8,""fr_columns"":188,""common"":{""operator_mul_calls"":8,""operator_columns"":188,""scalar_mul_calls"":16,""scalar_columns"":376}}",1.3188460665382178e-14,9.398911293607636e-11
177,2,24,6,2770,Previous map from this run only,64002,1.8604014893549977e-14,4.271488692540754,3ca70ea3aa09b69f25e297c4d75098ed25e84f44bb5d7b1f025a5bf9f0dc2141,True,True,9,0.33393192291259766,194,"{""full_mul_calls"":10,""full_columns"":194,""fr_mul_calls"":10,""fr_columns"":194,""common"":{""operator_mul_calls"":10,""operator_columns"":194,""scalar_mul_calls"":20,""scalar_columns"":388}}","{""full_mul_calls"":11,""full_columns"":218,""fr_mul_calls"":11,""fr_columns"":218,""common"":{""operator_mul_calls"":11,""operator_columns"":218,""scalar_mul_calls"":22,""scalar_columns"":436}}",1.2945694894889942e-14,9.300149303164102e-11
177,3,24,6,2770,Previous map from this run only,64003,1.8376468246327795e-14,3.8107378817221123,4caca47df0ce65bc797995e1414b9fc926e4bac5b42138cdb08bcbe298a1d040,True,True,9,0.33761000633239746,194,"{""full_mul_calls"":10,""full_columns"":194,""fr_mul_calls"":10,""fr_columns"":194,""common"":{""operator_mul_calls"":10,""operator_columns"":194,""scalar_mul_calls"":20,""scalar_columns"":388}}","{""full_mul_calls"":11,""full_columns"":218,""fr_mul_calls"":11,""fr_columns"":218,""common"":{""operator_mul_calls"":11,""operator_columns"":218,""scalar_mul_calls"":22,""scalar_columns"":436}}",1.2745175406152857e-14,9.24419646069777e-11
178,1,24,6,2777,Previous map from this run only,64001,1.4777364522662594e-14,3.832278471008148,aead0bcc01c11ece47e72d88a9d7c8b23b50691ea1aa04240625a7ab3b2f6ce4,True,True,6,0.28905391693115234,164,"{""full_mul_calls"":7,""full_columns"":164,""fr_mul_calls"":7,""fr_columns"":164,""common"":{""operator_mul_calls"":7,""operator_columns"":164,""scalar_mul_calls"":14,""scalar_columns"":328}}","{""full_mul_calls"":8,""full_columns"":188,""fr_mul_calls"":8,""fr_columns"":188,""common"":{""operator_mul_calls"":8,""operator_columns"":188,""scalar_mul_calls"":16,""scalar_columns"":376}}",1.4253141588414304e-14,8.343685796375922e-11
178,2,24,6,2770,Previous map from this run only,64002,1.6639587870829016e-14,3.9280778128295086,7c711ec451af386830f367dcf692d9ed06a45f7c413809b78cdce00322167923,True,True,9,0.3261559009552002,190,"{""full_mul_calls"":10,""full_columns"":190,""fr_mul_calls"":10,""fr_columns"":190,""common"":{""operator_mul_calls"":10,""operator_columns"":190,""scalar_mul_calls"":20,""scalar_columns"":380}}","{""full_mul_calls"":11,""full_columns"":214,""fr_mul_calls"":11,""fr_columns"":214,""common"":{""operator_mul_calls"":11,""operator_columns"":214,""scalar_mul_calls"":22,""scalar_columns"":428}}",1.3742264927692666e-14,9.597297228622837e-11
178,3,24,6,2770,Previous map from this run only,64003,1.624489097420804e-14,3.933592999390668,3b1866cd47cb48190dd91c4f1d48561dfaaaa1da069a04ab871951d8a9690baa,True,True,9,0.3284740447998047,190,"{""full_mul_calls"":10,""full_columns"":190,""fr_mul_calls"":10,""fr_columns"":190,""common"":{""operator_mul_calls"":10,""operator_columns"":190,""scalar_mul_calls"":20,""scalar_columns"":380}}","{""full_mul_calls"":11,""full_columns"":214,""fr_mul_calls"":11,""fr_columns"":214,""common"":{""operator_mul_calls"":11,""operator_columns"":214,""scalar_mul_calls"":22,""scalar_columns"":428}}",1.5107269229016242e-14,9.386085249071408e-11
179,1,24,6,2777,Previous map from this run only,64001,1.6065293294992402e-14,4.021256516413202,5acfefcbb6b7c35efb5a9a4729ded3cd91830bbbd80af17c898f5c080f70248e,True,True,6,0.44159793853759766,164,"{""full_mul_calls"":7,""full_columns"":164,""fr_mul_calls"":7,""fr_columns"":164,""common"":{""operator_mul_calls"":7,""operator_columns"":164,""scalar_mul_calls"":14,""scalar_columns"":328}}","{""full_mul_calls"":8,""full_columns"":188,""fr_mul_calls"":8,""fr_columns"":188,""common"":{""operator_mul_calls"":8,""operator_columns"":188,""scalar_mul_calls"":16,""scalar_columns"":376}}",1.0701354806928155e-14,7.774841845845081e-11
179,2,24,6,2770,Previous map from this run only,64002,1.6972624852731884e-14,3.9177711886028463,b81dace5f1cef0ff932f3ebfe0172c88e8689a2d2c06a33388e32e88390ca660,True,True,9,0.3300440311431885,190,"{""full_mul_calls"":10,""full_columns"":190,""fr_mul_calls"":10,""fr_columns"":190,""common"":{""operator_mul_calls"":10,""operator_columns"":190,""scalar_mul_calls"":20,""scalar_columns"":380}}","{""full_mul_calls"":11,""full_columns"":214,""fr_mul_calls"":11,""fr_columns"":214,""common"":{""operator_mul_calls"":11,""operator_columns"":214,""scalar_mul_calls"":22,""scalar_columns"":428}}",1.4842901032434185e-14,9.423519848448092e-11
179,3,24,6,2770,Previous map from this run only,64003,1.901739815055777e-14,4.10806375524328,0ffb1d28d430af71babaaa3ab51827da0e4f16ecf3d7ba95d1a363690f2c7e39,True,True,9,0.32668614387512207,190,"{""full_mul_calls"":10,""full_columns"":190,""fr_mul_calls"":10,""fr_columns"":190,""common"":{""operator_mul_calls"":10,""operator_columns"":190,""scalar_mul_calls"":20,""scalar_columns"":380}}","{""full_mul_calls"":11,""full_columns"":214,""fr_mul_calls"":11,""fr_columns"":214,""common"":{""operator_mul_calls"":11,""operator_columns"":214,""scalar_mul_calls"":22,""scalar_columns"":428}}",1.4480327047918904e-14,9.421773750452035e-11
180,1,24,6,2777,Previous map from this run only,64001,1.3421154995398274e-14,4.012830409954733,15362ce7be364752f35ca11bea5575671c6773a7c642f35495d2f36c175a769d,True,True,6,0.2839231491088867,162,"{""full_mul_calls"":7,""full_columns"":162,""fr_mul_calls"":7,""fr_columns"":162,""common"":{""operator_mul_calls"":7,""operator_columns"":162,""scalar_mul_calls"":14,""scalar_columns"":324}}","{""full_mul_calls"":8,""full_columns"":186,""fr_mul_calls"":8,""fr_columns"":186,""common"":{""operator_mul_calls"":8,""operator_columns"":186,""scalar_mul_calls"":16,""scalar_columns"":372}}",1.3717918109667454e-14,9.318195230613595e-11
180,2,24,6,2770,Previous map from this run only,64002,1.7883314802178015e-14,3.6850618409541904,276b417431bcc3f9724365520a4d2ec615034e61342f59253a23067fd2b3b1df,True,True,9,0.3160080909729004,188,"{""full_mul_calls"":10,""full_columns"":188,""fr_mul_calls"":10,""fr_columns"":188,""common"":{""operator_mul_calls"":10,""operator_columns"":188,""scalar_mul_calls"":20,""scalar_columns"":376}}","{""full_mul_calls"":11,""full_columns"":212,""fr_mul_calls"":11,""fr_columns"":212,""common"":{""operator_mul_calls"":11,""operator_columns"":212,""scalar_mul_calls"":22,""scalar_columns"":424}}",1.3357252740153976e-14,9.079717526073538e-11
180,3,24,6,2770,Previous map from this run only,64003,1.812510461429388e-14,3.741960660136241,5db9983a515b6ceb9f329cd6b5df8328d0242852f4576ce5b1032819cc3d91cf,True,True,9,0.3213059902191162,188,"{""full_mul_calls"":10,""full_columns"":188,""fr_mul_calls"":10,""fr_columns"":188,""common"":{""operator_mul_calls"":10,""operator_columns"":188,""scalar_mul_calls"":20,""scalar_columns"":376}}","{""full_mul_calls"":11,""full_columns"":212,""fr_mul_calls"":11,""fr_columns"":212,""common"":{""operator_mul_calls"":11,""operator_columns"":212,""scalar_mul_calls"":22,""scalar_columns"":424}}",1.2229200192591303e-14,9.060825598829697e-11
181,1,24,6,2777,Previous map from this run only,64001,1.7418405394929663e-14,3.926611393817803,b56fbadd3bcb2d2c3ec7f13eb23964f94a683a18bbd4a2a2415fe4a2a1273dd2,True,True,6,0.28574204444885254,162,"{""full_mul_calls"":7,""full_columns"":162,""fr_mul_calls"":7,""fr_columns"":162,""common"":{""operator_mul_calls"":7,""operator_columns"":162,""scalar_mul_calls"":14,""scalar_columns"":324}}","{""full_mul_calls"":8,""full_columns"":186,""fr_mul_calls"":8,""fr_columns"":186,""common"":{""operator_mul_calls"":8,""operator_columns"":186,""scalar_mul_calls"":16,""scalar_columns"":372}}",1.1945511895848368e-14,7.684369395832331e-11
181,2,24,6,2770,Previous map from this run only,64002,1.8518393427577348e-14,3.6980809512612693,d133fe3e1c7063f8cfd8febb2c66dd893f3b5b7b188e84b879ea64cc31b3366d,True,True,8,0.3107321262359619,180,"{""full_mul_calls"":9,""full_columns"":180,""fr_mul_calls"":9,""fr_columns"":180,""common"":{""operator_mul_calls"":9,""operator_columns"":180,""scalar_mul_calls"":18,""scalar_columns"":360}}","{""full_mul_calls"":10,""full_columns"":204,""fr_mul_calls"":10,""fr_columns"":204,""common"":{""operator_mul_calls"":10,""operator_columns"":204,""scalar_mul_calls"":20,""scalar_columns"":408}}",1.3121107927356217e-14,9.993769401368518e-11
181,3,24,6,2770,Previous map from this run only,64003,1.579834231586018e-14,4.0777409362037025,971462a63eb111217b8aff266be871f9d09af7b15bed2c30de0bf76b91f3c433,True,True,9,0.3220968246459961,188,"{""full_mul_calls"":10,""full_columns"":188,""fr_mul_calls"":10,""fr_columns"":188,""common"":{""operator_mul_calls"":10,""operator_columns"":188,""scalar_mul_calls"":20,""scalar_columns"":376}}","{""full_mul_calls"":11,""full_columns"":212,""fr_mul_calls"":11,""fr_columns"":212,""common"":{""operator_mul_calls"":11,""operator_columns"":212,""scalar_mul_calls"":22,""scalar_columns"":424}}",1.5337397475865535e-14,9.531159257557341e-11
182,1,24,6,2777,Previous map from this run only,64001,1.5194483682897622e-14,3.873380421509291,7f7bb81e958d4c6753f0f4ad3f64f1e7a3ffb4c61b7f47668d2682294bd9c1f3,True,True,6,0.4326958656311035,160,"{""full_mul_calls"":7,""full_columns"":160,""fr_mul_calls"":7,""fr_columns"":160,""common"":{""operator_mul_calls"":7,""operator_columns"":160,""scalar_mul_calls"":14,""scalar_columns"":320}}","{""full_mul_calls"":8,""full_columns"":184,""fr_mul_calls"":8,""fr_columns"":184,""common"":{""operator_mul_calls"":8,""operator_columns"":184,""scalar_mul_calls"":16,""scalar_columns"":368}}",1.258506485424268e-14,8.825392791799508e-11
182,2,24,6,2770,Previous map from this run only,64002,1.5820168323884736e-14,4.029828842596821,676e10fd39dbeebe587adcf29c057fb2b876e988d771f499d11aa5e9ebdeb756,True,True,8,0.31097888946533203,178,"{""full_mul_calls"":9,""full_columns"":178,""fr_mul_calls"":9,""fr_columns"":178,""common"":{""operator_mul_calls"":9,""operator_columns"":178,""scalar_mul_calls"":18,""scalar_columns"":356}}","{""full_mul_calls"":10,""full_columns"":202,""fr_mul_calls"":10,""fr_columns"":202,""common"":{""operator_mul_calls"":10,""operator_columns"":202,""scalar_mul_calls"":20,""scalar_columns"":404}}",1.3012910604593833e-14,8.847925388043428e-11
182,3,24,6,2770,Previous map from this run only,64003,1.9245782371801194e-14,3.8391488515385075,344e9fb0e88f7aec48e0372326c88eff53f033bcf2082724b42748dc0699ed1f,True,True,8,0.3085789680480957,178,"{""full_mul_calls"":9,""full_columns"":178,""fr_mul_calls"":9,""fr_columns"":178,""common"":{""operator_mul_calls"":9,""operator_columns"":178,""scalar_mul_calls"":18,""scalar_columns"":356}}","{""full_mul_calls"":10,""full_columns"":202,""fr_mul_calls"":10,""fr_columns"":202,""common"":{""operator_mul_calls"":10,""operator_columns"":202,""scalar_mul_calls"":20,""scalar_columns"":404}}",1.3009732891648324e-14,8.796835149550041e-11
183,1,24,6,2777,Previous map from this run only,64001,1.4513377328809226e-14,3.912940608913177,7c111eabed645d592f18abc14336304ea84280600efe53a5e0d5b7369fe36ada,True,True,6,0.2786579132080078,160,"{""full_mul_calls"":7,""full_columns"":160,""fr_mul_calls"":7,""fr_columns"":160,""common"":{""operator_mul_calls"":7,""operator_columns"":160,""scalar_mul_calls"":14,""scalar_columns"":320}}","{""full_mul_calls"":8,""full_columns"":184,""fr_mul_calls"":8,""fr_columns"":184,""common"":{""operator_mul_calls"":8,""operator_columns"":184,""scalar_mul_calls"":16,""scalar_columns"":368}}",1.260627700615078e-14,9.602300672966884e-11
183,2,24,6,2770,Previous map from this run only,64002,1.516958452269236e-14,3.9237909945550338,91330fda8d9e4664dd8be6dc4296830f201d744007c53ec80ef233694d5d7cd3,True,True,8,0.3020179271697998,178,"{""full_mul_calls"":9,""full_columns"":178,""fr_mul_calls"":9,""fr_columns"":178,""common"":{""operator_mul_calls"":9,""operator_columns"":178,""scalar_mul_calls"":18,""scalar_columns"":356}}","{""full_mul_calls"":10,""full_columns"":202,""fr_mul_calls"":10,""fr_columns"":202,""common"":{""operator_mul_calls"":10,""operator_columns"":202,""scalar_mul_calls"":20,""scalar_columns"":404}}",1.4460606920527584e-14,9.107417324408502e-11
183,3,24,6,2770,Previous map from this run only,64003,1.5828923024980037e-14,3.8718229273604745,0f33dd1607b746dac21648fbf7848625b70878b67046125101fe7f1ef7aaeb86,True,True,8,0.3040339946746826,178,"{""full_mul_calls"":9,""full_columns"":178,""fr_mul_calls"":9,""fr_columns"":178,""common"":{""operator_mul_calls"":9,""operator_columns"":178,""scalar_mul_calls"":18,""scalar_columns"":356}}","{""full_mul_calls"":10,""full_columns"":202,""fr_mul_calls"":10,""fr_columns"":202,""common"":{""operator_mul_calls"":10,""operator_columns"":202,""scalar_mul_calls"":20,""scalar_columns"":404}}",1.3459867754047649e-14,8.95933235611603e-11
184,1,24,6,2777,Previous map from this run only,64001,1.6123248328161855e-14,3.7891276320277165,fa3ace74cd4d7e7012aafe98cbc205c17d728ad3258e69be3c5e8a7247556350,True,True,6,0.4272170066833496,160,"{""full_mul_calls"":7,""full_columns"":160,""fr_mul_calls"":7,""fr_columns"":160,""common"":{""operator_mul_calls"":7,""operator_columns"":160,""scalar_mul_calls"":14,""scalar_columns"":320}}","{""full_mul_calls"":8,""full_columns"":184,""fr_mul_calls"":8,""fr_columns"":184,""common"":{""operator_mul_calls"":8,""operator_columns"":184,""scalar_mul_calls"":16,""scalar_columns"":368}}",1.2951570882604053e-14,8.073064760888888e-11
184,2,24,6,2770,Previous map from this run only,64002,1.846054668586149e-14,3.908365053924174,8314dd0cdbd6797ba290af87be5bd36248118d564120a1b8448a8cf208bb90a4,True,True,8,0.3061389923095703,177,"{""full_mul_calls"":9,""full_columns"":177,""fr_mul_calls"":9,""fr_columns"":177,""common"":{""operator_mul_calls"":9,""operator_columns"":177,""scalar_mul_calls"":18,""scalar_columns"":354}}","{""full_mul_calls"":10,""full_columns"":201,""fr_mul_calls"":10,""fr_columns"":201,""common"":{""operator_mul_calls"":10,""operator_columns"":201,""scalar_mul_calls"":20,""scalar_columns"":402}}",1.127894644343906e-14,9.949696504987807e-11
184,3,24,6,2770,Previous map from this run only,64003,1.631904249085725e-14,3.9848062226040804,4ed192da378cc10958b9760c7b5da5d39d0112e7b31006d4b9f332b1078e5fd2,True,True,8,0.30582404136657715,178,"{""full_mul_calls"":9,""full_columns"":178,""fr_mul_calls"":9,""fr_columns"":178,""common"":{""operator_mul_calls"":9,""operator_columns"":178,""scalar_mul_calls"":18,""scalar_columns"":356}}","{""full_mul_calls"":10,""full_columns"":202,""fr_mul_calls"":10,""fr_columns"":202,""common"":{""operator_mul_calls"":10,""operator_columns"":202,""scalar_mul_calls"":20,""scalar_columns"":404}}",1.590522756960838e-14,7.533385524844802e-11
185,1,24,6,2777,Previous map from this run only,64001,1.6488531007758996e-14,3.845839247623157,01ba1fed05ef7c79cec09402e1103cd975a91e436c8f9a46efe76a2fdcc59cb5,True,True,6,0.27591681480407715,158,"{""full_mul_calls"":7,""full_columns"":158,""fr_mul_calls"":7,""fr_columns"":158,""common"":{""operator_mul_calls"":7,""operator_columns"":158,""scalar_mul_calls"":14,""scalar_columns"":316}}","{""full_mul_calls"":8,""full_columns"":182,""fr_mul_calls"":8,""fr_columns"":182,""common"":{""operator_mul_calls"":8,""operator_columns"":182,""scalar_mul_calls"":16,""scalar_columns"":364}}",1.1041704402339271e-14,9.74341117215168e-11
185,2,24,6,2770,Previous map from this run only,64002,1.5829605606900575e-14,3.706328868507385,71e8d602c8cfde4912fb2756f7568000a8e651319cc53f854a9e3f983a0d11e4,True,True,8,0.3016040325164795,174,"{""full_mul_calls"":9,""full_columns"":174,""fr_mul_calls"":9,""fr_columns"":174,""common"":{""operator_mul_calls"":9,""operator_columns"":174,""scalar_mul_calls"":18,""scalar_columns"":348}}","{""full_mul_calls"":10,""full_columns"":198,""fr_mul_calls"":10,""fr_columns"":198,""common"":{""operator_mul_calls"":10,""operator_columns"":198,""scalar_mul_calls"":20,""scalar_columns"":396}}",1.4599836168710448e-14,9.899264522722924e-11
185,3,24,6,2770,Previous map from this run only,64003,2.0507298644493642e-14,3.6698256302634196,54718c1c11efd5536330c493cf9345ea133aa2c08b5b6264970ce6ac647b3f48,True,True,8,0.30748915672302246,178,"{""full_mul_calls"":9,""full_columns"":178,""fr_mul_calls"":9,""fr_columns"":178,""common"":{""operator_mul_calls"":9,""operator_columns"":178,""scalar_mul_calls"":18,""scalar_columns"":356}}","{""full_mul_calls"":10,""full_columns"":202,""fr_mul_calls"":10,""fr_columns"":202,""common"":{""operator_mul_calls"":10,""operator_columns"":202,""scalar_mul_calls"":20,""scalar_columns"":404}}",1.411217645122323e-14,7.803003462635067e-11
186,1,24,6,2777,Previous map from this run only,64001,1.3662683505240856e-14,3.867848840214611,7d8d2d853531dcedaa13654a43aa231151f1182245ec4f61447b99ac85b6bbfb,True,True,6,0.2726860046386719,157,"{""full_mul_calls"":7,""full_columns"":157,""fr_mul_calls"":7,""fr_columns"":157,""common"":{""operator_mul_calls"":7,""operator_columns"":157,""scalar_mul_calls"":14,""scalar_columns"":314}}","{""full_mul_calls"":8,""full_columns"":181,""fr_mul_calls"":8,""fr_columns"":181,""common"":{""operator_mul_calls"":8,""operator_columns"":181,""scalar_mul_calls"":16,""scalar_columns"":362}}",1.4036501022685486e-14,9.978222771817669e-11
186,2,24,6,2770,Previous map from this run only,64002,1.77316457392781e-14,3.872061036007507,4a284a355442d5539e303d2c543ff60a091a60813b6e2e9d463c4320d5d60b2c,True,True,8,0.2986431121826172,174,"{""full_mul_calls"":9,""full_columns"":174,""fr_mul_calls"":9,""fr_columns"":174,""common"":{""operator_mul_calls"":9,""operator_columns"":174,""scalar_mul_calls"":18,""scalar_columns"":348}}","{""full_mul_calls"":10,""full_columns"":198,""fr_mul_calls"":10,""fr_columns"":198,""common"":{""operator_mul_calls"":10,""operator_columns"":198,""scalar_mul_calls"":20,""scalar_columns"":396}}",1.329032841258473e-14,8.643514117473395e-11
186,3,24,6,2770,Previous map from this run only,64003,1.641787649447146e-14,3.951802580147311,ad4cde3781acf813a8178c98fbbeac53dbabcafa4b410d1ac1e46d42e3b66def,True,True,8,0.29986000061035156,174,"{""full_mul_calls"":9,""full_columns"":174,""fr_mul_calls"":9,""fr_columns"":174,""common"":{""operator_mul_calls"":9,""operator_columns"":174,""scalar_mul_calls"":18,""scalar_columns"":348}}","{""full_mul_calls"":10,""full_columns"":198,""fr_mul_calls"":10,""fr_columns"":198,""common"":{""operator_mul_calls"":10,""operator_columns"":198,""scalar_mul_calls"":20,""scalar_columns"":396}}",1.3312740369733546e-14,8.541042783207892e-11
187,1,24,6,2777,Previous map from this run only,64001,1.577132332299961e-14,3.917106603154902,5740514ee62e523f0ae28f19ed058845379bec2fcaf667dd9f71e844b8519f32,True,True,6,0.2986180782318115,157,"{""full_mul_calls"":7,""full_columns"":157,""fr_mul_calls"":7,""fr_columns"":157,""common"":{""operator_mul_calls"":7,""operator_columns"":157,""scalar_mul_calls"":14,""scalar_columns"":314}}","{""full_mul_calls"":8,""full_columns"":181,""fr_mul_calls"":8,""fr_columns"":181,""common"":{""operator_mul_calls"":8,""operator_columns"":181,""scalar_mul_calls"":16,""scalar_columns"":362}}",1.1943480538554809e-14,9.676044705663614e-11
187,2,24,6,2770,Previous map from this run only,64002,1.6609466628862536e-14,4.01386984986125,660956e5f35001e9bd1b4d14564cf2ead74197b13c06e601e016e92f1ed99cf3,True,True,8,0.4523780345916748,174,"{""full_mul_calls"":9,""full_columns"":174,""fr_mul_calls"":9,""fr_columns"":174,""common"":{""operator_mul_calls"":9,""operator_columns"":174,""scalar_mul_calls"":18,""scalar_columns"":348}}","{""full_mul_calls"":10,""full_columns"":198,""fr_mul_calls"":10,""fr_columns"":198,""common"":{""operator_mul_calls"":10,""operator_columns"":198,""scalar_mul_calls"":20,""scalar_columns"":396}}",1.5142712115149547e-14,8.715694486724984e-11
187,3,24,6,2770,Previous map from this run only,64003,1.6422447219307284e-14,3.941575203369987,cf86336b5311bc8012f82a994b815664ae7de0090cbf76e4edf328ef4dd1133c,True,True,8,0.29947495460510254,174,"{""full_mul_calls"":9,""full_columns"":174,""fr_mul_calls"":9,""fr_columns"":174,""common"":{""operator_mul_calls"":9,""operator_columns"":174,""scalar_mul_calls"":18,""scalar_columns"":348}}","{""full_mul_calls"":10,""full_columns"":198,""fr_mul_calls"":10,""fr_columns"":198,""common"":{""operator_mul_calls"":10,""operator_columns"":198,""scalar_mul_calls"":20,""scalar_columns"":396}}",1.6647210207688097e-14,8.39851819979881e-11
188,1,24,6,2777,Previous map from this run only,64001,1.4309503839577567e-14,3.9147312726781203,52f074e88efd6c358dc888a5a23674c2a67dd7448d514febb2e6c69227caa901,True,True,5,0.2714228630065918,142,"{""full_mul_calls"":6,""full_columns"":142,""fr_mul_calls"":6,""fr_columns"":142,""common"":{""operator_mul_calls"":6,""operator_columns"":142,""scalar_mul_calls"":12,""scalar_columns"":284}}","{""full_mul_calls"":7,""full_columns"":166,""fr_mul_calls"":7,""fr_columns"":166,""common"":{""operator_mul_calls"":7,""operator_columns"":166,""scalar_mul_calls"":14,""scalar_columns"":332}}",9.297831209586785e-15,8.646288673049566e-11
188,2,24,6,2770,Previous map from this run only,64002,1.925005940787734e-14,3.9612471532051714,43e3562bf1161254e6d7090eb6dc6f8849f0f99b82db2504e4c41f01a93efdab,True,True,8,0.44696784019470215,172,"{""full_mul_calls"":9,""full_columns"":172,""fr_mul_calls"":9,""fr_columns"":172,""common"":{""operator_mul_calls"":9,""operator_columns"":172,""scalar_mul_calls"":18,""scalar_columns"":344}}","{""full_mul_calls"":10,""full_columns"":196,""fr_mul_calls"":10,""fr_columns"":196,""common"":{""operator_mul_calls"":10,""operator_columns"":196,""scalar_mul_calls"":20,""scalar_columns"":392}}",1.4287891076747983e-14,8.972779513095064e-11
188,3,24,6,2770,Previous map from this run only,64003,1.8815851626507835e-14,3.9032005455875276,96975c133529e012a13577cb186f23d3c2f6abde9caf32bec76404dc18b35bde,True,True,8,0.29332613945007324,170,"{""full_mul_calls"":9,""full_columns"":170,""fr_mul_calls"":9,""fr_columns"":170,""common"":{""operator_mul_calls"":9,""operator_columns"":170,""scalar_mul_calls"":18,""scalar_columns"":340}}","{""full_mul_calls"":10,""full_columns"":194,""fr_mul_calls"":10,""fr_columns"":194,""common"":{""operator_mul_calls"":10,""operator_columns"":194,""scalar_mul_calls"":20,""scalar_columns"":388}}",1.5622095049400747e-14,9.857138905931806e-11
189,1,24,6,2777,Previous map from this run only,64001,1.1877142548878782e-14,3.86969587875731,e4a42290d6dcaa573ae8152ec639ec52afa4518ee87967c4fe1237deaddfc205,True,True,5,0.26769089698791504,142,"{""full_mul_calls"":6,""full_columns"":142,""fr_mul_calls"":6,""fr_columns"":142,""common"":{""operator_mul_calls"":6,""operator_columns"":142,""scalar_mul_calls"":12,""scalar_columns"":284}}","{""full_mul_calls"":7,""full_columns"":166,""fr_mul_calls"":7,""fr_columns"":166,""common"":{""operator_mul_calls"":7,""operator_columns"":166,""scalar_mul_calls"":14,""scalar_columns"":332}}",1.3129683386386519e-14,7.996066741085676e-11
189,2,24,6,2770,Previous map from this run only,64002,1.858542396617477e-14,3.880928309066589,e881d85ee5447388a26557f4f118d40a4b74fb1b40042288d96cbda8b442c67d,True,True,8,0.4359579086303711,168,"{""full_mul_calls"":9,""full_columns"":168,""fr_mul_calls"":9,""fr_columns"":168,""common"":{""operator_mul_calls"":9,""operator_columns"":168,""scalar_mul_calls"":18,""scalar_columns"":336}}","{""full_mul_calls"":10,""full_columns"":192,""fr_mul_calls"":10,""fr_columns"":192,""common"":{""operator_mul_calls"":10,""operator_columns"":192,""scalar_mul_calls"":20,""scalar_columns"":384}}",1.4327365927899424e-14,9.905681103184024e-11
189,3,24,6,2770,Previous map from this run only,64003,1.7699619220101494e-14,3.669547967343002,5b0c73ca00bbe3787745e2ed38f2a75804757a8d49c7253f575006b84b4a5f92,True,True,8,0.28299593925476074,168,"{""full_mul_calls"":9,""full_columns"":168,""fr_mul_calls"":9,""fr_columns"":168,""common"":{""operator_mul_calls"":9,""operator_columns"":168,""scalar_mul_calls"":18,""scalar_columns"":336}}","{""full_mul_calls"":10,""full_columns"":192,""fr_mul_calls"":10,""fr_columns"":192,""common"":{""operator_mul_calls"":10,""operator_columns"":192,""scalar_mul_calls"":20,""scalar_columns"":384}}",1.2208951631321005e-14,9.84280401470975e-11
190,1,24,6,2777,Previous map from this run only,64001,1.5595782525201017e-14,3.818884968224106,700fc126aa1b14f9567787533694918e0180ac3732faa4ae8a0259858a20a95c,True,True,5,0.27096009254455566,142,"{""full_mul_calls"":6,""full_columns"":142,""fr_mul_calls"":6,""fr_columns"":142,""common"":{""operator_mul_calls"":6,""operator_columns"":142,""scalar_mul_calls"":12,""scalar_columns"":284}}","{""full_mul_calls"":7,""full_columns"":166,""fr_mul_calls"":7,""fr_columns"":166,""common"":{""operator_mul_calls"":7,""operator_columns"":166,""scalar_mul_calls"":14,""scalar_columns"":332}}",1.1170329670255268e-14,7.889875449892684e-11
190,2,24,6,2770,Previous map from this run only,64002,1.952186799535503e-14,4.063143961467408,398076e780caa6edd0dbb43a8d07f38a8a66daa1000483d8dcf8f5c18272e7ad,True,True,7,0.4229588508605957,158,"{""full_mul_calls"":8,""full_columns"":158,""fr_mul_calls"":8,""fr_columns"":158,""common"":{""operator_mul_calls"":8,""operator_columns"":158,""scalar_mul_calls"":16,""scalar_columns"":316}}","{""full_mul_calls"":9,""full_columns"":182,""fr_mul_calls"":9,""fr_columns"":182,""common"":{""operator_mul_calls"":9,""operator_columns"":182,""scalar_mul_calls"":18,""scalar_columns"":364}}",1.267042253420418e-14,9.869455056475323e-11
190,3,24,6,2770,Previous map from this run only,64003,1.497793077743626e-14,4.097747832548731,b6bcd47dd05f7faae81afa8c270368c2993bb1324ce39ba65e25f427031a7ba2,True,True,7,0.27155017852783203,158,"{""full_mul_calls"":8,""full_columns"":158,""fr_mul_calls"":8,""fr_columns"":158,""common"":{""operator_mul_calls"":8,""operator_columns"":158,""scalar_mul_calls"":16,""scalar_columns"":316}}","{""full_mul_calls"":9,""full_columns"":182,""fr_mul_calls"":9,""fr_columns"":182,""common"":{""operator_mul_calls"":9,""operator_columns"":182,""scalar_mul_calls"":18,""scalar_columns"":364}}",1.0956511487059529e-14,9.877449131024973e-11
191,1,24,6,2777,Previous map from this run only,64001,1.3498301858718528e-14,3.8599661713252074,bf17285aa7fb225b61d7bb316ec36be95613ffaef331173744c1603a517cc09d,True,True,8,0.37012314796447754,210,"{""full_mul_calls"":9,""full_columns"":210,""fr_mul_calls"":9,""fr_columns"":210,""common"":{""operator_mul_calls"":9,""operator_columns"":210,""scalar_mul_calls"":18,""scalar_columns"":420}}","{""full_mul_calls"":10,""full_columns"":234,""fr_mul_calls"":10,""fr_columns"":234,""common"":{""operator_mul_calls"":10,""operator_columns"":234,""scalar_mul_calls"":20,""scalar_columns"":468}}",1.1468991299505142e-14,7.592957127296291e-11
191,2,24,6,2770,Previous map from this run only,64002,1.469226686624273e-14,4.013044566066711,81e45eb661d459896370dceaa83b4a09137173e525dc852224402840fe035b26,True,True,11,0.5681760311126709,228,"{""full_mul_calls"":12,""full_columns"":228,""fr_mul_calls"":12,""fr_columns"":228,""common"":{""operator_mul_calls"":12,""operator_columns"":228,""scalar_mul_calls"":24,""scalar_columns"":456}}","{""full_mul_calls"":13,""full_columns"":252,""fr_mul_calls"":13,""fr_columns"":252,""common"":{""operator_mul_calls"":13,""operator_columns"":252,""scalar_mul_calls"":26,""scalar_columns"":504}}",1.770241383018327e-14,8.946712915219417e-11
191,3,24,6,2770,Previous map from this run only,64003,1.4527751893976037e-14,3.8459701826019024,580528789c3c1c27a2f1a9473338ca74714cdd118b34b9f28c1d3433cd4adaac,True,True,11,0.3957860469818115,228,"{""full_mul_calls"":12,""full_columns"":228,""fr_mul_calls"":12,""fr_columns"":228,""common"":{""operator_mul_calls"":12,""operator_columns"":228,""scalar_mul_calls"":24,""scalar_columns"":456}}","{""full_mul_calls"":13,""full_columns"":252,""fr_mul_calls"":13,""fr_columns"":252,""common"":{""operator_mul_calls"":13,""operator_columns"":252,""scalar_mul_calls"":26,""scalar_columns"":504}}",1.572089558299287e-14,8.941947887918604e-11
