pair,left,right,k_index,coordinate_fractional,band_index,left_eigenvalue_ha,right_eigenvalue_ha,left_occupation,right_occupation,group,occupation_classification_matches,raw_difference_ha,raw_difference_ev,raw_difference_mev,raw_difference_uev,global_reference_difference_ha,global_reference_difference_ev,global_reference_difference_mev,global_reference_difference_uev,mg_C_diagnostic_ha
D36_minus_Q36,D36,Q36,1,"[0.0,0.0,0.0]",1,-3.290030681128614,-3.290030032987275,1.0,1.0,occupied,True,-6.481413392656066e-07,-1.7636824324743832e-05,-0.01763682432474383,-17.63682432474383,,,,,
D36_minus_Q36,D36,Q36,1,"[0.0,0.0,0.0]",2,-3.290030681128612,-3.290030032987272,1.0,1.0,occupied,True,-6.48141340153785e-07,-1.76368243489124e-05,-0.017636824348912398,-17.6368243489124,,,,,
D36_minus_Q36,D36,Q36,1,"[0.0,0.0,0.0]",3,-1.661499453064247,-1.661499016476153,1.0,1.0,occupied,True,-4.365880941215039e-07,-1.188016725953695e-05,-0.01188016725953695,-11.88016725953695,,,,,
D36_minus_Q36,D36,Q36,1,"[0.0,0.0,0.0]",4,-1.661499453064246,-1.661499016476153,1.0,1.0,occupied,True,-4.365880930112809e-07,-1.1880167229326242e-05,-0.011880167229326243,-11.880167229326242,,,,,
D36_minus_Q36,D36,Q36,1,"[0.0,0.0,0.0]",5,-1.652785545715813,-1.652785108001084,1.0,1.0,occupied,True,-4.377147289069683e-07,-1.191082455384238e-05,-0.011910824553842379,-11.91082455384238,,,,,
D36_minus_Q36,D36,Q36,1,"[0.0,0.0,0.0]",6,-1.652785545715813,-1.652785108001082,1.0,1.0,occupied,True,-4.377147309053697e-07,-1.1910824608221652e-05,-0.011910824608221652,-11.910824608221652,,,,,
D36_minus_Q36,D36,Q36,1,"[0.0,0.0,0.0]",7,-1.652602182644505,-1.652601749147876,1.0,1.0,occupied,True,-4.3349662903757746e-07,-1.1796044209072264e-05,-0.011796044209072263,-11.796044209072264,,,,,
D36_minus_Q36,D36,Q36,1,"[0.0,0.0,0.0]",8,-1.652602182644504,-1.652601749147871,1.0,1.0,occupied,True,-4.3349663303438035e-07,-1.179604431783081e-05,-0.011796044317830809,-11.796044317830809,,,,,
D36_minus_Q36,D36,Q36,1,"[0.0,0.0,0.0]",9,-0.1592091612709172,-0.1592092749502884,1.0,1.0,occupied,True,1.1367937119421967e-07,3.0933732777661577e-06,0.0030933732777661577,3.093373277766158,,,,,
D36_minus_Q36,D36,Q36,1,"[0.0,0.0,0.0]",10,-0.1592091612709162,-0.1592092749502856,1.0,1.0,occupied,True,1.1367936941786283e-07,3.0933732294290257e-06,0.0030933732294290256,3.0933732294290257,,,,,
D36_minus_Q36,D36,Q36,1,"[0.0,0.0,0.0]",11,0.06051999770811803,0.06051991280831323,1.777148474580432e-57,1.77729936054401e-57,empty,True,8.489980479753356e-08,2.3102413805540765e-06,0.0023102413805540767,2.3102413805540767,,,,,
D36_minus_Q36,D36,Q36,1,"[0.0,0.0,0.0]",12,0.06051999770811867,0.06051991280831323,1.77714847457927e-57,1.77729936054401e-57,empty,True,8.48998054359118e-08,2.310241397925233e-06,0.0023102413979252333,2.310241397925233,,,,,
D36_minus_Q36,D36,Q36,1,"[0.0,0.0,0.0]",13,0.06082948730446573,0.06082939159305185,1.304109591899228e-57,1.304234416045572e-57,empty,True,9.571141388470261e-08,2.6044402513655917e-06,0.0026044402513655915,2.6044402513655918,,,,,
D36_minus_Q36,D36,Q36,1,"[0.0,0.0,0.0]",14,0.06082948730446573,0.0608293915930537,1.304109591899228e-57,1.304234416043162e-57,empty,True,9.571141203201794e-08,2.6044402009514735e-06,0.0026044402009514733,2.6044402009514735,,,,,
D36_minus_Q36,D36,Q36,1,"[0.0,0.0,0.0]",15,0.06100683133081215,0.06100672751265537,1.092180849269035e-57,1.092294243357766e-57,empty,True,1.038181567797336e-07,2.825035963479142e-06,0.002825035963479142,2.825035963479142,,,,,
D36_minus_Q36,D36,Q36,1,"[0.0,0.0,0.0]",16,0.06100683133081279,0.06100672751265838,1.092180849268321e-57,1.092294243354444e-57,empty,True,1.0381815441357078e-07,2.8250358990925718e-06,0.0028250358990925717,2.8250358990925717,,,,,
D36_minus_Q36,D36,Q36,1,"[0.0,0.0,0.0]",17,0.06559166867072778,0.06559085277096612,1.114615299565253e-59,1.115525085018926e-59,empty,True,8.15899761669181e-07,2.2201763552783927e-05,0.022201763552783926,22.201763552783927,,,,,
D36_minus_Q36,D36,Q36,1,"[0.0,0.0,0.0]",18,0.06559166867072842,0.06559085277096681,1.114615299564556e-59,1.115525085018165e-59,empty,True,8.158997616136698e-07,2.2201763551273393e-05,0.022201763551273394,22.20176355127339,,,,,
D36_minus_Q36,D36,Q36,1,"[0.0,0.0,0.0]",19,0.1027212622462766,0.1027211411499545,8.355018095856599e-76,8.356029919081802e-76,empty,True,1.210963221087713e-07,3.2951987938695043e-06,0.0032951987938695045,3.2951987938695044,,,,,
D36_minus_Q36,D36,Q36,1,"[0.0,0.0,0.0]",20,0.1027212622462779,0.1027211411499712,8.35501809584615e-76,8.35602991894263e-76,empty,True,1.2109630669054905e-07,3.295198374318303e-06,0.003295198374318303,3.295198374318303,,,,,
D36_minus_Q36,D36,Q36,1,"[0.0,0.0,0.0]",21,0.1028746780712616,0.1028745518917121,7.166708638129729e-76,7.167612987250946e-76,empty,True,1.2617954950333576e-07,3.4335204578791497e-06,0.0034335204578791498,3.43352045787915,,,,,
D36_minus_Q36,D36,Q36,1,"[0.0,0.0,0.0]",22,0.1028746780712622,0.1028745518917362,7.166708638125044e-76,7.167612987078397e-76,empty,True,1.26179526008241e-07,3.4335198185450512e-06,0.003433519818545051,3.4335198185450513,,,,,
D36_minus_Q36,D36,Q36,1,"[0.0,0.0,0.0]",23,0.253972972585237,0.2539729357379036,0.0,0.0,empty,True,3.684733340669766e-08,1.0026670214640888e-06,0.0010026670214640888,1.0026670214640887,,,,,
D36_minus_Q36,D36,Q36,1,"[0.0,0.0,0.0]",24,0.2539729725941373,0.253972935833603,0.0,0.0,empty,True,3.676053433876447e-08,1.0003050985007678e-06,0.0010003050985007678,1.0003050985007678,,,,,
D36_minus_Q36,D36,Q36,2,"[0.125,0.0625,-0.1875]",1,-3.289853169577084,-3.289852521486123,1.0,1.0,occupied,True,-6.480909608974628e-07,-1.763545345950983e-05,-0.01763545345950983,-17.63545345950983,,,,,
D36_minus_Q36,D36,Q36,2,"[0.125,0.0625,-0.1875]",2,-3.289853169487348,-3.289852521396671,1.0,1.0,occupied,True,-6.480906771244577e-07,-1.763544573765298e-05,-0.01763544573765298,-17.63544573765298,,,,,
D36_minus_Q36,D36,Q36,2,"[0.125,0.0625,-0.1875]",3,-1.660668305506527,-1.66066786232185,1.0,1.0,occupied,True,-4.4318467695703134e-07,-1.2059669422978095e-05,-0.012059669422978096,-12.059669422978095,,,,,
D36_minus_Q36,D36,Q36,2,"[0.125,0.0625,-0.1875]",4,-1.660667837996386,-1.660667394793035,1.0,1.0,occupied,True,-4.4320335090830554e-07,-1.2060177567078957e-05,-0.012060177567078957,-12.060177567078957,,,,,
D36_minus_Q36,D36,Q36,2,"[0.125,0.0625,-0.1875]",5,-1.652578634576126,-1.652578195115483,1.0,1.0,occupied,True,-4.394606429869441e-07,-1.1958333296224897e-05,-0.011958333296224897,-11.958333296224897,,,,,
D36_minus_Q36,D36,Q36,2,"[0.125,0.0625,-0.1875]",6,-1.652578307101512,-1.652577867628052,1.0,1.0,occupied,True,-4.394734600676742e-07,-1.195868206675919e-05,-0.01195868206675919,-11.95868206675919,,,,,
D36_minus_Q36,D36,Q36,2,"[0.125,0.0625,-0.1875]",7,-1.648907956083683,-1.648907532663824,1.0,1.0,occupied,True,-4.234198589525562e-07,-1.1521841326176802e-05,-0.011521841326176802,-11.521841326176801,,,,,
D36_minus_Q36,D36,Q36,2,"[0.125,0.0625,-0.1875]",8,-1.648907325718075,-1.648906902270173,1.0,1.0,occupied,True,-4.234479020759352e-07,-1.1522604418438612e-05,-0.011522604418438612,-11.522604418438613,,,,,
D36_minus_Q36,D36,Q36,2,"[0.125,0.0625,-0.1875]",9,-0.1526724901708498,-0.1526725958691947,1.0,1.0,occupied,True,1.0569834490992136e-07,2.87619848890479e-06,0.0028761984889047903,2.87619848890479,,,,,
D36_minus_Q36,D36,Q36,2,"[0.125,0.0625,-0.1875]",10,-0.1526724870371818,-0.1526725927368726,1.0,1.0,occupied,True,1.0569969077778296e-07,2.876235111835008e-06,0.0028762351118350083,2.8762351118350082,,,,,
D36_minus_Q36,D36,Q36,2,"[0.125,0.0625,-0.1875]",11,0.01289852182652848,0.01289820562772221,8.540197388124428e-37,8.542898215320564e-37,empty,True,3.1619880627026253e-07,8.604207847938233e-06,0.008604207847938233,8.604207847938232,,,,,
D36_minus_Q36,D36,Q36,2,"[0.125,0.0625,-0.1875]",12,0.01289860859426408,0.01289829239173022,8.539456406682626e-37,8.542157031385829e-37,empty,True,3.162025338596802e-07,8.604309280813644e-06,0.008604309280813644,8.604309280813645,,,,,
D36_minus_Q36,D36,Q36,2,"[0.125,0.0625,-0.1875]",13,0.03612597188758392,0.03612581539162541,6.980949854216516e-47,6.98204243014487e-47,empty,True,1.5649595851152664e-07,4.258471972992169e-06,0.004258471972992169,4.258471972992169,,,,,
D36_minus_Q36,D36,Q36,2,"[0.125,0.0625,-0.1875]",14,0.03612605507516006,0.03612589859275389,6.980369150073125e-47,6.981461540501289e-47,empty,True,1.564824061717207e-07,4.258103195039173e-06,0.004258103195039173,4.2581031950391734,,,,,
D36_minus_Q36,D36,Q36,2,"[0.125,0.0625,-0.1875]",15,0.05633573850638933,0.05633561752725136,1.166606509169566e-55,1.166747652756911e-55,empty,True,1.209791379713776e-07,3.2920100510449822e-06,0.003292010051044982,3.2920100510449823,,,,,
D36_minus_Q36,D36,Q36,2,"[0.125,0.0625,-0.1875]",16,0.05633580210562699,0.05633568113880198,1.166532316244262e-55,1.16667343649009e-55,empty,True,1.2096682500822853e-07,3.2916749982489e-06,0.0032916749982489003,3.2916749982489,,,,,
D36_minus_Q36,D36,Q36,2,"[0.125,0.0625,-0.1875]",17,0.1085136426295349,0.1085132829220952,2.548875115447634e-78,2.549792129707954e-78,empty,True,3.597074397093669e-07,9.788138077484507e-06,0.009788138077484507,9.788138077484506,,,,,
D36_minus_Q36,D36,Q36,2,"[0.125,0.0625,-0.1875]",18,0.1085136677721262,0.1085133080430931,2.548811030927857e-78,2.549728077189779e-78,empty,True,3.5972903310310667e-07,9.78872566366192e-06,0.00978872566366192,9.78872566366192,,,,,
D36_minus_Q36,D36,Q36,2,"[0.125,0.0625,-0.1875]",19,0.1346439629146673,0.1346437657290281,0.0,0.0,empty,True,1.9718563920578802e-07,5.365694590589352e-06,0.0053656945905893524,5.365694590589352,,,,,
D36_minus_Q36,D36,Q36,2,"[0.125,0.0625,-0.1875]",20,0.1346439960284261,0.1346437988282393,0.0,0.0,empty,True,1.9720018681890217e-07,5.366090451308758e-06,0.005366090451308758,5.366090451308758,,,,,
D36_minus_Q36,D36,Q36,2,"[0.125,0.0625,-0.1875]",21,0.1565643998708639,0.1565641636048399,0.0,0.0,empty,True,2.362660239951797e-07,6.42912603573505e-06,0.00642912603573505,6.42912603573505,,,,,
D36_minus_Q36,D36,Q36,2,"[0.125,0.0625,-0.1875]",22,0.1565644464526275,0.1565642101825332,0.0,0.0,empty,True,2.362700942948326e-07,6.4292367942310414e-06,0.006429236794231042,6.429236794231041,,,,,
D36_minus_Q36,D36,Q36,2,"[0.125,0.0625,-0.1875]",23,0.1807379133734803,0.1807375760546496,0.0,0.0,empty,True,3.3731883070098334e-07,9.178912990247132e-06,0.009178912990247132,9.178912990247133,,,,,
D36_minus_Q36,D36,Q36,2,"[0.125,0.0625,-0.1875]",24,0.1807379226865014,0.1807375853714006,0.0,0.0,empty,True,3.373151007957098e-07,9.178811494354072e-06,0.009178811494354072,9.178811494354072,,,,,
D36_minus_Q36,D36,Q36,3,"[-0.125,-0.0625,0.1875]",1,-3.289853169577085,-3.289852521486123,1.0,1.0,occupied,True,-6.480909622297304e-07,-1.7635453495762677e-05,-0.017635453495762676,-17.63545349576268,,,,,
D36_minus_Q36,D36,Q36,3,"[-0.125,-0.0625,0.1875]",2,-3.289853169487349,-3.289852521396669,1.0,1.0,occupied,True,-6.480906797889929e-07,-1.763544581015868e-05,-0.01763544581015868,-17.63544581015868,,,,,
D36_minus_Q36,D36,Q36,3,"[-0.125,-0.0625,0.1875]",3,-1.660668305506529,-1.660667862321851,1.0,1.0,occupied,True,-4.4318467806725437e-07,-1.2059669453188803e-05,-0.012059669453188803,-12.059669453188803,,,,,
D36_minus_Q36,D36,Q36,3,"[-0.125,-0.0625,0.1875]",4,-1.660667837996385,-1.660667394793037,1.0,1.0,occupied,True,-4.432033480217257e-07,-1.2060177488531117e-05,-0.012060177488531117,-12.060177488531117,,,,,
D36_minus_Q36,D36,Q36,3,"[-0.125,-0.0625,0.1875]",5,-1.652578634576126,-1.652578195115483,1.0,1.0,occupied,True,-4.394606429869441e-07,-1.1958333296224897e-05,-0.011958333296224897,-11.958333296224897,,,,,
D36_minus_Q36,D36,Q36,3,"[-0.125,-0.0625,0.1875]",6,-1.652578307101514,-1.652577867628054,1.0,1.0,occupied,True,-4.394734600676742e-07,-1.195868206675919e-05,-0.01195868206675919,-11.95868206675919,,,,,
D36_minus_Q36,D36,Q36,3,"[-0.125,-0.0625,0.1875]",7,-1.648907956083683,-1.648907532663825,1.0,1.0,occupied,True,-4.2341985806437776e-07,-1.1521841302008236e-05,-0.011521841302008236,-11.521841302008236,,,,,
D36_minus_Q36,D36,Q36,3,"[-0.125,-0.0625,0.1875]",8,-1.648907325718074,-1.648906902270173,1.0,1.0,occupied,True,-4.2344790096571217e-07,-1.1522604388227905e-05,-0.011522604388227905,-11.522604388227904,,,,,
D36_minus_Q36,D36,Q36,3,"[-0.125,-0.0625,0.1875]",9,-0.15267249017085,-0.1526725958691943,1.0,1.0,occupied,True,1.056983442992987e-07,2.876198472288901e-06,0.002876198472288901,2.876198472288901,,,,,
D36_minus_Q36,D36,Q36,3,"[-0.125,-0.0625,0.1875]",10,-0.1526724870371813,-0.1526725927368723,1.0,1.0,occupied,True,1.0569969099982757e-07,2.8762351178771495e-06,0.0028762351178771494,2.8762351178771497,,,,,
D36_minus_Q36,D36,Q36,3,"[-0.125,-0.0625,0.1875]",11,0.0128985218265297,0.01289820562772123,8.54019738811399e-37,8.542898215329062e-37,empty,True,3.161988084698919e-07,8.604207907793198e-06,0.008604207907793197,8.604207907793198,,,,,
D36_minus_Q36,D36,Q36,3,"[-0.125,-0.0625,0.1875]",12,0.01289860859426313,0.01289829239172965,8.539456406690756e-37,8.542157031390685e-37,empty,True,3.162025334815105e-07,8.604309270523122e-06,0.008604309270523122,8.604309270523123,,,,,
D36_minus_Q36,D36,Q36,3,"[-0.125,-0.0625,0.1875]",13,0.03612597188758365,0.03612581539162571,6.980949854218403e-47,6.982042430142787e-47,empty,True,1.5649595794253734e-07,4.258471957509182e-06,0.004258471957509182,4.258471957509181,,,,,
D36_minus_Q36,D36,Q36,3,"[-0.125,-0.0625,0.1875]",14,0.03612605507516055,0.03612589859275385,6.980369150069653e-47,6.981461540501586e-47,empty,True,1.5648240669907665e-07,4.258103209389259e-06,0.0042581032093892595,4.258103209389259,,,,,
D36_minus_Q36,D36,Q36,3,"[-0.125,-0.0625,0.1875]",15,0.05633573850639115,0.05633561752725184,1.16660650916746e-55,1.166747652756364e-55,empty,True,1.2097913931058413e-07,3.2920100874866482e-06,0.0032920100874866483,3.292010087486648,,,,,
D36_minus_Q36,D36,Q36,3,"[-0.125,-0.0625,0.1875]",16,0.05633580210562744,0.05633568113880086,1.166532316243715e-55,1.166673436491416e-55,empty,True,1.2096682658335745e-07,3.2916750411103415e-06,0.0032916750411103412,3.2916750411103415,,,,,
D36_minus_Q36,D36,Q36,3,"[-0.125,-0.0625,0.1875]",17,0.1085136426295351,0.1085132829220946,2.5488751154472e-78,2.549792129709694e-78,empty,True,3.597074405004008e-07,9.788138099009636e-06,0.009788138099009636,9.788138099009636,,,,,
D36_minus_Q36,D36,Q36,3,"[-0.125,-0.0625,0.1875]",18,0.1085136677721245,0.1085133080430926,2.548811030932349e-78,2.549728077191083e-78,empty,True,3.597290318957391e-07,9.788725630807776e-06,0.009788725630807776,9.788725630807775,,,,,
D36_minus_Q36,D36,Q36,3,"[-0.125,-0.0625,0.1875]",19,0.1346439629146681,0.1346437657290279,0.0,0.0,empty,True,1.9718564020498874e-07,5.365694617778989e-06,0.005365694617778988,5.365694617778988,,,,,
D36_minus_Q36,D36,Q36,3,"[-0.125,-0.0625,0.1875]",20,0.1346439960284241,0.1346437988282378,0.0,0.0,empty,True,1.972001863193018e-07,5.36609043771394e-06,0.005366090437713939,5.36609043771394,,,,,
D36_minus_Q36,D36,Q36,3,"[-0.125,-0.0625,0.1875]",21,0.1565643998708646,0.1565641636048398,0.0,0.0,empty,True,2.362660248000914e-07,6.429126057637813e-06,0.006429126057637813,6.429126057637813,,,,,
D36_minus_Q36,D36,Q36,3,"[-0.125,-0.0625,0.1875]",22,0.1565644464526302,0.1565642101825341,0.0,0.0,empty,True,2.36270096098945e-07,6.429236843323441e-06,0.006429236843323441,6.429236843323442,,,,,
D36_minus_Q36,D36,Q36,3,"[-0.125,-0.0625,0.1875]",23,0.1807379133734804,0.1807375760546501,0.0,0.0,empty,True,3.373188303124053e-07,9.178912979673384e-06,0.009178912979673385,9.178912979673385,,,,,
D36_minus_Q36,D36,Q36,3,"[-0.125,-0.0625,0.1875]",24,0.1807379226865005,0.1807375853713997,0.0,0.0,empty,True,3.373151007957098e-07,9.178811494354072e-06,0.009178811494354072,9.178811494354072,,,,,
C36_minus_Q36,C36,Q36,1,"[0.0,0.0,0.0]",1,-3.290030681128605,-3.290030032987275,1.0,1.0,occupied,True,-6.481413299397332e-07,-1.763682407097389e-05,-0.01763682407097389,-17.63682407097389,,,,,
C36_minus_Q36,C36,Q36,1,"[0.0,0.0,0.0]",2,-3.290030681128613,-3.290030032987272,1.0,1.0,occupied,True,-6.481413410419634e-07,-1.7636824373080963e-05,-0.017636824373080964,-17.636824373080962,,,,,
C36_minus_Q36,C36,Q36,1,"[0.0,0.0,0.0]",3,-1.661499453064178,-1.661499016476153,1.0,1.0,occupied,True,-4.3658802506563177e-07,-1.1880165380430941e-05,-0.011880165380430942,-11.880165380430942,,,,,
C36_minus_Q36,C36,Q36,1,"[0.0,0.0,0.0]",4,-1.661499453064182,-1.661499016476153,1.0,1.0,occupied,True,-4.3658802906243466e-07,-1.1880165489189487e-05,-0.011880165489189487,-11.880165489189487,,,,,
C36_minus_Q36,C36,Q36,1,"[0.0,0.0,0.0]",5,-1.652785545714343,-1.652785108001084,1.0,1.0,occupied,True,-4.3771325897168367e-07,-1.1910784554865592e-05,-0.011910784554865592,-11.910784554865593,,,,,
C36_minus_Q36,C36,Q36,1,"[0.0,0.0,0.0]",6,-1.652785545714345,-1.652785108001082,1.0,1.0,occupied,True,-4.3771326296848656e-07,-1.191078466362414e-05,-0.01191078466362414,-11.91078466362414,,,,,
C36_minus_Q36,C36,Q36,1,"[0.0,0.0,0.0]",7,-1.652602182646023,-1.652601749147876,1.0,1.0,occupied,True,-4.3349814715654134e-07,-1.1796085519193757e-05,-0.011796085519193757,-11.796085519193758,,,,,
C36_minus_Q36,C36,Q36,1,"[0.0,0.0,0.0]",8,-1.652602182646022,-1.652601749147871,1.0,1.0,occupied,True,-4.334981509312996e-07,-1.1796085621910161e-05,-0.011796085621910162,-11.796085621910162,,,,,
C36_minus_Q36,C36,Q36,1,"[0.0,0.0,0.0]",9,-0.1592091612709152,-0.1592092749502884,1.0,1.0,occupied,True,1.1367937319262111e-07,3.0933733321454315e-06,0.0030933733321454313,3.0933733321454313,,,,,
C36_minus_Q36,C36,Q36,1,"[0.0,0.0,0.0]",10,-0.1592091612709148,-0.1592092749502856,1.0,1.0,occupied,True,1.1367937080564161e-07,3.0933732671924103e-06,0.0030933732671924105,3.09337326719241,,,,,
C36_minus_Q36,C36,Q36,1,"[0.0,0.0,0.0]",11,0.06051999770841418,0.06051991280831323,1.777148474054122e-57,1.77729936054401e-57,empty,True,8.490010094952538e-08,2.3102494392603133e-06,0.0023102494392603133,2.3102494392603132,,,,,
C36_minus_Q36,C36,Q36,1,"[0.0,0.0,0.0]",12,0.06051999770841379,0.06051991280831323,1.777148474054829e-57,1.77729936054401e-57,empty,True,8.490010056094732e-08,2.3102494286865656e-06,0.0023102494286865657,2.3102494286865656,,,,,
C36_minus_Q36,C36,Q36,1,"[0.0,0.0,0.0]",13,0.06082948730435112,0.06082939159305185,1.304109592048674e-57,1.304234416045572e-57,empty,True,9.5711299274992e-08,2.604437132676489e-06,0.002604437132676489,2.604437132676489,,,,,
C36_minus_Q36,C36,Q36,1,"[0.0,0.0,0.0]",14,0.06082948730435109,0.0608293915930537,1.304109592048748e-57,1.304234416043162e-57,empty,True,9.571129738761286e-08,2.604437081318286e-06,0.002604437081318286,2.6044370813182858,,,,,
C36_minus_Q36,C36,Q36,1,"[0.0,0.0,0.0]",15,0.06100683133064688,0.06100672751265537,1.092180849449511e-57,1.092294243357766e-57,empty,True,1.038179915091586e-07,2.8250314662376906e-06,0.002825031466237691,2.8250314662376907,,,,,
C36_minus_Q36,C36,Q36,1,"[0.0,0.0,0.0]",16,0.06100683133064655,0.06100672751265838,1.092180849449884e-57,1.092294243354444e-57,empty,True,1.0381798817155063e-07,2.8250313754167513e-06,0.002825031375416751,2.825031375416751,,,,,
C36_minus_Q36,C36,Q36,1,"[0.0,0.0,0.0]",17,0.06559166867078259,0.06559085277096612,1.114615299504175e-59,1.115525085018926e-59,empty,True,8.15899816472565e-07,2.220176504405998e-05,0.02220176504405998,22.20176504405998,,,,,
C36_minus_Q36,C36,Q36,1,"[0.0,0.0,0.0]",18,0.06559166867078223,0.06559085277096681,1.114615299504587e-59,1.115525085018165e-59,empty,True,8.158998154178532e-07,2.2201765015359806e-05,0.022201765015359805,22.201765015359808,,,,,
C36_minus_Q36,C36,Q36,1,"[0.0,0.0,0.0]",19,0.102721262246354,0.1027211411499545,8.355018095209747e-76,8.356029919081802e-76,empty,True,1.210963995051939e-07,3.295200899933454e-06,0.003295200899933454,3.295200899933454,,,,,
C36_minus_Q36,C36,Q36,1,"[0.0,0.0,0.0]",20,0.1027212622463537,0.1027211411499712,8.355018095212597e-76,8.35602991894263e-76,empty,True,1.2109638249102606e-07,3.2952004369543606e-06,0.0032952004369543606,3.2952004369543606,,,,,
C36_minus_Q36,C36,Q36,1,"[0.0,0.0,0.0]",21,0.1028746780711267,0.1028745518917121,7.166708639096646e-76,7.167612987250946e-76,empty,True,1.2617941459736048e-07,3.4335167869005493e-06,0.0034335167869005492,3.433516786900549,,,,,
C36_minus_Q36,C36,Q36,1,"[0.0,0.0,0.0]",22,0.1028746780711263,0.1028745518917362,7.166708639098887e-76,7.167612987078397e-76,empty,True,1.26179390103065e-07,3.4335161203768143e-06,0.003433516120376814,3.4335161203768143,,,,,
C36_minus_Q36,C36,Q36,1,"[0.0,0.0,0.0]",23,0.253972972583366,0.2539729357379036,0.0,0.0,empty,True,3.684546240334541e-08,1.0026161088692033e-06,0.0010026161088692034,1.0026161088692034,,,,,
C36_minus_Q36,C36,Q36,1,"[0.0,0.0,0.0]",24,0.25397297258561,0.253972935833603,0.0,0.0,empty,True,3.6752007048779234e-08,1.000073059119348e-06,0.001000073059119348,1.0000730591193479,,,,,
C36_minus_Q36,C36,Q36,2,"[0.125,0.0625,-0.1875]",1,-3.289853169577077,-3.289852521486123,1.0,1.0,occupied,True,-6.480909542361246e-07,-1.7635453278245582e-05,-0.01763545327824558,-17.63545327824558,,,,,
C36_minus_Q36,C36,Q36,2,"[0.125,0.0625,-0.1875]",2,-3.289853169487351,-3.289852521396671,1.0,1.0,occupied,True,-6.480906802330821e-07,-1.7635445822242963e-05,-0.017635445822242964,-17.635445822242964,,,,,
C36_minus_Q36,C36,Q36,2,"[0.125,0.0625,-0.1875]",3,-1.660668305506475,-1.66066786232185,1.0,1.0,occupied,True,-4.431846249985938e-07,-1.2059668009116983e-05,-0.012059668009116982,-12.059668009116983,,,,,
C36_minus_Q36,C36,Q36,2,"[0.125,0.0625,-0.1875]",4,-1.660667837996333,-1.660667394793035,1.0,1.0,occupied,True,-4.4320329806168957e-07,-1.2060176129049277e-05,-0.012060176129049277,-12.060176129049278,,,,,
C36_minus_Q36,C36,Q36,2,"[0.125,0.0625,-0.1875]",5,-1.652578634576065,-1.652578195115483,1.0,1.0,occupied,True,-4.3946058192467774e-07,-1.1958331634635982e-05,-0.011958331634635982,-11.958331634635982,,,,,
C36_minus_Q36,C36,Q36,2,"[0.125,0.0625,-0.1875]",6,-1.652578307101451,-1.652577867628052,1.0,1.0,occupied,True,-4.3947339900540783e-07,-1.1958680405170275e-05,-0.011958680405170275,-11.958680405170275,,,,,
C36_minus_Q36,C36,Q36,2,"[0.125,0.0625,-0.1875]",7,-1.648907956083779,-1.648907532663824,1.0,1.0,occupied,True,-4.234199548758255e-07,-1.1521843936381934e-05,-0.011521843936381934,-11.521843936381934,,,,,
C36_minus_Q36,C36,Q36,2,"[0.125,0.0625,-0.1875]",8,-1.648907325718172,-1.648906902270173,1.0,1.0,occupied,True,-4.2344799888738294e-07,-1.152260705281231e-05,-0.01152260705281231,-11.52260705281231,,,,,
C36_minus_Q36,C36,Q36,2,"[0.125,0.0625,-0.1875]",9,-0.1526724901708467,-0.1526725958691947,1.0,1.0,occupied,True,1.0569834801854583e-07,2.876198573494771e-06,0.0028761985734947707,2.876198573494771,,,,,
C36_minus_Q36,C36,Q36,2,"[0.125,0.0625,-0.1875]",10,-0.1526724870371789,-0.1526725927368726,1.0,1.0,occupied,True,1.056996936921184e-07,2.8762351911381154e-06,0.0028762351911381153,2.8762351911381154,,,,,
C36_minus_Q36,C36,Q36,2,"[0.125,0.0625,-0.1875]",11,0.01289852182654525,0.01289820562772221,8.540197387981218e-37,8.542898215320564e-37,empty,True,3.161988230398344e-07,8.60420830426153e-06,0.00860420830426153,8.60420830426153,,,,,
C36_minus_Q36,C36,Q36,2,"[0.125,0.0625,-0.1875]",12,0.01289860859427926,0.01289829239173022,8.539456406553022e-37,8.542157031385829e-37,empty,True,3.1620254904024536e-07,8.604309693897865e-06,0.008604309693897865,8.604309693897866,,,,,
C36_minus_Q36,C36,Q36,2,"[0.125,0.0625,-0.1875]",13,0.03612597188761058,0.03612581539162541,6.980949854030408e-47,6.98204243014487e-47,empty,True,1.5649598517075702e-07,4.258472698426784e-06,0.004258472698426784,4.258472698426784,,,,,
C36_minus_Q36,C36,Q36,2,"[0.125,0.0625,-0.1875]",14,0.03612605507518674,0.03612589859275389,6.980369149886834e-47,6.981461540501289e-47,empty,True,1.5648243285176777e-07,4.258103921040239e-06,0.004258103921040239,4.258103921040239,,,,,
C36_minus_Q36,C36,Q36,2,"[0.125,0.0625,-0.1875]",15,0.05633573850640365,0.05633561752725136,1.166606509152855e-55,1.166747652756911e-55,empty,True,1.2097915229325462e-07,3.2920104407631095e-06,0.0032920104407631093,3.2920104407631094,,,,,
C36_minus_Q36,C36,Q36,2,"[0.125,0.0625,-0.1875]",16,0.05633580210564071,0.05633568113880198,1.166532316228231e-55,1.16667343649009e-55,empty,True,1.2096683872642178e-07,3.2916753715399554e-06,0.0032916753715399555,3.2916753715399554,,,,,
C36_minus_Q36,C36,Q36,2,"[0.125,0.0625,-0.1875]",17,0.108513642629517,0.1085132829220952,2.548875115493201e-78,2.549792129707954e-78,empty,True,3.5970742180702064e-07,9.788137590336848e-06,0.009788137590336848,9.788137590336849,,,,,
C36_minus_Q36,C36,Q36,2,"[0.125,0.0625,-0.1875]",18,0.1085136677721065,0.1085133080430931,2.548811030978059e-78,2.549728077189779e-78,empty,True,3.59729013396648e-07,9.788725127421862e-06,0.009788725127421861,9.788725127421861,,,,,
C36_minus_Q36,C36,Q36,2,"[0.125,0.0625,-0.1875]",19,0.1346439629146778,0.1346437657290281,0.0,0.0,empty,True,1.9718564972515118e-07,5.365694876835806e-06,0.005365694876835806,5.365694876835806,,,,,
C36_minus_Q36,C36,Q36,2,"[0.125,0.0625,-0.1875]",20,0.1346439960284307,0.1346437988282393,0.0,0.0,empty,True,1.9720019139857214e-07,5.366090575927927e-06,0.0053660905759279265,5.3660905759279265,,,,,
C36_minus_Q36,C36,Q36,2,"[0.125,0.0625,-0.1875]",21,0.1565643998708757,0.1565641636048399,0.0,0.0,empty,True,2.3626603579129934e-07,6.429126356723818e-06,0.006429126356723818,6.429126356723818,,,,,
C36_minus_Q36,C36,Q36,2,"[0.125,0.0625,-0.1875]",22,0.1565644464526393,0.1565642101825332,0.0,0.0,empty,True,2.362701061187078e-07,6.429237115975077e-06,0.006429237115975077,6.429237115975076,,,,,
C36_minus_Q36,C36,Q36,2,"[0.125,0.0625,-0.1875]",23,0.1807379133734572,0.1807375760546496,0.0,0.0,empty,True,3.3731880760834443e-07,9.178912361864416e-06,0.009178912361864416,9.178912361864416,,,,,
C36_minus_Q36,C36,Q36,2,"[0.125,0.0625,-0.1875]",24,0.1807379226864797,0.1807375853714006,0.0,0.0,empty,True,3.373150790908497e-07,9.17881090373474e-06,0.00917881090373474,9.17881090373474,,,,,
C36_minus_Q36,C36,Q36,3,"[-0.125,-0.0625,0.1875]",1,-3.28985316957708,-3.289852521486123,1.0,1.0,occupied,True,-6.480909569006599e-07,-1.763545335075128e-05,-0.01763545335075128,-17.63545335075128,,,,,
C36_minus_Q36,C36,Q36,3,"[-0.125,-0.0625,0.1875]",2,-3.289853169487341,-3.289852521396669,1.0,1.0,occupied,True,-6.480906717953872e-07,-1.7635445592641584e-05,-0.017635445592641585,-17.635445592641585,,,,,
C36_minus_Q36,C36,Q36,3,"[-0.125,-0.0625,0.1875]",3,-1.660668305506474,-1.660667862321851,1.0,1.0,occupied,True,-4.4318462300019235e-07,-1.2059667954737708e-05,-0.012059667954737709,-12.059667954737709,,,,,
C36_minus_Q36,C36,Q36,3,"[-0.125,-0.0625,0.1875]",4,-1.660667837996332,-1.660667394793037,1.0,1.0,occupied,True,-4.432032949530651e-07,-1.2060176044459295e-05,-0.012060176044459294,-12.060176044459295,,,,,
C36_minus_Q36,C36,Q36,3,"[-0.125,-0.0625,0.1875]",5,-1.652578634576065,-1.652578195115483,1.0,1.0,occupied,True,-4.3946058192467774e-07,-1.1958331634635982e-05,-0.011958331634635982,-11.958331634635982,,,,,
C36_minus_Q36,C36,Q36,3,"[-0.125,-0.0625,0.1875]",6,-1.652578307101453,-1.652577867628054,1.0,1.0,occupied,True,-4.3947339900540783e-07,-1.1958680405170275e-05,-0.011958680405170275,-11.958680405170275,,,,,
C36_minus_Q36,C36,Q36,3,"[-0.125,-0.0625,0.1875]",7,-1.648907956083784,-1.648907532663825,1.0,1.0,occupied,True,-4.23419959094673e-07,-1.1521844051182622e-05,-0.011521844051182622,-11.521844051182622,,,,,
C36_minus_Q36,C36,Q36,3,"[-0.125,-0.0625,0.1875]",8,-1.648907325718169,-1.648906902270173,1.0,1.0,occupied,True,-4.2344799600080307e-07,-1.152260697426447e-05,-0.01152260697426447,-11.52260697426447,,,,,
C36_minus_Q36,C36,Q36,3,"[-0.125,-0.0625,0.1875]",9,-0.1526724901708453,-0.1526725958691943,1.0,1.0,occupied,True,1.0569834898999098e-07,2.8761985999291403e-06,0.00287619859992914,2.87619859992914,,,,,
C36_minus_Q36,C36,Q36,3,"[-0.125,-0.0625,0.1875]",10,-0.1526724870371788,-0.1526725927368723,1.0,1.0,occupied,True,1.0569969349782937e-07,2.8762351858512416e-06,0.0028762351858512415,2.8762351858512414,,,,,
C36_minus_Q36,C36,Q36,3,"[-0.125,-0.0625,0.1875]",11,0.01289852182654522,0.01289820562772123,8.540197387981583e-37,8.542898215329062e-37,empty,True,3.1619882399046284e-07,8.604208330129448e-06,0.008604208330129448,8.604208330129447,,,,,
C36_minus_Q36,C36,Q36,3,"[-0.125,-0.0625,0.1875]",12,0.01289860859427902,0.01289829239172965,8.539456406555085e-37,8.542157031390685e-37,empty,True,3.1620254937157755e-07,8.604309702913874e-06,0.008604309702913874,8.604309702913874,,,,,
C36_minus_Q36,C36,Q36,3,"[-0.125,-0.0625,0.1875]",13,0.03612597188761041,0.03612581539162571,6.980949854031599e-47,6.982042430142787e-47,empty,True,1.5649598469891224e-07,4.2584726855872334e-06,0.004258472685587234,4.2584726855872335,,,,,
C36_minus_Q36,C36,Q36,3,"[-0.125,-0.0625,0.1875]",14,0.03612605507518651,0.03612589859275385,6.980369149888321e-47,6.981461540501586e-47,empty,True,1.5648243265747874e-07,4.258103915753365e-06,0.0042581039157533656,4.258103915753366,,,,,
C36_minus_Q36,C36,Q36,3,"[-0.125,-0.0625,0.1875]",15,0.05633573850640305,0.05633561752725184,1.166606509153534e-55,1.166747652756364e-55,empty,True,1.2097915121078717e-07,3.2920104113076696e-06,0.0032920104113076695,3.2920104113076696,,,,,
C36_minus_Q36,C36,Q36,3,"[-0.125,-0.0625,0.1875]",16,0.05633580210563989,0.05633568113880086,1.166532316229209e-55,1.166673436491416e-55,empty,True,1.209668390317331e-07,3.2916753798479e-06,0.0032916753798478996,3.2916753798479,,,,,
C36_minus_Q36,C36,Q36,3,"[-0.125,-0.0625,0.1875]",17,0.1085136426295175,0.1085132829220946,2.548875115492042e-78,2.549792129709694e-78,empty,True,3.597074229033659e-07,9.78813762016992e-06,0.009788137620169921,9.788137620169922,,,,,
C36_minus_Q36,C36,Q36,3,"[-0.125,-0.0625,0.1875]",18,0.1085136677721064,0.1085133080430926,2.548811030978349e-78,2.549728077191083e-78,empty,True,3.597290137991038e-07,9.788725138373244e-06,0.009788725138373243,9.788725138373243,,,,,
C36_minus_Q36,C36,Q36,3,"[-0.125,-0.0625,0.1875]",19,0.1346439629146757,0.1346437657290279,0.0,0.0,empty,True,1.9718564781001646e-07,5.365694824722335e-06,0.005365694824722335,5.365694824722335,,,,,
C36_minus_Q36,C36,Q36,3,"[-0.125,-0.0625,0.1875]",20,0.1346439960284314,0.1346437988282378,0.0,0.0,empty,True,1.972001936190182e-07,5.3660906363493415e-06,0.005366090636349342,5.366090636349341,,,,,
C36_minus_Q36,C36,Q36,3,"[-0.125,-0.0625,0.1875]",21,0.156564399870877,0.1565641636048398,0.0,0.0,empty,True,2.362660372068337e-07,6.42912639524247e-06,0.00642912639524247,6.42912639524247,,,,,
C36_minus_Q36,C36,Q36,3,"[-0.125,-0.0625,0.1875]",22,0.1565644464526399,0.1565642101825341,0.0,0.0,empty,True,2.362701057856409e-07,6.429237106911865e-06,0.006429237106911865,6.429237106911865,,,,,
C36_minus_Q36,C36,Q36,3,"[-0.125,-0.0625,0.1875]",23,0.1807379133734585,0.1807375760546501,0.0,0.0,empty,True,3.3731880838550055e-07,9.17891238301191e-06,0.00917891238301191,9.178912383011909,,,,,
C36_minus_Q36,C36,Q36,3,"[-0.125,-0.0625,0.1875]",24,0.1807379226864796,0.1807375853713997,0.0,0.0,empty,True,3.3731507989576137e-07,9.178810925637503e-06,0.009178810925637503,9.178810925637503,,,,,
D36_minus_C36,D36,C36,1,"[0.0,0.0,0.0]",1,-3.290030681128614,-3.290030681128605,1.0,1.0,occupied,True,-9.325873406851315e-15,-2.5376994335495386e-13,-2.5376994335495387e-10,-2.5376994335495385e-07,,,,,
D36_minus_C36,D36,C36,1,"[0.0,0.0,0.0]",2,-3.290030681128612,-3.290030681128613,1.0,1.0,occupied,True,8.881784197001252e-16,2.4168566033805128e-14,2.416856603380513e-11,2.4168566033805128e-08,,,,,
D36_minus_C36,D36,C36,1,"[0.0,0.0,0.0]",3,-1.661499453064247,-1.661499453064178,1.0,1.0,occupied,True,-6.905587213168474e-14,-1.8791060091283486e-12,-1.8791060091283484e-09,-1.8791060091283486e-06,,,,,
D36_minus_C36,D36,C36,1,"[0.0,0.0,0.0]",4,-1.661499453064246,-1.661499453064182,1.0,1.0,occupied,True,-6.394884621840902e-14,-1.7401367544339692e-12,-1.7401367544339693e-09,-1.7401367544339693e-06,,,,,
D36_minus_C36,D36,C36,1,"[0.0,0.0,0.0]",5,-1.652785545715813,-1.652785545714343,1.0,1.0,occupied,True,-1.4699352846037073e-12,-3.999897678594749e-11,-3.999897678594749e-08,-3.999897678594749e-05,,,,,
D36_minus_C36,D36,C36,1,"[0.0,0.0,0.0]",6,-1.652785545715813,-1.652785545714345,1.0,1.0,occupied,True,-1.467936883159382e-12,-3.9944597512371424e-11,-3.9944597512371426e-08,-3.9944597512371425e-05,,,,,
D36_minus_C36,D36,C36,1,"[0.0,0.0,0.0]",7,-1.652602182644505,-1.652602182646023,1.0,1.0,occupied,True,1.518118963872439e-12,4.131012149328141e-11,4.1310121493281415e-08,4.1310121493281414e-05,,,,,
D36_minus_C36,D36,C36,1,"[0.0,0.0,0.0]",8,-1.652602182644504,-1.652602182646022,1.0,1.0,occupied,True,1.517896919267514e-12,4.1304079351772965e-11,4.130407935177297e-08,4.1304079351772965e-05,,,,,
D36_minus_C36,D36,C36,1,"[0.0,0.0,0.0]",9,-0.1592091612709172,-0.1592091612709152,1.0,1.0,occupied,True,-1.9984014443252818e-15,-5.437927357606154e-14,-5.437927357606154e-11,-5.437927357606154e-08,,,,,
D36_minus_C36,D36,C36,1,"[0.0,0.0,0.0]",10,-0.1592091612709162,-0.1592091612709148,1.0,1.0,occupied,True,-1.3877787807814457e-15,-3.776338442782051e-14,-3.776338442782051e-11,-3.776338442782051e-08,,,,,
D36_minus_C36,D36,C36,1,"[0.0,0.0,0.0]",11,0.06051999770811803,0.06051999770841418,1.777148474580432e-57,1.777148474054122e-57,empty,True,-2.961519918187605e-13,-8.058706236896897e-12,-8.058706236896898e-09,-8.058706236896897e-06,,,,,
D36_minus_C36,D36,C36,1,"[0.0,0.0,0.0]",12,0.06051999770811867,0.06051999770841379,1.77714847457927e-57,1.777148474054829e-57,empty,True,-2.9512503552098224e-13,-8.03076133242031e-12,-8.030761332420311e-09,-8.03076133242031e-06,,,,,
D36_minus_C36,D36,C36,1,"[0.0,0.0,0.0]",13,0.06082948730446573,0.06082948730435112,1.304109591899228e-57,1.304109592048674e-57,empty,True,1.146097106108357e-13,3.118689102971557e-12,3.118689102971557e-09,3.118689102971557e-06,,,,,
D36_minus_C36,D36,C36,1,"[0.0,0.0,0.0]",14,0.06082948730446573,0.06082948730435109,1.304109591899228e-57,1.304109592048748e-57,empty,True,1.1464440508035523e-13,3.1196331875822527e-12,3.1196331875822527e-09,3.1196331875822525e-06,,,,,
D36_minus_C36,D36,C36,1,"[0.0,0.0,0.0]",15,0.06100683133081215,0.06100683133064688,1.092180849269035e-57,1.092180849449511e-57,empty,True,1.6527057500326237e-13,4.4972414515091445e-12,4.4972414515091444e-09,4.497241451509144e-06,,,,,
D36_minus_C36,D36,C36,1,"[0.0,0.0,0.0]",16,0.06100683133081279,0.06100683133064655,1.092180849268321e-57,1.092180849449884e-57,empty,True,1.6624202014980938e-13,4.523675820608619e-12,4.523675820608619e-09,4.523675820608619e-06,,,,,
D36_minus_C36,D36,C36,1,"[0.0,0.0,0.0]",17,0.06559166867072778,0.06559166867078259,1.114615299565253e-59,1.114615299504175e-59,empty,True,-5.480338405305929e-14,-1.491276051054632e-12,-1.4912760510546321e-09,-1.491276051054632e-06,,,,,
D36_minus_C36,D36,C36,1,"[0.0,0.0,0.0]",18,0.06559166867072842,0.06559166867078223,1.114615299564556e-59,1.114615299504587e-59,empty,True,-5.380418333089665e-14,-1.4640864142666013e-12,-1.4640864142666013e-09,-1.4640864142666014e-06,,,,,
D36_minus_C36,D36,C36,1,"[0.0,0.0,0.0]",19,0.1027212622462766,0.102721262246354,8.355018095856599e-76,8.355018095209747e-76,empty,True,-7.739642260418123e-14,-2.10606394953955e-12,-2.10606394953955e-09,-2.10606394953955e-06,,,,,
D36_minus_C36,D36,C36,1,"[0.0,0.0,0.0]",20,0.1027212622462779,0.1027212622463537,8.35501809584615e-76,8.355018095212597e-76,empty,True,-7.580047700628256e-14,-2.0626360574475565e-12,-2.0626360574475564e-09,-2.0626360574475563e-06,,,,,
D36_minus_C36,D36,C36,1,"[0.0,0.0,0.0]",21,0.1028746780712616,0.1028746780711267,7.166708638129729e-76,7.166708639096646e-76,empty,True,1.3490597527976433e-13,3.670978600228432e-12,3.6709786002284318e-09,3.6709786002284316e-06,,,,,
D36_minus_C36,D36,C36,1,"[0.0,0.0,0.0]",22,0.1028746780712622,0.1028746780711263,7.166708638125044e-76,7.166708639098887e-76,empty,True,1.3590517600192698e-13,3.6981682370164624e-12,3.6981682370164624e-09,3.6981682370164624e-06,,,,,
D36_minus_C36,D36,C36,1,"[0.0,0.0,0.0]",23,0.253972972585237,0.253972972583366,0.0,0.0,empty,True,1.871003352249545e-12,5.0912594885587616e-11,5.0912594885587614e-08,5.091259488558762e-05,,,,,
D36_minus_C36,D36,C36,1,"[0.0,0.0,0.0]",24,0.2539729725941373,0.25397297258561,0.0,0.0,empty,True,8.52728998523844e-12,2.320393814198088e-10,2.320393814198088e-07,0.0002320393814198088,,,,,
D36_minus_C36,D36,C36,2,"[0.125,0.0625,-0.1875]",1,-3.289853169577084,-3.289853169577077,1.0,1.0,occupied,True,-6.661338147750939e-15,-1.8126424525353847e-13,-1.8126424525353847e-10,-1.8126424525353847e-07,,,,,
D36_minus_C36,D36,C36,2,"[0.125,0.0625,-0.1875]",2,-3.289853169487348,-3.289853169487351,1.0,1.0,occupied,True,3.1086244689504383e-15,8.458998111831795e-14,8.458998111831795e-11,8.458998111831795e-08,,,,,
D36_minus_C36,D36,C36,2,"[0.125,0.0625,-0.1875]",3,-1.660668305506527,-1.660668305506475,1.0,1.0,occupied,True,-5.1958437552457326e-14,-1.4138611129776e-12,-1.4138611129775999e-09,-1.4138611129776e-06,,,,,
D36_minus_C36,D36,C36,2,"[0.125,0.0625,-0.1875]",4,-1.660667837996386,-1.660667837996333,1.0,1.0,occupied,True,-5.284661597215745e-14,-1.4380296790114052e-12,-1.4380296790114053e-09,-1.4380296790114051e-06,,,,,
D36_minus_C36,D36,C36,2,"[0.125,0.0625,-0.1875]",5,-1.652578634576126,-1.652578634576065,1.0,1.0,occupied,True,-6.106226635438361e-14,-1.6615889148241026e-12,-1.6615889148241026e-09,-1.6615889148241026e-06,,,,,
D36_minus_C36,D36,C36,2,"[0.125,0.0625,-0.1875]",6,-1.652578307101512,-1.652578307101451,1.0,1.0,occupied,True,-6.106226635438361e-14,-1.6615889148241026e-12,-1.6615889148241026e-09,-1.6615889148241026e-06,,,,,
D36_minus_C36,D36,C36,2,"[0.125,0.0625,-0.1875]",7,-1.648907956083683,-1.648907956083779,1.0,1.0,occupied,True,9.592326932761353e-14,2.610205131650954e-12,2.610205131650954e-09,2.610205131650954e-06,,,,,
D36_minus_C36,D36,C36,2,"[0.125,0.0625,-0.1875]",8,-1.648907325718075,-1.648907325718172,1.0,1.0,occupied,True,9.681144774731365e-14,2.634373697684759e-12,2.634373697684759e-09,2.634373697684759e-06,,,,,
D36_minus_C36,D36,C36,2,"[0.125,0.0625,-0.1875]",9,-0.1526724901708498,-0.1526724901708467,1.0,1.0,occupied,True,-3.1086244689504383e-15,-8.458998111831795e-14,-8.458998111831795e-11,-8.458998111831795e-08,,,,,
D36_minus_C36,D36,C36,2,"[0.125,0.0625,-0.1875]",10,-0.1526724870371818,-0.1526724870371789,1.0,1.0,occupied,True,-2.914335439641036e-15,-7.930310729842308e-14,-7.930310729842308e-11,-7.930310729842308e-08,,,,,
D36_minus_C36,D36,C36,2,"[0.125,0.0625,-0.1875]",11,0.01289852182652848,0.01289852182654525,8.540197388124428e-37,8.540197387981218e-37,empty,True,-1.6769571842267794e-14,-4.563232965796761e-13,-4.5632329657967615e-10,-4.5632329657967615e-07,,,,,
D36_minus_C36,D36,C36,2,"[0.125,0.0625,-0.1875]",12,0.01289860859426408,0.01289860859427926,8.539456406682626e-37,8.539456406553022e-37,empty,True,-1.518056513827304e-14,-4.1308422140982163e-13,-4.1308422140982163e-10,-4.1308422140982165e-07,,,,,
D36_minus_C36,D36,C36,2,"[0.125,0.0625,-0.1875]",13,0.03612597188758392,0.03612597188761058,6.980949854216516e-47,6.980949854030408e-47,empty,True,-2.665923037881157e-14,-7.254346148584321e-13,-7.254346148584321e-10,-7.254346148584321e-07,,,,,
D36_minus_C36,D36,C36,2,"[0.125,0.0625,-0.1875]",14,0.03612605507516006,0.03612605507518674,6.980369150073125e-47,6.980369149886834e-47,empty,True,-2.6680047060523293e-14,-7.260010656248494e-13,-7.260010656248494e-10,-7.260010656248494e-07,,,,,
D36_minus_C36,D36,C36,2,"[0.125,0.0625,-0.1875]",15,0.05633573850638933,0.05633573850640365,1.166606509169566e-55,1.166606509152855e-55,empty,True,-1.432187701766452e-14,-3.897181272951077e-13,-3.897181272951077e-10,-3.8971812729510766e-07,,,,,
D36_minus_C36,D36,C36,2,"[0.125,0.0625,-0.1875]",16,0.05633580210562699,0.05633580210564071,1.166532316244262e-55,1.166532316228231e-55,empty,True,-1.371819324802459e-14,-3.732910550690058e-13,-3.732910550690058e-10,-3.7329105506900575e-07,,,,,
D36_minus_C36,D36,C36,2,"[0.125,0.0625,-0.1875]",17,0.1085136426295349,0.108513642629517,2.548875115447634e-78,2.548875115493201e-78,empty,True,1.790234627208065e-14,4.871476591188846e-13,4.871476591188846e-10,4.871476591188846e-07,,,,,
D36_minus_C36,D36,C36,2,"[0.125,0.0625,-0.1875]",18,0.1085136677721262,0.1085136677721065,2.548811030927857e-78,2.548811030978059e-78,empty,True,1.970645868709653e-14,5.362400588750513e-13,5.362400588750513e-10,5.362400588750513e-07,,,,,
D36_minus_C36,D36,C36,2,"[0.125,0.0625,-0.1875]",19,0.1346439629146673,0.1346439629146778,0.0,0.0,empty,True,-1.0519363158323358e-14,-2.8624645396287947e-13,-2.862464539628795e-10,-2.862464539628795e-07,,,,,
D36_minus_C36,D36,C36,2,"[0.125,0.0625,-0.1875]",20,0.1346439960284261,0.1346439960284307,0.0,0.0,empty,True,-4.579669976578771e-15,-1.246191686118077e-13,-1.2461916861180772e-10,-1.246191686118077e-07,,,,,
D36_minus_C36,D36,C36,2,"[0.125,0.0625,-0.1875]",21,0.1565643998708639,0.1565643998708757,0.0,0.0,empty,True,-1.1796119636642288e-14,-3.2098876763647436e-13,-3.2098876763647434e-10,-3.2098876763647437e-07,,,,,
D36_minus_C36,D36,C36,2,"[0.125,0.0625,-0.1875]",22,0.1565644464526275,0.1565644464526393,0.0,0.0,empty,True,-1.1823875212257917e-14,-3.2174403532503077e-13,-3.2174403532503075e-10,-3.217440353250308e-07,,,,,
D36_minus_C36,D36,C36,2,"[0.125,0.0625,-0.1875]",23,0.1807379133734803,0.1807379133734572,0.0,0.0,empty,True,2.3092638912203256e-14,6.283827168789334e-13,6.283827168789334e-10,6.283827168789333e-07,,,,,
D36_minus_C36,D36,C36,2,"[0.125,0.0625,-0.1875]",24,0.1807379226865014,0.1807379226864797,0.0,0.0,empty,True,2.170486013142181e-14,5.906193324511128e-13,5.906193324511127e-10,5.906193324511127e-07,,,,,
D36_minus_C36,D36,C36,3,"[-0.125,-0.0625,0.1875]",1,-3.289853169577085,-3.28985316957708,1.0,1.0,occupied,True,-5.329070518200751e-15,-1.4501139620283076e-13,-1.4501139620283076e-10,-1.4501139620283076e-07,,,,,
D36_minus_C36,D36,C36,3,"[-0.125,-0.0625,0.1875]",2,-3.289853169487349,-3.289853169487341,1.0,1.0,occupied,True,-7.993605777301127e-15,-2.1751709430424615e-13,-2.1751709430424616e-10,-2.1751709430424616e-07,,,,,
D36_minus_C36,D36,C36,3,"[-0.125,-0.0625,0.1875]",3,-1.660668305506529,-1.660668305506474,1.0,1.0,occupied,True,-5.5067062021407764e-14,-1.498451094095918e-12,-1.498451094095918e-09,-1.498451094095918e-06,,,,,
D36_minus_C36,D36,C36,3,"[-0.125,-0.0625,0.1875]",4,-1.660667837996385,-1.660667837996332,1.0,1.0,occupied,True,-5.306866057708248e-14,-1.4440718205198565e-12,-1.4440718205198565e-09,-1.4440718205198564e-06,,,,,
D36_minus_C36,D36,C36,3,"[-0.125,-0.0625,0.1875]",5,-1.652578634576126,-1.652578634576065,1.0,1.0,occupied,True,-6.106226635438361e-14,-1.6615889148241026e-12,-1.6615889148241026e-09,-1.6615889148241026e-06,,,,,
D36_minus_C36,D36,C36,3,"[-0.125,-0.0625,0.1875]",6,-1.652578307101514,-1.652578307101453,1.0,1.0,occupied,True,-6.106226635438361e-14,-1.6615889148241026e-12,-1.6615889148241026e-09,-1.6615889148241026e-06,,,,,
D36_minus_C36,D36,C36,3,"[-0.125,-0.0625,0.1875]",7,-1.648907956083683,-1.648907956083784,1.0,1.0,occupied,True,1.0103029524088925e-13,2.7491743863453332e-12,2.749174386345333e-09,2.749174386345333e-06,,,,,
D36_minus_C36,D36,C36,3,"[-0.125,-0.0625,0.1875]",8,-1.648907325718074,-1.648907325718169,1.0,1.0,occupied,True,9.50350909079134e-14,2.5860365656171487e-12,2.586036565617149e-09,2.586036565617149e-06,,,,,
D36_minus_C36,D36,C36,3,"[-0.125,-0.0625,0.1875]",9,-0.15267249017085,-0.1526724901708453,1.0,1.0,occupied,True,-4.690692279041286e-15,-1.2764023936603334e-13,-1.2764023936603334e-10,-1.2764023936603334e-07,,,,,
D36_minus_C36,D36,C36,3,"[-0.125,-0.0625,0.1875]",10,-0.1526724870371813,-0.1526724870371788,1.0,1.0,occupied,True,-2.4980018054066022e-15,-6.797409197007692e-14,-6.797409197007692e-11,-6.797409197007692e-08,,,,,
D36_minus_C36,D36,C36,3,"[-0.125,-0.0625,0.1875]",11,0.0128985218265297,0.01289852182654522,8.54019738811399e-37,8.540197387981583e-37,empty,True,-1.5520570939564493e-14,-4.2233625059463765e-13,-4.2233625059463766e-10,-4.2233625059463763e-07,,,,,
D36_minus_C36,D36,C36,3,"[-0.125,-0.0625,0.1875]",12,0.01289860859426313,0.01289860859427902,8.539456406690756e-37,8.539456406555085e-37,empty,True,-1.5890067039947553e-14,-4.3239075169854487e-13,-4.323907516985449e-10,-4.323907516985449e-07,,,,,
D36_minus_C36,D36,C36,3,"[-0.125,-0.0625,0.1875]",13,0.03612597188758365,0.03612597188761041,6.980949854218403e-47,6.980949854031599e-47,empty,True,-2.6756374893466273e-14,-7.280780517683795e-13,-7.280780517683795e-10,-7.280780517683795e-07,,,,,
D36_minus_C36,D36,C36,3,"[-0.125,-0.0625,0.1875]",14,0.03612605507516055,0.03612605507518651,6.980369150069653e-47,6.980369149888321e-47,empty,True,-2.595840209451694e-14,-7.063641057223826e-13,-7.063641057223826e-10,-7.063641057223827e-07,,,,,
D36_minus_C36,D36,C36,3,"[-0.125,-0.0625,0.1875]",15,0.05633573850639115,0.05633573850640305,1.16660650916746e-55,1.166606509153534e-55,empty,True,-1.1900203045200897e-14,-3.238210214685609e-13,-3.238210214685609e-10,-3.238210214685609e-07,,,,,
D36_minus_C36,D36,C36,3,"[-0.125,-0.0625,0.1875]",16,0.05633580210562744,0.05633580210563989,1.166532316243715e-55,1.166532316229209e-55,empty,True,-1.2448375663609568e-14,-3.3873755831755e-13,-3.3873755831755e-10,-3.3873755831755e-07,,,,,
D36_minus_C36,D36,C36,3,"[-0.125,-0.0625,0.1875]",17,0.1085136426295351,0.1085136426295175,2.5488751154472e-78,2.548875115492042e-78,empty,True,1.759703494030873e-14,4.788397145447641e-13,4.788397145447641e-10,4.788397145447641e-07,,,,,
D36_minus_C36,D36,C36,3,"[-0.125,-0.0625,0.1875]",18,0.1085136677721245,0.1085136677721064,2.548811030932349e-78,2.548811030978349e-78,empty,True,1.8096635301390052e-14,4.924345329387794e-13,4.924345329387794e-10,4.924345329387795e-07,,,,,
D36_minus_C36,D36,C36,3,"[-0.125,-0.0625,0.1875]",19,0.1346439629146681,0.1346439629146757,0.0,0.0,empty,True,-7.605027718682322e-15,-2.069433466644564e-13,-2.069433466644564e-10,-2.0694334666445639e-07,,,,,
D36_minus_C36,D36,C36,3,"[-0.125,-0.0625,0.1875]",20,0.1346439960284241,0.1346439960284314,0.0,0.0,empty,True,-7.299716386910404e-15,-1.986354020903359e-13,-1.986354020903359e-10,-1.9863540209033589e-07,,,,,
D36_minus_C36,D36,C36,3,"[-0.125,-0.0625,0.1875]",21,0.1565643998708646,0.156564399870877,0.0,0.0,empty,True,-1.2406742300186124e-14,-3.3760465678471537e-13,-3.376046567847154e-10,-3.3760465678471536e-07,,,,,
D36_minus_C36,D36,C36,3,"[-0.125,-0.0625,0.1875]",22,0.1565644464526302,0.1565644464526399,0.0,0.0,empty,True,-9.686695889854491e-15,-2.635884233061872e-13,-2.635884233061872e-10,-2.635884233061872e-07,,,,,
D36_minus_C36,D36,C36,3,"[-0.125,-0.0625,0.1875]",23,0.1807379133734804,0.1807379133734585,0.0,0.0,empty,True,2.1926904736346842e-14,5.966614739595641e-13,5.966614739595641e-10,5.966614739595641e-07,,,,,
D36_minus_C36,D36,C36,3,"[-0.125,-0.0625,0.1875]",24,0.1807379226865005,0.1807379226864796,0.0,0.0,empty,True,2.0899948438568572e-14,5.687165694829769e-13,5.687165694829769e-10,5.687165694829769e-07,,,,,
D36_minus_old_bands,D36,old_bands,1,"[0.0,0.0,0.0]",1,-3.290030681128614,-3.290030681128612,1.0,1.0,occupied,True,-2.220446049250313e-15,-6.042141508451281e-14,-6.042141508451282e-11,-6.042141508451281e-08,,,,,
D36_minus_old_bands,D36,old_bands,1,"[0.0,0.0,0.0]",2,-3.290030681128612,-3.290030681128612,1.0,1.0,occupied,True,0.0,0.0,0.0,0.0,,,,,
D36_minus_old_bands,D36,old_bands,1,"[0.0,0.0,0.0]",3,-1.661499453064247,-1.661499453064246,1.0,1.0,occupied,True,-1.1102230246251565e-15,-3.021070754225641e-14,-3.021070754225641e-11,-3.0210707542256405e-08,,,,,
D36_minus_old_bands,D36,old_bands,1,"[0.0,0.0,0.0]",4,-1.661499453064246,-1.661499453064246,1.0,1.0,occupied,True,0.0,0.0,0.0,0.0,,,,,
D36_minus_old_bands,D36,old_bands,1,"[0.0,0.0,0.0]",5,-1.652785545715813,-1.652785545715813,1.0,1.0,occupied,True,0.0,0.0,0.0,0.0,,,,,
D36_minus_old_bands,D36,old_bands,1,"[0.0,0.0,0.0]",6,-1.652785545715813,-1.652785545715811,1.0,1.0,occupied,True,-1.9984014443252818e-15,-5.437927357606154e-14,-5.437927357606154e-11,-5.437927357606154e-08,,,,,
D36_minus_old_bands,D36,old_bands,1,"[0.0,0.0,0.0]",7,-1.652602182644505,-1.652602182644505,1.0,1.0,occupied,True,0.0,0.0,0.0,0.0,,,,,
D36_minus_old_bands,D36,old_bands,1,"[0.0,0.0,0.0]",8,-1.652602182644504,-1.652602182644503,1.0,1.0,occupied,True,-1.1102230246251565e-15,-3.021070754225641e-14,-3.021070754225641e-11,-3.0210707542256405e-08,,,,,
D36_minus_old_bands,D36,old_bands,1,"[0.0,0.0,0.0]",9,-0.1592091612709172,-0.1592091612709129,1.0,1.0,occupied,True,-4.3021142204224816e-15,-1.1706649172624358e-13,-1.1706649172624357e-10,-1.1706649172624358e-07,,,,,
D36_minus_old_bands,D36,old_bands,1,"[0.0,0.0,0.0]",10,-0.1592091612709162,-0.1592091612709124,1.0,1.0,occupied,True,-3.802513859341161e-15,-1.034716733322282e-13,-1.034716733322282e-10,-1.0347167333222819e-07,,,,,
D36_minus_old_bands,D36,old_bands,1,"[0.0,0.0,0.0]",11,0.06051999770811803,0.06051999770815743,1.777148474580432e-57,1.777148474510375e-57,empty,True,-3.939903958638524e-14,-1.0721024839058244e-12,-1.0721024839058244e-09,-1.0721024839058243e-06,,,,,
D36_minus_old_bands,D36,old_bands,1,"[0.0,0.0,0.0]",12,0.06051999770811867,0.06051999770815852,1.77714847457927e-57,1.777148474508405e-57,empty,True,-3.985006769013921e-14,-1.084375583844866e-12,-1.0843755838448659e-09,-1.084375583844866e-06,,,,,
D36_minus_old_bands,D36,old_bands,1,"[0.0,0.0,0.0]",13,0.06082948730446573,0.06082948730451875,1.304109591899228e-57,1.304109591830065e-57,empty,True,-5.302008831975513e-14,-1.4427501020648827e-12,-1.4427501020648827e-09,-1.4427501020648827e-06,,,,,
D36_minus_old_bands,D36,old_bands,1,"[0.0,0.0,0.0]",14,0.06082948730446573,0.0608294873045253,1.304109591899228e-57,1.30410959182154e-57,empty,True,-5.957040416504356e-14,-1.6209932765641955e-12,-1.6209932765641954e-09,-1.6209932765641955e-06,,,,,
D36_minus_old_bands,D36,old_bands,1,"[0.0,0.0,0.0]",15,0.06100683133081215,0.06100683133087546,1.092180849269035e-57,1.092180849199874e-57,empty,True,-6.331046797924955e-14,-1.7227655975971718e-12,-1.7227655975971717e-09,-1.7227655975971719e-06,,,,,
D36_minus_old_bands,D36,old_bands,1,"[0.0,0.0,0.0]",16,0.06100683133081279,0.06100683133088586,1.092180849268321e-57,1.092180849188513e-57,empty,True,-7.306655280814311e-14,-1.98824219012475e-12,-1.9882421901247498e-09,-1.98824219012475e-06,,,,,
D36_minus_old_bands,D36,old_bands,1,"[0.0,0.0,0.0]",17,0.06559166867072778,0.06559166867108765,1.114615299565253e-59,1.114615299164162e-59,empty,True,-3.598649156444367e-13,-9.792423215978136e-12,-9.792423215978137e-09,-9.792423215978137e-06,,,,,
D36_minus_old_bands,D36,old_bands,1,"[0.0,0.0,0.0]",18,0.06559166867072842,0.06559166867109256,1.114615299564556e-59,1.114615299158649e-59,empty,True,-3.6413927428924353e-13,-9.908734440015824e-12,-9.908734440015824e-09,-9.908734440015824e-06,,,,,
D36_minus_old_bands,D36,old_bands,1,"[0.0,0.0,0.0]",19,0.1027212622462766,0.102721262246463,8.355018095856599e-76,8.355018094299786e-76,empty,True,-1.8639256804675597e-13,-5.072000162500573e-12,-5.0720001625005725e-09,-5.072000162500573e-06,,,,,
D36_minus_old_bands,D36,old_bands,1,"[0.0,0.0,0.0]",20,0.1027212622462779,0.102721262246481,8.35501809584615e-76,8.355018094148996e-76,empty,True,-2.0310142456736457e-13,-5.526671311011532e-12,-5.526671311011532e-09,-5.526671311011532e-06,,,,,
D36_minus_old_bands,D36,old_bands,1,"[0.0,0.0,0.0]",21,0.1028746780712616,0.1028746780713892,7.166708638129729e-76,7.166708637215161e-76,empty,True,-1.2759238110504612e-13,-3.471965564293818e-12,-3.471965564293818e-09,-3.471965564293818e-06,,,,,
D36_minus_old_bands,D36,old_bands,1,"[0.0,0.0,0.0]",22,0.1028746780712622,0.1028746780714127,7.166708638125044e-76,7.166708637046506e-76,empty,True,-1.5050460877574778e-13,-4.095439041197135e-12,-4.095439041197135e-09,-4.0954390411971345e-06,,,,,
D36_minus_old_bands,D36,old_bands,1,"[0.0,0.0,0.0]",23,0.253972972585237,0.2539729726592948,0.0,0.0,empty,True,-7.405781543567969e-11,-2.0152158203538538e-09,-2.015215820353854e-06,-0.0020152158203538537,,,,,
D36_minus_old_bands,D36,old_bands,1,"[0.0,0.0,0.0]",24,0.2539729725941373,0.2539729727649595,0.0,0.0,empty,True,-1.7082218972674923e-10,-4.648308584038821e-09,-4.648308584038821e-06,-0.004648308584038821,,,,,
D36_minus_old_bands,D36,old_bands,2,"[0.125,0.0625,-0.1875]",1,-3.289853169577084,-3.289853169577079,1.0,1.0,occupied,True,-4.884981308350689e-15,-1.329271131859282e-13,-1.329271131859282e-10,-1.329271131859282e-07,,,,,
D36_minus_old_bands,D36,old_bands,2,"[0.125,0.0625,-0.1875]",2,-3.289853169487348,-3.289853169487347,1.0,1.0,occupied,True,-8.881784197001252e-16,-2.4168566033805128e-14,-2.416856603380513e-11,-2.4168566033805128e-08,,,,,
D36_minus_old_bands,D36,old_bands,2,"[0.125,0.0625,-0.1875]",3,-1.660668305506527,-1.660668305506525,1.0,1.0,occupied,True,-1.9984014443252818e-15,-5.437927357606154e-14,-5.437927357606154e-11,-5.437927357606154e-08,,,,,
D36_minus_old_bands,D36,old_bands,2,"[0.125,0.0625,-0.1875]",4,-1.660667837996386,-1.660667837996385,1.0,1.0,occupied,True,-8.881784197001252e-16,-2.4168566033805128e-14,-2.416856603380513e-11,-2.4168566033805128e-08,,,,,
D36_minus_old_bands,D36,old_bands,2,"[0.125,0.0625,-0.1875]",5,-1.652578634576126,-1.652578634576126,1.0,1.0,occupied,True,0.0,0.0,0.0,0.0,,,,,
D36_minus_old_bands,D36,old_bands,2,"[0.125,0.0625,-0.1875]",6,-1.652578307101512,-1.652578307101512,1.0,1.0,occupied,True,0.0,0.0,0.0,0.0,,,,,
D36_minus_old_bands,D36,old_bands,2,"[0.125,0.0625,-0.1875]",7,-1.648907956083683,-1.648907956083684,1.0,1.0,occupied,True,8.881784197001252e-16,2.4168566033805128e-14,2.416856603380513e-11,2.4168566033805128e-08,,,,,
D36_minus_old_bands,D36,old_bands,2,"[0.125,0.0625,-0.1875]",8,-1.648907325718075,-1.648907325718074,1.0,1.0,occupied,True,-1.1102230246251565e-15,-3.021070754225641e-14,-3.021070754225641e-11,-3.0210707542256405e-08,,,,,
D36_minus_old_bands,D36,old_bands,2,"[0.125,0.0625,-0.1875]",9,-0.1526724901708498,-0.1526724901708458,1.0,1.0,occupied,True,-3.9968028886505635e-15,-1.0875854715212308e-13,-1.0875854715212308e-10,-1.0875854715212308e-07,,,,,
D36_minus_old_bands,D36,old_bands,2,"[0.125,0.0625,-0.1875]",10,-0.1526724870371818,-0.1526724870371794,1.0,1.0,occupied,True,-2.4147350785597155e-15,-6.57082889044077e-14,-6.57082889044077e-11,-6.57082889044077e-08,,,,,
D36_minus_old_bands,D36,old_bands,2,"[0.125,0.0625,-0.1875]",11,0.01289852182652848,0.01289852182662241,8.540197388124428e-37,8.540197387322214e-37,empty,True,-9.393007205371617e-14,-2.5559674707664967e-12,-2.555967470766497e-09,-2.5559674707664968e-06,,,,,
D36_minus_old_bands,D36,old_bands,2,"[0.125,0.0625,-0.1875]",12,0.01289860859426408,0.01289860859435659,8.539456406682626e-37,8.539456405892739e-37,empty,True,-9.251106825036715e-14,-2.51735441018905e-12,-2.5173544101890503e-09,-2.51735441018905e-06,,,,,
D36_minus_old_bands,D36,old_bands,2,"[0.125,0.0625,-0.1875]",13,0.03612597188758392,0.03612597188764144,6.980949854216516e-47,6.980949853815035e-47,empty,True,-5.751649156948702e-14,-1.5651034676110212e-12,-1.5651034676110212e-09,-1.5651034676110212e-06,,,,,
D36_minus_old_bands,D36,old_bands,2,"[0.125,0.0625,-0.1875]",14,0.03612605507516006,0.03612605507521754,6.980369150073125e-47,6.980369149671773e-47,empty,True,-5.747485820606357e-14,-1.5639705660781866e-12,-1.5639705660781866e-09,-1.5639705660781866e-06,,,,,
D36_minus_old_bands,D36,old_bands,2,"[0.125,0.0625,-0.1875]",15,0.05633573850638933,0.05633573850648056,1.166606509169566e-55,1.166606509063132e-55,empty,True,-9.123257704857224e-14,-2.4825648922849206e-12,-2.482564892284921e-09,-2.4825648922849206e-06,,,,,
D36_minus_old_bands,D36,old_bands,2,"[0.125,0.0625,-0.1875]",16,0.05633580210562699,0.05633580210571738,1.166532316244262e-55,1.166532316138813e-55,empty,True,-9.038603199229556e-14,-2.45952922778395e-12,-2.45952922778395e-09,-2.45952922778395e-06,,,,,
D36_minus_old_bands,D36,old_bands,2,"[0.125,0.0625,-0.1875]",17,0.1085136426295349,0.1085136426297656,2.548875115447634e-78,2.548875114859466e-78,empty,True,-2.306904667292997e-13,-6.277407393436604e-12,-6.277407393436604e-09,-6.277407393436604e-06,,,,,
D36_minus_old_bands,D36,old_bands,2,"[0.125,0.0625,-0.1875]",18,0.1085136677721262,0.1085136677723565,2.548811030927857e-78,2.54881103034108e-78,empty,True,-2.303018886706809e-13,-6.266833645796814e-12,-6.266833645796814e-09,-6.266833645796814e-06,,,,,
D36_minus_old_bands,D36,old_bands,2,"[0.125,0.0625,-0.1875]",19,0.1346439629146673,0.1346439629149658,0.0,0.0,empty,True,-2.9851121574608896e-13,-8.122903990424192e-12,-8.122903990424192e-09,-8.122903990424192e-06,,,,,
D36_minus_old_bands,D36,old_bands,2,"[0.125,0.0625,-0.1875]",20,0.1346439960284261,0.1346439960287215,0.0,0.0,empty,True,-2.9540259127713853e-13,-8.038314009305874e-12,-8.038314009305874e-09,-8.038314009305874e-06,,,,,
D36_minus_old_bands,D36,old_bands,2,"[0.125,0.0625,-0.1875]",21,0.1565643998708639,0.1565643998712954,0.0,0.0,empty,True,-4.314881785205671e-13,-1.1741391486297953e-11,-1.1741391486297953e-08,-1.1741391486297954e-05,,,,,
D36_minus_old_bands,D36,old_bands,2,"[0.125,0.0625,-0.1875]",22,0.1565644464526275,0.1565644464530587,0.0,0.0,empty,True,-4.312106227644108e-13,-1.173383880941239e-11,-1.173383880941239e-08,-1.173383880941239e-05,,,,,
D36_minus_old_bands,D36,old_bands,2,"[0.125,0.0625,-0.1875]",23,0.1807379133734803,0.1807379133750102,0.0,0.0,empty,True,-1.5298873279334657e-12,-4.1630354993229333e-11,-4.1630354993229335e-08,-4.163035499322933e-05,,,,,
D36_minus_old_bands,D36,old_bands,2,"[0.125,0.0625,-0.1875]",24,0.1807379226865014,0.1807379226880313,0.0,0.0,empty,True,-1.5298873279334657e-12,-4.1630354993229333e-11,-4.1630354993229335e-08,-4.163035499322933e-05,,,,,
D36_minus_old_bands,D36,old_bands,3,"[-0.125,-0.0625,0.1875]",1,-3.289853169577085,-3.28985316957709,1.0,1.0,occupied,True,4.884981308350689e-15,1.329271131859282e-13,1.329271131859282e-10,1.329271131859282e-07,,,,,
D36_minus_old_bands,D36,old_bands,3,"[-0.125,-0.0625,0.1875]",2,-3.289853169487349,-3.289853169487353,1.0,1.0,occupied,True,3.9968028886505635e-15,1.0875854715212308e-13,1.0875854715212308e-10,1.0875854715212308e-07,,,,,
D36_minus_old_bands,D36,old_bands,3,"[-0.125,-0.0625,0.1875]",3,-1.660668305506529,-1.660668305506527,1.0,1.0,occupied,True,-1.9984014443252818e-15,-5.437927357606154e-14,-5.437927357606154e-11,-5.437927357606154e-08,,,,,
D36_minus_old_bands,D36,old_bands,3,"[-0.125,-0.0625,0.1875]",4,-1.660667837996385,-1.660667837996386,1.0,1.0,occupied,True,8.881784197001252e-16,2.4168566033805128e-14,2.416856603380513e-11,2.4168566033805128e-08,,,,,
D36_minus_old_bands,D36,old_bands,3,"[-0.125,-0.0625,0.1875]",5,-1.652578634576126,-1.652578634576124,1.0,1.0,occupied,True,-1.9984014443252818e-15,-5.437927357606154e-14,-5.437927357606154e-11,-5.437927357606154e-08,,,,,
D36_minus_old_bands,D36,old_bands,3,"[-0.125,-0.0625,0.1875]",6,-1.652578307101514,-1.652578307101513,1.0,1.0,occupied,True,-1.1102230246251565e-15,-3.021070754225641e-14,-3.021070754225641e-11,-3.0210707542256405e-08,,,,,
D36_minus_old_bands,D36,old_bands,3,"[-0.125,-0.0625,0.1875]",7,-1.648907956083683,-1.648907956083682,1.0,1.0,occupied,True,-1.1102230246251565e-15,-3.021070754225641e-14,-3.021070754225641e-11,-3.0210707542256405e-08,,,,,
D36_minus_old_bands,D36,old_bands,3,"[-0.125,-0.0625,0.1875]",8,-1.648907325718074,-1.648907325718074,1.0,1.0,occupied,True,0.0,0.0,0.0,0.0,,,,,
D36_minus_old_bands,D36,old_bands,3,"[-0.125,-0.0625,0.1875]",9,-0.15267249017085,-0.1526724901708457,1.0,1.0,occupied,True,-4.3021142204224816e-15,-1.1706649172624358e-13,-1.1706649172624357e-10,-1.1706649172624358e-07,,,,,
D36_minus_old_bands,D36,old_bands,3,"[-0.125,-0.0625,0.1875]",10,-0.1526724870371813,-0.1526724870371793,1.0,1.0,occupied,True,-1.9984014443252818e-15,-5.437927357606154e-14,-5.437927357606154e-11,-5.437927357606154e-08,,,,,
D36_minus_old_bands,D36,old_bands,3,"[-0.125,-0.0625,0.1875]",11,0.0128985218265297,0.01289852182662249,8.54019738811399e-37,8.540197387321608e-37,empty,True,-9.279035872999941e-14,-2.524954291305149e-12,-2.5249542913051487e-09,-2.524954291305149e-06,,,,,
D36_minus_old_bands,D36,old_bands,3,"[-0.125,-0.0625,0.1875]",12,0.01289860859426313,0.01289860859435563,8.539456406690756e-37,8.539456405900871e-37,empty,True,-9.249892518603531e-14,-2.5170239805753068e-12,-2.5170239805753066e-09,-2.517023980575307e-06,,,,,
D36_minus_old_bands,D36,old_bands,3,"[-0.125,-0.0625,0.1875]",13,0.03612597188758365,0.03612597188764095,6.980949854218403e-47,6.980949853818408e-47,empty,True,-5.729444696456198e-14,-1.55906132610257e-12,-1.55906132610257e-09,-1.55906132610257e-06,,,,,
D36_minus_old_bands,D36,old_bands,3,"[-0.125,-0.0625,0.1875]",14,0.03612605507516055,0.03612605507521738,6.980369150069653e-47,6.980369149672965e-47,empty,True,-5.68295410730002e-14,-1.54641059231925e-12,-1.54641059231925e-09,-1.54641059231925e-06,,,,,
D36_minus_old_bands,D36,old_bands,3,"[-0.125,-0.0625,0.1875]",15,0.05633573850639115,0.05633573850648024,1.16660650916746e-55,1.166606509063513e-55,empty,True,-8.909539772616881e-14,-2.4244092802660767e-12,-2.4244092802660767e-09,-2.4244092802660766e-06,,,,,
D36_minus_old_bands,D36,old_bands,3,"[-0.125,-0.0625,0.1875]",16,0.05633580210562744,0.0563358021057172,1.166532316243715e-55,1.166532316139012e-55,empty,True,-8.97615315409439e-14,-2.442535704791431e-12,-2.442535704791431e-09,-2.442535704791431e-06,,,,,
D36_minus_old_bands,D36,old_bands,3,"[-0.125,-0.0625,0.1875]",17,0.1085136426295351,0.1085136426297659,2.5488751154472e-78,2.548875114858886e-78,empty,True,-2.3080148903176223e-13,-6.2804284641908295e-12,-6.280428464190829e-09,-6.28042846419083e-06,,,,,
D36_minus_old_bands,D36,old_bands,3,"[-0.125,-0.0625,0.1875]",18,0.1085136677721245,0.1085136677723561,2.548811030932349e-78,2.54881103034195e-78,empty,True,-2.3160640072461547e-13,-6.302331227158965e-12,-6.302331227158965e-09,-6.302331227158965e-06,,,,,
D36_minus_old_bands,D36,old_bands,3,"[-0.125,-0.0625,0.1875]",19,0.1346439629146681,0.1346439629149657,0.0,0.0,empty,True,-2.975952817507732e-13,-8.09798015670183e-12,-8.09798015670183e-09,-8.09798015670183e-06,,,,,
D36_minus_old_bands,D36,old_bands,3,"[-0.125,-0.0625,0.1875]",20,0.1346439960284241,0.1346439960287221,0.0,0.0,empty,True,-2.97983859809392e-13,-8.108553904341621e-12,-8.108553904341621e-09,-8.108553904341621e-06,,,,,
D36_minus_old_bands,D36,old_bands,3,"[-0.125,-0.0625,0.1875]",21,0.1565643998708646,0.1565643998712954,0.0,0.0,empty,True,-4.3079428913017637e-13,-1.1722509794084044e-11,-1.1722509794084043e-08,-1.1722509794084043e-05,,,,,
D36_minus_old_bands,D36,old_bands,3,"[-0.125,-0.0625,0.1875]",22,0.1565644464526302,0.156564446453059,0.0,0.0,empty,True,-4.287958876858511e-13,-1.1668130520507982e-11,-1.1668130520507982e-08,-1.1668130520507982e-05,,,,,
D36_minus_old_bands,D36,old_bands,3,"[-0.125,-0.0625,0.1875]",23,0.1807379133734804,0.1807379133750099,0.0,0.0,empty,True,-1.529498749874847e-12,-4.1619781245589546e-11,-4.1619781245589544e-08,-4.1619781245589545e-05,,,,,
D36_minus_old_bands,D36,old_bands,3,"[-0.125,-0.0625,0.1875]",24,0.1807379226865005,0.1807379226880312,0.0,0.0,empty,True,-1.5307199952019346e-12,-4.1653013023886023e-11,-4.165301302388602e-08,-4.165301302388602e-05,,,,,
C36_minus_old_bands,C36,old_bands,1,"[0.0,0.0,0.0]",1,-3.290030681128605,-3.290030681128612,1.0,1.0,occupied,True,7.105427357601002e-15,1.9334852827044102e-13,1.9334852827044103e-10,1.9334852827044102e-07,,,,,
C36_minus_old_bands,C36,old_bands,1,"[0.0,0.0,0.0]",2,-3.290030681128613,-3.290030681128612,1.0,1.0,occupied,True,-8.881784197001252e-16,-2.4168566033805128e-14,-2.416856603380513e-11,-2.4168566033805128e-08,,,,,
C36_minus_old_bands,C36,old_bands,1,"[0.0,0.0,0.0]",3,-1.661499453064178,-1.661499453064246,1.0,1.0,occupied,True,6.794564910705958e-14,1.8488953015860922e-12,1.8488953015860922e-09,1.8488953015860922e-06,,,,,
C36_minus_old_bands,C36,old_bands,1,"[0.0,0.0,0.0]",4,-1.661499453064182,-1.661499453064246,1.0,1.0,occupied,True,6.394884621840902e-14,1.7401367544339692e-12,1.7401367544339693e-09,1.7401367544339693e-06,,,,,
C36_minus_old_bands,C36,old_bands,1,"[0.0,0.0,0.0]",5,-1.652785545714343,-1.652785545715813,1.0,1.0,occupied,True,1.4699352846037073e-12,3.999897678594749e-11,3.999897678594749e-08,3.999897678594749e-05,,,,,
C36_minus_old_bands,C36,old_bands,1,"[0.0,0.0,0.0]",6,-1.652785545714345,-1.652785545715811,1.0,1.0,occupied,True,1.4659384817150567e-12,3.9890218238795366e-11,3.989021823879537e-08,3.989021823879537e-05,,,,,
C36_minus_old_bands,C36,old_bands,1,"[0.0,0.0,0.0]",7,-1.652602182646023,-1.652602182644505,1.0,1.0,occupied,True,-1.518118963872439e-12,-4.131012149328141e-11,-4.1310121493281415e-08,-4.1310121493281414e-05,,,,,
C36_minus_old_bands,C36,old_bands,1,"[0.0,0.0,0.0]",8,-1.652602182646022,-1.652602182644503,1.0,1.0,occupied,True,-1.5190071422921392e-12,-4.133429005931522e-11,-4.133429005931522e-08,-4.133429005931522e-05,,,,,
C36_minus_old_bands,C36,old_bands,1,"[0.0,0.0,0.0]",9,-0.1592091612709152,-0.1592091612709129,1.0,1.0,occupied,True,-2.3037127760972e-15,-6.268721815018206e-14,-6.268721815018206e-11,-6.268721815018206e-08,,,,,
C36_minus_old_bands,C36,old_bands,1,"[0.0,0.0,0.0]",10,-0.1592091612709148,-0.1592091612709124,1.0,1.0,occupied,True,-2.4147350785597155e-15,-6.57082889044077e-14,-6.57082889044077e-11,-6.57082889044077e-08,,,,,
C36_minus_old_bands,C36,old_bands,1,"[0.0,0.0,0.0]",11,0.06051999770841418,0.06051999770815743,1.777148474054122e-57,1.777148474510375e-57,empty,True,2.5675295223237526e-13,6.986603752991073e-12,6.986603752991073e-09,6.986603752991073e-06,,,,,
C36_minus_old_bands,C36,old_bands,1,"[0.0,0.0,0.0]",12,0.06051999770841379,0.06051999770815852,1.777148474054829e-57,1.777148474508405e-57,empty,True,2.55274967830843e-13,6.946385748575444e-12,6.946385748575444e-09,6.946385748575444e-06,,,,,
C36_minus_old_bands,C36,old_bands,1,"[0.0,0.0,0.0]",13,0.06082948730435112,0.06082948730451875,1.304109592048674e-57,1.304109591830065e-57,empty,True,-1.6762979893059082e-13,-4.56143920503644e-12,-4.561439205036439e-09,-4.56143920503644e-06,,,,,
C36_minus_old_bands,C36,old_bands,1,"[0.0,0.0,0.0]",14,0.06082948730435109,0.0608294873045253,1.304109592048748e-57,1.30410959182154e-57,empty,True,-1.7421480924539878e-13,-4.740626464146448e-12,-4.740626464146448e-09,-4.740626464146448e-06,,,,,
C36_minus_old_bands,C36,old_bands,1,"[0.0,0.0,0.0]",15,0.06100683133064688,0.06100683133087546,1.092180849449511e-57,1.092180849199874e-57,empty,True,-2.285810429825119e-13,-6.220007049106317e-12,-6.220007049106317e-09,-6.220007049106316e-06,,,,,
C36_minus_old_bands,C36,old_bands,1,"[0.0,0.0,0.0]",16,0.06100683133064655,0.06100683133088586,1.092180849449884e-57,1.092180849188513e-57,empty,True,-2.393085729579525e-13,-6.511918010733369e-12,-6.511918010733369e-09,-6.511918010733369e-06,,,,,
C36_minus_old_bands,C36,old_bands,1,"[0.0,0.0,0.0]",17,0.06559166867078259,0.06559166867108765,1.114615299504175e-59,1.114615299164162e-59,empty,True,-3.050615315913774e-13,-8.301147164923504e-12,-8.301147164923504e-09,-8.301147164923504e-06,,,,,
C36_minus_old_bands,C36,old_bands,1,"[0.0,0.0,0.0]",18,0.06559166867078223,0.06559166867109256,1.114615299504587e-59,1.114615299158649e-59,empty,True,-3.103350909583469e-13,-8.444648025749223e-12,-8.444648025749223e-09,-8.444648025749222e-06,,,,,
C36_minus_old_bands,C36,old_bands,1,"[0.0,0.0,0.0]",19,0.102721262246354,0.102721262246463,8.355018095209747e-76,8.355018094299786e-76,empty,True,-1.0899614544257474e-13,-2.965936212961023e-12,-2.9659362129610234e-09,-2.965936212961023e-06,,,,,
C36_minus_old_bands,C36,old_bands,1,"[0.0,0.0,0.0]",20,0.1027212622463537,0.102721262246481,8.355018095212597e-76,8.355018094148996e-76,empty,True,-1.27300947561082e-13,-3.4640352535639755e-12,-3.4640352535639756e-09,-3.4640352535639754e-06,,,,,
C36_minus_old_bands,C36,old_bands,1,"[0.0,0.0,0.0]",21,0.1028746780711267,0.1028746780713892,7.166708639096646e-76,7.166708637215161e-76,empty,True,-2.6249835638481045e-13,-7.14294416452225e-12,-7.14294416452225e-09,-7.14294416452225e-06,,,,,
C36_minus_old_bands,C36,old_bands,1,"[0.0,0.0,0.0]",22,0.1028746780711263,0.1028746780714127,7.166708639098887e-76,7.166708637046506e-76,empty,True,-2.8640978477767476e-13,-7.793607278213597e-12,-7.793607278213597e-09,-7.793607278213598e-06,,,,,
C36_minus_old_bands,C36,old_bands,1,"[0.0,0.0,0.0]",23,0.253972972583366,0.2539729726592948,0.0,0.0,empty,True,-7.592881878792923e-11,-2.0661284152394413e-09,-2.0661284152394412e-06,-0.0020661284152394413,,,,,
C36_minus_old_bands,C36,old_bands,1,"[0.0,0.0,0.0]",24,0.25397297258561,0.2539729727649595,0.0,0.0,empty,True,-1.7934947971198767e-10,-4.88034796545863e-09,-4.88034796545863e-06,-0.00488034796545863,,,,,
C36_minus_old_bands,C36,old_bands,2,"[0.125,0.0625,-0.1875]",1,-3.289853169577077,-3.289853169577079,1.0,1.0,occupied,True,1.7763568394002505e-15,4.8337132067610256e-14,4.833713206761026e-11,4.8337132067610256e-08,,,,,
C36_minus_old_bands,C36,old_bands,2,"[0.125,0.0625,-0.1875]",2,-3.289853169487351,-3.289853169487347,1.0,1.0,occupied,True,-3.9968028886505635e-15,-1.0875854715212308e-13,-1.0875854715212308e-10,-1.0875854715212308e-07,,,,,
C36_minus_old_bands,C36,old_bands,2,"[0.125,0.0625,-0.1875]",3,-1.660668305506475,-1.660668305506525,1.0,1.0,occupied,True,4.9960036108132044e-14,1.3594818394015384e-12,1.3594818394015384e-09,1.3594818394015385e-06,,,,,
C36_minus_old_bands,C36,old_bands,2,"[0.125,0.0625,-0.1875]",4,-1.660667837996333,-1.660667837996385,1.0,1.0,occupied,True,5.1958437552457326e-14,1.4138611129776e-12,1.4138611129775999e-09,1.4138611129776e-06,,,,,
C36_minus_old_bands,C36,old_bands,2,"[0.125,0.0625,-0.1875]",5,-1.652578634576065,-1.652578634576126,1.0,1.0,occupied,True,6.106226635438361e-14,1.6615889148241026e-12,1.6615889148241026e-09,1.6615889148241026e-06,,,,,
C36_minus_old_bands,C36,old_bands,2,"[0.125,0.0625,-0.1875]",6,-1.652578307101451,-1.652578307101512,1.0,1.0,occupied,True,6.106226635438361e-14,1.6615889148241026e-12,1.6615889148241026e-09,1.6615889148241026e-06,,,,,
C36_minus_old_bands,C36,old_bands,2,"[0.125,0.0625,-0.1875]",7,-1.648907956083779,-1.648907956083684,1.0,1.0,occupied,True,-9.50350909079134e-14,-2.5860365656171487e-12,-2.586036565617149e-09,-2.586036565617149e-06,,,,,
C36_minus_old_bands,C36,old_bands,2,"[0.125,0.0625,-0.1875]",8,-1.648907325718172,-1.648907325718074,1.0,1.0,occupied,True,-9.792167077193881e-14,-2.6645844052270153e-12,-2.664584405227015e-09,-2.6645844052270154e-06,,,,,
C36_minus_old_bands,C36,old_bands,2,"[0.125,0.0625,-0.1875]",9,-0.1526724901708467,-0.1526724901708458,1.0,1.0,occupied,True,-8.881784197001252e-16,-2.4168566033805128e-14,-2.416856603380513e-11,-2.4168566033805128e-08,,,,,
C36_minus_old_bands,C36,old_bands,2,"[0.125,0.0625,-0.1875]",10,-0.1526724870371789,-0.1526724870371794,1.0,1.0,occupied,True,4.996003610813204e-16,1.3594818394015385e-14,1.3594818394015385e-11,1.3594818394015385e-08,,,,,
C36_minus_old_bands,C36,old_bands,2,"[0.125,0.0625,-0.1875]",11,0.01289852182654525,0.01289852182662241,8.540197387981218e-37,8.540197387322214e-37,empty,True,-7.716050021144838e-14,-2.0996441741868206e-12,-2.0996441741868207e-09,-2.0996441741868204e-06,,,,,
C36_minus_old_bands,C36,old_bands,2,"[0.125,0.0625,-0.1875]",12,0.01289860859427926,0.01289860859435659,8.539456406553022e-37,8.539456405892739e-37,empty,True,-7.733050311209411e-14,-2.1042701887792283e-12,-2.1042701887792283e-09,-2.104270188779228e-06,,,,,
C36_minus_old_bands,C36,old_bands,2,"[0.125,0.0625,-0.1875]",13,0.03612597188761058,0.03612597188764144,6.980949854030408e-47,6.980949853815035e-47,empty,True,-3.0857261190675445e-14,-8.396688527525891e-13,-8.396688527525892e-10,-8.396688527525892e-07,,,,,
C36_minus_old_bands,C36,old_bands,2,"[0.125,0.0625,-0.1875]",14,0.03612605507518674,0.03612605507521754,6.980369149886834e-47,6.980369149671773e-47,empty,True,-3.079481114554028e-14,-8.379695004533372e-13,-8.379695004533372e-10,-8.379695004533372e-07,,,,,
C36_minus_old_bands,C36,old_bands,2,"[0.125,0.0625,-0.1875]",15,0.05633573850640365,0.05633573850648056,1.166606509152855e-55,1.166606509063132e-55,empty,True,-7.691070003090772e-14,-2.092846764989813e-12,-2.092846764989813e-09,-2.092846764989813e-06,,,,,
C36_minus_old_bands,C36,old_bands,2,"[0.125,0.0625,-0.1875]",16,0.05633580210564071,0.05633580210571738,1.166532316228231e-55,1.166532316138813e-55,empty,True,-7.666783874427097e-14,-2.0862381727149442e-12,-2.086238172714944e-09,-2.086238172714944e-06,,,,,
C36_minus_old_bands,C36,old_bands,2,"[0.125,0.0625,-0.1875]",17,0.108513642629517,0.1085136426297656,2.548875115493201e-78,2.548875114859466e-78,empty,True,-2.4859281300138036e-13,-6.7645550525554884e-12,-6.764555052555489e-09,-6.764555052555489e-06,,,,,
C36_minus_old_bands,C36,old_bands,2,"[0.125,0.0625,-0.1875]",18,0.1085136677721065,0.1085136677723565,2.548811030978059e-78,2.54881103034108e-78,empty,True,-2.5000834735777744e-13,-6.803073704671865e-12,-6.803073704671865e-09,-6.803073704671865e-06,,,,,
C36_minus_old_bands,C36,old_bands,2,"[0.125,0.0625,-0.1875]",19,0.1346439629146778,0.1346439629149658,0.0,0.0,empty,True,-2.879918525877656e-13,-7.836657536461312e-12,-7.836657536461312e-09,-7.836657536461312e-06,,,,,
C36_minus_old_bands,C36,old_bands,2,"[0.125,0.0625,-0.1875]",20,0.1346439960284307,0.1346439960287215,0.0,0.0,empty,True,-2.9082292130055976e-13,-7.913694840694067e-12,-7.913694840694066e-09,-7.913694840694066e-06,,,,,
C36_minus_old_bands,C36,old_bands,2,"[0.125,0.0625,-0.1875]",21,0.1565643998708757,0.1565643998712954,0.0,0.0,empty,True,-4.196920588839248e-13,-1.142040271866148e-11,-1.142040271866148e-08,-1.142040271866148e-05,,,,,
C36_minus_old_bands,C36,old_bands,2,"[0.125,0.0625,-0.1875]",22,0.1565644464526393,0.1565644464530587,0.0,0.0,empty,True,-4.193867475521529e-13,-1.1412094774087359e-11,-1.1412094774087358e-08,-1.1412094774087358e-05,,,,,
C36_minus_old_bands,C36,old_bands,2,"[0.125,0.0625,-0.1875]",23,0.1807379133734572,0.1807379133750102,0.0,0.0,empty,True,-1.552979966845669e-12,-4.2258737710108266e-11,-4.2258737710108265e-08,-4.2258737710108266e-05,,,,,
C36_minus_old_bands,C36,old_bands,2,"[0.125,0.0625,-0.1875]",24,0.1807379226864797,0.1807379226880313,0.0,0.0,empty,True,-1.5515921880648875e-12,-4.2220974325680443e-11,-4.2220974325680446e-08,-4.2220974325680445e-05,,,,,
C36_minus_old_bands,C36,old_bands,3,"[-0.125,-0.0625,0.1875]",1,-3.28985316957708,-3.28985316957709,1.0,1.0,occupied,True,1.021405182655144e-14,2.7793850938875897e-13,2.77938509388759e-10,2.7793850938875896e-07,,,,,
C36_minus_old_bands,C36,old_bands,3,"[-0.125,-0.0625,0.1875]",2,-3.289853169487341,-3.289853169487353,1.0,1.0,occupied,True,1.199040866595169e-14,3.2627564145636923e-13,3.2627564145636924e-10,3.262756414563692e-07,,,,,
C36_minus_old_bands,C36,old_bands,3,"[-0.125,-0.0625,0.1875]",3,-1.660668305506474,-1.660668305506527,1.0,1.0,occupied,True,5.306866057708248e-14,1.4440718205198565e-12,1.4440718205198565e-09,1.4440718205198564e-06,,,,,
C36_minus_old_bands,C36,old_bands,3,"[-0.125,-0.0625,0.1875]",4,-1.660667837996332,-1.660667837996386,1.0,1.0,occupied,True,5.395683899678261e-14,1.4682403865536616e-12,1.4682403865536615e-09,1.4682403865536615e-06,,,,,
C36_minus_old_bands,C36,old_bands,3,"[-0.125,-0.0625,0.1875]",5,-1.652578634576065,-1.652578634576124,1.0,1.0,occupied,True,5.906386491005833e-14,1.607209641248041e-12,1.607209641248041e-09,1.6072096412480409e-06,,,,,
C36_minus_old_bands,C36,old_bands,3,"[-0.125,-0.0625,0.1875]",6,-1.652578307101453,-1.652578307101513,1.0,1.0,occupied,True,5.995204332975845e-14,1.631378207281846e-12,1.6313782072818461e-09,1.631378207281846e-06,,,,,
C36_minus_old_bands,C36,old_bands,3,"[-0.125,-0.0625,0.1875]",7,-1.648907956083784,-1.648907956083682,1.0,1.0,occupied,True,-1.021405182655144e-13,-2.7793850938875896e-12,-2.7793850938875898e-09,-2.7793850938875898e-06,,,,,
C36_minus_old_bands,C36,old_bands,3,"[-0.125,-0.0625,0.1875]",8,-1.648907325718169,-1.648907325718074,1.0,1.0,occupied,True,-9.50350909079134e-14,-2.5860365656171487e-12,-2.586036565617149e-09,-2.586036565617149e-06,,,,,
C36_minus_old_bands,C36,old_bands,3,"[-0.125,-0.0625,0.1875]",9,-0.1526724901708453,-0.1526724901708457,1.0,1.0,occupied,True,3.885780586188048e-16,1.0573747639789743e-14,1.0573747639789743e-11,1.0573747639789743e-08,,,,,
C36_minus_old_bands,C36,old_bands,3,"[-0.125,-0.0625,0.1875]",10,-0.1526724870371788,-0.1526724870371793,1.0,1.0,occupied,True,4.996003610813204e-16,1.3594818394015385e-14,1.3594818394015385e-11,1.3594818394015385e-08,,,,,
C36_minus_old_bands,C36,old_bands,3,"[-0.125,-0.0625,0.1875]",11,0.01289852182654522,0.01289852182662249,8.540197387981583e-37,8.540197387321608e-37,empty,True,-7.726978779043492e-14,-2.102618040710511e-12,-2.1026180407105112e-09,-2.1026180407105114e-06,,,,,
C36_minus_old_bands,C36,old_bands,3,"[-0.125,-0.0625,0.1875]",12,0.01289860859427902,0.01289860859435563,8.539456406555085e-37,8.539456405900871e-37,empty,True,-7.660885814608775e-14,-2.0846332288767617e-12,-2.0846332288767617e-09,-2.084633228876762e-06,,,,,
C36_minus_old_bands,C36,old_bands,3,"[-0.125,-0.0625,0.1875]",13,0.03612597188761041,0.03612597188764095,6.980949854031599e-47,6.980949853818408e-47,empty,True,-3.053807207109571e-14,-8.309832743341904e-13,-8.309832743341904e-10,-8.309832743341905e-07,,,,,
C36_minus_old_bands,C36,old_bands,3,"[-0.125,-0.0625,0.1875]",14,0.03612605507518651,0.03612605507521738,6.980369149888321e-47,6.980369149672965e-47,empty,True,-3.087113897848326e-14,-8.400464865968673e-13,-8.400464865968674e-10,-8.400464865968673e-07,,,,,
C36_minus_old_bands,C36,old_bands,3,"[-0.125,-0.0625,0.1875]",15,0.05633573850640305,0.05633573850648024,1.166606509153534e-55,1.166606509063513e-55,empty,True,-7.719519468096792e-14,-2.100588258797516e-12,-2.100588258797516e-09,-2.100588258797516e-06,,,,,
C36_minus_old_bands,C36,old_bands,3,"[-0.125,-0.0625,0.1875]",16,0.05633580210563989,0.0563358021057172,1.166532316229209e-55,1.166532316139012e-55,empty,True,-7.731315587733434e-14,-2.1037981464738806e-12,-2.1037981464738808e-09,-2.1037981464738806e-06,,,,,
C36_minus_old_bands,C36,old_bands,3,"[-0.125,-0.0625,0.1875]",17,0.1085136426295175,0.1085136426297659,2.548875115492042e-78,2.548875114858886e-78,empty,True,-2.4839852397207096e-13,-6.759268178735593e-12,-6.759268178735593e-09,-6.759268178735593e-06,,,,,
C36_minus_old_bands,C36,old_bands,3,"[-0.125,-0.0625,0.1875]",18,0.1085136677721064,0.1085136677723561,2.548811030978349e-78,2.54881103034195e-78,empty,True,-2.497030360260055e-13,-6.794765760097745e-12,-6.794765760097745e-09,-6.794765760097745e-06,,,,,
C36_minus_old_bands,C36,old_bands,3,"[-0.125,-0.0625,0.1875]",19,0.1346439629146757,0.1346439629149657,0.0,0.0,empty,True,-2.899902540320909e-13,-7.891036810037374e-12,-7.891036810037373e-09,-7.891036810037373e-06,,,,,
C36_minus_old_bands,C36,old_bands,3,"[-0.125,-0.0625,0.1875]",20,0.1346439960284314,0.1346439960287221,0.0,0.0,empty,True,-2.906841434224816e-13,-7.909918502251285e-12,-7.909918502251284e-09,-7.909918502251286e-06,,,,,
C36_minus_old_bands,C36,old_bands,3,"[-0.125,-0.0625,0.1875]",21,0.156564399870877,0.1565643998712954,0.0,0.0,empty,True,-4.1838754682999024e-13,-1.1384905137299328e-11,-1.1384905137299328e-08,-1.1384905137299328e-05,,,,,
C36_minus_old_bands,C36,old_bands,3,"[-0.125,-0.0625,0.1875]",22,0.1565644464526399,0.156564446453059,0.0,0.0,empty,True,-4.191091917959966e-13,-1.1404542097201794e-11,-1.1404542097201793e-08,-1.1404542097201793e-05,,,,,
C36_minus_old_bands,C36,old_bands,3,"[-0.125,-0.0625,0.1875]",23,0.1807379133734585,0.1807379133750099,0.0,0.0,empty,True,-1.5514256546111937e-12,-4.2216442719549104e-11,-4.22164427195491e-08,-4.22164427195491e-05,,,,,
C36_minus_old_bands,C36,old_bands,3,"[-0.125,-0.0625,0.1875]",24,0.1807379226864796,0.1807379226880312,0.0,0.0,empty,True,-1.5516199436405032e-12,-4.2221729593369004e-11,-4.2221729593369e-08,-4.2221729593369004e-05,,,,,
D40_minus_G40,D40,G40,1,"[0.0,0.0,0.0]",1,-3.290024812759157,-3.290026709683869,1.0,1.0,occupied,True,1.89692471197489e-06,5.1617951017094994e-05,0.051617951017094994,51.617951017094995,,,,,
D40_minus_G40,D40,G40,1,"[0.0,0.0,0.0]",2,-3.290024812759153,-3.290026709683865,1.0,1.0,occupied,True,1.89692471197489e-06,5.1617951017094994e-05,0.051617951017094994,51.617951017094995,,,,,
D40_minus_G40,D40,G40,1,"[0.0,0.0,0.0]",3,-1.661482194526161,-1.661484050124307,1.0,1.0,occupied,True,1.8555981460277593e-06,5.0493397868887616e-05,0.05049339786888762,50.49339786888761,,,,,
D40_minus_G40,D40,G40,1,"[0.0,0.0,0.0]",4,-1.66148219452616,-1.661484050124304,1.0,1.0,occupied,True,1.8555981440293579e-06,5.049339781450834e-05,0.05049339781450834,50.493397814508334,,,,,
D40_minus_G40,D40,G40,1,"[0.0,0.0,0.0]",5,-1.652770171047958,-1.652772022458752,1.0,1.0,occupied,True,1.85141079400708e-06,5.037945421570502e-05,0.05037945421570502,50.37945421570502,,,,,
D40_minus_G40,D40,G40,1,"[0.0,0.0,0.0]",6,-1.652770171047956,-1.652772022458749,1.0,1.0,occupied,True,1.851410792896857e-06,5.0379454185494315e-05,0.05037945418549432,50.37945418549432,,,,,
D40_minus_G40,D40,G40,1,"[0.0,0.0,0.0]",7,-1.652582860127112,-1.652584719435195,1.0,1.0,occupied,True,1.8593080830520137e-06,5.059435039820286e-05,0.05059435039820286,50.59435039820286,,,,,
D40_minus_G40,D40,G40,1,"[0.0,0.0,0.0]",8,-1.652582860127112,-1.652584719435191,1.0,1.0,occupied,True,1.8593080790552108e-06,5.059435028944432e-05,0.05059435028944432,50.59435028944432,,,,,
D40_minus_G40,D40,G40,1,"[0.0,0.0,0.0]",9,-0.1592118428248981,-0.1592125117318751,1.0,1.0,occupied,True,6.689069770027256e-07,1.8201886113852698e-05,0.0182018861138527,18.201886113852698,,,,,
D40_minus_G40,D40,G40,1,"[0.0,0.0,0.0]",10,-0.1592118428248981,-0.1592125117318731,1.0,1.0,occupied,True,6.689069750043242e-07,1.8201886059473423e-05,0.018201886059473423,18.201886059473424,,,,,
D40_minus_G40,D40,G40,1,"[0.0,0.0,0.0]",11,0.06051903453536974,0.06051854170658223,1.786109730909394e-57,1.786990194143389e-57,empty,True,4.928287875086146e-07,1.3410554490035408e-05,0.013410554490035408,13.410554490035409,,,,,
D40_minus_G40,D40,G40,1,"[0.0,0.0,0.0]",12,0.06051903453536974,0.06051854170660355,1.786109730909394e-57,1.786990194105297e-57,empty,True,4.928287661923325e-07,1.3410553909989823e-05,0.013410553909989823,13.410553909989822,,,,,
D40_minus_G40,D40,G40,1,"[0.0,0.0,0.0]",13,0.06083132204717227,0.06083081476879809,1.307023491708016e-57,1.307686684657375e-57,empty,True,5.0727837418163e-07,1.380374777408961e-05,0.01380374777408961,13.80374777408961,,,,,
D40_minus_G40,D40,G40,1,"[0.0,0.0,0.0]",14,0.06083132204717227,0.06083081476880585,1.307023491708016e-57,1.307686684647266e-57,empty,True,5.072783664239466e-07,1.3803747562992291e-05,0.013803747562992292,13.803747562992292,,,,,
D40_minus_G40,D40,G40,1,"[0.0,0.0,0.0]",15,0.06100904505326645,0.06100852929600227,1.094206455253724e-57,1.094770945739041e-57,empty,True,5.157572641814601e-07,1.4034470124812172e-05,0.014034470124812171,14.034470124812172,,,,,
D40_minus_G40,D40,G40,1,"[0.0,0.0,0.0]",16,0.06100904505326645,0.0610085292960071,1.094206455253724e-57,1.094770945733752e-57,empty,True,5.157572593519899e-07,1.4034469993395593e-05,0.014034469993395592,14.034469993395593,,,,,
D40_minus_G40,D40,G40,1,"[0.0,0.0,0.0]",17,0.06559032020486005,0.06558844253609487,1.120667440179477e-59,1.122773659200118e-59,empty,True,1.8776687651794743e-06,5.109397001131288e-05,0.05109397001131288,51.09397001131288,,,,,
D40_minus_G40,D40,G40,1,"[0.0,0.0,0.0]",18,0.06559032020486005,0.06558844253610262,1.120667440179477e-59,1.122773659191406e-59,empty,True,1.8776687574356687e-06,5.109396980059319e-05,0.05109396980059319,51.09396980059319,,,,,
D40_minus_G40,D40,G40,1,"[0.0,0.0,0.0]",19,0.1027257628310916,0.1027253652005468,8.351393333343969e-76,8.354714762732516e-76,empty,True,3.976305447961348e-07,1.0820078337647475e-05,0.010820078337647475,10.820078337647475,,,,,
D40_minus_G40,D40,G40,1,"[0.0,0.0,0.0]",20,0.1027257628310916,0.1027253652005517,8.351393333343969e-76,8.354714762691913e-76,empty,True,3.976305398972757e-07,1.0820078204342727e-05,0.010820078204342727,10.820078204342728,,,,,
D40_minus_G40,D40,G40,1,"[0.0,0.0,0.0]",21,0.1028721503784294,0.102871796870165,7.214124524755414e-76,7.216675228215907e-76,empty,True,3.5350826439739524e-07,9.619449923663896e-06,0.009619449923663896,9.619449923663897,,,,,
D40_minus_G40,D40,G40,1,"[0.0,0.0,0.0]",22,0.1028721503784294,0.1028717968701708,7.214124524755414e-76,7.21667522817386e-76,empty,True,3.5350825859647994e-07,9.619449765812949e-06,0.009619449765812948,9.619449765812949,,,,,
D40_minus_G40,D40,G40,1,"[0.0,0.0,0.0]",23,0.25397743306927,0.2539770697253799,0.0,0.0,empty,True,3.633438900862984e-07,9.887090933255533e-06,0.009887090933255533,9.887090933255532,,,,,
D40_minus_G40,D40,G40,1,"[0.0,0.0,0.0]",24,0.2539774330698479,0.2539770793794403,0.0,0.0,empty,True,3.5369040757293746e-07,9.624406291965645e-06,0.009624406291965645,9.624406291965645,,,,,
D40_minus_G40,D40,G40,2,"[0.125,0.0625,-0.1875]",1,-3.289847255160299,-3.289849151959801,1.0,1.0,occupied,True,1.8967995019103512e-06,5.161454387766694e-05,0.05161454387766694,51.61454387766694,,,,,
D40_minus_G40,D40,G40,2,"[0.125,0.0625,-0.1875]",2,-3.289847255095966,-3.289849151895668,1.0,1.0,occupied,True,1.8967997017504956e-06,5.16145493155943e-05,0.051614549315594296,51.614549315594296,,,,,
D40_minus_G40,D40,G40,2,"[0.125,0.0625,-0.1875]",3,-1.660653685231514,-1.660655539645817,1.0,1.0,occupied,True,1.8544143030041482e-06,5.046118385911752e-05,0.05046118385911752,50.461183859117526,,,,,
D40_minus_G40,D40,G40,2,"[0.125,0.0625,-0.1875]",4,-1.660653551607783,-1.660655406012684,1.0,1.0,occupied,True,1.8544049009694419e-06,5.046092801671963e-05,0.05046092801671963,50.46092801671963,,,,,
D40_minus_G40,D40,G40,2,"[0.125,0.0625,-0.1875]",5,-1.652561569500316,-1.652563421914582,1.0,1.0,occupied,True,1.852414265979263e-06,5.040676007912711e-05,0.05040676007912711,50.40676007912711,,,,,
D40_minus_G40,D40,G40,2,"[0.125,0.0625,-0.1875]",6,-1.652561498277796,-1.652563350689304,1.0,1.0,occupied,True,1.8524115079632253e-06,5.040668502968743e-05,0.05040668502968743,50.40668502968743,,,,,
D40_minus_G40,D40,G40,2,"[0.125,0.0625,-0.1875]",7,-1.648886232173392,-1.648888092242373,1.0,1.0,occupied,True,1.8600689810632787e-06,5.061505548788119e-05,0.05061505548788119,50.61505548788119,,,,,
D40_minus_G40,D40,G40,2,"[0.125,0.0625,-0.1875]",8,-1.648886136360737,-1.648887996428969,1.0,1.0,occupied,True,1.8600682321068263e-06,5.0615035107737886e-05,0.050615035107737884,50.61503510773789,,,,,
D40_minus_G40,D40,G40,2,"[0.125,0.0625,-0.1875]",9,-0.152675456780284,-0.1526761307085706,1.0,1.0,occupied,True,6.739282866208285e-07,1.8338522909331554e-05,0.018338522909331554,18.338522909331555,,,,,
D40_minus_G40,D40,G40,2,"[0.125,0.0625,-0.1875]",10,-0.1526754540738834,-0.152676128001559,1.0,1.0,occupied,True,6.739276756095869e-07,1.833850628286866e-05,0.01833850628286866,18.33850628286866,,,,,
D40_minus_G40,D40,G40,2,"[0.125,0.0625,-0.1875]",11,0.01289785856550232,0.01289701158087318,8.580687427386044e-37,8.587958216433072e-37,empty,True,8.469846291409011e-07,2.3047625887962034e-05,0.023047625887962036,23.047625887962035,,,,,
D40_minus_G40,D40,G40,2,"[0.125,0.0625,-0.1875]",12,0.01289789966172143,0.01289705268702681,8.580334800821301e-37,8.587605205758755e-37,empty,True,8.469746946206808e-07,2.304735555589515e-05,0.023047355555895148,23.047355555895148,,,,,
D40_minus_G40,D40,G40,2,"[0.125,0.0625,-0.1875]",13,0.03612563520711246,0.03612506958290297,7.011757047550937e-47,7.015724188937902e-47,empty,True,5.656242094906339e-07,1.539141883452731e-05,0.01539141883452731,15.391418834527311,,,,,
D40_minus_G40,D40,G40,2,"[0.125,0.0625,-0.1875]",14,0.03612568906869222,0.03612512350641348,7.011379393409991e-47,7.015345886660574e-47,empty,True,5.655622787384407e-07,1.5389733612908876e-05,0.015389733612908876,15.389733612908877,,,,,
D40_minus_G40,D40,G40,2,"[0.125,0.0625,-0.1875]",15,0.05633940577636226,0.05633885877809071,1.167072519354081e-55,1.167711080634989e-55,empty,True,5.46998271552801e-07,1.488458124310727e-05,0.01488458124310727,14.88458124310727,,,,,
D40_minus_G40,D40,G40,2,"[0.125,0.0625,-0.1875]",16,0.05633945322139858,0.05633890628839111,1.167017148869588e-55,1.167655603648619e-55,empty,True,5.469330074669987e-07,1.4882805316860512e-05,0.014882805316860512,14.882805316860512,,,,,
D40_minus_G40,D40,G40,2,"[0.125,0.0625,-0.1875]",17,0.1085128386137525,0.1085118349273916,2.561320112532975e-78,2.563892165146938e-78,empty,True,1.0036863608980928e-06,2.7311697236221087e-05,0.027311697236221087,27.311697236221086,,,,,
D40_minus_G40,D40,G40,2,"[0.125,0.0625,-0.1875]",18,0.1085128861676186,0.1085118824821892,2.561198314755241e-78,2.563770242673005e-78,empty,True,1.0036854294070974e-06,2.7311671889059824e-05,0.027311671889059825,27.311671889059824,,,,,
D40_minus_G40,D40,G40,2,"[0.125,0.0625,-0.1875]",19,0.1346487519783179,0.1346481018109147,0.0,0.0,empty,True,6.501674032211024e-07,1.769195633359589e-05,0.01769195633359589,17.69195633359589,,,,,
D40_minus_G40,D40,G40,2,"[0.125,0.0625,-0.1875]",20,0.1346487793424302,0.1346481292004228,0.0,0.0,empty,True,6.501420073967701e-07,1.7691265278010947e-05,0.017691265278010945,17.691265278010945,,,,,
D40_minus_G40,D40,G40,2,"[0.125,0.0625,-0.1875]",21,0.1565624054251015,0.1565616717766078,0.0,0.0,empty,True,7.336484937059407e-07,1.996359253101451e-05,0.01996359253101451,19.96359253101451,,,,,
D40_minus_G40,D40,G40,2,"[0.125,0.0625,-0.1875]",22,0.1565624110495083,0.1565616773839831,0.0,0.0,empty,True,7.336655251932722e-07,1.9964055981394634e-05,0.019964055981394634,19.964055981394633,,,,,
D40_minus_G40,D40,G40,2,"[0.125,0.0625,-0.1875]",23,0.1807384107151914,0.1807376633274277,0.0,0.0,empty,True,7.473877637054205e-07,2.0337457113708178e-05,0.020337457113708178,20.33745711370818,,,,,
D40_minus_G40,D40,G40,2,"[0.125,0.0625,-0.1875]",24,0.1807384179204407,0.1807376705382888,0.0,0.0,empty,True,7.473821519166091e-07,2.0337304409155298e-05,0.020337304409155297,20.337304409155298,,,,,
D40_minus_G40,D40,G40,3,"[-0.125,-0.0625,0.1875]",1,-3.289847255160294,-3.289849151959801,1.0,1.0,occupied,True,1.8967995067953325e-06,5.161454401059406e-05,0.05161454401059406,51.61454401059406,,,,,
D40_minus_G40,D40,G40,3,"[-0.125,-0.0625,0.1875]",2,-3.289847255095959,-3.289849151895663,1.0,1.0,occupied,True,1.8967997039709417e-06,5.161454937601571e-05,0.051614549376015714,51.61454937601571,,,,,
D40_minus_G40,D40,G40,3,"[-0.125,-0.0625,0.1875]",3,-1.66065368523151,-1.660655539645819,1.0,1.0,occupied,True,1.8544143089993526e-06,5.0461184022255344e-05,0.05046118402225534,50.461184022255345,,,,,
D40_minus_G40,D40,G40,3,"[-0.125,-0.0625,0.1875]",4,-1.66065355160778,-1.660655406012684,1.0,1.0,occupied,True,1.8544049038560217e-06,5.046092809526747e-05,0.05046092809526747,50.46092809526747,,,,,
D40_minus_G40,D40,G40,3,"[-0.125,-0.0625,0.1875]",5,-1.65256156950032,-1.652563421914583,1.0,1.0,occupied,True,1.8524142630926832e-06,5.0406760000579266e-05,0.05040676000057927,50.40676000057927,,,,,
D40_minus_G40,D40,G40,3,"[-0.125,-0.0625,0.1875]",6,-1.652561498277793,-1.652563350689305,1.0,1.0,occupied,True,1.8524115119600282e-06,5.040668513844598e-05,0.050406685138445984,50.40668513844598,,,,,
D40_minus_G40,D40,G40,3,"[-0.125,-0.0625,0.1875]",7,-1.648886232173391,-1.648888092242374,1.0,1.0,occupied,True,1.8600689830616801e-06,5.061505554226047e-05,0.05061505554226047,50.61505554226047,,,,,
D40_minus_G40,D40,G40,3,"[-0.125,-0.0625,0.1875]",8,-1.648886136360734,-1.648887996428971,1.0,1.0,occupied,True,1.8600682372138522e-06,5.061503524670714e-05,0.05061503524670714,50.61503524670714,,,,,
D40_minus_G40,D40,G40,3,"[-0.125,-0.0625,0.1875]",9,-0.1526754567802844,-0.1526761307085705,1.0,1.0,occupied,True,6.739282860934726e-07,1.8338522894981467e-05,0.018338522894981467,18.338522894981466,,,,,
D40_minus_G40,D40,G40,3,"[-0.125,-0.0625,0.1875]",10,-0.1526754540738851,-0.1526761280015587,1.0,1.0,occupied,True,6.739276735834299e-07,1.8338506227734115e-05,0.018338506227734114,18.338506227734115,,,,,
D40_minus_G40,D40,G40,3,"[-0.125,-0.0625,0.1875]",11,0.01289785856550275,0.0128970115808736,8.580687427382264e-37,8.587958216429533e-37,empty,True,8.469846291495747e-07,2.3047625888198055e-05,0.023047625888198055,23.047625888198056,,,,,
D40_minus_G40,D40,G40,3,"[-0.125,-0.0625,0.1875]",12,0.01289789966172025,0.01289705268702676,8.580334800831421e-37,8.587605205759242e-37,empty,True,8.469746934913758e-07,2.3047355525165197e-05,0.023047355525165198,23.047355525165198,,,,,
D40_minus_G40,D40,G40,3,"[-0.125,-0.0625,0.1875]",13,0.03612563520711229,0.03612506958290312,7.011757047552132e-47,7.015724188936906e-47,empty,True,5.656242091714447e-07,1.539141882584173e-05,0.01539141882584173,15.39141882584173,,,,,
D40_minus_G40,D40,G40,3,"[-0.125,-0.0625,0.1875]",14,0.03612568906869119,0.03612512350641319,7.011379393417266e-47,7.015345886662667e-47,empty,True,5.65562277995979e-07,1.5389733592705467e-05,0.015389733592705467,15.389733592705467,,,,,
D40_minus_G40,D40,G40,3,"[-0.125,-0.0625,0.1875]",15,0.05633940577636218,0.05633885877809146,1.167072519354213e-55,1.167711080634126e-55,empty,True,5.469982707201337e-07,1.4884581220449238e-05,0.014884581220449238,14.884581220449238,,,,,
D40_minus_G40,D40,G40,3,"[-0.125,-0.0625,0.1875]",16,0.05633945322140049,0.05633890628839116,1.167017148867316e-55,1.167655603648603e-55,empty,True,5.469330093335611e-07,1.4882805367652263e-05,0.014882805367652263,14.882805367652264,,,,,
D40_minus_G40,D40,G40,3,"[-0.125,-0.0625,0.1875]",17,0.1085128386137523,0.108511834927392,2.561320112533339e-78,2.563892165145845e-78,empty,True,1.003686360301348e-06,2.731169721998283e-05,0.02731169721998283,27.31169721998283,,,,,
D40_minus_G40,D40,G40,3,"[-0.125,-0.0625,0.1875]",18,0.1085128861676166,0.1085118824821915,2.561198314760482e-78,2.563770242667176e-78,empty,True,1.0036854251049832e-06,2.731167177199333e-05,0.027311671771993333,27.311671771993332,,,,,
D40_minus_G40,D40,G40,3,"[-0.125,-0.0625,0.1875]",19,0.1346487519783162,0.1346481018109164,0.0,0.0,empty,True,6.501673997794111e-07,1.7691956239942698e-05,0.0176919562399427,17.691956239942698,,,,,
D40_minus_G40,D40,G40,3,"[-0.125,-0.0625,0.1875]",20,0.1346487793424298,0.1346481292004225,0.0,0.0,empty,True,6.501420073135034e-07,1.7691265275745144e-05,0.017691265275745143,17.691265275745145,,,,,
D40_minus_G40,D40,G40,3,"[-0.125,-0.0625,0.1875]",21,0.1565624054251009,0.1565616717766075,0.0,0.0,empty,True,7.336484934006293e-07,1.9963592522706567e-05,0.019963592522706568,19.963592522706566,,,,,
D40_minus_G40,D40,G40,3,"[-0.125,-0.0625,0.1875]",22,0.1565624110495097,0.1565616773839848,0.0,0.0,empty,True,7.336655248879609e-07,1.996405597308669e-05,0.01996405597308669,19.96405597308669,,,,,
D40_minus_G40,D40,G40,3,"[-0.125,-0.0625,0.1875]",23,0.1807384107151928,0.180737663327428,0.0,0.0,empty,True,7.473877648156435e-07,2.0337457143918886e-05,0.020337457143918887,20.337457143918886,,,,,
D40_minus_G40,D40,G40,3,"[-0.125,-0.0625,0.1875]",24,0.1807384179204424,0.1807376705382868,0.0,0.0,empty,True,7.473821556081006e-07,2.03373045096059e-05,0.0203373045096059,20.3373045096059,,,,,
C40_minus_G40,C40,G40,1,"[0.0,0.0,0.0]",1,-3.290024812759157,-3.290026709683869,1.0,1.0,occupied,True,1.89692471197489e-06,5.1617951017094994e-05,0.051617951017094994,51.617951017094995,,,,,
C40_minus_G40,C40,G40,1,"[0.0,0.0,0.0]",2,-3.290024812759157,-3.290026709683865,1.0,1.0,occupied,True,1.896924707978087e-06,5.1617950908336445e-05,0.051617950908336444,51.61795090833645,,,,,
C40_minus_G40,C40,G40,1,"[0.0,0.0,0.0]",3,-1.661482194526152,-1.661484050124307,1.0,1.0,occupied,True,1.855598155131588e-06,5.049339811661541e-05,0.050493398116615414,50.49339811661541,,,,,
C40_minus_G40,C40,G40,1,"[0.0,0.0,0.0]",4,-1.661482194526151,-1.661484050124304,1.0,1.0,occupied,True,1.855598152911142e-06,5.0493398056193997e-05,0.050493398056193996,50.493398056193996,,,,,
C40_minus_G40,C40,G40,1,"[0.0,0.0,0.0]",5,-1.652770171047861,-1.652772022458752,1.0,1.0,occupied,True,1.8514108910405724e-06,5.037945685612086e-05,0.05037945685612086,50.37945685612086,,,,,
C40_minus_G40,C40,G40,1,"[0.0,0.0,0.0]",6,-1.652770171047863,-1.652772022458749,1.0,1.0,occupied,True,1.8514108859335465e-06,5.0379456717151606e-05,0.050379456717151605,50.379456717151605,,,,,
C40_minus_G40,C40,G40,1,"[0.0,0.0,0.0]",7,-1.652582860127211,-1.652584719435195,1.0,1.0,occupied,True,1.8593079840201199e-06,5.059434770340775e-05,0.05059434770340775,50.59434770340775,,,,,
C40_minus_G40,C40,G40,1,"[0.0,0.0,0.0]",8,-1.652582860127212,-1.652584719435191,1.0,1.0,occupied,True,1.8593079791351386e-06,5.059434757048064e-05,0.05059434757048064,50.59434757048064,,,,,
C40_minus_G40,C40,G40,1,"[0.0,0.0,0.0]",9,-0.1592118428248968,-0.1592125117318751,1.0,1.0,occupied,True,6.689069782794821e-07,1.820188614859501e-05,0.018201886148595012,18.201886148595012,,,,,
C40_minus_G40,C40,G40,1,"[0.0,0.0,0.0]",10,-0.1592118428248964,-0.1592125117318731,1.0,1.0,occupied,True,6.689069766974143e-07,1.820188610554475e-05,0.01820188610554475,18.20188610554475,,,,,
C40_minus_G40,C40,G40,1,"[0.0,0.0,0.0]",11,0.06051903453655466,0.06051854170658223,1.78610972879293e-57,1.786990194143389e-57,empty,True,4.928299724288321e-07,1.3410586733357118e-05,0.013410586733357117,13.410586733357118,,,,,
C40_minus_G40,C40,G40,1,"[0.0,0.0,0.0]",12,0.06051903453655533,0.06051854170660355,1.786109728791762e-57,1.786990194105297e-57,empty,True,4.928299517786838e-07,1.3410586171437957e-05,0.013410586171437958,13.410586171437958,,,,,
C40_minus_G40,C40,G40,1,"[0.0,0.0,0.0]",13,0.06083132204876959,0.06083081476879809,1.307023489620307e-57,1.307686684657375e-57,empty,True,5.072799715011289e-07,1.3803791239367452e-05,0.013803791239367452,13.803791239367452,,,,,
C40_minus_G40,C40,G40,1,"[0.0,0.0,0.0]",14,0.06083132204877012,0.06083081476880585,1.307023489619564e-57,1.307686684647266e-57,empty,True,5.072799642708015e-07,1.380379104262022e-05,0.01380379104262022,13.80379104262022,,,,,
C40_minus_G40,C40,G40,1,"[0.0,0.0,0.0]",15,0.06100904505050181,0.06100852929600227,1.094206458278776e-57,1.094770945739041e-57,empty,True,5.157544995387786e-07,1.4034394895052334e-05,0.014034394895052333,14.034394895052333,,,,,
C40_minus_G40,C40,G40,1,"[0.0,0.0,0.0]",16,0.06100904505050186,0.0610085292960071,1.094206458278714e-57,1.094770945733752e-57,empty,True,5.157544947578807e-07,1.4034394764957475e-05,0.014034394764957474,14.034394764957474,,,,,
C40_minus_G40,C40,G40,1,"[0.0,0.0,0.0]",17,0.06559032020495892,0.06558844253609487,1.120667440068698e-59,1.122773659200118e-59,empty,True,1.8776688640448347e-06,5.109397270157638e-05,0.05109397270157638,51.093972701576384,,,,,
C40_minus_G40,C40,G40,1,"[0.0,0.0,0.0]",18,0.06559032020495906,0.06558844253610262,1.12066744006857e-59,1.122773659191406e-59,empty,True,1.877668856439807e-06,5.1093972494633034e-05,0.05109397249463303,51.093972494633036,,,,,
C40_minus_G40,C40,G40,1,"[0.0,0.0,0.0]",19,0.102725762834677,0.1027253652005468,8.351393303400658e-76,8.354714762732516e-76,empty,True,3.976341302058817e-07,1.0820175901616947e-05,0.010820175901616947,10.820175901616947,,,,,
C40_minus_G40,C40,G40,1,"[0.0,0.0,0.0]",20,0.102725762834677,0.1027253652005517,8.351393303401133e-76,8.354714762691913e-76,empty,True,3.976341253070226e-07,1.0820175768312199e-05,0.010820175768312198,10.820175768312199,,,,,
C40_minus_G40,C40,G40,1,"[0.0,0.0,0.0]",21,0.1028721503747403,0.102871796870165,7.214124551368288e-76,7.216675228215907e-76,empty,True,3.5350457530669566e-07,9.619349538391973e-06,0.009619349538391973,9.619349538391972,,,,,
C40_minus_G40,C40,G40,1,"[0.0,0.0,0.0]",22,0.1028721503747399,0.1028717968701708,7.214124551371364e-76,7.21667522817386e-76,empty,True,3.535045691033245e-07,9.619349369589645e-06,0.009619349369589645,9.619349369589646,,,,,
C40_minus_G40,C40,G40,1,"[0.0,0.0,0.0]",23,0.253977433069235,0.2539770697253799,0.0,0.0,empty,True,3.63343855058762e-07,9.88708998010771e-06,0.00988708998010771,9.88708998010771,,,,,
C40_minus_G40,C40,G40,1,"[0.0,0.0,0.0]",24,0.253977433069588,0.2539770793794403,0.0,0.0,empty,True,3.536901476697274e-07,9.624399219639009e-06,0.009624399219639009,9.62439921963901,,,,,
C40_minus_G40,C40,G40,2,"[0.125,0.0625,-0.1875]",1,-3.2898472551603,-3.289849151959801,1.0,1.0,occupied,True,1.8967995010221728e-06,5.161454385349837e-05,0.051614543853498375,51.614543853498375,,,,,
C40_minus_G40,C40,G40,2,"[0.125,0.0625,-0.1875]",2,-3.289847255095959,-3.289849151895668,1.0,1.0,occupied,True,1.896799708855923e-06,5.161454950894283e-05,0.05161454950894283,51.61454950894283,,,,,
C40_minus_G40,C40,G40,2,"[0.125,0.0625,-0.1875]",3,-1.660653685231508,-1.660655539645817,1.0,1.0,occupied,True,1.8544143089993526e-06,5.0461184022255344e-05,0.05046118402225534,50.461184022255345,,,,,
C40_minus_G40,C40,G40,2,"[0.125,0.0625,-0.1875]",4,-1.660653551607777,-1.660655406012684,1.0,1.0,occupied,True,1.8544049069646462e-06,5.046092817985745e-05,0.05046092817985745,50.460928179857454,,,,,
C40_minus_G40,C40,G40,2,"[0.125,0.0625,-0.1875]",5,-1.652561569500306,-1.652563421914582,1.0,1.0,occupied,True,1.8524142759712703e-06,5.0406760351023474e-05,0.050406760351023476,50.40676035102347,,,,,
C40_minus_G40,C40,G40,2,"[0.125,0.0625,-0.1875]",6,-1.652561498277782,-1.652563350689304,1.0,1.0,occupied,True,1.8524115219520354e-06,5.0406685410342345e-05,0.05040668541034234,50.40668541034235,,,,,
C40_minus_G40,C40,G40,2,"[0.125,0.0625,-0.1875]",7,-1.648886232173403,-1.648888092242373,1.0,1.0,occupied,True,1.8600689699610484e-06,5.061505518577412e-05,0.05061505518577412,50.61505518577412,,,,,
C40_minus_G40,C40,G40,2,"[0.125,0.0625,-0.1875]",8,-1.648886136360748,-1.648887996428969,1.0,1.0,occupied,True,1.860068221004596e-06,5.061503480563081e-05,0.050615034805630815,50.61503480563081,,,,,
C40_minus_G40,C40,G40,2,"[0.125,0.0625,-0.1875]",9,-0.1526754567802835,-0.1526761307085706,1.0,1.0,occupied,True,6.739282871204288e-07,1.8338522922926372e-05,0.01833852292292637,18.338522922926373,,,,,
C40_minus_G40,C40,G40,2,"[0.125,0.0625,-0.1875]",10,-0.1526754540738832,-0.152676128001559,1.0,1.0,occupied,True,6.739276758038759e-07,1.833850628815553e-05,0.01833850628815553,18.33850628815553,,,,,
C40_minus_G40,C40,G40,2,"[0.125,0.0625,-0.1875]",11,0.01289785856551702,0.01289701158087318,8.58068742725996e-37,8.587958216433072e-37,empty,True,8.469846438409478e-07,2.3047626287970684e-05,0.023047626287970684,23.047626287970683,,,,,
C40_minus_G40,C40,G40,2,"[0.125,0.0625,-0.1875]",12,0.01289789966173457,0.01289705268702681,8.580334800708512e-37,8.587605205758755e-37,empty,True,8.469747077612111e-07,2.3047355913467197e-05,0.023047355913467196,23.047355913467197,,,,,
C40_minus_G40,C40,G40,2,"[0.125,0.0625,-0.1875]",13,0.03612563520719088,0.03612506958290297,7.011757047001006e-47,7.015724188937902e-47,empty,True,5.656242879070739e-07,1.5391420968347348e-05,0.015391420968347348,15.391420968347349,,,,,
C40_minus_G40,C40,G40,2,"[0.125,0.0625,-0.1875]",14,0.03612568906877164,0.03612512350641348,7.011379392853216e-47,7.015345886660574e-47,empty,True,5.655623581540814e-07,1.5389735773918552e-05,0.015389735773918552,15.389735773918552,,,,,
C40_minus_G40,C40,G40,2,"[0.125,0.0625,-0.1875]",15,0.05633940577630611,0.05633885877809071,1.167072519419641e-55,1.167711080634989e-55,empty,True,5.469982154032715e-07,1.4884579715200735e-05,0.014884579715200736,14.884579715200735,,,,,
C40_minus_G40,C40,G40,2,"[0.125,0.0625,-0.1875]",16,0.05633945322132376,0.05633890628839111,1.167017148956871e-55,1.167655603648619e-55,empty,True,5.469329326518446e-07,1.4882803281036458e-05,0.014882803281036458,14.882803281036457,,,,,
C40_minus_G40,C40,G40,2,"[0.125,0.0625,-0.1875]",17,0.108512838613757,0.1085118349273916,2.5613201125214e-78,2.563892165146938e-78,empty,True,1.0036863654083739e-06,2.7311697358952085e-05,0.027311697358952086,27.311697358952085,,,,,
C40_minus_G40,C40,G40,2,"[0.125,0.0625,-0.1875]",18,0.1085128861676239,0.1085118824821892,2.561198314741702e-78,2.563770242673005e-78,empty,True,1.0036854347084123e-06,2.7311672033315952e-05,0.027311672033315953,27.31167203331595,,,,,
C40_minus_G40,C40,G40,2,"[0.125,0.0625,-0.1875]",19,0.1346487519783786,0.1346481018109147,0.0,0.0,empty,True,6.501674639225463e-07,1.7691957985366325e-05,0.017691957985366324,17.691957985366326,,,,,
C40_minus_G40,C40,G40,2,"[0.125,0.0625,-0.1875]",20,0.1346487793424848,0.1346481292004228,0.0,0.0,empty,True,6.501420619919873e-07,1.769126676362249e-05,0.017691266763622492,17.69126676362249,,,,,
C40_minus_G40,C40,G40,2,"[0.125,0.0625,-0.1875]",21,0.1565624054251382,0.1565616717766078,0.0,0.0,empty,True,7.336485303988116e-07,1.9963593529478395e-05,0.019963593529478397,19.963593529478395,,,,,
C40_minus_G40,C40,G40,2,"[0.125,0.0625,-0.1875]",22,0.1565624110495092,0.1565616773839831,0.0,0.0,empty,True,7.336655260814506e-07,1.99640560055632e-05,0.0199640560055632,19.9640560055632,,,,,
C40_minus_G40,C40,G40,2,"[0.125,0.0625,-0.1875]",23,0.180738410715138,0.1807376633274277,0.0,0.0,empty,True,7.47387710303693e-07,2.0337455660573145e-05,0.020337455660573146,20.337455660573145,,,,,
C40_minus_G40,C40,G40,2,"[0.125,0.0625,-0.1875]",24,0.1807384179203844,0.1807376705382888,0.0,0.0,empty,True,7.473820956005461e-07,2.0337302876717157e-05,0.02033730287671716,20.337302876717157,,,,,
C40_minus_G40,C40,G40,3,"[-0.125,-0.0625,0.1875]",1,-3.289847255160296,-3.289849151959801,1.0,1.0,occupied,True,1.8967995050189757e-06,5.161454396225692e-05,0.051614543962256926,51.614543962256924,,,,,
C40_minus_G40,C40,G40,3,"[-0.125,-0.0625,0.1875]",2,-3.28984725509596,-3.289849151895663,1.0,1.0,occupied,True,1.8967997030827632e-06,5.161454935184715e-05,0.05161454935184715,51.61454935184715,,,,,
C40_minus_G40,C40,G40,3,"[-0.125,-0.0625,0.1875]",3,-1.660653685231508,-1.660655539645819,1.0,1.0,occupied,True,1.854414310997754e-06,5.0461184076634615e-05,0.050461184076634615,50.461184076634616,,,,,
C40_minus_G40,C40,G40,3,"[-0.125,-0.0625,0.1875]",4,-1.660653551607781,-1.660655406012684,1.0,1.0,occupied,True,1.8544049029678433e-06,5.04609280710989e-05,0.0504609280710989,50.460928071098905,,,,,
C40_minus_G40,C40,G40,3,"[-0.125,-0.0625,0.1875]",5,-1.652561569500303,-1.652563421914583,1.0,1.0,occupied,True,1.8524142799680732e-06,5.0406760459782024e-05,0.05040676045978203,50.40676045978202,,,,,
C40_minus_G40,C40,G40,3,"[-0.125,-0.0625,0.1875]",6,-1.652561498277786,-1.652563350689305,1.0,1.0,occupied,True,1.852411518843411e-06,5.040668532575236e-05,0.05040668532575236,50.40668532575236,,,,,
C40_minus_G40,C40,G40,3,"[-0.125,-0.0625,0.1875]",7,-1.648886232173399,-1.648888092242374,1.0,1.0,occupied,True,1.8600689750680743e-06,5.061505532474337e-05,0.05061505532474337,50.61505532474337,,,,,
C40_minus_G40,C40,G40,3,"[-0.125,-0.0625,0.1875]",8,-1.648886136360748,-1.648887996428971,1.0,1.0,occupied,True,1.8600682230029975e-06,5.0615034860010084e-05,0.05061503486001008,50.615034860010084,,,,,
C40_minus_G40,C40,G40,3,"[-0.125,-0.0625,0.1875]",9,-0.1526754567802822,-0.1526761307085705,1.0,1.0,occupied,True,6.739282883139186e-07,1.8338522955402882e-05,0.01833852295540288,18.338522955402883,,,,,
C40_minus_G40,C40,G40,3,"[-0.125,-0.0625,0.1875]",10,-0.1526754540738832,-0.1526761280015587,1.0,1.0,occupied,True,6.739276754985646e-07,1.8338506279847587e-05,0.018338506279847587,18.338506279847586,,,,,
C40_minus_G40,C40,G40,3,"[-0.125,-0.0625,0.1875]",11,0.01289785856551723,0.0128970115808736,8.580687427258131e-37,8.587958216429533e-37,empty,True,8.469846436293116e-07,2.3047626282211768e-05,0.02304762628221177,23.04762628221177,,,,,
C40_minus_G40,C40,G40,3,"[-0.125,-0.0625,0.1875]",12,0.01289789966173525,0.01289705268702676,8.580334800702659e-37,8.587605205759242e-37,empty,True,8.469747084915297e-07,2.3047355933340176e-05,0.023047355933340175,23.047355933340175,,,,,
C40_minus_G40,C40,G40,3,"[-0.125,-0.0625,0.1875]",13,0.03612563520719068,0.03612506958290312,7.011757047002402e-47,7.015724188936906e-47,empty,True,5.656242875601292e-07,1.5391420958906502e-05,0.015391420958906502,15.391420958906503,,,,,
C40_minus_G40,C40,G40,3,"[-0.125,-0.0625,0.1875]",14,0.03612568906877099,0.03612512350641319,7.011379392857699e-47,7.015345886662667e-47,empty,True,5.655623578001978e-07,1.538973576428889e-05,0.015389735764288889,15.389735764288888,,,,,
C40_minus_G40,C40,G40,3,"[-0.125,-0.0625,0.1875]",15,0.05633940577630726,0.05633885877809146,1.167072519418282e-55,1.167711080634126e-55,empty,True,5.469982157987885e-07,1.48845797259633e-05,0.0148845797259633,14.8845797259633,,,,,
C40_minus_G40,C40,G40,3,"[-0.125,-0.0625,0.1875]",16,0.05633945322132516,0.05633890628839116,1.167017148955229e-55,1.167655603648603e-55,empty,True,5.4693293399799e-07,1.488280331766694e-05,0.01488280331766694,14.882803317666939,,,,,
C40_minus_G40,C40,G40,3,"[-0.125,-0.0625,0.1875]",17,0.1085128386137552,0.108511834927392,2.561320112526132e-78,2.563892165145845e-78,empty,True,1.0036863632018056e-06,2.7311697298908305e-05,0.027311697298908304,27.311697298908303,,,,,
C40_minus_G40,C40,G40,3,"[-0.125,-0.0625,0.1875]",18,0.1085128861676228,0.1085118824821915,2.561198314744541e-78,2.563770242667176e-78,empty,True,1.0036854312944765e-06,2.7311671940418027e-05,0.027311671940418027,27.311671940418027,,,,,
C40_minus_G40,C40,G40,3,"[-0.125,-0.0625,0.1875]",19,0.1346487519783812,0.1346481018109164,0.0,0.0,empty,True,6.501674647829692e-07,1.7691958008779623e-05,0.017691958008779624,17.691958008779622,,,,,
C40_minus_G40,C40,G40,3,"[-0.125,-0.0625,0.1875]",20,0.1346487793424853,0.1346481292004225,0.0,0.0,empty,True,6.50142062796899e-07,1.7691266785525255e-05,0.017691266785525257,17.691266785525254,,,,,
C40_minus_G40,C40,G40,3,"[-0.125,-0.0625,0.1875]",21,0.1565624054251379,0.1565616717766075,0.0,0.0,empty,True,7.336485304265672e-07,1.9963593530233664e-05,0.019963593530233664,19.963593530233663,,,,,
C40_minus_G40,C40,G40,3,"[-0.125,-0.0625,0.1875]",22,0.156562411049509,0.1565616773839848,0.0,0.0,empty,True,7.336655241940715e-07,1.9964055954204998e-05,0.019964055954204998,19.964055954204998,,,,,
C40_minus_G40,C40,G40,3,"[-0.125,-0.0625,0.1875]",23,0.1807384107151384,0.180737663327428,0.0,0.0,empty,True,7.473877104147153e-07,2.0337455663594213e-05,0.020337455663594215,20.337455663594213,,,,,
C40_minus_G40,C40,G40,3,"[-0.125,-0.0625,0.1875]",24,0.1807384179203833,0.1807376705382868,0.0,0.0,empty,True,7.473820965164801e-07,2.0337302901640993e-05,0.020337302901640993,20.337302901640992,,,,,
D40_minus_C40,D40,C40,1,"[0.0,0.0,0.0]",1,-3.290024812759157,-3.290024812759157,1.0,1.0,occupied,True,0.0,0.0,0.0,0.0,,,,,
D40_minus_C40,D40,C40,1,"[0.0,0.0,0.0]",2,-3.290024812759153,-3.290024812759157,1.0,1.0,occupied,True,3.9968028886505635e-15,1.0875854715212308e-13,1.0875854715212308e-10,1.0875854715212308e-07,,,,,
D40_minus_C40,D40,C40,1,"[0.0,0.0,0.0]",3,-1.661482194526161,-1.661482194526152,1.0,1.0,occupied,True,-9.103828801926284e-15,-2.4772780184650254e-13,-2.477278018465025e-10,-2.477278018465025e-07,,,,,
D40_minus_C40,D40,C40,1,"[0.0,0.0,0.0]",4,-1.66148219452616,-1.661482194526151,1.0,1.0,occupied,True,-8.881784197001252e-15,-2.4168566033805126e-13,-2.4168566033805126e-10,-2.4168566033805124e-07,,,,,
D40_minus_C40,D40,C40,1,"[0.0,0.0,0.0]",5,-1.652770171047958,-1.652770171047861,1.0,1.0,occupied,True,-9.703349235223868e-14,-2.6404158391932102e-12,-2.64041583919321e-09,-2.64041583919321e-06,,,,,
D40_minus_C40,D40,C40,1,"[0.0,0.0,0.0]",6,-1.652770171047956,-1.652770171047863,1.0,1.0,occupied,True,-9.303668946358812e-14,-2.5316572920410873e-12,-2.5316572920410872e-09,-2.5316572920410874e-06,,,,,
D40_minus_C40,D40,C40,1,"[0.0,0.0,0.0]",7,-1.652582860127112,-1.652582860127211,1.0,1.0,occupied,True,9.903189379656396e-14,2.6947951127692717e-12,2.694795112769272e-09,2.6947951127692716e-06,,,,,
D40_minus_C40,D40,C40,1,"[0.0,0.0,0.0]",8,-1.652582860127112,-1.652582860127212,1.0,1.0,occupied,True,9.992007221626409e-14,2.718963678803077e-12,2.718963678803077e-09,2.718963678803077e-06,,,,,
D40_minus_C40,D40,C40,1,"[0.0,0.0,0.0]",9,-0.1592118428248981,-0.1592118428248968,1.0,1.0,occupied,True,-1.27675647831893e-15,-3.474231367359487e-14,-3.474231367359487e-11,-3.474231367359487e-08,,,,,
D40_minus_C40,D40,C40,1,"[0.0,0.0,0.0]",10,-0.1592118428248981,-0.1592118428248964,1.0,1.0,occupied,True,-1.6930901125533637e-15,-4.607132900194103e-14,-4.6071329001941025e-11,-4.607132900194103e-08,,,,,
D40_minus_C40,D40,C40,1,"[0.0,0.0,0.0]",11,0.06051903453536974,0.06051903453655466,1.786109730909394e-57,1.78610972879293e-57,empty,True,-1.1849202175007179e-12,-3.224332170908385e-11,-3.224332170908385e-08,-3.224332170908385e-05,,,,,
D40_minus_C40,D40,C40,1,"[0.0,0.0,0.0]",12,0.06051903453536974,0.06051903453655533,1.786109730909394e-57,1.786109728791762e-57,empty,True,-1.185586351315493e-12,-3.22614481336092e-11,-3.22614481336092e-08,-3.22614481336092e-05,,,,,
D40_minus_C40,D40,C40,1,"[0.0,0.0,0.0]",13,0.06083132204717227,0.06083132204876959,1.307023491708016e-57,1.307023489620307e-57,empty,True,-1.5973194988916362e-12,-4.346527784257713e-11,-4.3465277842577135e-08,-4.346527784257713e-05,,,,,
D40_minus_C40,D40,C40,1,"[0.0,0.0,0.0]",14,0.06083132204717227,0.06083132204877012,1.307023491708016e-57,1.307023489619564e-57,empty,True,-1.5978468548283331e-12,-4.3479627928659705e-11,-4.3479627928659706e-08,-4.3479627928659707e-05,,,,,
D40_minus_C40,D40,C40,1,"[0.0,0.0,0.0]",15,0.06100904505326645,0.06100904505050181,1.094206455253724e-57,1.094206458278776e-57,empty,True,2.7646426814520453e-12,7.522975983711622e-11,7.522975983711622e-08,7.522975983711622e-05,,,,,
D40_minus_C40,D40,C40,1,"[0.0,0.0,0.0]",16,0.06100904505326645,0.06100904505050186,1.094206455253724e-57,1.094206458278714e-57,empty,True,2.764594109194718e-12,7.522843811866124e-11,7.522843811866125e-08,7.522843811866124e-05,,,,,
D40_minus_C40,D40,C40,1,"[0.0,0.0,0.0]",17,0.06559032020486005,0.06559032020495892,1.120667440179477e-59,1.120667440068698e-59,empty,True,-9.886536034287019e-14,-2.6902635066379333e-12,-2.6902635066379334e-09,-2.6902635066379334e-06,,,,,
D40_minus_C40,D40,C40,1,"[0.0,0.0,0.0]",18,0.06559032020486005,0.06559032020495906,1.120667440179477e-59,1.12066744006857e-59,empty,True,-9.900413822094833e-14,-2.6940398450807153e-12,-2.6940398450807154e-09,-2.6940398450807154e-06,,,,,
D40_minus_C40,D40,C40,1,"[0.0,0.0,0.0]",19,0.1027257628310916,0.102725762834677,8.351393333343969e-76,8.351393303400658e-76,empty,True,-3.5854097468757118e-12,-9.756396947233996e-11,-9.756396947233996e-08,-9.756396947233996e-05,,,,,
D40_minus_C40,D40,C40,1,"[0.0,0.0,0.0]",20,0.1027257628310916,0.102725762834677,8.351393333343969e-76,8.351393303401133e-76,empty,True,-3.5854097468757118e-12,-9.756396947233996e-11,-9.756396947233996e-08,-9.756396947233996e-05,,,,,
D40_minus_C40,D40,C40,1,"[0.0,0.0,0.0]",21,0.1028721503784294,0.1028721503747403,7.214124524755414e-76,7.214124551368288e-76,empty,True,3.6890906995878936e-12,1.0038527192294244e-10,1.0038527192294244e-07,0.00010038527192294244,,,,,
D40_minus_C40,D40,C40,1,"[0.0,0.0,0.0]",22,0.1028721503784294,0.1028721503747399,7.214124524755414e-76,7.214124551371364e-76,empty,True,3.68949315543432e-12,1.003962233044265e-10,1.003962233044265e-07,0.0001003962233044265,,,,,
D40_minus_C40,D40,C40,1,"[0.0,0.0,0.0]",23,0.25397743306927,0.253977433069235,0.0,0.0,empty,True,3.502753642692369e-14,9.531478229581897e-13,9.531478229581897e-10,9.531478229581897e-07,,,,,
D40_minus_C40,D40,C40,1,"[0.0,0.0,0.0]",24,0.2539774330698479,0.253977433069588,0.0,0.0,empty,True,2.5990321006474915e-13,7.0723266356422255e-12,7.072326635642225e-09,7.072326635642226e-06,,,,,
D40_minus_C40,D40,C40,2,"[0.125,0.0625,-0.1875]",1,-3.289847255160299,-3.2898472551603,1.0,1.0,occupied,True,8.881784197001252e-16,2.4168566033805128e-14,2.416856603380513e-11,2.4168566033805128e-08,,,,,
D40_minus_C40,D40,C40,2,"[0.125,0.0625,-0.1875]",2,-3.289847255095966,-3.289847255095959,1.0,1.0,occupied,True,-7.105427357601002e-15,-1.9334852827044102e-13,-1.9334852827044103e-10,-1.9334852827044102e-07,,,,,
D40_minus_C40,D40,C40,2,"[0.125,0.0625,-0.1875]",3,-1.660653685231514,-1.660653685231508,1.0,1.0,occupied,True,-5.995204332975845e-15,-1.6313782072818462e-13,-1.6313782072818462e-10,-1.631378207281846e-07,,,,,
D40_minus_C40,D40,C40,2,"[0.125,0.0625,-0.1875]",4,-1.660653551607783,-1.660653551607777,1.0,1.0,occupied,True,-5.995204332975845e-15,-1.6313782072818462e-13,-1.6313782072818462e-10,-1.631378207281846e-07,,,,,
D40_minus_C40,D40,C40,2,"[0.125,0.0625,-0.1875]",5,-1.652561569500316,-1.652561569500306,1.0,1.0,occupied,True,-9.992007221626409e-15,-2.718963678803077e-13,-2.7189636788030767e-10,-2.718963678803077e-07,,,,,
D40_minus_C40,D40,C40,2,"[0.125,0.0625,-0.1875]",6,-1.652561498277796,-1.652561498277782,1.0,1.0,occupied,True,-1.3988810110276972e-14,-3.8065491503243077e-13,-3.8065491503243075e-10,-3.8065491503243077e-07,,,,,
D40_minus_C40,D40,C40,2,"[0.125,0.0625,-0.1875]",7,-1.648886232173392,-1.648886232173403,1.0,1.0,occupied,True,1.1102230246251565e-14,3.021070754225641e-13,3.021070754225641e-10,3.0210707542256407e-07,,,,,
D40_minus_C40,D40,C40,2,"[0.125,0.0625,-0.1875]",8,-1.648886136360737,-1.648886136360748,1.0,1.0,occupied,True,1.1102230246251565e-14,3.021070754225641e-13,3.021070754225641e-10,3.0210707542256407e-07,,,,,
D40_minus_C40,D40,C40,2,"[0.125,0.0625,-0.1875]",9,-0.152675456780284,-0.1526754567802835,1.0,1.0,occupied,True,-4.996003610813204e-16,-1.3594818394015385e-14,-1.3594818394015385e-11,-1.3594818394015385e-08,,,,,
D40_minus_C40,D40,C40,2,"[0.125,0.0625,-0.1875]",10,-0.1526754540738834,-0.1526754540738832,1.0,1.0,occupied,True,-1.942890293094024e-16,-5.286873819894872e-15,-5.286873819894872e-12,-5.2868738198948716e-09,,,,,
D40_minus_C40,D40,C40,2,"[0.125,0.0625,-0.1875]",11,0.01289785856550232,0.01289785856551702,8.580687427386044e-37,8.58068742725996e-37,empty,True,-1.4700046735427463e-14,-4.0000864955168876e-13,-4.0000864955168877e-10,-4.000086495516888e-07,,,,,
D40_minus_C40,D40,C40,2,"[0.125,0.0625,-0.1875]",12,0.01289789966172143,0.01289789966173457,8.580334800821301e-37,8.580334800708512e-37,empty,True,-1.3140530330524314e-14,-3.575720463009255e-13,-3.5757204630092545e-10,-3.575720463009255e-07,,,,,
D40_minus_C40,D40,C40,2,"[0.125,0.0625,-0.1875]",13,0.03612563520711246,0.03612563520719088,7.011757047550937e-47,7.011757047001006e-47,empty,True,-7.841644000805559e-14,-2.133820037093998e-12,-2.133820037093998e-09,-2.133820037093998e-06,,,,,
D40_minus_C40,D40,C40,2,"[0.125,0.0625,-0.1875]",14,0.03612568906869222,0.03612568906877164,7.011379393409991e-47,7.011379392853216e-47,empty,True,-7.941564073021823e-14,-2.1610096738820288e-12,-2.1610096738820287e-09,-2.161009673882029e-06,,,,,
D40_minus_C40,D40,C40,2,"[0.125,0.0625,-0.1875]",15,0.05633940577636226,0.05633940577630611,1.167072519354081e-55,1.167072519419641e-55,empty,True,5.614952947041729e-14,1.527906533949618e-12,1.5279065339496179e-09,1.5279065339496178e-06,,,,,
D40_minus_C40,D40,C40,2,"[0.125,0.0625,-0.1875]",16,0.05633945322139858,0.05633945322132376,1.167017148869588e-55,1.167017148956871e-55,empty,True,7.481515407192774e-14,2.0358240545038038e-12,2.035824054503804e-09,2.0358240545038036e-06,,,,,
D40_minus_C40,D40,C40,2,"[0.125,0.0625,-0.1875]",17,0.1085128386137525,0.108512838613757,2.561320112532975e-78,2.5613201125214e-78,empty,True,-4.5102810375396984e-15,-1.2273099939041665e-13,-1.2273099939041665e-10,-1.2273099939041666e-07,,,,,
D40_minus_C40,D40,C40,2,"[0.125,0.0625,-0.1875]",18,0.1085128861676186,0.1085128861676239,2.561198314755241e-78,2.561198314741702e-78,empty,True,-5.3013149425851225e-15,-1.4425612851427435e-13,-1.4425612851427436e-10,-1.4425612851427434e-07,,,,,
D40_minus_C40,D40,C40,2,"[0.125,0.0625,-0.1875]",19,0.1346487519783179,0.1346487519783786,0.0,0.0,empty,True,-6.070144387138043e-14,-1.6517704348728691e-12,-1.6517704348728691e-09,-1.651770434872869e-06,,,,,
D40_minus_C40,D40,C40,2,"[0.125,0.0625,-0.1875]",20,0.1346487793424302,0.1346487793424848,0.0,0.0,empty,True,-5.459521723594207e-14,-1.485611543390459e-12,-1.485611543390459e-09,-1.485611543390459e-06,,,,,
D40_minus_C40,D40,C40,2,"[0.125,0.0625,-0.1875]",21,0.1565624054251015,0.1565624054251382,0.0,0.0,empty,True,-3.6692870963861424e-14,-9.984638842715744e-13,-9.984638842715745e-10,-9.984638842715743e-07,,,,,
D40_minus_C40,D40,C40,2,"[0.125,0.0625,-0.1875]",22,0.1565624110495083,0.1565624110495092,0.0,0.0,empty,True,-8.881784197001252e-16,-2.4168566033805128e-14,-2.416856603380513e-11,-2.4168566033805128e-08,,,,,
D40_minus_C40,D40,C40,2,"[0.125,0.0625,-0.1875]",23,0.1807384107151914,0.180738410715138,0.0,0.0,empty,True,5.340172748447003e-14,1.4531350327825334e-12,1.4531350327825334e-09,1.4531350327825334e-06,,,,,
D40_minus_C40,D40,C40,2,"[0.125,0.0625,-0.1875]",24,0.1807384179204407,0.1807384179203844,0.0,0.0,empty,True,5.6316062924111066e-14,1.5324381400809564e-12,1.5324381400809565e-09,1.5324381400809565e-06,,,,,
D40_minus_C40,D40,C40,3,"[-0.125,-0.0625,0.1875]",1,-3.289847255160294,-3.289847255160296,1.0,1.0,occupied,True,1.7763568394002505e-15,4.8337132067610256e-14,4.833713206761026e-11,4.8337132067610256e-08,,,,,
D40_minus_C40,D40,C40,3,"[-0.125,-0.0625,0.1875]",2,-3.289847255095959,-3.28984725509596,1.0,1.0,occupied,True,8.881784197001252e-16,2.4168566033805128e-14,2.416856603380513e-11,2.4168566033805128e-08,,,,,
D40_minus_C40,D40,C40,3,"[-0.125,-0.0625,0.1875]",3,-1.66065368523151,-1.660653685231508,1.0,1.0,occupied,True,-1.9984014443252818e-15,-5.437927357606154e-14,-5.437927357606154e-11,-5.437927357606154e-08,,,,,
D40_minus_C40,D40,C40,3,"[-0.125,-0.0625,0.1875]",4,-1.66065355160778,-1.660653551607781,1.0,1.0,occupied,True,8.881784197001252e-16,2.4168566033805128e-14,2.416856603380513e-11,2.4168566033805128e-08,,,,,
D40_minus_C40,D40,C40,3,"[-0.125,-0.0625,0.1875]",5,-1.65256156950032,-1.652561569500303,1.0,1.0,occupied,True,-1.687538997430238e-14,-4.592027546422974e-13,-4.592027546422974e-10,-4.5920275464229743e-07,,,,,
D40_minus_C40,D40,C40,3,"[-0.125,-0.0625,0.1875]",6,-1.652561498277793,-1.652561498277786,1.0,1.0,occupied,True,-6.8833827526759706e-15,-1.8730638676198975e-13,-1.8730638676198975e-10,-1.8730638676198975e-07,,,,,
D40_minus_C40,D40,C40,3,"[-0.125,-0.0625,0.1875]",7,-1.648886232173391,-1.648886232173399,1.0,1.0,occupied,True,7.993605777301127e-15,2.1751709430424615e-13,2.1751709430424616e-10,2.1751709430424616e-07,,,,,
D40_minus_C40,D40,C40,3,"[-0.125,-0.0625,0.1875]",8,-1.648886136360734,-1.648886136360748,1.0,1.0,occupied,True,1.4210854715202004e-14,3.8669705654088205e-13,3.8669705654088205e-10,3.8669705654088205e-07,,,,,
D40_minus_C40,D40,C40,3,"[-0.125,-0.0625,0.1875]",9,-0.1526754567802844,-0.1526754567802822,1.0,1.0,occupied,True,-2.220446049250313e-15,-6.042141508451281e-14,-6.042141508451282e-11,-6.042141508451281e-08,,,,,
D40_minus_C40,D40,C40,3,"[-0.125,-0.0625,0.1875]",10,-0.1526754540738851,-0.1526754540738832,1.0,1.0,occupied,True,-1.915134717478395e-15,-5.211347051039231e-14,-5.211347051039231e-11,-5.211347051039231e-08,,,,,
D40_minus_C40,D40,C40,3,"[-0.125,-0.0625,0.1875]",11,0.01289785856550275,0.01289785856551723,8.580687427382264e-37,8.580687427258131e-37,empty,True,-1.447973685397841e-14,-3.940137122737723e-13,-3.9401371227377227e-10,-3.940137122737723e-07,,,,,
D40_minus_C40,D40,C40,3,"[-0.125,-0.0625,0.1875]",12,0.01289789966172025,0.01289789966173525,8.580334800831421e-37,8.580334800702659e-37,empty,True,-1.500015389677145e-14,-4.0817498143420497e-13,-4.08174981434205e-10,-4.0817498143420497e-07,,,,,
D40_minus_C40,D40,C40,3,"[-0.125,-0.0625,0.1875]",13,0.03612563520711229,0.03612563520719068,7.011757047552132e-47,7.011757047002402e-47,empty,True,-7.838868443243996e-14,-2.1330647694054416e-12,-2.1330647694054416e-09,-2.1330647694054416e-06,,,,,
D40_minus_C40,D40,C40,3,"[-0.125,-0.0625,0.1875]",14,0.03612568906869119,0.03612568906877099,7.011379393417266e-47,7.011379392857699e-47,empty,True,-7.980421878883703e-14,-2.1715834215218185e-12,-2.1715834215218183e-09,-2.1715834215218184e-06,,,,,
D40_minus_C40,D40,C40,3,"[-0.125,-0.0625,0.1875]",15,0.05633940577636218,0.05633940577630726,1.167072519354213e-55,1.167072519418282e-55,empty,True,5.492134524942571e-14,1.4944859387309967e-12,1.4944859387309968e-09,1.4944859387309967e-06,,,,,
D40_minus_C40,D40,C40,3,"[-0.125,-0.0625,0.1875]",16,0.05633945322140049,0.05633945322132516,1.167017148867316e-55,1.167017148955229e-55,empty,True,7.533557111472078e-14,2.0499853236642366e-12,2.0499853236642365e-09,2.0499853236642365e-06,,,,,
D40_minus_C40,D40,C40,3,"[-0.125,-0.0625,0.1875]",17,0.1085128386137523,0.1085128386137552,2.561320112533339e-78,2.561320112526132e-78,empty,True,-2.9004576518332215e-15,-7.892547345414487e-14,-7.892547345414487e-11,-7.892547345414488e-08,,,,,
D40_minus_C40,D40,C40,3,"[-0.125,-0.0625,0.1875]",18,0.1085128861676166,0.1085128861676228,2.561198314760482e-78,2.561198314744541e-78,empty,True,-6.189493362285248e-15,-1.6842469454807948e-13,-1.684246945480795e-10,-1.6842469454807947e-07,,,,,
D40_minus_C40,D40,C40,3,"[-0.125,-0.0625,0.1875]",19,0.1346487519783162,0.1346487519783812,0.0,0.0,empty,True,-6.500355809180292e-14,-1.7688369265991128e-12,-1.7688369265991127e-09,-1.7688369265991128e-06,,,,,
D40_minus_C40,D40,C40,3,"[-0.125,-0.0625,0.1875]",20,0.1346487793424298,0.1346487793424853,0.0,0.0,empty,True,-5.54833956556422e-14,-1.5097801094242641e-12,-1.509780109424264e-09,-1.509780109424264e-06,,,,,
D40_minus_C40,D40,C40,3,"[-0.125,-0.0625,0.1875]",21,0.1565624054251009,0.1565624054251379,0.0,0.0,empty,True,-3.702593787124897e-14,-1.0075270965342514e-12,-1.0075270965342514e-09,-1.0075270965342513e-06,,,,,
D40_minus_C40,D40,C40,3,"[-0.125,-0.0625,0.1875]",22,0.1565624110495097,0.156562411049509,0.0,0.0,empty,True,6.938893903907228e-16,1.8881692213910255e-14,1.8881692213910255e-11,1.8881692213910254e-08,,,,,
D40_minus_C40,D40,C40,3,"[-0.125,-0.0625,0.1875]",23,0.1807384107151928,0.1807384107151384,0.0,0.0,empty,True,5.440092820663267e-14,1.4803246695705641e-12,1.480324669570564e-09,1.4803246695705642e-06,,,,,
D40_minus_C40,D40,C40,3,"[-0.125,-0.0625,0.1875]",24,0.1807384179204424,0.1807384179203833,0.0,0.0,empty,True,5.909162048567396e-14,1.6079649089365974e-12,1.6079649089365973e-09,1.6079649089365974e-06,,,,,
D40_minus_D36,D40,D36,1,"[0.0,0.0,0.0]",1,-3.290024812759157,-3.290030681128614,1.0,1.0,occupied,True,5.868369457040501e-06,0.00015968646792964688,0.15968646792964689,159.68646792964688,8.835406159146686e-06,0.00024042364963665995,0.24042364963665994,240.42364963665995,
D40_minus_D36,D40,D36,1,"[0.0,0.0,0.0]",2,-3.290024812759153,-3.290030681128612,1.0,1.0,occupied,True,5.868369458816858e-06,0.000159686467977984,0.159686467977984,159.686467977984,8.835406160923043e-06,0.00024042364968499707,0.24042364968499708,240.4236496849971,
D40_minus_D36,D40,D36,1,"[0.0,0.0,0.0]",3,-1.661482194526161,-1.661499453064247,1.0,1.0,occupied,True,1.7258538085984654e-05,0.00046962874589870205,0.46962874589870207,469.62874589870205,2.022557478809084e-05,0.0005503659276057151,0.5503659276057151,550.3659276057151,
D40_minus_D36,D40,D36,1,"[0.0,0.0,0.0]",4,-1.66148219452616,-1.661499453064246,1.0,1.0,occupied,True,1.7258538085984654e-05,0.00046962874589870205,0.46962874589870207,469.62874589870205,2.0225574787868794e-05,0.000550365927599673,0.550365927599673,550.365927599673,
D40_minus_D36,D40,D36,1,"[0.0,0.0,0.0]",5,-1.652770171047958,-1.652785545715813,1.0,1.0,occupied,True,1.537466785483943e-05,0.0004183660254017039,0.41836602540170387,418.3660254017039,1.8341704556945615e-05,0.000499103207108717,0.499103207108717,499.10320710871696,
D40_minus_D36,D40,D36,1,"[0.0,0.0,0.0]",6,-1.652770171047956,-1.652785545715813,1.0,1.0,occupied,True,1.537466785683783e-05,0.00041836602545608314,0.41836602545608315,418.36602545608315,1.8341704558721972e-05,0.0004991032071570541,0.4991032071570541,499.1032071570541,
D40_minus_D36,D40,D36,1,"[0.0,0.0,0.0]",7,-1.652582860127112,-1.652602182644505,1.0,1.0,occupied,True,1.932251739300561e-05,0.0005257924840257615,0.5257924840257615,525.7924840257615,2.2289554094889752e-05,0.0006065296657267325,0.6065296657267325,606.5296657267324,
D40_minus_D36,D40,D36,1,"[0.0,0.0,0.0]",8,-1.652582860127112,-1.652602182644504,1.0,1.0,occupied,True,1.9322517392117433e-05,0.000525792484001593,0.525792484001593,525.792484001593,2.2289554094001574e-05,0.0006065296657025639,0.606529665702564,606.5296657025639,
D40_minus_D36,D40,D36,1,"[0.0,0.0,0.0]",9,-0.1592118428248981,-0.1592091612709172,1.0,1.0,occupied,True,-2.681553980893314e-06,-7.296880111353592e-05,-0.07296880111353593,-72.96880111353593,2.854827211851152e-07,7.768380592721873e-06,0.0077683805927218725,7.768380592721872,
D40_minus_D36,D40,D36,1,"[0.0,0.0,0.0]",10,-0.1592118428248981,-0.1592091612709162,1.0,1.0,occupied,True,-2.681553981892515e-06,-7.296880114072556e-05,-0.07296880114072556,-72.96880114072556,2.854827201859145e-07,7.768380565532235e-06,0.007768380565532236,7.768380565532236,
D40_minus_D36,D40,D36,1,"[0.0,0.0,0.0]",11,0.06051903453536974,0.06051999770811803,1.786109730909394e-57,1.777148474580432e-57,empty,True,-9.631727482875552e-07,-2.62092656752557e-05,-0.0262092656752557,-26.2092656752557,2.003863953797813e-06,5.452791603119092e-05,0.05452791603119092,54.52791603119092,
D40_minus_D36,D40,D36,1,"[0.0,0.0,0.0]",12,0.06051903453536974,0.06051999770811867,1.786109730909394e-57,1.77714847457927e-57,empty,True,-9.631727489259334e-07,-2.6209265692626855e-05,-0.026209265692626854,-26.209265692626854,2.003863953159435e-06,5.452791601381976e-05,0.05452791601381976,54.52791601381976,
D40_minus_D36,D40,D36,1,"[0.0,0.0,0.0]",13,0.06083132204717227,0.06082948730446573,1.307023491708016e-57,1.304109591899228e-57,empty,True,1.8347427065412703e-06,4.992589244969107e-05,0.049925892449691076,49.92589244969108,4.801779408647455e-06,0.00013066307415670415,0.13066307415670414,130.66307415670414,
D40_minus_D36,D40,D36,1,"[0.0,0.0,0.0]",14,0.06083132204717227,0.06082948730446573,1.307023491708016e-57,1.304109591899228e-57,empty,True,1.8347427065412703e-06,4.992589244969107e-05,0.049925892449691076,49.92589244969108,4.801779408647455e-06,0.00013066307415670415,0.13066307415670414,130.66307415670414,
D40_minus_D36,D40,D36,1,"[0.0,0.0,0.0]",15,0.06100904505326645,0.06100683133081215,1.094206455253724e-57,1.092180849269035e-57,empty,True,2.2137224542986833e-06,6.0238456745322494e-05,0.060238456745322494,60.238456745322495,5.180759156370174e-06,0.00014097563845139147,0.14097563845139147,140.9756384513915,
D40_minus_D36,D40,D36,1,"[0.0,0.0,0.0]",16,0.06100904505326645,0.06100683133081279,1.094206455253724e-57,1.092180849268321e-57,empty,True,2.213722453660305e-06,6.023845672795134e-05,0.06023845672795134,60.23845672795134,5.180759155759551e-06,0.00014097563843477558,0.1409756384347756,140.9756384347756,
D40_minus_D36,D40,D36,1,"[0.0,0.0,0.0]",17,0.06559032020486005,0.06559166867072778,1.120667440179477e-59,1.114615299565253e-59,empty,True,-1.3484658677315187e-06,-3.669362556636428e-05,-0.03669362556636428,-36.69362556636428,1.6185708343607885e-06,4.404355614027115e-05,0.04404355614027115,44.04355614027115,
D40_minus_D36,D40,D36,1,"[0.0,0.0,0.0]",18,0.06559032020486005,0.06559166867072842,1.120667440179477e-59,1.114615299564556e-59,empty,True,-1.348465868369897e-06,-3.669362558373544e-05,-0.036693625583735436,-36.69362558373544,1.6185708336946547e-06,4.4043556122144725e-05,0.04404355612214473,44.04355612214473,
D40_minus_D36,D40,D36,1,"[0.0,0.0,0.0]",19,0.1027257628310916,0.1027212622462766,8.351393333343969e-76,8.355018095856599e-76,empty,True,4.500584814992603e-06,0.00012246715173356066,0.12246715173356065,122.46715173356066,7.467621517043277e-06,0.00020320433343906319,0.2032043334390632,203.2043334390632,
D40_minus_D36,D40,D36,1,"[0.0,0.0,0.0]",20,0.1027257628310916,0.1027212622462779,8.351393333343969e-76,8.35501809584615e-76,empty,True,4.500584813701969e-06,0.00012246715169844072,0.12246715169844072,122.46715169844072,7.4676215157665204e-06,0.00020320433340432088,0.2032043334043209,203.2043334043209,
D40_minus_D36,D40,D36,1,"[0.0,0.0,0.0]",21,0.1028721503784294,0.1028746780712616,7.214124524755414e-76,7.166708638129729e-76,empty,True,-2.5276928322104375e-06,-6.878202596847586e-05,-0.06878202596847585,-68.78202596847586,4.393438698957475e-07,1.1955155738537209e-05,0.011955155738537209,11.95515573853721,
D40_minus_D36,D40,D36,1,"[0.0,0.0,0.0]",22,0.1028721503784294,0.1028746780712622,7.214124524755414e-76,7.166708638125044e-76,empty,True,-2.5276928328071824e-06,-6.878202598471412e-05,-0.06878202598471411,-68.78202598471411,4.393438692851248e-07,1.195515572192132e-05,0.01195515572192132,11.95515572192132,
D40_minus_D36,D40,D36,1,"[0.0,0.0,0.0]",23,0.25397743306927,0.253972972585237,0.0,0.0,empty,True,4.460484033019796e-06,0.00012137595386653274,0.12137595386653274,121.37595386653274,7.427520735125981e-06,0.0002021131355735458,0.2021131355735458,202.1131355735458,
D40_minus_D36,D40,D36,1,"[0.0,0.0,0.0]",24,0.2539774330698479,0.2539729725941373,0.0,0.0,empty,True,4.460475710565959e-06,0.00012137572740102686,0.12137572740102685,121.37572740102686,7.427512412672144e-06,0.0002021129091080399,0.20211290910803992,202.11290910803993,
D40_minus_D36,D40,D36,2,"[0.125,0.0625,-0.1875]",1,-3.289847255160299,-3.289853169577084,1.0,1.0,occupied,True,5.9144167847691165e-06,0.0001609394795500655,0.16093947955006552,160.9394795500655,8.881453486875301e-06,0.00024167666125707858,0.24167666125707857,241.67666125707856,
D40_minus_D36,D40,D36,2,"[0.125,0.0625,-0.1875]",2,-3.289847255095966,-3.289853169487348,1.0,1.0,occupied,True,5.914391381978135e-06,0.00016093878830490837,0.16093878830490838,160.93878830490837,8.88142808408432e-06,0.00024167597001192143,0.24167597001192145,241.67597001192144,
D40_minus_D36,D40,D36,2,"[0.125,0.0625,-0.1875]",3,-1.660653685231514,-1.660668305506527,1.0,1.0,occupied,True,1.4620275013088602e-05,0.0003978379504036189,0.39783795040361886,397.8379504036189,1.7587311715194787e-05,0.0004785751321106319,0.47857513211063196,478.57513211063196,
D40_minus_D36,D40,D36,2,"[0.125,0.0625,-0.1875]",4,-1.660653551607783,-1.660667837996386,1.0,1.0,occupied,True,1.4286388603013123e-05,0.000388752438336771,0.388752438336771,388.752438336771,1.7253425304897263e-05,0.0004694896200377419,0.4694896200377419,469.48962003774193,
D40_minus_D36,D40,D36,2,"[0.125,0.0625,-0.1875]",5,-1.652561569500316,-1.652578634576126,1.0,1.0,occupied,True,1.7065075810007713e-05,0.00046436436918306697,0.46436436918306695,464.36436918306697,2.0032112512113898e-05,0.0005451015508900801,0.54510155089008,545.10155089008,
D40_minus_D36,D40,D36,2,"[0.125,0.0625,-0.1875]",6,-1.652561498277796,-1.652578307101512,1.0,1.0,occupied,True,1.6808823716019106e-05,0.0004573913944772015,0.4573913944772015,457.3913944772015,1.977586041812529e-05,0.0005381285761842146,0.5381285761842146,538.1285761842146,
D40_minus_D36,D40,D36,2,"[0.125,0.0625,-0.1875]",7,-1.648886232173392,-1.648907956083683,1.0,1.0,occupied,True,2.1723910291093773e-05,0.0005911377137039942,0.5911377137039941,591.1377137039942,2.4690946993199958e-05,0.0006718748954110073,0.6718748954110073,671.8748954110073,
D40_minus_D36,D40,D36,2,"[0.125,0.0625,-0.1875]",8,-1.648886136360737,-1.648907325718075,1.0,1.0,occupied,True,2.1189357338080583e-05,0.0005765917868306226,0.5765917868306226,576.5917868306226,2.4156394039964724e-05,0.0006573289685315935,0.6573289685315935,657.3289685315935,
D40_minus_D36,D40,D36,2,"[0.125,0.0625,-0.1875]",9,-0.152675456780284,-0.1526724901708498,1.0,1.0,occupied,True,-2.9666094341906923e-06,-8.072555515473408e-05,-0.08072555515473408,-80.72555515473408,4.272678877370595e-10,1.1626551523717574e-08,1.1626551523717575e-05,0.011626551523717575,
D40_minus_D36,D40,D36,2,"[0.125,0.0625,-0.1875]",10,-0.1526754540738834,-0.1526724870371818,1.0,1.0,occupied,True,-2.967036701578829e-06,-8.073718169266299e-05,-0.08073718169266299,-80.73718169266299,4.996003610813204e-16,1.3594818394015385e-14,1.3594818394015385e-11,1.3594818394015385e-08,
D40_minus_D36,D40,D36,2,"[0.125,0.0625,-0.1875]",11,0.01289785856550232,0.01289852182652848,8.580687427386044e-37,8.540197388124428e-37,empty,True,-6.63261026160461e-07,-1.8048251964758012e-05,-0.01804825196475801,-18.048251964758013,2.303775675921438e-06,6.26889297415942e-05,0.0626889297415942,62.688929741594194,
D40_minus_D36,D40,D36,2,"[0.125,0.0625,-0.1875]",12,0.01289789966172143,0.01289860859426408,8.580334800821301e-37,8.539456406682626e-37,empty,True,-7.089325426493098e-07,-1.9291037240375767e-05,-0.01929103724037577,-19.29103724037577,2.258104159408303e-06,6.144614446531559e-05,0.061446144465315586,61.446144465315584,
D40_minus_D36,D40,D36,2,"[0.125,0.0625,-0.1875]",13,0.03612563520711246,0.03612597188758392,7.011757047550937e-47,6.980949854216516e-47,empty,True,-3.366804714605154e-07,-9.161542350391067e-06,-0.009161542350391067,-9.161542350391068,2.6303562306040362e-06,7.15756393554891e-05,0.0715756393554891,71.5756393554891,
D40_minus_D36,D40,D36,2,"[0.125,0.0625,-0.1875]",14,0.03612568906869222,0.03612605507516006,7.011379393409991e-47,6.980369150073125e-47,empty,True,-3.6600646784179514e-07,-9.959543364970311e-06,-0.00995954336497031,-9.959543364970312,2.601030234250512e-06,7.077763834166512e-05,0.07077763834166513,70.77763834166512,
D40_minus_D36,D40,D36,2,"[0.125,0.0625,-0.1875]",15,0.05633940577636226,0.05633573850638933,1.167072519354081e-55,1.166606509169566e-55,empty,True,3.6672699729317637e-06,9.97914997017345e-05,0.09979149970173451,99.79149970173451,6.634306675024071e-06,0.00018052868140836995,0.18052868140836995,180.52868140836995,
D40_minus_D36,D40,D36,2,"[0.125,0.0625,-0.1875]",16,0.05633945322139858,0.05633580210562699,1.167017148869588e-55,1.166532316244262e-55,empty,True,3.65111577158711e-06,9.93519214894498e-05,0.0993519214894498,99.3519214894498,6.618152473658601e-06,0.00018008910319551878,0.18008910319551877,180.0891031955188,
D40_minus_D36,D40,D36,2,"[0.125,0.0625,-0.1875]",17,0.1085128386137525,0.1085136426295349,2.561320112532975e-78,2.548875115447634e-78,empty,True,-8.040157824101835e-07,-2.187838400302812e-05,-0.02187838400302812,-21.87838400302812,2.163020919654368e-06,5.885879770285205e-05,0.05885879770285205,58.85879770285205,
D40_minus_D36,D40,D36,2,"[0.125,0.0625,-0.1875]",18,0.1085128861676186,0.1085136677721262,2.561198314755241e-78,2.548811030927857e-78,empty,True,-7.816045076020073e-07,-2.1268542147958014e-05,-0.021268542147958015,-21.268542147958016,2.1854321944903e-06,5.946863955867742e-05,0.05946863955867742,59.468639558677424,
D40_minus_D36,D40,D36,2,"[0.125,0.0625,-0.1875]",19,0.1346487519783179,0.1346439629146673,0.0,0.0,empty,True,4.789063650617598e-06,0.00013031706075354325,0.13031706075354324,130.31706075354325,7.756100352751538e-06,0.0002110542424613116,0.2110542424613116,211.0542424613116,
D40_minus_D36,D40,D36,2,"[0.125,0.0625,-0.1875]",20,0.1346487793424302,0.1346439960284261,0.0,0.0,empty,True,4.783314004080941e-06,0.00013016060490085642,0.1301606049008564,130.1606049008564,7.75035070615937e-06,0.00021089778660711423,0.21089778660711422,210.89778660711423,
D40_minus_D36,D40,D36,2,"[0.125,0.0625,-0.1875]",21,0.1565624054251015,0.1565643998708639,0.0,0.0,empty,True,-1.9944457624043732e-06,-5.427163398744545e-05,-0.05427163398744545,-54.27163398744545,9.725909396740562e-07,2.646554771881235e-05,0.02646554771881235,26.46554771881235,
D40_minus_D36,D40,D36,2,"[0.125,0.0625,-0.1875]",22,0.1565624110495083,0.1565644464526275,0.0,0.0,empty,True,-2.0354031191882616e-06,-5.5386140442506286e-05,-0.05538614044250629,-55.38614044250629,9.316335828901678e-07,2.535104126375151e-05,0.025351041263751515,25.351041263751515,
D40_minus_D36,D40,D36,2,"[0.125,0.0625,-0.1875]",23,0.1807384107151914,0.1807379133734803,0.0,0.0,empty,True,4.973417110920586e-07,1.35333573967631e-05,0.0135333573967631,13.5333573967631,3.4643784131427324e-06,9.427053910226563e-05,0.09427053910226564,94.27053910226563,
D40_minus_D36,D40,D36,2,"[0.125,0.0625,-0.1875]",24,0.1807384179204407,0.1807379226865014,0.0,0.0,empty,True,4.952339393016203e-07,1.34760020044551e-05,0.0134760020044551,13.4760020044551,3.462270641352294e-06,9.421318370995763e-05,0.09421318370995764,94.21318370995763,
D40_minus_D36,D40,D36,3,"[-0.125,-0.0625,0.1875]",1,-3.289847255160294,-3.289853169577085,1.0,1.0,occupied,True,5.914416790986365e-06,0.00016093947971924547,0.16093947971924547,160.93947971924547,8.88145349309255e-06,0.00024167666142625854,0.24167666142625854,241.67666142625853,
D40_minus_D36,D40,D36,3,"[-0.125,-0.0625,0.1875]",2,-3.289847255095959,-3.289853169487349,1.0,1.0,occupied,True,5.91439138997174e-06,0.00016093878852242548,0.1609387885224255,160.93878852242548,8.881428092077925e-06,0.00024167597022943854,0.24167597022943854,241.67597022943855,
D40_minus_D36,D40,D36,3,"[-0.125,-0.0625,0.1875]",3,-1.66065368523151,-1.660668305506529,1.0,1.0,occupied,True,1.4620275019083806e-05,0.00039783795056675666,0.39783795056675664,397.83795056675666,1.758731172118999e-05,0.00047857513227376976,0.47857513227376974,478.5751322737698,
D40_minus_D36,D40,D36,3,"[-0.125,-0.0625,0.1875]",4,-1.66065355160778,-1.660667837996385,1.0,1.0,occupied,True,1.4286388605011524e-05,0.0003887524383911503,0.38875243839115026,388.7524383911503,1.725342530711771e-05,0.0004694896200981633,0.46948962009816336,469.48962009816336,
D40_minus_D36,D40,D36,3,"[-0.125,-0.0625,0.1875]",5,-1.65256156950032,-1.652578634576126,1.0,1.0,occupied,True,1.706507580601091e-05,0.0004643643690743084,0.4643643690743084,464.3643690743084,2.0032112508117095e-05,0.0005451015507813215,0.5451015507813215,545.1015507813215,
D40_minus_D36,D40,D36,3,"[-0.125,-0.0625,0.1875]",6,-1.652561498277793,-1.652578307101514,1.0,1.0,occupied,True,1.680882372112613e-05,0.00045739139461617077,0.4573913946161708,457.39139461617077,1.9775860423232317e-05,0.0005381285763231839,0.5381285763231839,538.1285763231839,
D40_minus_D36,D40,D36,3,"[-0.125,-0.0625,0.1875]",7,-1.648886232173391,-1.648907956083683,1.0,1.0,occupied,True,2.172391029198195e-05,0.0005911377137281628,0.5911377137281628,591.1377137281628,2.4690946994088137e-05,0.0006718748954351758,0.6718748954351759,671.8748954351759,
D40_minus_D36,D40,D36,3,"[-0.125,-0.0625,0.1875]",8,-1.648886136360734,-1.648907325718074,1.0,1.0,occupied,True,2.1189357340078985e-05,0.0005765917868850018,0.5765917868850018,576.5917868850019,2.4156394041963125e-05,0.0006573289685859728,0.6573289685859728,657.3289685859728,
D40_minus_D36,D40,D36,3,"[-0.125,-0.0625,0.1875]",9,-0.1526754567802844,-0.15267249017085,1.0,1.0,occupied,True,-2.966609434412737e-06,-8.072555516077622e-05,-0.08072555516077622,-80.72555516077622,4.2726766569245456e-10,1.1626545481576065e-08,1.1626545481576067e-05,0.011626545481576066,
D40_minus_D36,D40,D36,3,"[-0.125,-0.0625,0.1875]",10,-0.1526754540738851,-0.1526724870371813,1.0,1.0,occupied,True,-2.967036703799275e-06,-8.07371817530844e-05,-0.08073718175308439,-80.7371817530844,-1.7208456881689926e-15,-4.6826596690497437e-14,-4.682659669049744e-11,-4.682659669049744e-08,
D40_minus_D36,D40,D36,3,"[-0.125,-0.0625,0.1875]",11,0.01289785856550275,0.0128985218265297,8.580687427382264e-37,8.54019738811399e-37,empty,True,-6.632610269497602e-07,-1.8048251986235938e-05,-0.018048251986235938,-18.04825198623594,2.303775675116526e-06,6.268892971969143e-05,0.06268892971969144,62.68892971969143,
D40_minus_D36,D40,D36,3,"[-0.125,-0.0625,0.1875]",12,0.01289789966172025,0.01289860859426313,8.580334800831421e-37,8.539456406690756e-37,empty,True,-7.08932542880028e-07,-1.929103724665393e-05,-0.01929103724665393,-19.291037246653932,2.2581041591862583e-06,6.144614445927344e-05,0.06144614445927344,61.44614445927344,
D40_minus_D36,D40,D36,3,"[-0.125,-0.0625,0.1875]",13,0.03612563520711229,0.03612597188758365,7.011757047552132e-47,6.980949854218403e-47,empty,True,-3.3668047136337087e-07,-9.16154234774763e-06,-0.00916154234774763,-9.16154234774763,2.6303562307150585e-06,7.157563935851016e-05,0.07157563935851018,71.57563935851017,
D40_minus_D36,D40,D36,3,"[-0.125,-0.0625,0.1875]",14,0.03612568906869119,0.03612605507516055,7.011379393417266e-47,6.980369150069653e-47,empty,True,-3.660064693614129e-07,-9.959543406321218e-06,-0.009959543406321218,-9.959543406321218,2.6010302326962e-06,7.077763829937014e-05,0.07077763829937013,70.77763829937014,
D40_minus_D36,D40,D36,3,"[-0.125,-0.0625,0.1875]",15,0.05633940577636218,0.05633573850639115,1.167072519354213e-55,1.16660650916746e-55,empty,True,3.6672699710305068e-06,9.979149964999867e-05,0.09979149964999867,99.79149964999867,6.634306673108936e-06,0.00018052868135625647,0.18052868135625647,180.52868135625647,
D40_minus_D36,D40,D36,3,"[-0.125,-0.0625,0.1875]",16,0.05633945322140049,0.05633580210562744,1.167017148867316e-55,1.166532316243715e-55,empty,True,3.6511157730512167e-06,9.935192152929016e-05,0.09935192152929016,99.35192152929017,6.618152475129646e-06,0.00018008910323554796,0.18008910323554797,180.08910323554798,
D40_minus_D36,D40,D36,3,"[-0.125,-0.0625,0.1875]",17,0.1085128386137523,0.1085136426295351,2.561320112533339e-78,2.5488751154472e-78,empty,True,-8.040157827987615e-07,-2.1878384013601865e-05,-0.021878384013601863,-21.878384013601867,2.16302091926579e-06,5.88587976922783e-05,0.0588587976922783,58.8587976922783,
D40_minus_D36,D40,D36,3,"[-0.125,-0.0625,0.1875]",18,0.1085128861676166,0.1085136677721245,2.561198314760482e-78,2.548811030932349e-78,empty,True,-7.816045078934408e-07,-2.1268542155888323e-05,-0.02126854215588832,-21.268542155888323,2.185432194212744e-06,5.946863955112475e-05,0.05946863955112475,59.468639551124745,
D40_minus_D36,D40,D36,3,"[-0.125,-0.0625,0.1875]",19,0.1346487519783162,0.1346439629146681,0.0,0.0,empty,True,4.78906364809184e-06,0.00013031706068481388,0.13031706068481388,130.3170606848139,7.756100350142514e-06,0.00021105424239031644,0.21105424239031642,211.05424239031643,
D40_minus_D36,D40,D36,3,"[-0.125,-0.0625,0.1875]",20,0.1346487793424298,0.1346439960284241,0.0,0.0,empty,True,4.783314005690764e-06,0.00013016060494466195,0.13016060494466195,130.16060494466194,7.750350707769194e-06,0.00021089778665091973,0.21089778665091974,210.89778665091976,
D40_minus_D36,D40,D36,3,"[-0.125,-0.0625,0.1875]",21,0.1565624054251009,0.1565643998708646,0.0,0.0,empty,True,-1.9944457637088853e-06,-5.427163402294303e-05,-0.05427163402294303,-54.27163402294303,9.725909383972997e-07,2.6465547684070037e-05,0.026465547684070036,26.465547684070035,
D40_minus_D36,D40,D36,3,"[-0.125,-0.0625,0.1875]",22,0.1565624110495097,0.1565644464526302,0.0,0.0,empty,True,-2.035403120520529e-06,-5.538614047875913e-05,-0.05538614047875913,-55.38614047875913,9.316335815579002e-07,2.5351041227498664e-05,0.025351041227498664,25.351041227498666,
D40_minus_D36,D40,D36,3,"[-0.125,-0.0625,0.1875]",23,0.1807384107151928,0.1807379133734804,0.0,0.0,empty,True,4.973417123965707e-07,1.3533357432260682e-05,0.013533357432260681,13.533357432260681,3.464378414475e-06,9.427053913851849e-05,0.09427053913851849,94.27053913851849,
D40_minus_D36,D40,D36,3,"[-0.125,-0.0625,0.1875]",24,0.1807384179204424,0.1807379226865005,0.0,0.0,empty,True,4.952339419106444e-07,1.3476002075450263e-05,0.013476002075450263,13.476002075450262,3.4622706440168294e-06,9.421318378246333e-05,0.09421318378246334,94.21318378246333,
C40_minus_C36,C40,C36,1,"[0.0,0.0,0.0]",1,-3.290024812759157,-3.290030681128605,1.0,1.0,occupied,True,5.8683694477146275e-06,0.00015968646767587692,0.15968646767587694,159.6864676758769,8.835406152041259e-06,0.0002404236494433114,0.24042364944331143,240.4236494433114,
C40_minus_C36,C40,C36,1,"[0.0,0.0,0.0]",2,-3.290024812759157,-3.290030681128613,1.0,1.0,occupied,True,5.868369455708233e-06,0.00015968646789339403,0.15968646789339402,159.68646789339402,8.835406160034864e-06,0.00024042364966082852,0.24042364966082852,240.42364966082852,
C40_minus_C36,C40,C36,1,"[0.0,0.0,0.0]",3,-1.661482194526152,-1.661499453064178,1.0,1.0,occupied,True,1.725853802603261e-05,0.00046962874426732386,0.46962874426732387,469.62874426732384,2.0225574730581286e-05,0.0005503659260408005,0.5503659260408005,550.3659260408004,
C40_minus_C36,C40,C36,1,"[0.0,0.0,0.0]",4,-1.661482194526151,-1.661499453064182,1.0,1.0,occupied,True,1.7258538030917592e-05,0.00046962874440025095,0.46962874440025093,469.6287444002509,2.0225574735466267e-05,0.0005503659261737276,0.5503659261737276,550.3659261737276,
C40_minus_C36,C40,C36,1,"[0.0,0.0,0.0]",5,-1.652770171047861,-1.652785545714343,1.0,1.0,occupied,True,1.5374666481937638e-05,0.00041836598804314293,0.41836598804314296,418.3659880431429,1.8341703186486313e-05,0.0004991031698166195,0.49910316981661956,499.1031698166195,
C40_minus_C36,C40,C36,1,"[0.0,0.0,0.0]",6,-1.652770171047863,-1.652785545714345,1.0,1.0,occupied,True,1.5374666481937638e-05,0.00041836598804314293,0.41836598804314296,418.3659880431429,1.8341703186486313e-05,0.0004991031698166195,0.49910316981661956,499.1031698166195,
C40_minus_C36,C40,C36,1,"[0.0,0.0,0.0]",7,-1.652582860127211,-1.652602182646023,1.0,1.0,occupied,True,1.932251881209268e-05,0.0005257925226410879,0.5257925226410879,525.7925226410879,2.2289555516641357e-05,0.0006065297044145645,0.6065297044145646,606.5297044145645,
C40_minus_C36,C40,C36,1,"[0.0,0.0,0.0]",8,-1.652582860127212,-1.652602182646022,1.0,1.0,occupied,True,1.932251881009428e-05,0.0005257925225867087,0.5257925225867087,525.7925225867086,2.2289555514642956e-05,0.0006065297043601853,0.6065297043601853,606.5297043601853,
C40_minus_C36,C40,C36,1,"[0.0,0.0,0.0]",9,-0.1592118428248968,-0.1592091612709152,1.0,1.0,occupied,True,-2.681553981614959e-06,-7.296880113317289e-05,-0.07296880113317289,-72.96880113317289,2.85482722767183e-07,7.768380635772131e-06,0.00776838063577213,7.768380635772131,
C40_minus_C36,C40,C36,1,"[0.0,0.0,0.0]",10,-0.1592118428248964,-0.1592091612709148,1.0,1.0,occupied,True,-2.6815539815872036e-06,-7.296880113241762e-05,-0.07296880113241762,-72.96880113241761,2.854827227949386e-07,7.768380636527398e-06,0.007768380636527399,7.768380636527398,
C40_minus_C36,C40,C36,1,"[0.0,0.0,0.0]",11,0.06051903453655466,0.06051999770841418,1.78610972879293e-57,1.777148474054122e-57,empty,True,-9.631718595193295e-07,-2.6209241490640225e-05,-0.026209241490640224,-26.209241490640224,2.0038648448628127e-06,5.452794027830479e-05,0.05452794027830479,54.52794027830479,
C40_minus_C36,C40,C36,1,"[0.0,0.0,0.0]",12,0.06051903453655533,0.06051999770841379,1.786109728791762e-57,1.777148474054829e-57,empty,True,-9.631718584646176e-07,-2.6209241461940055e-05,-0.026209241461940053,-26.209241461940056,2.0038648459175246e-06,5.4527940307004964e-05,0.05452794030700497,54.52794030700496,
C40_minus_C36,C40,C36,1,"[0.0,0.0,0.0]",13,0.06083132204876959,0.06082948730435112,1.307023489620307e-57,1.304109592048674e-57,empty,True,1.8347444184704798e-06,4.992593903365802e-05,0.04992593903365802,49.925939033658025,4.801781122859561e-06,0.00013066312080279186,0.13066312080279185,130.66312080279187,
C40_minus_C36,C40,C36,1,"[0.0,0.0,0.0]",14,0.06083132204877012,0.06082948730435109,1.307023489619564e-57,1.304109592048748e-57,empty,True,1.8347444190325302e-06,4.992593904895219e-05,0.04992593904895219,49.925939048952195,4.801781123414672e-06,0.0001306631208178972,0.13066312081789722,130.6631208178972,
C40_minus_C36,C40,C36,1,"[0.0,0.0,0.0]",15,0.06100904505050181,0.06100683133064688,1.094206458278776e-57,1.092180849449511e-57,empty,True,2.213719854926577e-06,6.023838601280411e-05,0.06023838601280411,60.238386012804106,5.180756559308719e-06,0.00014097556778174913,0.14097556778174913,140.97556778174913,
C40_minus_C36,C40,C36,1,"[0.0,0.0,0.0]",16,0.06100904505050186,0.06100683133064655,1.094206458278714e-57,1.092180849449884e-57,empty,True,2.213719855308216e-06,6.023838602318904e-05,0.06023838602318904,60.238386023189044,5.180756559697297e-06,0.00014097556779232287,0.14097556779232287,140.97556779232286,
C40_minus_C36,C40,C36,1,"[0.0,0.0,0.0]",17,0.06559032020495892,0.06559166867078259,1.120667440068698e-59,1.114615299504175e-59,empty,True,-1.3484658236695424e-06,-3.669362436737683e-05,-0.036693624367376824,-36.69362436737683,1.6185708807125998e-06,4.404355740156819e-05,0.04404355740156819,44.043557401568194,
C40_minus_C36,C40,C36,1,"[0.0,0.0,0.0]",18,0.06559032020495906,0.06559166867078223,1.12066744006857e-59,1.114615299504587e-59,empty,True,-1.348465823169942e-06,-3.669362435378201e-05,-0.03669362435378201,-36.693624353782006,1.6185708812122002e-06,4.404355741516301e-05,0.04404355741516301,44.04355741516301,
C40_minus_C36,C40,C36,1,"[0.0,0.0,0.0]",19,0.102725762834677,0.102721262246354,8.351393303400658e-76,8.355018095209747e-76,empty,True,4.500588323005927e-06,0.00012246724719146618,0.12246724719146618,122.46724719146619,7.467625027401947e-06,0.00020320442896078883,0.20320442896078883,203.20442896078885,
C40_minus_C36,C40,C36,1,"[0.0,0.0,0.0]",20,0.102725762834677,0.1027212622463537,8.351393303401133e-76,8.355018095212597e-76,empty,True,4.500588323311239e-06,0.00012246724719977412,0.12246724719977413,122.46724719977412,7.467625027679503e-06,0.00020320442896834152,0.2032044289683415,203.20442896834152,
C40_minus_C36,C40,C36,1,"[0.0,0.0,0.0]",21,0.1028721503747403,0.1028746780711267,7.214124551368288e-76,7.166708639096646e-76,empty,True,-2.527696386395162e-06,-6.878212268276918e-05,-0.06878212268276919,-68.78212268276918,4.3934031801473594e-07,1.1955059086931104e-05,0.011955059086931105,11.955059086931104,
C40_minus_C36,C40,C36,1,"[0.0,0.0,0.0]",22,0.1028721503747399,0.1028746780711263,7.214124551371364e-76,7.166708639098887e-76,empty,True,-2.527696386395162e-06,-6.878212268276918e-05,-0.06878212268276919,-68.78212268276918,4.3934031801473594e-07,1.1955059086931104e-05,0.011955059086931105,11.955059086931104,
C40_minus_C36,C40,C36,1,"[0.0,0.0,0.0]",23,0.253977433069235,0.253972972583366,0.0,0.0,empty,True,4.460485868995612e-06,0.0001213760038259798,0.1213760038259798,121.3760038259798,7.427522573433265e-06,0.00020211318559643535,0.20211318559643535,202.11318559643536,
C40_minus_C36,C40,C36,1,"[0.0,0.0,0.0]",24,0.253977433069588,0.25397297258561,0.0,0.0,empty,True,4.460483977952734e-06,0.00012137595236808164,0.12137595236808163,121.37595236808164,7.427520682279365e-06,0.0002021131341355161,0.20211313413551613,202.11313413551613,
C40_minus_C36,C40,C36,2,"[0.125,0.0625,-0.1875]",1,-3.2898472551603,-3.289853169577077,1.0,1.0,occupied,True,5.9144167772196e-06,0.0001609394793446327,0.1609394793446327,160.9394793446327,8.881453481546231e-06,0.00024167666111206719,0.24167666111206718,241.67666111206717,
C40_minus_C36,C40,C36,2,"[0.125,0.0625,-0.1875]",2,-3.289847255095959,-3.289853169487351,1.0,1.0,occupied,True,5.9143913921921865e-06,0.00016093878858284687,0.16093878858284688,160.93878858284688,8.881428096518817e-06,0.00024167597035028136,0.24167597035028138,241.67597035028137,
C40_minus_C36,C40,C36,2,"[0.125,0.0625,-0.1875]",3,-1.660653685231508,-1.660668305506475,1.0,1.0,occupied,True,1.4620274967125368e-05,0.00039783794915289555,0.39783794915289555,397.83794915289553,1.7587311671674044e-05,0.0004785751309263722,0.4785751309263722,478.5751309263722,
C40_minus_C36,C40,C36,2,"[0.125,0.0625,-0.1875]",4,-1.660653551607777,-1.660667837996333,1.0,1.0,occupied,True,1.4286388556161711e-05,0.0003887524370618791,0.3887524370618791,388.7524370618791,1.7253425260710387e-05,0.00046948961883535575,0.4694896188353558,469.48961883535577,
C40_minus_C36,C40,C36,2,"[0.125,0.0625,-0.1875]",5,-1.652561569500306,-1.652578634576065,1.0,1.0,occupied,True,1.7065075758937454e-05,0.0004643643677933744,0.4643643677933744,464.3643677933744,2.003211246348613e-05,0.000545101549566851,0.5451015495668511,545.1015495668511,
C40_minus_C36,C40,C36,2,"[0.125,0.0625,-0.1875]",6,-1.652561498277782,-1.652578307101451,1.0,1.0,occupied,True,1.680882366894565e-05,0.0004573913931962675,0.4573913931962675,457.39139319626753,1.9775860373494325e-05,0.0005381285749697441,0.5381285749697442,538.1285749697441,
C40_minus_C36,C40,C36,2,"[0.125,0.0625,-0.1875]",7,-1.648886232173403,-1.648907956083779,1.0,1.0,occupied,True,2.1723910375914812e-05,0.0005911377160120922,0.5911377160120922,591.1377160120923,2.4690947080463488e-05,0.0006718748977855689,0.6718748977855689,671.8748977855689,
C40_minus_C36,C40,C36,2,"[0.125,0.0625,-0.1875]",8,-1.648886136360748,-1.648907325718172,1.0,1.0,occupied,True,2.11893574237898e-05,0.0005765917891628892,0.5765917891628892,576.5917891628892,2.4156394128338476e-05,0.0006573289709363658,0.6573289709363658,657.3289709363659,
C40_minus_C36,C40,C36,2,"[0.125,0.0625,-0.1875]",9,-0.1526754567802835,-0.1526724901708467,1.0,1.0,occupied,True,-2.9666094367997164e-06,-8.072555522572924e-05,-0.08072555522572925,-80.72555522572924,4.272675824257277e-10,1.1626543215773e-08,1.1626543215773e-05,0.011626543215773,
C40_minus_C36,C40,C36,2,"[0.125,0.0625,-0.1875]",10,-0.1526754540738832,-0.1526724870371789,1.0,1.0,occupied,True,-2.9670367042988754e-06,-8.073718176667922e-05,-0.08073718176667923,-80.73718176667921,8.326672684688674e-17,2.2658030656692306e-15,2.2658030656692307e-12,2.2658030656692306e-09,
C40_minus_C36,C40,C36,2,"[0.125,0.0625,-0.1875]",11,0.01289785856551702,0.01289852182654525,8.58068742725996e-37,8.540197387981218e-37,empty,True,-6.632610282299861e-07,-1.804825202107266e-05,-0.018048252021072658,-18.04825202107266,2.303775676171238e-06,6.26889297483916e-05,0.0626889297483916,62.68892974839161,
C40_minus_C36,C40,C36,2,"[0.125,0.0625,-0.1875]",12,0.01289789966173457,0.01289860859427926,8.580334800708512e-37,8.539456406553022e-37,empty,True,-7.089325446893446e-07,-1.9291037295887945e-05,-0.019291037295887943,-19.291037295887943,2.2581041596858586e-06,6.144614447286826e-05,0.06144614447286826,61.446144472868255,
C40_minus_C36,C40,C36,2,"[0.125,0.0625,-0.1875]",13,0.03612563520719088,0.03612597188761058,7.011757047001006e-47,6.980949854030408e-47,empty,True,-3.3668041970330576e-07,-9.161540942005645e-06,-0.009161540942005645,-9.161540942005646,2.630356284699653e-06,7.157564082750582e-05,0.07157564082750582,71.57564082750582,
C40_minus_C36,C40,C36,2,"[0.125,0.0625,-0.1875]",14,0.03612568906877164,0.03612605507518674,7.011379392853216e-47,6.980369149886834e-47,empty,True,-3.6600641510620147e-07,-9.959541929961703e-06,-0.009959541929961704,-9.959541929961704,2.6010302892898185e-06,7.077763983936095e-05,0.07077763983936095,70.77763983936094,
C40_minus_C36,C40,C36,2,"[0.125,0.0625,-0.1875]",15,0.05633940577630611,0.05633573850640365,1.167072519419641e-55,1.166606509152855e-55,empty,True,3.6672699024603572e-06,9.979149778410985e-05,0.09979149778410985,99.79149778410985,6.634306606856377e-06,0.0001805286795534325,0.1805286795534325,180.5286795534325,
C40_minus_C36,C40,C36,2,"[0.125,0.0625,-0.1875]",16,0.05633945322132376,0.05633580210564071,1.167017148956871e-55,1.166532316228231e-55,empty,True,3.6511156830537628e-06,9.935191908033468e-05,0.09935191908033468,99.35191908033468,6.618152387422027e-06,0.00018008910084890207,0.18008910084890206,180.08910084890206,
C40_minus_C36,C40,C36,2,"[0.125,0.0625,-0.1875]",17,0.108512838613757,0.108513642629517,2.5613201125214e-78,2.548875115493201e-78,empty,True,-8.040157599975561e-07,-2.187838339314946e-05,-0.02187838339314946,-21.87838339314946,2.1630209444123416e-06,5.885879837655083e-05,0.05885879837655083,58.85879837655083,
C40_minus_C36,C40,C36,2,"[0.125,0.0625,-0.1875]",18,0.1085128861676239,0.1085136677721065,2.561198314741702e-78,2.548811030978059e-78,empty,True,-7.816044825942337e-07,-2.1268541467461824e-05,-0.021268541467461825,-21.268541467461823,2.1854322218017863e-06,5.946864030186083e-05,0.059468640301860824,59.46864030186083,
C40_minus_C36,C40,C36,2,"[0.125,0.0625,-0.1875]",19,0.1346487519783786,0.1346439629146778,0.0,0.0,empty,True,4.789063700799678e-06,0.00013031706211906723,0.13031706211906724,130.31706211906723,7.756100405209576e-06,0.00021105424388876751,0.21105424388876753,211.05424388876753,
C40_minus_C36,C40,C36,2,"[0.125,0.0625,-0.1875]",20,0.1346487793424848,0.1346439960284307,0.0,0.0,empty,True,4.783314054096488e-06,0.0001301606062618488,0.13016060626184878,130.16060626184878,7.750350758450875e-06,0.00021089778803003853,0.21089778803003856,210.89778803003856,
C40_minus_C36,C40,C36,2,"[0.125,0.0625,-0.1875]",21,0.1565624054251382,0.1565643998708757,0.0,0.0,empty,True,-1.994445737507622e-06,-5.427163330997033e-05,-0.054271633309970334,-54.27163330997033,9.725909668745203e-07,2.6465548458974683e-05,0.026465548458974683,26.465548458974684,
C40_minus_C36,C40,C36,2,"[0.125,0.0625,-0.1875]",22,0.1565624110495092,0.1565644464526393,0.0,0.0,empty,True,-2.0354031301239583e-06,-5.5386140740081754e-05,-0.05538614074008175,-55.38614074008176,9.316335742304283e-07,2.5351041028107996e-05,0.025351041028107996,25.351041028107996,
C40_minus_C36,C40,C36,2,"[0.125,0.0625,-0.1875]",23,0.180738410715138,0.1807379133734572,0.0,0.0,empty,True,4.9734168078297e-07,1.3533356572010783e-05,0.013533356572010782,13.533356572010783,3.464378385165112e-06,9.42705383409558e-05,0.0942705383409558,94.27053834095581,
C40_minus_C36,C40,C36,2,"[0.125,0.0625,-0.1875]",24,0.1807384179203844,0.1807379226864797,0.0,0.0,empty,True,4.952339046904175e-07,1.3476001062636293e-05,0.013476001062636293,13.476001062636293,3.462270609044804e-06,9.421318283082604e-05,0.09421318283082604,94.21318283082604,
C40_minus_C36,C40,C36,3,"[-0.125,-0.0625,0.1875]",1,-3.289847255160296,-3.28985316957708,1.0,1.0,occupied,True,5.914416783880938e-06,0.00016093947952589693,0.16093947952589693,160.93947952589693,8.881453488207569e-06,0.00024167666129333142,0.24167666129333143,241.67666129333142,
C40_minus_C36,C40,C36,3,"[-0.125,-0.0625,0.1875]",2,-3.28984725509596,-3.289853169487341,1.0,1.0,occupied,True,5.914391381089956e-06,0.00016093878828073982,0.16093878828073982,160.93878828073983,8.881428085416587e-06,0.00024167597004817428,0.2416759700481743,241.6759700481743,
C40_minus_C36,C40,C36,3,"[-0.125,-0.0625,0.1875]",3,-1.660653685231508,-1.660668305506474,1.0,1.0,occupied,True,1.4620274966015145e-05,0.00039783794912268486,0.39783794912268483,397.83794912268485,1.758731167056382e-05,0.0004785751308961615,0.4785751308961615,478.5751308961615,
C40_minus_C36,C40,C36,3,"[-0.125,-0.0625,0.1875]",4,-1.660653551607781,-1.660667837996332,1.0,1.0,occupied,True,1.4286388551054685e-05,0.0003887524369229099,0.3887524369229099,388.75243692290985,1.725342525560336e-05,0.0004694896186963865,0.4694896186963865,469.4896186963865,
C40_minus_C36,C40,C36,3,"[-0.125,-0.0625,0.1875]",5,-1.652561569500303,-1.652578634576065,1.0,1.0,occupied,True,1.7065075761824033e-05,0.00046436436787192226,0.46436436787192226,464.36436787192224,2.003211246637271e-05,0.0005451015496453988,0.5451015496453989,545.1015496453989,
C40_minus_C36,C40,C36,3,"[-0.125,-0.0625,0.1875]",6,-1.652561498277786,-1.652578307101453,1.0,1.0,occupied,True,1.6808823666947248e-05,0.00045739139314188826,0.45739139314188826,457.3913931418883,1.9775860371495924e-05,0.0005381285749153649,0.5381285749153649,538.1285749153649,
C40_minus_C36,C40,C36,3,"[-0.125,-0.0625,0.1875]",7,-1.648886232173399,-1.648907956083784,1.0,1.0,occupied,True,2.172391038501864e-05,0.00059113771625982,0.59113771625982,591.1377162598201,2.4690947089567317e-05,0.0006718748980332966,0.6718748980332967,671.8748980332967,
C40_minus_C36,C40,C36,3,"[-0.125,-0.0625,0.1875]",8,-1.648886136360748,-1.648907325718169,1.0,1.0,occupied,True,2.118935742090322e-05,0.0005765917890843414,0.5765917890843414,576.5917890843414,2.4156394125451897e-05,0.000657328970857818,0.6573289708578179,657.3289708578179,
C40_minus_C36,C40,C36,3,"[-0.125,-0.0625,0.1875]",9,-0.1526754567802822,-0.1526724901708453,1.0,1.0,occupied,True,-2.966609436882983e-06,-8.072555522799505e-05,-0.08072555522799504,-80.72555522799505,4.2726749915900086e-10,1.1626540949969934e-08,1.1626540949969935e-05,0.011626540949969935,
C40_minus_C36,C40,C36,3,"[-0.125,-0.0625,0.1875]",10,-0.1526754540738832,-0.1526724870371788,1.0,1.0,occupied,True,-2.967036704382142e-06,-8.073718176894501e-05,-0.08073718176894501,-80.737181768945,0.0,0.0,0.0,0.0,
C40_minus_C36,C40,C36,3,"[-0.125,-0.0625,0.1875]",11,0.01289785856551723,0.01289852182654522,8.580687427258131e-37,8.540197387981583e-37,empty,True,-6.632610279905943e-07,-1.8048252014558477e-05,-0.018048252014558477,-18.04825201455848,2.3037756763932826e-06,6.268892975443374e-05,0.06268892975443374,62.688929754433744,
C40_minus_C36,C40,C36,3,"[-0.125,-0.0625,0.1875]",12,0.01289789966173525,0.01289860859427902,8.580334800702659e-37,8.539456406555085e-37,empty,True,-7.089325437699412e-07,-1.92910372708697e-05,-0.019291037270869702,-19.2910372708697,2.2581041606017926e-06,6.144614449779209e-05,0.06144614449779209,61.44614449779209,
C40_minus_C36,C40,C36,3,"[-0.125,-0.0625,0.1875]",13,0.03612563520719068,0.03612597188761041,7.011757047002402e-47,6.980949854031599e-47,empty,True,-3.3668041973106133e-07,-9.161540942760913e-06,-0.009161540942760912,-9.161540942760913,2.630356284644142e-06,7.157564082599529e-05,0.0715756408259953,71.5756408259953,
C40_minus_C36,C40,C36,3,"[-0.125,-0.0625,0.1875]",14,0.03612568906877099,0.03612605507518651,7.011379392857699e-47,6.980369149888321e-47,empty,True,-3.660064155155962e-07,-9.959541941101901e-06,-0.009959541941101902,-9.959541941101902,2.6010302888457293e-06,7.077763982727667e-05,0.07077763982727667,70.77763982727667,
C40_minus_C36,C40,C36,3,"[-0.125,-0.0625,0.1875]",15,0.05633940577630726,0.05633573850640305,1.167072519418282e-55,1.166606509153534e-55,empty,True,3.6672699042089585e-06,9.979149783169172e-05,0.09979149783169172,99.79149783169171,6.634306608577223e-06,0.0001805286796002591,0.1805286796002591,180.5286796002591,
C40_minus_C36,C40,C36,3,"[-0.125,-0.0625,0.1875]",16,0.05633945322132516,0.05633580210563989,1.167017148955229e-55,1.166532316229209e-55,empty,True,3.65111568526727e-06,9.935191914056728e-05,0.09935191914056728,99.35191914056728,6.618152389642473e-06,0.0001800891009093235,0.18008910090932348,180.0891009093235,
C40_minus_C36,C40,C36,3,"[-0.125,-0.0625,0.1875]",17,0.1085128386137552,0.1085136426295175,2.561320112526132e-78,2.548875115492042e-78,empty,True,-8.040157623012689e-07,-2.1878383455836677e-05,-0.021878383455836675,-21.878383455836676,2.1630209420808733e-06,5.885879831310834e-05,0.05885879831310834,58.85879831310834,
C40_minus_C36,C40,C36,3,"[-0.125,-0.0625,0.1875]",18,0.1085128861676228,0.1085136677721064,2.561198314744541e-78,2.548811030978349e-78,empty,True,-7.816044836073122e-07,-2.1268541495029097e-05,-0.021268541495029096,-21.268541495029098,2.1854322208025856e-06,5.946864027467119e-05,0.05946864027467119,59.46864027467119,
C40_minus_C36,C40,C36,3,"[-0.125,-0.0625,0.1875]",19,0.1346487519783812,0.1346439629146757,0.0,0.0,empty,True,4.789063705490371e-06,0.00013031706224670748,0.13031706224670747,130.31706224670748,7.756100409872513e-06,0.00021105424401565248,0.2110542440156525,211.0542440156525,
C40_minus_C36,C40,C36,3,"[-0.125,-0.0625,0.1875]",20,0.1346487793424853,0.1346439960284314,0.0,0.0,empty,True,4.783314053874443e-06,0.00013016060625580664,0.13016060625580664,130.16060625580664,7.750350758284341e-06,0.00021089778802550695,0.21089778802550693,210.89778802550694,
C40_minus_C36,C40,C36,3,"[-0.125,-0.0625,0.1875]",21,0.1565624054251379,0.156564399870877,0.0,0.0,empty,True,-1.9944457390896897e-06,-5.427163335302059e-05,-0.05427163335302059,-54.27163335302059,9.72590965264697e-07,2.6465548415169158e-05,0.026465548415169158,26.46554841516916,
C40_minus_C36,C40,C36,3,"[-0.125,-0.0625,0.1875]",22,0.156562411049509,0.1565644464526399,0.0,0.0,empty,True,-2.0354031309011145e-06,-5.538614076122925e-05,-0.055386140761229254,-55.38614076122925,9.316335734532721e-07,2.53510410069605e-05,0.0253510410069605,25.3510410069605,
C40_minus_C36,C40,C36,3,"[-0.125,-0.0625,0.1875]",23,0.1807384107151384,0.1807379133734585,0.0,0.0,empty,True,4.973416799225472e-07,1.3533356548597485e-05,0.013533356548597485,13.533356548597485,3.4643783842769338e-06,9.427053831678724e-05,0.09427053831678724,94.27053831678724,
C40_minus_C36,C40,C36,3,"[-0.125,-0.0625,0.1875]",24,0.1807384179203833,0.1807379226864796,0.0,0.0,empty,True,4.952339037189724e-07,1.3476001036201923e-05,0.013476001036201923,13.476001036201923,3.4622706081011145e-06,9.421318280514694e-05,0.09421318280514694,94.21318280514694,
A_minus_Q36,A,Q36,1,"[0.0,0.0,0.0]",1,-3.2992105571926644,-3.290030032987275,1.0,1.0,occupied,True,-0.009180524205389506,-0.24981479009343166,-249.81479009343167,-249814.79009343166,8.015111465642377e-06,0.0002181022938961856,0.2181022938961856,218.1022938961856,6.9703167098859875e-06
A_minus_Q36,A,Q36,1,"[0.0,0.0,0.0]",2,-3.2992105571926604,-3.290030032987272,1.0,1.0,occupied,True,-0.009180524205388618,-0.24981479009340748,-249.81479009340748,-249814.79009340747,8.015111466530556e-06,0.00021810229392035417,0.21810229392035416,218.10229392035416,6.970316710774166e-06
A_minus_Q36,A,Q36,1,"[0.0,0.0,0.0]",3,-1.6706679272849974,-1.661499016476153,1.0,1.0,occupied,True,-0.00916891080884441,-0.24949877347441532,-249.49877347441532,-249498.77347441533,1.9628508010738344e-05,0.0005341189129125332,0.5341189129125332,534.1189129125332,1.8583713254981954e-05
A_minus_Q36,A,Q36,1,"[0.0,0.0,0.0]",4,-1.670667927284992,-1.661499016476153,1.0,1.0,occupied,True,-0.009168910808839081,-0.2494987734742703,-249.4987734742703,-249498.7734742703,1.9628508016067414e-05,0.0005341189130575446,0.5341189130575447,534.1189130575447,1.8583713260311024e-05
A_minus_Q36,A,Q36,1,"[0.0,0.0,0.0]",5,-1.6619559041741516,-1.652785108001084,1.0,1.0,occupied,True,-0.009170796173067597,-0.2495500768485068,-249.5500768485068,-249550.0768485068,1.774314378755193e-05,0.0004828155388210538,0.4828155388210538,482.8155388210538,1.669834903179554e-05
A_minus_Q36,A,Q36,1,"[0.0,0.0,0.0]",6,-1.6619559041741514,-1.652785108001082,1.0,1.0,occupied,True,-0.009170796173069373,-0.24955007684855512,-249.55007684855514,-249550.07684855512,1.7743143785775572e-05,0.00048281553877271664,0.48281553877271666,482.81553877271665,1.6698349030019183e-05
A_minus_Q36,A,Q36,1,"[0.0,0.0,0.0]",7,-1.6617685925217993,-1.652601749147876,1.0,1.0,occupied,True,-0.009166843373923372,-0.24944251570424053,-249.44251570424052,-249442.51570424053,2.1695942931776457e-05,0.0005903766830873306,0.5903766830873306,590.3766830873305,2.0651148176020068e-05
A_minus_Q36,A,Q36,1,"[0.0,0.0,0.0]",8,-1.6617685925217982,-1.652601749147871,1.0,1.0,occupied,True,-0.009166843373927147,-0.24944251570434323,-249.44251570434324,-249442.5157043432,2.16959429280017e-05,0.0005903766829846142,0.5903766829846142,590.3766829846141,2.065114817224531e-05
A_minus_Q36,A,Q36,1,"[0.0,0.0,0.0]",9,-0.16839752452530163,-0.1592092749502884,1.0,1.0,occupied,True,-0.009188249575013241,-0.2500250081101561,-250.0250081101561,-250025.0081101561,2.897418420744202e-07,7.884277176309077e-06,0.007884277176309077,7.8842771763090775,-7.550529138485029e-07
A_minus_Q36,A,Q36,1,"[0.0,0.0,0.0]",10,-0.16839752452530118,-0.1592092749502856,1.0,1.0,occupied,True,-0.009188249575015572,-0.2500250081102195,-250.0250081102195,-250025.0081102195,2.8974183974295187e-07,7.884277112866592e-06,0.007884277112866591,7.884277112866592,-7.550529161799713e-07
A_minus_Q36,A,Q36,1,"[0.0,0.0,0.0]",11,0.05133330181712238,0.06051991280831323,2.31528930536997e-57,1.77729936054401e-57,empty,True,-0.00918661099119085,-0.24998041997286857,-249.98041997286856,-249980.41997286858,1.9283256644797575e-06,5.247241446419665e-05,0.05247241446419665,52.472414464196646,8.835309085429566e-07
A_minus_Q36,A,Q36,1,"[0.0,0.0,0.0]",12,0.05133330181712245,0.06051991280831323,2.3152893053697726e-57,1.77729936054401e-57,empty,True,-0.00918661099119078,-0.24998041997286669,-249.98041997286668,-249980.4199728667,1.9283256645352687e-06,5.247241446570718e-05,0.05247241446570718,52.47241446570718,8.835309086123455e-07
A_minus_Q36,A,Q36,1,"[0.0,0.0,0.0]",13,0.05164559894715573,0.06082939159305185,1.6942455180113913e-57,1.304234416045572e-57,empty,True,-0.009183792645896117,-0.24990372889047907,-249.90372889047907,-249903.72889047908,4.7466709592047795e-06,0.0001291634968535024,0.12916349685350237,129.16349685350238,3.7018762032749175e-06
A_minus_Q36,A,Q36,1,"[0.0,0.0,0.0]",14,0.051645598947156854,0.0608293915930537,1.6942455180095134e-57,1.304234416043162e-57,empty,True,-0.009183792645896846,-0.2499037288904989,-249.90372889049888,-249903.7288904989,4.746670958455379e-06,0.00012916349683311014,0.12916349683311015,129.16349683311014,3.7018762025463336e-06
A_minus_Q36,A,Q36,1,"[0.0,0.0,0.0]",15,0.05182332017891983,0.06100672751265537,1.4183812943734182e-57,1.092294243357766e-57,empty,True,-0.009183407333735544,-0.24989324401245241,-249.8932440124524,-249893.2440124524,5.131983119771588e-06,0.00013964837487995927,0.13964837487995926,139.64837487995925,4.087188363848665e-06
A_minus_Q36,A,Q36,1,"[0.0,0.0,0.0]",16,0.051823320178920176,0.06100672751265838,1.4183812943729346e-57,1.092294243354444e-57,empty,True,-0.009183407333738201,-0.24989324401252475,-249.89324401252475,-249893.24401252475,5.1319831171348085e-06,0.00013964837480820883,0.13964837480820882,139.64837480820884,4.087188361191069e-06
A_minus_Q36,A,Q36,1,"[0.0,0.0,0.0]",17,0.05640445887870069,0.06559085277096612,1.4528799718635568e-59,1.115525085018926e-59,empty,True,-0.009186393892265422,-0.24997451241015517,-249.97451241015517,-249974.51241015518,2.1454245898722135e-06,5.837997717663818e-05,0.05837997717663818,58.37997717663818,1.100629833970107e-06
A_minus_Q36,A,Q36,1,"[0.0,0.0,0.0]",18,0.05640445887870122,0.06559085277096681,1.4528799718627724e-59,1.115525085018165e-59,empty,True,-0.009186393892265589,-0.24997451241015972,-249.97451241015972,-249974.51241015972,2.1454245897334356e-06,5.837997717286184e-05,0.05837997717286184,58.37997717286184,1.1006298338035736e-06
A_minus_Q36,A,Q36,1,"[0.0,0.0,0.0]",19,0.0935401413099737,0.1027211411499545,1.0824498270705563e-75,8.356029919081802e-76,empty,True,-0.009180999839980789,-0.249827732770007,-249.827732770007,-249827.732770007,7.539476874540707e-06,0.00020515961732576882,0.20515961732576882,205.1596173257688,6.494682118603906e-06
A_minus_Q36,A,Q36,1,"[0.0,0.0,0.0]",20,0.09354014130997401,0.1027211411499712,1.0824498270702486e-75,8.35602991894263e-76,empty,True,-0.009180999839997192,-0.24982773277045336,-249.82773277045337,-249827.73277045335,7.539476858164917e-06,0.0002051596168801609,0.20515961688016088,205.15961688016088,6.494682102200361e-06
A_minus_Q36,A,Q36,1,"[0.0,0.0,0.0]",21,0.09368651173605327,0.1028745518917121,9.350609212623305e-76,7.167612987250946e-76,empty,True,-0.009188040155658828,-0.25001930951921575,-250.01930951921574,-250019.30951921575,4.991611964877407e-07,1.3582868116633927e-05,0.013582868116633928,13.582868116633927,-5.456335594351824e-07
A_minus_Q36,A,Q36,1,"[0.0,0.0,0.0]",22,0.0936865117360534,0.1028745518917362,9.350609212622241e-76,7.167612987078397e-76,empty,True,-0.009188040155682795,-0.25001930951986795,-250.01930951986796,-250019.30951986794,4.991611725069234e-07,1.3582867464082645e-05,0.013582867464082644,13.582867464082645,-5.45633583402122e-07
A_minus_Q36,A,Q36,1,"[0.0,0.0,0.0]",23,0.24479163479039995,0.2539729357379036,2.221870675935859e-141,0.0,empty,True,-0.009181300947503634,-0.24983592632311272,-249.83592632311272,-249835.9263231127,7.238369351680873e-06,0.00019696606421965932,0.19696606421965934,196.96606421965933,6.19357459575795e-06
A_minus_Q36,A,Q36,1,"[0.0,0.0,0.0]",24,0.24479163479040025,0.253972935833603,2.2218706759351014e-141,0.0,empty,True,-0.009181301043202722,-0.24983592892721757,-249.83592892721757,-249835.92892721755,7.238273652565574e-06,0.00019696346011406952,0.19696346011406954,196.96346011406953,6.193478896670407e-06
A_minus_Q36,A,Q36,2,"[0.125,0.0625,-0.1875]",1,-3.2990329996765553,-3.289852521486123,1.0,1.0,occupied,True,-0.009180478190432328,-0.24981353796265882,-249.8135379626588,-249813.53796265883,8.061126422820308e-06,0.00021935442466904657,0.21935442466904656,219.35442466904655,7.016331667063919e-06
A_minus_Q36,A,Q36,2,"[0.125,0.0625,-0.1875]",2,-3.299032999612321,-3.289852521396671,1.0,1.0,occupied,True,-0.009180478215649934,-0.24981353864886482,-249.81353864886484,-249813.53864886484,8.061101205214527e-06,0.00021935373846303544,0.21935373846303544,219.35373846303546,7.016306449458137e-06
A_minus_Q36,A,Q36,2,"[0.125,0.0625,-0.1875]",3,-1.6698394183222016,-1.66066786232185,1.0,1.0,occupied,True,-0.009171556000351577,-0.24957075280221142,-249.57075280221142,-249570.7528022114,1.6983316503571544e-05,0.00046213958511642886,0.46213958511642883,462.13958511642886,1.5938521747815154e-05
A_minus_Q36,A,Q36,2,"[0.125,0.0625,-0.1875]",4,-1.6698392843971483,-1.660667394793035,1.0,1.0,occupied,True,-0.009171889604113304,-0.24957983062302486,-249.57983062302486,-249579.83062302487,1.6649712741845235e-05,0.00045306176430298206,0.45306176430298206,453.06176430298206,1.5604917986088845e-05
A_minus_Q36,A,Q36,2,"[0.125,0.0625,-0.1875]",5,-1.661747302440199,-1.652578195115483,1.0,1.0,occupied,True,-0.009169107324715986,-0.24950412094370022,-249.50412094370023,-249504.12094370023,1.94319921391628e-05,0.0005287714436276256,0.5287714436276256,528.7714436276256,1.8387197383406412e-05
A_minus_Q36,A,Q36,2,"[0.125,0.0625,-0.1875]",6,-1.6617472310303003,-1.652577867628052,1.0,1.0,occupied,True,-0.009169363402248276,-0.24951108916834028,-249.51108916834028,-249511.0891683403,1.9175914606872624e-05,0.0005218032189875599,0.5218032189875599,521.8032189875598,1.8131119851116234e-05
A_minus_Q36,A,Q36,2,"[0.125,0.0625,-0.1875]",7,-1.6580719649958693,-1.648907532663824,1.0,1.0,occupied,True,-0.009164432332045225,-0.24937690791243902,-249.376907912439,-249376.90791243903,2.4106984809924015e-05,0.0006559844748888393,0.6559844748888393,655.9844748888393,2.3062190054167625e-05
A_minus_Q36,A,Q36,2,"[0.125,0.0625,-0.1875]",8,-1.6580718689108604,-1.648906902270173,1.0,1.0,occupied,True,-0.009164966640687444,-0.249391447191277,-249.39144719127702,-249391.44719127702,2.3572676167704643e-05,0.0006414451960508423,0.6414451960508423,641.4451960508422,2.2527881411948253e-05
A_minus_Q36,A,Q36,2,"[0.125,0.0625,-0.1875]",9,-0.16186113476060232,-0.1526725958691947,1.0,1.0,occupied,True,-0.00918853889140761,-0.25003288081031055,-250.03288081031056,-250032.88081031054,4.2544770484376215e-10,1.1577021823969734e-08,1.1577021823969734e-05,0.011577021823969734,-1.0443693082180794e-06
A_minus_Q36,A,Q36,2,"[0.125,0.0625,-0.1875]",10,-0.16186113205372782,-0.1526725927368726,1.0,1.0,occupied,True,-0.009188539316855232,-0.2500328923873301,-250.03289238733012,-250032.89238733012,8.326672684688674e-17,2.2658030656692306e-15,2.2658030656692307e-12,2.2658030656692306e-09,-1.0447947558396564e-06
A_minus_Q36,A,Q36,2,"[0.125,0.0625,-0.1875]",11,0.0037121043859559932,0.01289820562772221,1.1123168896561833e-36,8.542898215320564e-37,empty,True,-0.009186101241766217,-0.24996654898438622,-249.96654898438624,-249966.54898438623,2.438075089095104e-06,6.634340294607142e-05,0.06634340294607143,66.34340294607142,1.3932803331756505e-06
A_minus_Q36,A,Q36,2,"[0.125,0.0625,-0.1875]",12,0.0037121454479717678,0.01289829239173022,1.1122712166202253e-36,8.542157031385829e-37,empty,True,-0.009186146943758453,-0.24996779259894916,-249.96779259894916,-249967.79259894916,2.3923730968766765e-06,6.509978838360496e-05,0.06509978838360497,65.09978838360497,1.3475783409398756e-06
A_minus_Q36,A,Q36,2,"[0.125,0.0625,-0.1875]",13,0.02693991012905654,0.03612581539162541,9.089095586253558e-47,6.98204243014487e-47,empty,True,-0.00918590526256887,-0.24996121611875105,-249.96121611875105,-249961.21611875106,2.6340542864378147e-06,7.167626858114125e-05,0.07167626858114125,71.67626858114124,1.5892595305218304e-06
A_minus_Q36,A,Q36,2,"[0.125,0.0625,-0.1875]",14,0.026939963896242296,0.03612589859275389,9.088606904300412e-47,6.981461540501289e-47,empty,True,-0.009185934696511595,-0.24996201705713525,-249.96201705713526,-249962.01705713524,2.604620343710229e-06,7.087533019683883e-05,0.07087533019683882,70.87533019683883,1.559825587797714e-06
A_minus_Q36,A,Q36,2,"[0.125,0.0625,-0.1875]",15,0.04715369760336567,0.05633561752725136,1.5128097410396e-55,1.166747652756911e-55,empty,True,-0.009181919923885687,-0.2498527695285219,-249.8527695285219,-249852.7695285219,6.619392969614557e-06,0.00018012285881011288,0.1801228588101129,180.1228588101129,5.574598213705512e-06
A_minus_Q36,A,Q36,2,"[0.125,0.0625,-0.1875]",16,0.04715374489845958,0.05633568113880198,1.5127381942527751e-55,1.16667343649009e-55,empty,True,-0.0091819362403424,-0.2498532135219277,-249.8532135219277,-249853.21352192768,6.603076512928796e-06,0.00017967886540507083,0.17967886540507083,179.67886540507084,5.558281756991995e-06
A_minus_Q36,A,Q36,2,"[0.125,0.0625,-0.1875]",17,0.09932708162399045,0.1085132829220952,3.3202556921120854e-78,2.549792129707954e-78,empty,True,-0.00918620129810474,-0.24996927165606014,-249.96927165606013,-249969.27165606015,2.3380187505472882e-06,6.362073127148816e-05,0.06362073127148817,63.62073127148816,1.2932239946521207e-06
A_minus_Q36,A,Q36,2,"[0.125,0.0625,-0.1875]",18,0.09932712922874111,0.1085133080430931,3.3200976359298224e-78,2.549728077189779e-78,empty,True,-0.009186178814351992,-0.24996865984197983,-249.96865984197984,-249968.65984197982,2.3605025033512916e-06,6.423254535329706e-05,0.06423254535329706,64.23254535329706,1.315707747400613e-06
A_minus_Q36,A,Q36,2,"[0.125,0.0625,-0.1875]",19,0.1254630868179494,0.1346437657290281,1.4806373317385305e-89,0.0,empty,True,-0.009180678911078682,-0.24981899984969427,-249.81899984969428,-249818.9998496943,7.860405776605184e-06,0.0002138925376373439,0.2138925376373439,213.8925376373439,6.815611020710016e-06
A_minus_Q36,A,Q36,2,"[0.125,0.0625,-0.1875]",20,0.12546311410906583,0.1346437988282393,1.4805969240441155e-89,0.0,empty,True,-0.009180684719173465,-0.24981915789600478,-249.81915789600478,-249819.1578960048,7.854597681877795e-06,0.0002137344913283637,0.2137344913283637,213.73449132836367,6.8098029259271164e-06
A_minus_Q36,A,Q36,2,"[0.125,0.0625,-0.1875]",21,0.1473767408326345,0.1565641636048399,4.502665433093433e-99,0.0,empty,True,-0.009187422772205411,-0.25000250965960297,-250.00250965960296,-250002.50965960298,1.116544649903961e-06,3.038272772942032e-05,0.030382727729420318,30.382727729420317,7.174989398103793e-08
A_minus_Q36,A,Q36,2,"[0.125,0.0625,-0.1875]",22,0.14737674642721404,0.1565642101825332,4.502640242644147e-99,0.0,empty,True,-0.009187463755319147,-0.2500036248669404,-250.00362486694038,-250003.6248669404,1.075561536167946e-06,2.9267520391986643e-05,0.029267520391986643,29.267520391986643,3.0766780245022884e-08
A_minus_Q36,A,Q36,2,"[0.125,0.0625,-0.1875]",23,0.17155259743929263,0.1807375760546496,1.4257013430024992e-109,0.0,empty,True,-0.00918497861535697,-0.24993600076355427,-249.93600076355426,-249936.00076355427,3.5607014983729535e-06,9.689162377886972e-05,0.09689162377886973,96.89162377886973,2.5159067424222747e-06
A_minus_Q36,A,Q36,2,"[0.125,0.0625,-0.1875]",24,0.17155260460469213,0.1807375853714006,1.4256911273194156e-109,0.0,empty,True,-0.009184980766708484,-0.24993605930481125,-249.93605930481124,-249936.05930481124,3.5585501468871072e-06,9.68330825226375e-05,0.0968330825226375,96.8330825226375,2.513755390908673e-06
A_minus_Q36,A,Q36,3,"[-0.125,-0.0625,0.1875]",1,-3.299032999676554,-3.289852521486123,1.0,1.0,occupied,True,-0.009180478190430996,-0.24981353796262254,-249.81353796262255,-249813.53796262253,8.061126424152576e-06,0.0002193544247052994,0.21935442470529942,219.3544247052994,7.016331668396186e-06
A_minus_Q36,A,Q36,3,"[-0.125,-0.0625,0.1875]",2,-3.2990329996123213,-3.289852521396669,1.0,1.0,occupied,True,-0.009180478215652155,-0.24981353864892525,-249.81353864892526,-249813.53864892526,8.061101202994081e-06,0.00021935373840261402,0.21935373840261405,219.35373840261403,7.016306447237691e-06
A_minus_Q36,A,Q36,3,"[-0.125,-0.0625,0.1875]",3,-1.669839418322202,-1.660667862321851,1.0,1.0,occupied,True,-0.009171556000351133,-0.24957075280219934,-249.57075280219934,-249570.75280219933,1.6983316504015633e-05,0.0004621395851285131,0.4621395851285131,462.13958512851315,1.5938521748259243e-05
A_minus_Q36,A,Q36,3,"[-0.125,-0.0625,0.1875]",4,-1.6698392843971481,-1.660667394793037,1.0,1.0,occupied,True,-0.009171889604111083,-0.24957983062296446,-249.57983062296447,-249579.83062296445,1.664971274406568e-05,0.00045306176436340345,0.45306176436340345,453.0617643634035,1.560491798830929e-05
A_minus_Q36,A,Q36,3,"[-0.125,-0.0625,0.1875]",5,-1.6617473024401965,-1.652578195115483,1.0,1.0,occupied,True,-0.009169107324713544,-0.24950412094363375,-249.50412094363375,-249504.12094363375,1.9431992141605292e-05,0.0005287714436940891,0.5287714436940891,528.7714436940892,1.8387197385848902e-05
A_minus_Q36,A,Q36,3,"[-0.125,-0.0625,0.1875]",6,-1.6617472310303003,-1.652577867628054,1.0,1.0,occupied,True,-0.009169363402246278,-0.2495110891682859,-249.5110891682859,-249511.0891682859,1.9175914608871025e-05,0.0005218032190419391,0.5218032190419392,521.8032190419392,1.8131119853114636e-05
A_minus_Q36,A,Q36,3,"[-0.125,-0.0625,0.1875]",7,-1.6580719649958695,-1.648907532663825,1.0,1.0,occupied,True,-0.009164432332044559,-0.2493769079124209,-249.3769079124209,-249376.9079124209,2.410698481059015e-05,0.0006559844749069656,0.6559844749069657,655.9844749069657,2.306219005483376e-05
A_minus_Q36,A,Q36,3,"[-0.125,-0.0625,0.1875]",8,-1.6580718689108607,-1.648906902270173,1.0,1.0,occupied,True,-0.009164966640687666,-0.24939144719128306,-249.39144719128305,-249391.44719128305,2.3572676167482598e-05,0.0006414451960448001,0.6414451960448001,641.4451960448001,2.2527881411726208e-05
A_minus_Q36,A,Q36,3,"[-0.125,-0.0625,0.1875]",9,-0.16186113476060196,-0.1526725958691943,1.0,1.0,occupied,True,-0.009188538891407666,-0.25003288081031205,-250.03288081031207,-250032.88081031205,4.254476493326109e-10,1.1577020313434356e-08,1.1577020313434357e-05,0.011577020313434357,-1.0443693082735905e-06
A_minus_Q36,A,Q36,3,"[-0.125,-0.0625,0.1875]",10,-0.16186113205372762,-0.1526725927368723,1.0,1.0,occupied,True,-0.009188539316855315,-0.2500328923873324,-250.0328923873324,-250032.8923873324,0.0,0.0,0.0,0.0,-1.0447947559229231e-06
A_minus_Q36,A,Q36,3,"[-0.125,-0.0625,0.1875]",11,0.003712104385955874,0.01289820562772123,1.1123168896563256e-36,8.542898215329062e-37,empty,True,-0.009186101241765356,-0.2499665489843628,-249.9665489843628,-249966.5489843628,2.438075089955527e-06,6.634340296948472e-05,0.06634340296948472,66.34340296948471,1.3932803340360733e-06
A_minus_Q36,A,Q36,3,"[-0.125,-0.0625,0.1875]",12,0.003712145447971891,0.01289829239172965,1.1122712166200988e-36,8.542157031390685e-37,empty,True,-0.009186146943757759,-0.24996779259893026,-249.96779259893026,-249967.79259893027,2.3923730975428104e-06,6.509978840173139e-05,0.06509978840173139,65.09978840173139,1.347578341633765e-06
A_minus_Q36,A,Q36,3,"[-0.125,-0.0625,0.1875]",13,0.0269399101290568,0.03612581539162571,9.089095586251232e-47,6.982042430142787e-47,empty,True,-0.009185905262568909,-0.24996121611875208,-249.96121611875208,-249961.21611875208,2.634054286410059e-06,7.167626858038598e-05,0.07167626858038598,71.67626858038598,1.5892595304836665e-06
A_minus_Q36,A,Q36,3,"[-0.125,-0.0625,0.1875]",14,0.026939963896242047,0.03612589859275385,9.088606904302737e-47,6.981461540501586e-47,empty,True,-0.009185934696511803,-0.2499620170571409,-249.9620170571409,-249962.0170571409,2.6046203434881843e-06,7.087533019079669e-05,0.07087533019079668,70.87533019079669,1.5598255875895473e-06
A_minus_Q36,A,Q36,3,"[-0.125,-0.0625,0.1875]",15,0.047153697603365755,0.05633561752725184,1.5128097410394711e-55,1.166747652756364e-55,empty,True,-0.009181919923886082,-0.24985276952853266,-249.85276952853266,-249852.76952853266,6.6193929692537345e-06,0.0001801228588002944,0.1801228588002944,180.1228588002944,5.574598213309995e-06
A_minus_Q36,A,Q36,3,"[-0.125,-0.0625,0.1875]",16,0.04715374489845976,0.05633568113880086,1.5127381942524741e-55,1.166673436491416e-55,empty,True,-0.009181936240341096,-0.2498532135218922,-249.8532135218922,-249853.21352189218,6.603076514233308e-06,0.0001796788654405684,0.1796788654405684,179.67886544056842,5.558281758296507e-06
A_minus_Q36,A,Q36,3,"[-0.125,-0.0625,0.1875]",17,0.0993270816239906,0.1085132829220946,3.3202556921115192e-78,2.549792129709694e-78,empty,True,-0.009186201298103991,-0.24996927165603974,-249.96927165603975,-249969.27165603975,2.3380187513244444e-06,6.362073129263566e-05,0.06362073129263567,63.62073129263566,1.2932239954015212e-06
A_minus_Q36,A,Q36,3,"[-0.125,-0.0625,0.1875]",18,0.0993271292287407,0.1085133080430926,3.3200976359312376e-78,2.549728077191083e-78,empty,True,-0.009186178814351909,-0.24996865984197758,-249.96865984197757,-249968.65984197758,2.3605025034068028e-06,6.42325453548076e-05,0.06423254535480759,64.2325453548076,1.3157077474838796e-06
A_minus_Q36,A,Q36,3,"[-0.125,-0.0625,0.1875]",19,0.1254630868179488,0.1346437657290279,1.4806373317394142e-89,0.0,empty,True,-0.009180678911079099,-0.24981899984970563,-249.81899984970562,-249818.99984970564,7.860405776216606e-06,0.00021389253762677015,0.21389253762677016,213.89253762677015,6.815611020293683e-06
A_minus_Q36,A,Q36,3,"[-0.125,-0.0625,0.1875]",20,0.1254631141090662,0.1346437988282378,1.4805969240436106e-89,0.0,empty,True,-0.009180684719171606,-0.24981915789595416,-249.81915789595416,-249819.15789595415,7.854597683709663e-06,0.00021373449137821135,0.21373449137821135,213.73449137821135,6.80980292778674e-06
A_minus_Q36,A,Q36,3,"[-0.125,-0.0625,0.1875]",21,0.1473767408326341,0.1565641636048398,4.502665433095225e-99,0.0,empty,True,-0.009187422772205689,-0.2500025096596105,-250.00250965961052,-250002.5096596105,1.1165446496264053e-06,3.038272772186764e-05,0.03038272772186764,30.382727721867642,7.174989370348217e-08
A_minus_Q36,A,Q36,3,"[-0.125,-0.0625,0.1875]",22,0.14737674642721338,0.1565642101825341,4.50264024264709e-99,0.0,empty,True,-0.00918746375532073,-0.25000362486698346,-250.00362486698347,-250003.62486698347,1.0755615345581226e-06,2.9267520348181118e-05,0.029267520348181118,29.267520348181115,3.0766778662955074e-08
A_minus_Q36,A,Q36,3,"[-0.125,-0.0625,0.1875]",23,0.171552597439293,0.1807375760546501,1.425701343001932e-109,0.0,empty,True,-0.009184978615357109,-0.24993600076355804,-249.93600076355804,-249936.00076355806,3.56070149820642e-06,9.689162377433812e-05,0.09689162377433812,96.89162377433811,2.515906742283497e-06
A_minus_Q36,A,Q36,3,"[-0.125,-0.0625,0.1875]",24,0.1715526046046924,0.1807375853713997,1.4256911273190105e-109,0.0,empty,True,-0.00918498076670729,-0.24993605930477877,-249.93605930477878,-249936.05930477878,3.5585501479973303e-06,9.683308255284821e-05,0.09683308255284821,96.83308255284821,2.5137553921021627e-06
A_minus_D36,A,D36,1,"[0.0,0.0,0.0]",1,-3.2992105571926644,-3.290030681128614,1.0,1.0,occupied,True,-0.00917987606405024,-0.24979715326910693,-249.79715326910693,-249797.15326910693,8.768952496129856e-06,0.00023861535334484873,0.23861535334484874,238.61535334484873,7.618458049151594e-06
A_minus_D36,A,D36,1,"[0.0,0.0,0.0]",2,-3.2992105571926604,-3.290030681128612,1.0,1.0,occupied,True,-0.009179876064048464,-0.24979715326905857,-249.79715326905858,-249797.1532690586,8.768952497906213e-06,0.00023861535339318585,0.23861535339318585,238.61535339318584,7.618458050927951e-06
A_minus_D36,A,D36,1,"[0.0,0.0,0.0]",3,-1.6706679272849974,-1.661499453064247,1.0,1.0,occupied,True,-0.009168474220750289,-0.2494868933071558,-249.48689330715578,-249486.89330715578,2.0170795795859675e-05,0.0005488753152899474,0.5488753152899474,548.8753152899474,1.9020301349103458e-05
A_minus_D36,A,D36,1,"[0.0,0.0,0.0]",4,-1.670667927284992,-1.661499453064246,1.0,1.0,occupied,True,-0.00916847422074607,-0.249486893307041,-249.486893307041,-249486.893307041,2.0170795800078523e-05,0.000548875315404748,0.5488753154047481,548.875315404748,1.9020301353322305e-05
A_minus_D36,A,D36,1,"[0.0,0.0,0.0]",5,-1.6619559041741516,-1.652785545715813,1.0,1.0,occupied,True,-0.00917035845833869,-0.24953816602395296,-249.53816602395295,-249538.16602395294,1.8286558207458725e-05,0.0004976025984927733,0.49760259849277333,497.6025984927733,1.7136063760702508e-05
A_minus_D36,A,D36,1,"[0.0,0.0,0.0]",6,-1.6619559041741514,-1.652785545715813,1.0,1.0,occupied,True,-0.009170358458338468,-0.2495381660239469,-249.5381660239469,-249538.16602394692,1.828655820768077e-05,0.0004976025984988155,0.4976025984988155,497.6025984988155,1.7136063760924553e-05
A_minus_D36,A,D36,1,"[0.0,0.0,0.0]",7,-1.6617685925217993,-1.652602182644505,1.0,1.0,occupied,True,-0.009166409877294335,-0.24943071966003144,-249.43071966003143,-249430.71966003143,2.2235139251813862e-05,0.00060504896241428,0.60504896241428,605.04896241428,2.1084644805057645e-05
A_minus_D36,A,D36,1,"[0.0,0.0,0.0]",8,-1.6617685925217982,-1.652602182644504,1.0,1.0,occupied,True,-0.009166409877294113,-0.24943071966002542,-249.43071966002543,-249430.7196600254,2.2235139252035907e-05,0.0006050489624203221,0.6050489624203221,605.0489624203221,2.108464480527969e-05
A_minus_D36,A,D36,1,"[0.0,0.0,0.0]",9,-0.16839752452530163,-0.1592091612709172,1.0,1.0,occupied,True,-0.009188363254384435,-0.25002810148343385,-250.02810148343386,-250028.10148343386,2.817621618800281e-07,7.667139016420069e-06,0.007667139016420069,7.6671390164200695,-8.687322850427226e-07
A_minus_D36,A,D36,1,"[0.0,0.0,0.0]",10,-0.16839752452530118,-0.1592091612709162,1.0,1.0,occupied,True,-0.00918836325438499,-0.25002810148344895,-250.02810148344895,-250028.10148344896,2.817621613249166e-07,7.667139001314715e-06,0.007667139001314716,7.667139001314715,-8.687322855978341e-07
A_minus_D36,A,D36,1,"[0.0,0.0,0.0]",11,0.05133330181712238,0.06051999770811803,2.31528930536997e-57,1.777148474580432e-57,empty,True,-0.009186695890995647,-0.2499827302142491,-249.9827302142491,-249982.7302142491,1.9491255506820515e-06,5.303840820151972e-05,0.05303840820151972,53.03840820151972,7.98631103745423e-07
A_minus_D36,A,D36,1,"[0.0,0.0,0.0]",12,0.05133330181712245,0.06051999770811867,2.3152893053697726e-57,1.77714847457927e-57,empty,True,-0.009186695890996216,-0.2499827302142646,-249.9827302142646,-249982.7302142646,1.9491255500991844e-06,5.30384081856591e-05,0.0530384081856591,53.0384081856591,7.986311031764337e-07
A_minus_D36,A,D36,1,"[0.0,0.0,0.0]",13,0.05164559894715573,0.06082948730446573,1.6942455180113913e-57,1.304109591899228e-57,empty,True,-0.009183888357310002,-0.24990633333073042,-249.90633333073043,-249906.3333307304,4.756659236326843e-06,0.00012943529172020275,0.12943529172020277,129.43529172020274,3.606164789390215e-06
A_minus_D36,A,D36,1,"[0.0,0.0,0.0]",14,0.051645598947156854,0.06082948730446573,1.6942455180095134e-57,1.304109591899228e-57,empty,True,-0.009183888357308878,-0.24990633333069984,-249.90633333069982,-249906.33333069982,4.756659237437066e-06,0.00012943529175041347,0.12943529175041346,129.43529175041346,3.6061647905143157e-06
A_minus_D36,A,D36,1,"[0.0,0.0,0.0]",15,0.05182332017891983,0.06100683133081215,1.4183812943734182e-57,1.092180849269035e-57,empty,True,-0.009183511151892323,-0.2498960690484159,-249.8960690484159,-249896.0690484159,5.133864653977804e-06,0.00013969957403397963,0.13969957403397965,139.69957403397964,3.983370207068931e-06
A_minus_D36,A,D36,1,"[0.0,0.0,0.0]",16,0.051823320178920176,0.06100683133081279,1.4183812943729346e-57,1.092180849268321e-57,empty,True,-0.009183511151892615,-0.24989606904842382,-249.8960690484238,-249896.06904842381,5.133864653728004e-06,0.00013969957402718222,0.13969957402718222,139.69957402718222,3.983370206777498e-06
A_minus_D36,A,D36,1,"[0.0,0.0,0.0]",17,0.05640445887870069,0.06559166867072778,1.4528799718635568e-59,1.114615299565253e-59,empty,True,-0.009187209792027091,-0.24999671417370797,-249.99671417370797,-249996.71417370797,1.4352245192306157e-06,3.905444874248667e-05,0.03905444874248667,39.05444874248667,2.8473007230092606e-07
A_minus_D36,A,D36,1,"[0.0,0.0,0.0]",18,0.05640445887870122,0.06559166867072842,1.4528799718627724e-59,1.114615299564556e-59,empty,True,-0.009187209792027203,-0.24999671417371097,-249.99671417371098,-249996.71417371096,1.4352245190918378e-06,3.905444873871033e-05,0.03905444873871033,39.05444873871033,2.8473007218990376e-07
A_minus_D36,A,D36,1,"[0.0,0.0,0.0]",19,0.0935401413099737,0.1027212622462766,1.0824498270705563e-75,8.355018095856599e-76,empty,True,-0.009181120936302897,-0.24983102796880086,-249.83102796880087,-249831.02796880086,7.524080243404008e-06,0.0002047406536490212,0.2047406536490212,204.7406536490212,6.373585796495135e-06
A_minus_D36,A,D36,1,"[0.0,0.0,0.0]",20,0.09354014130997401,0.1027212622462779,1.0824498270702486e-75,8.35501809584615e-76,empty,True,-0.009181120936303883,-0.24983102796882767,-249.83102796882767,-249831.02796882766,7.524080242460318e-06,0.00020474065362334208,0.2047406536233421,204.7406536233421,6.373585795509812e-06
A_minus_D36,A,D36,1,"[0.0,0.0,0.0]",21,0.09368651173605327,0.1028746780712616,9.350609212623305e-76,7.166708638129729e-76,empty,True,-0.009188166335208331,-0.25002274303967364,-250.02274303967366,-250022.74303967363,4.786813380119881e-07,1.3025582777387195e-05,0.013025582777387195,13.025582777387195,-6.718131089385182e-07
A_minus_D36,A,D36,1,"[0.0,0.0,0.0]",22,0.0936865117360534,0.1028746780712622,9.350609212622241e-76,7.166708638125044e-76,empty,True,-0.009188166335208803,-0.25002274303968647,-250.02274303968647,-250022.74303968647,4.786813375123877e-07,1.3025582763792377e-05,0.013025582763792377,13.025582763792377,-6.71813109410363e-07
A_minus_D36,A,D36,1,"[0.0,0.0,0.0]",23,0.24479163479039995,0.253972972585237,2.221870675935859e-141,0.0,empty,True,-0.009181337794837041,-0.24983692899013418,-249.83692899013417,-249836.92899013418,7.307221709274003e-06,0.00019883963231607238,0.19883963231607238,198.8396323160724,6.1567272623512526e-06
A_minus_D36,A,D36,1,"[0.0,0.0,0.0]",24,0.24479163479040025,0.2539729725941373,2.2218706759351014e-141,0.0,empty,True,-0.00918133780373706,-0.24983692923231607,-249.83692923231607,-249836.92923231606,7.307212809282149e-06,0.00019883939013495646,0.19883939013495644,198.83939013495646,6.156718362331642e-06
A_minus_D36,A,D36,2,"[0.125,0.0625,-0.1875]",1,-3.2990329996765553,-3.289853169577084,1.0,1.0,occupied,True,-0.009179830099471431,-0.2497959025091993,-249.7959025091993,-249795.9025091993,8.814917074939643e-06,0.00023986611325247569,0.23986611325247567,239.86611325247569,7.664422627961381e-06
A_minus_D36,A,D36,2,"[0.125,0.0625,-0.1875]",2,-3.299032999612321,-3.289853169487348,1.0,1.0,occupied,True,-0.00917983012497281,-0.24979590320312717,-249.79590320312718,-249795.90320312718,8.814891573560857e-06,0.00023986541932460772,0.23986541932460773,239.86541932460773,7.664397126582595e-06
A_minus_D36,A,D36,2,"[0.125,0.0625,-0.1875]",3,-1.6698394183222016,-1.660668305506527,1.0,1.0,occupied,True,-0.00917111281567462,-0.24955869313278845,-249.55869313278845,-249558.69313278844,1.7532200871528403e-05,0.0004770754896572841,0.4770754896572841,477.0754896572841,1.6381706424772186e-05
A_minus_D36,A,D36,2,"[0.125,0.0625,-0.1875]",4,-1.6698392843971483,-1.660667837996386,1.0,1.0,occupied,True,-0.009171446400762395,-0.24956777044545778,-249.56777044545777,-249567.77044545778,1.7198615783753368e-05,0.00046799817698793815,0.46799817698793816,467.99817698793817,1.604812133699715e-05
A_minus_D36,A,D36,2,"[0.125,0.0625,-0.1875]",5,-1.661747302440199,-1.652578634576126,1.0,1.0,occupied,True,-0.009168667864072999,-0.249492162610404,-249.492162610404,-249492.162610404,1.9977152473149573e-05,0.0005436060120417276,0.5436060120417276,543.6060120417276,1.8826658026393356e-05
A_minus_D36,A,D36,2,"[0.125,0.0625,-0.1875]",6,-1.6617472310303003,-1.652578307101512,1.0,1.0,occupied,True,-0.009168923928788208,-0.24949913048627353,-249.49913048627354,-249499.13048627353,1.9721087757940126e-05,0.0005366381361721962,0.5366381361721962,536.6381361721963,1.857059331118391e-05
A_minus_D36,A,D36,2,"[0.125,0.0625,-0.1875]",7,-1.6580719649958693,-1.648907956083683,1.0,1.0,occupied,True,-0.009164008912186272,-0.24936538607111283,-249.36538607111282,-249365.38607111282,2.46361043598764e-05,0.0006703825513328932,0.6703825513328932,670.3825513328932,2.348560991312018e-05
A_minus_D36,A,D36,2,"[0.125,0.0625,-0.1875]",8,-1.6580718689108604,-1.648907325718075,1.0,1.0,occupied,True,-0.009164543192785368,-0.24937992458685856,-249.37992458685858,-249379.92458685857,2.4101823760780405e-05,0.0006558440355871579,0.655844035587158,655.844035587158,2.2951329314024188e-05
A_minus_D36,A,D36,2,"[0.125,0.0625,-0.1875]",9,-0.16186113476060232,-0.1526724901708498,1.0,1.0,occupied,True,-0.00918864458975252,-0.2500357570087995,-250.0357570087995,-250035.7570087995,4.267937947499689e-10,1.1613650796329343e-08,1.1613650796329342e-05,0.011613650796329342,-1.1500676531280007e-06
A_minus_D36,A,D36,2,"[0.125,0.0625,-0.1875]",10,-0.16186113205372782,-0.1526724870371818,1.0,1.0,occupied,True,-0.00918864501654601,-0.250035768622442,-250.035768622442,-250035.76862244197,3.0531133177191805e-16,8.307944574120513e-15,8.307944574120513e-12,8.307944574120513e-09,-1.1504944466174394e-06
A_minus_D36,A,D36,2,"[0.125,0.0625,-0.1875]",11,0.0037121043859559932,0.01289852182652848,1.1123168896561833e-36,8.540197388124428e-37,empty,True,-0.009186417440572487,-0.24997515319223415,-249.97515319223416,-249975.15319223414,2.2275759738177303e-06,6.061543021582152e-05,0.06061543021582152,60.61543021582152,1.077081526905388e-06
A_minus_D36,A,D36,2,"[0.125,0.0625,-0.1875]",12,0.0037121454479717678,0.01289860859426408,1.1122712166202253e-36,8.539456406682626e-37,empty,True,-0.009186463146292312,-0.24997639690822998,-249.97639690823,-249976.39690822997,2.181870253997742e-06,5.937171422014923e-05,0.059371714220149224,59.37171422014923,1.0313758070801954e-06
A_minus_D36,A,D36,2,"[0.125,0.0625,-0.1875]",13,0.02693991012905654,0.03612597188758392,9.089095586253558e-47,6.980949854216516e-47,empty,True,-0.009186061758527382,-0.24996547459072405,-249.96547459072406,-249965.47459072404,2.583258018912238e-06,7.02940317256486e-05,0.07029403172564859,70.2940317256486,1.4327635720103038e-06
A_minus_D36,A,D36,2,"[0.125,0.0625,-0.1875]",14,0.026939963896242296,0.03612605507516006,9.088606904300412e-47,6.980369150073125e-47,empty,True,-0.009186091178917766,-0.2499662751603303,-249.9662751603303,-249966.2751603303,2.5538376285383357e-06,6.94934621196768e-05,0.0694934621196768,69.4934621196768,1.4033431816259934e-06
A_minus_D36,A,D36,2,"[0.125,0.0625,-0.1875]",15,0.04715369760336567,0.05633573850638933,1.5128097410396e-55,1.166606509169566e-55,empty,True,-0.009182040903023658,-0.24985606153857293,-249.85606153857293,-249856.06153857292,6.604113522656885e-06,0.00017970708387732268,0.1797070838773227,179.7070838773227,5.453619075734134e-06
A_minus_D36,A,D36,2,"[0.125,0.0625,-0.1875]",16,0.04715374489845958,0.05633580210562699,1.5127381942527751e-55,1.166532316244262e-55,empty,True,-0.009182057207167409,-0.24985650519692593,-249.85650519692592,-249856.50519692592,6.587809378899578e-06,0.00017926342552413262,0.17926342552413263,179.26342552413263,5.437314931983767e-06
A_minus_D36,A,D36,2,"[0.125,0.0625,-0.1875]",17,0.09932708162399045,0.1085136426295349,3.3202556921120854e-78,2.548875115447634e-78,empty,True,-0.00918656100554445,-0.24997905979413762,-249.9790597941376,-249979.05979413763,2.084011001823871e-06,5.6708828311503175e-05,0.05670882831150317,56.70882831150317,9.335165549427538e-07
A_minus_D36,A,D36,2,"[0.125,0.0625,-0.1875]",18,0.09932712922874111,0.1085136677721262,3.3200976359298224e-78,2.548811030927857e-78,empty,True,-0.009186538543385095,-0.2499784485676435,-249.9784485676435,-249978.4485676435,2.1064731612341347e-06,5.7320054807134654e-05,0.05732005480713465,57.32005480713465,9.559787142975062e-07
A_minus_D36,A,D36,2,"[0.125,0.0625,-0.1875]",19,0.1254630868179494,0.1346439629146673,1.4806373317385305e-89,0.0,empty,True,-0.009180876096717888,-0.24982436554428486,-249.82436554428486,-249824.36554428487,7.768919828454734e-06,0.00021140307816614224,0.21140307816614223,211.40307816614222,6.618425381504228e-06
A_minus_D36,A,D36,2,"[0.125,0.0625,-0.1875]",20,0.12546311410906583,0.1346439960284261,1.4805969240441155e-89,0.0,empty,True,-0.009180881919360284,-0.24982452398645608,-249.8245239864561,-249824.52398645607,7.763097186030965e-06,0.0002112446359941768,0.2112446359941768,211.2446359941768,6.612602739108214e-06
A_minus_D36,A,D36,2,"[0.125,0.0625,-0.1875]",21,0.1473767408326345,0.1565643998708639,4.502665433093433e-99,0.0,empty,True,-0.009187659038229407,-0.2500089387856387,-250.0089387856387,-250008.9387856387,9.859783169363645e-07,2.6829836812317685e-05,0.026829836812317685,26.829836812317684,-1.6451613001414178e-07
A_minus_D36,A,D36,2,"[0.125,0.0625,-0.1875]",22,0.14737674642721404,0.1565644464526275,4.502640242644147e-99,0.0,empty,True,-0.009187700025413442,-0.2500100541037346,-250.0100541037346,-250010.0541037346,9.449911328451854e-07,2.5714518714877483e-05,0.025714518714877482,25.71451871487748,-2.055033140498097e-07
A_minus_D36,A,D36,2,"[0.125,0.0625,-0.1875]",23,0.17155259743929263,0.1807379133734803,1.4257013430024992e-109,0.0,empty,True,-0.009185315934187671,-0.2499451796765445,-249.9451796765445,-249945.1796765445,3.3290823586717977e-06,9.058894590649974e-05,0.09058894590649974,90.58894590649975,2.1785879117212914e-06
A_minus_D36,A,D36,2,"[0.125,0.0625,-0.1875]",24,0.17155260460469213,0.1807379226865014,1.4256911273194156e-109,0.0,empty,True,-0.00918531808180928,-0.24994523811630562,-249.94523811630563,-249945.2381163056,3.326934737035714e-06,9.053050614465004e-05,0.09053050614465004,90.53050614465003,2.176440290112963e-06
A_minus_D36,A,D36,3,"[-0.125,-0.0625,0.1875]",1,-3.299032999676554,-3.289853169577085,1.0,1.0,occupied,True,-0.009179830099468766,-0.24979590250912678,-249.7959025091268,-249795.90250912678,8.814917077604179e-06,0.00023986611332498138,0.23986611332498137,239.86611332498137,7.664422630625917e-06
A_minus_D36,A,D36,3,"[-0.125,-0.0625,0.1875]",2,-3.2990329996123213,-3.289853169487349,1.0,1.0,occupied,True,-0.009179830124972366,-0.24979590320311507,-249.79590320311507,-249795.90320311507,8.814891574004946e-06,0.000239865419336692,0.239865419336692,239.865419336692,7.664397127026684e-06
A_minus_D36,A,D36,3,"[-0.125,-0.0625,0.1875]",3,-1.669839418322202,-1.660668305506529,1.0,1.0,occupied,True,-0.009171112815673066,-0.24955869313274615,-249.55869313274616,-249558.69313274615,1.7532200873082715e-05,0.00047707548969957905,0.4770754896995791,477.07548969957907,1.6381706426326498e-05
A_minus_D36,A,D36,3,"[-0.125,-0.0625,0.1875]",4,-1.6698392843971481,-1.660667837996385,1.0,1.0,occupied,True,-0.009171446400763061,-0.24956777044547593,-249.56777044547593,-249567.77044547594,1.7198615783087234e-05,0.0004679981769698117,0.4679981769698117,467.9981769698117,1.6048121336331017e-05
A_minus_D36,A,D36,3,"[-0.125,-0.0625,0.1875]",5,-1.6617473024401965,-1.652578634576126,1.0,1.0,occupied,True,-0.009168667864070557,-0.24949216261033755,-249.49216261033754,-249492.16261033755,1.9977152475592064e-05,0.0005436060121081912,0.5436060121081912,543.6060121081912,1.8826658028835846e-05
A_minus_D36,A,D36,3,"[-0.125,-0.0625,0.1875]",6,-1.6617472310303003,-1.652578307101514,1.0,1.0,occupied,True,-0.00916892392878621,-0.24949913048621916,-249.49913048621917,-249499.13048621916,1.9721087759938527e-05,0.0005366381362265755,0.5366381362265755,536.6381362265755,1.857059331318231e-05
A_minus_D36,A,D36,3,"[-0.125,-0.0625,0.1875]",7,-1.6580719649958695,-1.648907956083683,1.0,1.0,occupied,True,-0.009164008912186494,-0.24936538607111888,-249.36538607111888,-249365.38607111888,2.4636104359654354e-05,0.000670382551326851,0.6703825513268511,670.3825513268511,2.3485609912898137e-05
A_minus_D36,A,D36,3,"[-0.125,-0.0625,0.1875]",8,-1.6580718689108607,-1.648907325718074,1.0,1.0,occupied,True,-0.0091645431927867,-0.2493799245868948,-249.37992458689482,-249379.9245868948,2.4101823759448138e-05,0.0006558440355509051,0.6558440355509052,655.8440355509051,2.295132931269192e-05
A_minus_D36,A,D36,3,"[-0.125,-0.0625,0.1875]",9,-0.16186113476060196,-0.15267249017085,1.0,1.0,occupied,True,-0.009188644589751965,-0.25003575700878433,-250.03575700878434,-250035.75700878433,4.2679434986148124e-10,1.1613665901683114e-08,1.1613665901683114e-05,0.011613665901683114,-1.1500676525728892e-06
A_minus_D36,A,D36,3,"[-0.125,-0.0625,0.1875]",10,-0.16186113205372762,-0.1526724870371813,1.0,1.0,occupied,True,-0.009188645016546315,-0.25003576862245025,-250.03576862245026,-250035.76862245024,0.0,0.0,0.0,0.0,-1.1504944469227507e-06
A_minus_D36,A,D36,3,"[-0.125,-0.0625,0.1875]",11,0.003712104385955874,0.0128985218265297,1.1123168896563256e-36,8.54019738811399e-37,empty,True,-0.009186417440573826,-0.2499751531922706,-249.9751531922706,-249975.1531922706,2.2275759724854627e-06,6.061543017956867e-05,0.06061543017956867,60.61543017956867,1.0770815255661814e-06
A_minus_D36,A,D36,3,"[-0.125,-0.0625,0.1875]",12,0.003712145447971891,0.01289860859426313,1.1122712166200988e-36,8.539456406690756e-37,empty,True,-0.00918646314629124,-0.2499763969082008,-249.9763969082008,-249976.3969082008,2.181870255052454e-06,5.93717142488494e-05,0.0593717142488494,59.3717142488494,1.0313758081522545e-06
A_minus_D36,A,D36,3,"[-0.125,-0.0625,0.1875]",13,0.0269399101290568,0.03612597188758365,9.089095586251232e-47,6.980949854218403e-47,empty,True,-0.009186061758526851,-0.2499654745907096,-249.96547459070962,-249965.4745907096,2.5832580194673493e-06,7.029403174075395e-05,0.07029403174075395,70.29403174075395,1.4327635725411292e-06
A_minus_D36,A,D36,3,"[-0.125,-0.0625,0.1875]",14,0.026939963896242047,0.03612605507516055,9.088606904302737e-47,6.980369150069653e-47,empty,True,-0.009186091178918502,-0.2499662751603503,-249.9662751603503,-249966.2751603503,2.553837627788935e-06,6.949346209928457e-05,0.06949346209928457,69.49346209928457,1.4033431808904706e-06
A_minus_D36,A,D36,3,"[-0.125,-0.0625,0.1875]",15,0.047153697603365755,0.05633573850639115,1.5128097410394711e-55,1.16660650916746e-55,empty,True,-0.009182040903025393,-0.24985606153862014,-249.85606153862014,-249856.06153862015,6.604113520936039e-06,0.0001797070838304961,0.1797070838304961,179.7070838304961,5.453619073999411e-06
A_minus_D36,A,D36,3,"[-0.125,-0.0625,0.1875]",16,0.04715374489845976,0.05633580210562744,1.5127381942524741e-55,1.166532316243715e-55,empty,True,-0.00918205720716768,-0.2498565051969333,-249.8565051969333,-249856.5051969333,6.587809378649778e-06,0.00017926342551733522,0.1792634255173352,179.2634255173352,5.43731493171315e-06
A_minus_D36,A,D36,3,"[-0.125,-0.0625,0.1875]",17,0.0993270816239906,0.1085136426295351,3.3202556921115192e-78,2.5488751154472e-78,empty,True,-0.009186561005544491,-0.24997905979413876,-249.97905979413875,-249979.05979413877,2.084011001823871e-06,5.6708828311503175e-05,0.05670882831150317,56.70882831150317,9.335165549011204e-07
A_minus_D36,A,D36,3,"[-0.125,-0.0625,0.1875]",18,0.0993271292287407,0.1085136677721245,3.3200976359312376e-78,2.548811030932349e-78,empty,True,-0.009186538543383804,-0.24997844856760837,-249.97844856760838,-249978.44856760837,2.1064731625108912e-06,5.7320054841876964e-05,0.057320054841876966,57.32005484187697,9.559787155881405e-07
A_minus_D36,A,D36,3,"[-0.125,-0.0625,0.1875]",19,0.1254630868179488,0.1346439629146681,1.4806373317394142e-89,0.0,empty,True,-0.009180876096719304,-0.24982436554432338,-249.82436554432337,-249824.36554432337,7.768919827011445e-06,0.00021140307812686832,0.21140307812686832,211.4030781268683,6.618425380088694e-06
A_minus_D36,A,D36,3,"[-0.125,-0.0625,0.1875]",20,0.1254631141090662,0.1346439960284241,1.4805969240436106e-89,0.0,empty,True,-0.009180881919357925,-0.24982452398639188,-249.82452398639188,-249824.52398639187,7.763097188417944e-06,0.00021124463605912982,0.21124463605912983,211.24463605912982,6.612602741467438e-06
A_minus_D36,A,D36,3,"[-0.125,-0.0625,0.1875]",21,0.1473767408326341,0.1565643998708646,4.502665433095225e-99,0.0,empty,True,-0.009187659038230489,-0.25000893878566816,-250.00893878566816,-250008.93878566814,9.859783158261415e-07,2.6829836782106978e-05,0.02682983678210698,26.829836782106977,-1.6451613109660923e-07
A_minus_D36,A,D36,3,"[-0.125,-0.0625,0.1875]",22,0.14737674642721338,0.1565644464526302,4.50264024264709e-99,0.0,empty,True,-0.009187700025416828,-0.25001005410382676,-250.01005410382677,-250010.05410382675,9.449911294590052e-07,2.5714518622734827e-05,0.025714518622734824,25.714518622734825,-2.0550331743598993e-07
A_minus_D36,A,D36,3,"[-0.125,-0.0625,0.1875]",23,0.171552597439293,0.1807379133734804,1.425701343001932e-109,0.0,empty,True,-0.009185315934187421,-0.2499451796765377,-249.9451796765377,-249945.1796765377,3.3290823588938423e-06,9.058894591254188e-05,0.09058894591254188,90.58894591254189,2.1785879119710916e-06
A_minus_D36,A,D36,3,"[-0.125,-0.0625,0.1875]",24,0.1715526046046924,0.1807379226865005,1.4256911273190105e-109,0.0,empty,True,-0.009185318081808086,-0.24994523811627314,-249.94523811627315,-249945.23811627313,3.326934738201448e-06,9.053050617637129e-05,0.09053050617637129,90.53050617637129,2.176440291306453e-06
A_minus_C36,A,C36,1,"[0.0,0.0,0.0]",1,-3.2992105571926644,-3.290030681128605,1.0,1.0,occupied,True,-0.009179876064059567,-0.2497971532693607,-249.7971532693607,-249797.1532693607,8.768952489024429e-06,0.0002386153531515002,0.2386153531515002,238.6153531515002,7.618458039825721e-06
A_minus_C36,A,C36,1,"[0.0,0.0,0.0]",2,-3.2992105571926604,-3.290030681128613,1.0,1.0,occupied,True,-0.009179876064047576,-0.24979715326903443,-249.79715326903442,-249797.15326903443,8.768952501014837e-06,0.00023861535347777582,0.23861535347777585,238.61535347777584,7.618458051816129e-06
A_minus_C36,A,C36,1,"[0.0,0.0,0.0]",3,-1.6706679272849974,-1.661499453064178,1.0,1.0,occupied,True,-0.009168474220819345,-0.2494868933090349,-249.48689330903488,-249486.8933090349,2.0170795729468338e-05,0.000548875313483347,0.5488753134833471,548.875313483347,1.9020301280047586e-05
A_minus_C36,A,C36,1,"[0.0,0.0,0.0]",4,-1.670667927284992,-1.661499453064182,1.0,1.0,occupied,True,-0.009168474220810019,-0.24948689330878113,-249.48689330878113,-249486.89330878112,2.017079573879421e-05,0.000548875313737117,0.548875313737117,548.8753137371169,1.902030128937346e-05
A_minus_C36,A,C36,1,"[0.0,0.0,0.0]",5,-1.6619559041741516,-1.652785545714343,1.0,1.0,occupied,True,-0.009170358459808625,-0.24953816606395193,-249.53816606395193,-249538.16606395194,1.8286556740187976e-05,0.0004976025585663022,0.49760255856630226,497.60255856630226,1.7136062290767223e-05
A_minus_C36,A,C36,1,"[0.0,0.0,0.0]",6,-1.6619559041741514,-1.652785545714345,1.0,1.0,occupied,True,-0.009170358459806405,-0.2495381660638915,-249.5381660638915,-249538.16606389152,1.8286556742408422e-05,0.0004976025586267236,0.49760255862672365,497.60255862672363,1.713606229298767e-05
A_minus_C36,A,C36,1,"[0.0,0.0,0.0]",7,-1.6617685925217993,-1.652602182646023,1.0,1.0,occupied,True,-0.009166409875776216,-0.24943071961872132,-249.43071961872133,-249430.7196187213,2.223514077259736e-05,0.0006050490037969072,0.6050490037969072,605.0490037969072,2.108464632317661e-05
A_minus_C36,A,C36,1,"[0.0,0.0,0.0]",8,-1.6617685925217982,-1.652602182646022,1.0,1.0,occupied,True,-0.009166409875776216,-0.24943071961872132,-249.43071961872133,-249430.7196187213,2.223514077259736e-05,0.0006050490037969072,0.6050490037969072,605.0490037969072,2.108464632317661e-05
A_minus_C36,A,C36,1,"[0.0,0.0,0.0]",9,-0.16839752452530163,-0.1592091612709152,1.0,1.0,occupied,True,-0.009188363254386434,-0.2500281014834882,-250.0281014834882,-250028.1014834882,2.817621623796285e-07,7.667139030014887e-06,0.007667139030014888,7.667139030014888,-8.68732287041124e-07
A_minus_C36,A,C36,1,"[0.0,0.0,0.0]",10,-0.16839752452530118,-0.1592091612709148,1.0,1.0,occupied,True,-0.009188363254386378,-0.2500281014834867,-250.0281014834867,-250028.1014834867,2.8176216243513963e-07,7.667139031525423e-06,0.007667139031525423,7.667139031525423,-8.687322869856129e-07
A_minus_C36,A,C36,1,"[0.0,0.0,0.0]",11,0.05133330181712238,0.06051999770841418,2.31528930536997e-57,1.777148474054122e-57,empty,True,-0.009186695891291799,-0.24998273022230783,-249.98273022230782,-249982.73022230781,1.9491252570280615e-06,5.3038400210787575e-05,0.053038400210787574,53.03840021078757,7.986308075934312e-07
A_minus_C36,A,C36,1,"[0.0,0.0,0.0]",12,0.05133330181712245,0.06051999770841379,2.3152893053697726e-57,1.777148474054829e-57,empty,True,-0.009186695891291341,-0.24998273022229536,-249.98273022229537,-249982.73022229536,1.9491252574721507e-06,5.3038400222871855e-05,0.05303840022287186,53.03840022287186,7.986308080513982e-07
A_minus_C36,A,C36,1,"[0.0,0.0,0.0]",13,0.05164559894715573,0.06082948730435112,1.6942455180113913e-57,1.304109592048674e-57,empty,True,-0.009183888357195392,-0.24990633332761175,-249.90633332761175,-249906.33332761176,4.756659353427617e-06,0.00012943529490667713,0.12943529490667713,129.43529490667714,3.6061649039999255e-06
A_minus_C36,A,C36,1,"[0.0,0.0,0.0]",14,0.051645598947156854,0.06082948730435109,1.6942455180095134e-57,1.304109592048748e-57,empty,True,-0.009183888357194234,-0.24990633332758022,-249.90633332758023,-249906.3333275802,4.7566593545655955e-06,0.0001294352949376431,0.1294352949376431,129.4352949376431,3.606164905158721e-06
A_minus_C36,A,C36,1,"[0.0,0.0,0.0]",15,0.05182332017891983,0.06100683133064688,1.4183812943734182e-57,1.092180849449511e-57,empty,True,-0.009183511151727053,-0.24989606904391867,-249.8960690439187,-249896.06904391866,5.133864821760259e-06,0.0001396995785995728,0.1396995785995728,139.69957859957282,3.983370372339506e-06
A_minus_C36,A,C36,1,"[0.0,0.0,0.0]",16,0.051823320178920176,0.06100683133064655,1.4183812943729346e-57,1.092180849449884e-57,empty,True,-0.009183511151726373,-0.24989606904390016,-249.89606904390016,-249896.06904390015,5.133864822454148e-06,0.0001396995786184545,0.1396995786184545,139.6995786184545,3.983370373019518e-06
A_minus_C36,A,C36,1,"[0.0,0.0,0.0]",17,0.05640445887870069,0.06559166867078259,1.4528799718635568e-59,1.114615299504175e-59,empty,True,-0.009187209792081895,-0.24999671417519923,-249.99671417519923,-249996.71417519922,1.4352244669113556e-06,3.905444731880707e-05,0.03905444731880708,39.05444731880708,2.84730017497542e-07
A_minus_C36,A,C36,1,"[0.0,0.0,0.0]",18,0.05640445887870122,0.06559166867078223,1.4528799718627724e-59,1.114615299504587e-59,empty,True,-0.009187209792081007,-0.24999671417517508,-249.99671417517507,-249996.7141751751,1.435224467799534e-06,3.905444734297564e-05,0.03905444734297564,39.05444734297564,2.8473001838572043e-07
A_minus_C36,A,C36,1,"[0.0,0.0,0.0]",19,0.0935401413099737,0.102721262246354,1.0824498270705563e-75,8.355018095209747e-76,empty,True,-0.009181120936380294,-0.24983102797090692,-249.83102797090692,-249831.02797090693,7.524080168519465e-06,0.00020474065161130896,0.20474065161130897,204.74065161130898,6.373585719098712e-06
A_minus_C36,A,C36,1,"[0.0,0.0,0.0]",20,0.09354014130997401,0.1027212622463537,1.0824498270702486e-75,8.355018095212597e-76,empty,True,-0.009181120936379683,-0.2498310279708903,-249.8310279708903,-249831.02797089028,7.524080169130087e-06,0.00020474065162792485,0.20474065162792487,204.74065162792485,6.373585719709335e-06
A_minus_C36,A,C36,1,"[0.0,0.0,0.0]",21,0.09368651173605327,0.1028746780711267,9.350609212623305e-76,7.166708639096646e-76,empty,True,-0.009188166335073425,-0.25002274303600264,-250.02274303600262,-250022.74303600265,4.786814754020874e-07,1.3025586515962254e-05,0.013025586515962253,13.025586515962253,-6.718129740325429e-07
A_minus_C36,A,C36,1,"[0.0,0.0,0.0]",22,0.0936865117360534,0.1028746780711263,9.350609212622241e-76,7.166708639098887e-76,empty,True,-0.009188166335072898,-0.2500227430359883,-250.02274303598833,-250022.74303598833,4.786814759016877e-07,1.3025586529557072e-05,0.013025586529557072,13.025586529557073,-6.71812973505187e-07
A_minus_C36,A,C36,1,"[0.0,0.0,0.0]",23,0.24479163479039995,0.253972972583366,2.221870675935859e-141,0.0,empty,True,-0.009181337792966038,-0.2498369289392216,-249.8369289392216,-249836.9289392216,7.307223582775357e-06,0.00019883968329664135,0.19883968329664137,198.83968329664137,6.156729133354605e-06
A_minus_C36,A,C36,1,"[0.0,0.0,0.0]",24,0.24479163479040025,0.25397297258561,2.2218706759351014e-141,0.0,empty,True,-0.00918133779520977,-0.24983692900027668,-249.83692900027668,-249836.9290002767,7.3072213390146246e-06,0.00019883962224080142,0.19883962224080143,198.83962224080142,6.156726889621628e-06
A_minus_C36,A,C36,2,"[0.125,0.0625,-0.1875]",1,-3.2990329996765553,-3.289853169577077,1.0,1.0,occupied,True,-0.009179830099478092,-0.24979590250938055,-249.79590250938054,-249795.90250938054,8.814917070498751e-06,0.00023986611313163284,0.23986611313163286,239.86611313163286,7.664422621300043e-06
A_minus_C36,A,C36,2,"[0.125,0.0625,-0.1875]",2,-3.299032999612321,-3.289853169487351,1.0,1.0,occupied,True,-0.009179830124969701,-0.24979590320304257,-249.79590320304257,-249795.90320304257,8.814891578889927e-06,0.0002398654194696191,0.23986541946961912,239.86541946961913,7.66439712969122e-06
A_minus_C36,A,C36,2,"[0.125,0.0625,-0.1875]",3,-1.6698394183222016,-1.660668305506475,1.0,1.0,occupied,True,-0.009171112815726579,-0.24955869313420231,-249.55869313420231,-249558.6931342023,1.75322008222345e-05,0.0004770754883159287,0.47707548831592866,477.0754883159287,1.6381706372813748e-05
A_minus_C36,A,C36,2,"[0.125,0.0625,-0.1875]",4,-1.6698392843971483,-1.660667837996333,1.0,1.0,occupied,True,-0.009171446400815242,-0.24956777044689582,-249.56777044689582,-249567.77044689583,1.7198615733571287e-05,0.00046799817562241414,0.4679981756224142,467.9981756224142,1.6048121284150535e-05
A_minus_C36,A,C36,2,"[0.125,0.0625,-0.1875]",5,-1.661747302440199,-1.652578634576065,1.0,1.0,occupied,True,-0.009168667864134061,-0.24949216261206558,-249.49216261206558,-249492.1626120656,1.9977152414751842e-05,0.0005436060104526444,0.5436060104526445,543.6060104526445,1.882665796533109e-05
A_minus_C36,A,C36,2,"[0.125,0.0625,-0.1875]",6,-1.6617472310303003,-1.652578307101451,1.0,1.0,occupied,True,-0.00916892392884927,-0.24949913048793512,-249.49913048793513,-249499.13048793512,1.9721087699542394e-05,0.000536638134583113,0.536638134583113,536.638134583113,1.8570593250121642e-05
A_minus_C36,A,C36,2,"[0.125,0.0625,-0.1875]",7,-1.6580719649958693,-1.648907956083779,1.0,1.0,occupied,True,-0.009164008912090349,-0.24936538606850264,-249.36538606850263,-249365.38606850264,2.4636104458464203e-05,0.000670382554015604,0.670382554015604,670.382554015604,2.348561000904345e-05
A_minus_C36,A,C36,2,"[0.125,0.0625,-0.1875]",8,-1.6580718689108604,-1.648907325718172,1.0,1.0,occupied,True,-0.009164543192688557,-0.2493799245842242,-249.3799245842242,-249379.9245842242,2.410182386025639e-05,0.0006558440382940374,0.6558440382940374,655.8440382940374,2.2951329410835636e-05
A_minus_C36,A,C36,2,"[0.125,0.0625,-0.1875]",9,-0.16186113476060232,-0.1526724901708467,1.0,1.0,occupied,True,-0.009188644589755629,-0.25003575700888403,-250.03575700888402,-250035.75700888404,4.267931841273054e-10,1.1613634180440194e-08,1.1613634180440195e-05,0.011613634180440193,-1.1500676562366252e-06
A_minus_C36,A,C36,2,"[0.125,0.0625,-0.1875]",10,-0.16186113205372782,-0.1526724870371789,1.0,1.0,occupied,True,-0.009188645016548924,-0.25003576862252125,-250.03576862252126,-250035.76862252125,-1.1102230246251565e-16,-3.021070754225641e-15,-3.021070754225641e-12,-3.021070754225641e-09,-1.1504944495317748e-06
A_minus_C36,A,C36,2,"[0.125,0.0625,-0.1875]",11,0.0037121043859559932,0.01289852182654525,1.1123168896561833e-36,8.540197387981218e-37,empty,True,-0.009186417440589257,-0.24997515319269048,-249.97515319269047,-249975.1531926905,2.2275759595513644e-06,6.0615429827613926e-05,0.06061542982761393,60.61542982761393,1.077081510135816e-06
A_minus_C36,A,C36,2,"[0.125,0.0625,-0.1875]",12,0.0037121454479717678,0.01289860859427926,1.1122712166202253e-36,8.539456406553022e-37,empty,True,-0.009186463146307493,-0.24997639690864304,-249.97639690864304,-249976.39690864304,2.181870241313444e-06,5.9371713874991894e-05,0.05937171387499189,59.37171387499189,1.0313757918996302e-06
A_minus_C36,A,C36,2,"[0.125,0.0625,-0.1875]",13,0.02693991012905654,0.03612597188761058,9.089095586253558e-47,6.980949854030408e-47,empty,True,-0.009186061758554041,-0.24996547459144947,-249.96547459144946,-249965.47459144946,2.583257994764887e-06,7.02940310685657e-05,0.0702940310685657,70.2940310685657,1.4327635453510734e-06
A_minus_C36,A,C36,2,"[0.125,0.0625,-0.1875]",14,0.026939963896242296,0.03612605507518674,9.088606904300412e-47,6.980369149886834e-47,empty,True,-0.009186091178944446,-0.2499662751610563,-249.9662751610563,-249966.27516105628,2.5538376043632294e-06,6.949346146183865e-05,0.06949346146183864,69.49346146183865,1.4033431549459463e-06
A_minus_C36,A,C36,2,"[0.125,0.0625,-0.1875]",15,0.04715369760336567,0.05633573850640365,1.5128097410396e-55,1.166606509152855e-55,empty,True,-0.00918204090303798,-0.24985606153896264,-249.85606153896265,-249856.06153896265,6.6041135108330096e-06,0.00017970708355557864,0.17970708355557866,179.70708355557866,5.453619061412257e-06
A_minus_C36,A,C36,2,"[0.125,0.0625,-0.1875]",16,0.04715374489845958,0.05633580210564071,1.5127381942527751e-55,1.166532316228231e-55,empty,True,-0.009182057207181127,-0.24985650519729924,-249.85650519729924,-249856.50519729924,6.587809367686326e-06,0.00017926342521900447,0.17926342521900449,179.2634252190045,5.437314918265573e-06
A_minus_C36,A,C36,2,"[0.125,0.0625,-0.1875]",17,0.09932708162399045,0.108513642629517,3.3202556921120854e-78,2.548875115493201e-78,empty,True,-0.009186561005526547,-0.24997905979365048,-249.9790597936505,-249979.0597936505,2.0840110222519748e-06,5.670882886738019e-05,0.05670882886738019,56.70882886738019,9.335165728451e-07
A_minus_C36,A,C36,2,"[0.125,0.0625,-0.1875]",18,0.09932712922874111,0.1085136677721065,3.3200976359298224e-78,2.548811030978059e-78,empty,True,-0.009186538543365388,-0.24997844856710727,-249.97844856710728,-249978.44856710726,2.1064731834385952e-06,5.73200554113488e-05,0.057320055411348804,57.320055411348804,9.55978734003965e-07
A_minus_C36,A,C36,2,"[0.125,0.0625,-0.1875]",19,0.1254630868179494,0.1346439629146778,1.4806373317385305e-89,0.0,empty,True,-0.009180876096728408,-0.24982436554457113,-249.82436554457112,-249824.36554457113,7.768919820405618e-06,0.0002114030779471146,0.2114030779471146,211.4030779471146,6.618425370984865e-06
A_minus_C36,A,C36,2,"[0.125,0.0625,-0.1875]",20,0.12546311410906583,0.1346439960284307,1.4805969240441155e-89,0.0,empty,True,-0.009180881919364864,-0.2498245239865807,-249.8245239865807,-249824.5239865807,7.763097183921541e-06,0.00021124463593677646,0.21124463593677648,211.24463593677646,6.612602734528544e-06
A_minus_C36,A,C36,2,"[0.125,0.0625,-0.1875]",21,0.1473767408326345,0.1565643998708757,4.502665433093433e-99,0.0,empty,True,-0.009187659038241203,-0.2500089387859597,-250.0089387859597,-250008.9387859597,9.85978307610491e-07,2.6829836558547742e-05,0.026829836558547742,26.82983655854774,-1.6451614181026142e-07
A_minus_C36,A,C36,2,"[0.125,0.0625,-0.1875]",22,0.14737674642721404,0.1565644464526393,4.502640242644147e-99,0.0,empty,True,-0.009187700025425266,-0.25001005410405636,-250.01005410405637,-250010.05410405635,9.44991123519312e-07,2.571451846110754e-05,0.02571451846110754,25.71451846110754,-2.0550332587368492e-07
A_minus_C36,A,C36,2,"[0.125,0.0625,-0.1875]",23,0.17155259743929263,0.1807379133734572,1.4257013430024992e-109,0.0,empty,True,-0.009185315934164578,-0.24994517967591615,-249.94517967591614,-249945.17967591615,3.3290823842624384e-06,9.058894660285655e-05,0.09058894660285656,90.58894660285655,2.1785879348139303e-06
A_minus_C36,A,C36,2,"[0.125,0.0625,-0.1875]",24,0.17155260460469213,0.1807379226864797,1.4256911273194156e-109,0.0,empty,True,-0.009185318081787575,-0.24994523811571498,-249.94523811571497,-249945.23811571498,3.326934761238576e-06,9.053050680324346e-05,0.09053050680324347,90.53050680324347,2.1764403118178233e-06
A_minus_C36,A,C36,3,"[-0.125,-0.0625,0.1875]",1,-3.299032999676554,-3.28985316957708,1.0,1.0,occupied,True,-0.009179830099474096,-0.2497959025092718,-249.7959025092718,-249795.9025092718,8.814917074495554e-06,0.00023986611324039139,0.2398661132403914,239.8661132403914,7.664422625296846e-06
A_minus_C36,A,C36,3,"[-0.125,-0.0625,0.1875]",2,-3.2990329996123213,-3.289853169487341,1.0,1.0,occupied,True,-0.00917983012498036,-0.2497959032033326,-249.79590320333259,-249795.9032033326,8.814891568231786e-06,0.00023986541917959633,0.23986541917959633,239.86541917959633,7.664397119033078e-06
A_minus_C36,A,C36,3,"[-0.125,-0.0625,0.1875]",3,-1.669839418322202,-1.660668305506474,1.0,1.0,occupied,True,-0.009171112815728133,-0.2495586931342446,-249.5586931342446,-249558.69313424462,1.7532200820680188e-05,0.0004770754882736337,0.47707548827363366,477.0754882736337,1.6381706371259436e-05
A_minus_C36,A,C36,3,"[-0.125,-0.0625,0.1875]",4,-1.6698392843971481,-1.660667837996332,1.0,1.0,occupied,True,-0.00917144640081613,-0.24956777044692,-249.56777044692,-249567.77044691998,1.719861573268311e-05,0.0004679981755982456,0.4679981755982456,467.9981755982456,1.6048121283262357e-05
A_minus_C36,A,C36,3,"[-0.125,-0.0625,0.1875]",5,-1.6617473024401965,-1.652578634576065,1.0,1.0,occupied,True,-0.009168667864131619,-0.24949216261199914,-249.49216261199913,-249492.16261199914,1.9977152417194333e-05,0.0005436060105191079,0.543606010519108,543.6060105191079,1.882665796777358e-05
A_minus_C36,A,C36,3,"[-0.125,-0.0625,0.1875]",6,-1.6617472310303003,-1.652578307101453,1.0,1.0,occupied,True,-0.009168923928847272,-0.24949913048788075,-249.49913048788076,-249499.13048788076,1.9721087701540796e-05,0.0005366381346374922,0.5366381346374923,536.6381346374923,1.8570593252120043e-05
A_minus_C36,A,C36,3,"[-0.125,-0.0625,0.1875]",7,-1.6580719649958695,-1.648907956083784,1.0,1.0,occupied,True,-0.009164008912085464,-0.2493653860683697,-249.3653860683697,-249365.3860683697,2.4636104463349184e-05,0.0006703825541485312,0.6703825541485311,670.3825541485311,2.3485610013928432e-05
A_minus_C36,A,C36,3,"[-0.125,-0.0625,0.1875]",8,-1.6580718689108607,-1.648907325718169,1.0,1.0,occupied,True,-0.009164543192691665,-0.2493799245843088,-249.3799245843088,-249379.92458430878,2.4101823857147764e-05,0.0006558440382094474,0.6558440382094474,655.8440382094474,2.295132940772701e-05
A_minus_C36,A,C36,3,"[-0.125,-0.0625,0.1875]",9,-0.16186113476060196,-0.1526724901708453,1.0,1.0,occupied,True,-0.009188644589756656,-0.250035757008912,-250.03575700891201,-250035.757008912,4.267921571710076e-10,1.1613606235535718e-08,1.1613606235535719e-05,0.011613606235535718,-1.1500676572635815e-06
A_minus_C36,A,C36,3,"[-0.125,-0.0625,0.1875]",10,-0.16186113205372762,-0.1526724870371788,1.0,1.0,occupied,True,-0.009188645016548813,-0.25003576862251825,-250.03576862251825,-250035.76862251826,0.0,0.0,0.0,0.0,-1.1504944494207525e-06
A_minus_C36,A,C36,3,"[-0.125,-0.0625,0.1875]",11,0.003712104385955874,0.01289852182654522,1.1123168896563256e-36,8.540197387981583e-37,empty,True,-0.009186417440589347,-0.24997515319269292,-249.97515319269291,-249975.15319269293,2.2275759594680977e-06,6.0615429825348126e-05,0.06061542982534813,60.61542982534812,1.0770815100456105e-06
A_minus_C36,A,C36,3,"[-0.125,-0.0625,0.1875]",12,0.003712145447971891,0.01289860859427902,1.1122712166200988e-36,8.539456406555085e-37,empty,True,-0.00918646314630713,-0.24997639690863319,-249.97639690863318,-249976.39690863318,2.1818702416742664e-06,5.9371713884810374e-05,0.05937171388481037,59.371713884810376,1.0313757922621875e-06
A_minus_C36,A,C36,3,"[-0.125,-0.0625,0.1875]",13,0.0269399101290568,0.03612597188761041,9.089095586251232e-47,6.980949854031599e-47,empty,True,-0.009186061758553608,-0.24996547459143767,-249.96547459143767,-249965.47459143767,2.5832579952089763e-06,7.029403108064999e-05,0.07029403108065,70.29403108064999,1.4327635457847543e-06
A_minus_C36,A,C36,3,"[-0.125,-0.0625,0.1875]",14,0.026939963896242047,0.03612605507518651,9.088606904302737e-47,6.980369149888321e-47,empty,True,-0.00918609117894446,-0.24996627516105668,-249.96627516105667,-249966.2751610567,2.553837604335474e-06,6.949346146108338e-05,0.06949346146108339,69.49346146108338,1.4033431549320685e-06
A_minus_C36,A,C36,3,"[-0.125,-0.0625,0.1875]",15,0.047153697603365755,0.05633573850640305,1.5128097410394711e-55,1.166606509153534e-55,empty,True,-0.009182040903037293,-0.24985606153894396,-249.85606153894398,-249856.06153894396,6.604113511526899e-06,0.00017970708357446035,0.17970708357446036,179.70708357446034,5.4536190620992075e-06
A_minus_C36,A,C36,3,"[-0.125,-0.0625,0.1875]",16,0.04715374489845976,0.05633580210563989,1.5127381942524741e-55,1.166532316229209e-55,empty,True,-0.009182057207180128,-0.24985650519727204,-249.85650519727204,-249856.50519727202,6.587809368685527e-06,0.00017926342524619411,0.17926342524619412,179.26342524619412,5.437314919264774e-06
A_minus_C36,A,C36,3,"[-0.125,-0.0625,0.1875]",17,0.0993270816239906,0.1085136426295175,3.3202556921115192e-78,2.548875115492042e-78,empty,True,-0.009186561005526894,-0.24997905979365992,-249.97905979365993,-249979.05979365992,2.084011021918908e-06,5.6708828858316976e-05,0.056708828858316976,56.70882885831698,9.335165724981553e-07
A_minus_C36,A,C36,3,"[-0.125,-0.0625,0.1875]",18,0.0993271292287407,0.1085136677721064,3.3200976359312376e-78,2.548811030978349e-78,empty,True,-0.009186538543365708,-0.24997844856711596,-249.97844856711595,-249978.44856711596,2.1064731831055283e-06,5.732005540228559e-05,0.05732005540228559,57.32005540228559,9.559787336847758e-07
A_minus_C36,A,C36,3,"[-0.125,-0.0625,0.1875]",19,0.1254630868179488,0.1346439629146757,1.4806373317394142e-89,0.0,empty,True,-0.009180876096726909,-0.24982436554453033,-249.82436554453034,-249824.36554453033,7.768919821904419e-06,0.00021140307798789905,0.21140307798789906,211.40307798789905,6.618425372483666e-06
A_minus_C36,A,C36,3,"[-0.125,-0.0625,0.1875]",20,0.1254631141090662,0.1346439960284314,1.4805969240436106e-89,0.0,empty,True,-0.009180881919365225,-0.24982452398659052,-249.82452398659052,-249824.52398659053,7.763097183643985e-06,0.00021124463592922378,0.2112446359292238,211.2446359292238,6.612602734167722e-06
A_minus_C36,A,C36,3,"[-0.125,-0.0625,0.1875]",21,0.1473767408326341,0.156564399870877,4.502665433095225e-99,0.0,empty,True,-0.009187659038242896,-0.2500089387860058,-250.00893878600579,-250008.93878600578,9.859783058896454e-07,2.6829836511721145e-05,0.026829836511721144,26.829836511721144,-1.6451614350335153e-07
A_minus_C36,A,C36,3,"[-0.125,-0.0625,0.1875]",22,0.14737674642721338,0.1565644464526399,4.50264024264709e-99,0.0,empty,True,-0.009187700025426515,-0.2500100541040904,-250.0100541040904,-250010.05410409038,9.449911222425555e-07,2.5714518426365227e-05,0.025714518426365227,25.714518426365228,-2.0550332712268582e-07
A_minus_C36,A,C36,3,"[-0.125,-0.0625,0.1875]",23,0.171552597439293,0.1807379133734585,1.425701343001932e-109,0.0,empty,True,-0.009185315934165494,-0.24994517967594104,-249.94517967594103,-249945.17967594104,3.329082383318749e-06,9.058894657717745e-05,0.09058894657717745,90.58894657717745,2.1785879338979963e-06
A_minus_C36,A,C36,3,"[-0.125,-0.0625,0.1875]",24,0.1715526046046924,0.1807379226864796,1.4256911273190105e-109,0.0,empty,True,-0.009185318081787186,-0.2499452381157044,-249.9452381157044,-249945.23811570441,3.3269347615716427e-06,9.053050681230667e-05,0.09053050681230668,90.53050681230668,2.1764403122064013e-06
A_minus_G40,A,G40,1,"[0.0,0.0,0.0]",1,-3.2992105571926644,-3.290026709683869,1.0,1.0,occupied,True,-0.009183847508795306,-0.24990522178601948,-249.9052217860195,-249905.22178601948,1.1565433735150066e-06,3.1471148446946715e-05,0.03147114844694672,31.471148446946717,3.647013304085983e-06
A_minus_G40,A,G40,1,"[0.0,0.0,0.0]",2,-3.2992105571926604,-3.290026709683865,1.0,1.0,occupied,True,-0.009183847508795306,-0.24990522178601948,-249.9052217860195,-249905.22178601948,1.1565433735150066e-06,3.1471148446946715e-05,0.03147114844694672,31.471148446946717,3.647013304085983e-06
A_minus_G40,A,G40,1,"[0.0,0.0,0.0]",3,-1.6706679272849974,-1.661484050124307,1.0,1.0,occupied,True,-0.009183877160690246,-0.2499060286551856,-249.9060286551856,-249906.0286551856,1.1268914785755868e-06,3.066427928082492e-05,0.030664279280824915,30.664279280824918,3.6173614091465633e-06
A_minus_G40,A,G40,1,"[0.0,0.0,0.0]",4,-1.670667927284992,-1.661484050124304,1.0,1.0,occupied,True,-0.009183877160688025,-0.24990602865512518,-249.90602865512517,-249906.02865512518,1.1268914807960329e-06,3.066427934124633e-05,0.030664279341246332,30.66427934124633,3.6173614113670094e-06
A_minus_G40,A,G40,1,"[0.0,0.0,0.0]",5,-1.6619559041741516,-1.652772022458752,1.0,1.0,occupied,True,-0.009183881715399522,-0.24990615259513896,-249.90615259513896,-249906.15259513896,1.1223367692991815e-06,3.05403393274665e-05,0.030540339327466498,30.540339327466498,3.612806699870158e-06
A_minus_G40,A,G40,1,"[0.0,0.0,0.0]",6,-1.6619559041741514,-1.652772022458749,1.0,1.0,occupied,True,-0.009183881715402409,-0.2499061525952175,-249.90615259521752,-249906.1525952175,1.1223367664126016e-06,3.054033924891866e-05,0.03054033924891866,30.54033924891866,3.612806696983578e-06
A_minus_G40,A,G40,1,"[0.0,0.0,0.0]",7,-1.6617685925217993,-1.652584719435195,1.0,1.0,occupied,True,-0.009183873086604288,-0.249905917793659,-249.905917793659,-249905.917793659,1.1309655645330707e-06,3.077514080741334e-05,0.03077514080741334,30.77514080741334,3.6214354951040473e-06
A_minus_G40,A,G40,1,"[0.0,0.0,0.0]",8,-1.6617685925217982,-1.652584719435191,1.0,1.0,occupied,True,-0.009183873086607175,-0.24990591779373755,-249.90591779373756,-249905.91779373755,1.1309655616464909e-06,3.07751407288655e-05,0.0307751407288655,30.775140728865498,3.6214354922174674e-06
A_minus_G40,A,G40,1,"[0.0,0.0,0.0]",9,-0.16839752452530163,-0.1592125117318751,1.0,1.0,occupied,True,-0.009185012793426539,-0.24993693079620646,-249.93693079620647,-249936.93079620646,-8.74125760663702e-09,-2.3786173700981943e-07,-0.00023786173700981943,-0.2378617370098194,2.4817286728533172e-06
A_minus_G40,A,G40,1,"[0.0,0.0,0.0]",10,-0.16839752452530118,-0.1592125117318731,1.0,1.0,occupied,True,-0.009185012793428093,-0.24993693079624874,-249.93693079624873,-249936.93079624872,-8.741259160949255e-09,-2.3786177930480998e-07,-0.00023786177930481,-0.23786177930480998,2.481728671299005e-06
A_minus_G40,A,G40,1,"[0.0,0.0,0.0]",11,0.05133330181712238,0.06051854170658223,2.31528930536997e-57,1.786990194143389e-57,empty,True,-0.00918523988945985,-0.24994311039408382,-249.94311039408382,-249943.1103940838,-2.3583729091836148e-07,-6.4174596143853214e-06,-0.006417459614385322,-6.417459614385321,2.2546326395415928e-06
A_minus_G40,A,G40,1,"[0.0,0.0,0.0]",12,0.05133330181712245,0.06051854170660355,2.3152893053697726e-57,1.786990194105297e-57,empty,True,-0.009185239889481098,-0.249943110394662,-249.943110394662,-249943.11039466198,-2.358373121791324e-07,-6.41746019292037e-06,-0.0064174601929203705,-6.4174601929203705,2.2546326182946996e-06
A_minus_G40,A,G40,1,"[0.0,0.0,0.0]",13,0.05164559894715573,0.06083081476879809,1.6942455180113913e-57,1.307686684657375e-57,empty,True,-0.009185215821642362,-0.24994245547540603,-249.94245547540604,-249942.45547540602,-2.1176947342937957e-07,-5.762540936594858e-06,-0.005762540936594858,-5.762540936594858,2.2787004570305747e-06
A_minus_G40,A,G40,1,"[0.0,0.0,0.0]",14,0.051645598947156854,0.06083081476880585,1.6942455180095134e-57,1.307686684647266e-57,empty,True,-0.009185215821648995,-0.24994245547558655,-249.94245547558654,-249942.45547558655,-2.1176948006296215e-07,-5.7625411171038355e-06,-0.005762541117103836,-5.762541117103836,2.278700450396992e-06
A_minus_G40,A,G40,1,"[0.0,0.0,0.0]",15,0.05182332017891983,0.06100852929600227,1.4183812943734182e-57,1.094770945739041e-57,empty,True,-0.00918520911708244,-0.2499422730350364,-249.9422730350364,-249942.2730350364,-2.0506491352212386e-07,-5.580100567349205e-06,-0.005580100567349204,-5.580100567349205,2.285405016951708e-06
A_minus_G40,A,G40,1,"[0.0,0.0,0.0]",16,0.051823320178920176,0.0610085292960071,1.4183812943729346e-57,1.094770945733752e-57,empty,True,-0.009185209117086923,-0.2499422730351584,-249.9422730351584,-249942.2730351584,-2.0506491799077153e-07,-5.580100688947302e-06,-0.005580100688947302,-5.580100688947303,2.2854050124691827e-06
A_minus_G40,A,G40,1,"[0.0,0.0,0.0]",17,0.05640445887870069,0.06558844253609487,1.4528799718635568e-59,1.122773659200118e-59,empty,True,-0.00918398365739418,-0.2499089265781303,-249.9089265781303,-249908.9265781303,1.0203947747311481e-06,2.7766356338590045e-05,0.027766356338590047,27.766356338590047,3.510864705211919e-06
A_minus_G40,A,G40,1,"[0.0,0.0,0.0]",18,0.05640445887870122,0.06558844253610262,1.4528799718627724e-59,1.122773659191406e-59,empty,True,-0.009183983657401397,-0.24990892657832664,-249.90892657832663,-249908.92657832665,1.020394767542454e-06,2.7766356142975714e-05,0.027766356142975714,27.766356142975713,3.5108646979954694e-06
A_minus_G40,A,G40,1,"[0.0,0.0,0.0]",19,0.0935401413099737,0.1027253652005468,1.0824498270705563e-75,8.354714762732516e-76,empty,True,-0.009185223890573094,-0.24994267504219678,-249.94267504219678,-249942.6750421968,-2.1983840414740996e-07,-5.982107726955244e-06,-0.005982107726955244,-5.982107726955244,2.2706315262986665e-06
A_minus_G40,A,G40,1,"[0.0,0.0,0.0]",20,0.09354014130997401,0.1027253652005517,1.0824498270702486e-75,8.354714762691913e-76,empty,True,-0.009185223890577687,-0.24994267504232176,-249.94267504232175,-249942.67504232176,-2.1983840869932436e-07,-5.9821078508191446e-06,-0.005982107850819145,-5.982107850819145,2.2706315217051187e-06
A_minus_G40,A,G40,1,"[0.0,0.0,0.0]",21,0.09368651173605327,0.102871796870165,9.350609212623305e-76,7.216675228215907e-76,empty,True,-0.009185285134111723,-0.24994434156378148,-249.94434156378148,-249944.3415637815,-2.810819427767619e-07,-7.648629311669198e-06,-0.007648629311669198,-7.648629311669198,2.2093879876693145e-06
A_minus_G40,A,G40,1,"[0.0,0.0,0.0]",22,0.0936865117360534,0.1028717968701708,9.350609212622241e-76,7.21667522817386e-76,empty,True,-0.009185285134117399,-0.24994434156393594,-249.94434156393595,-249944.34156393594,-2.810819484944105e-07,-7.64862946725434e-06,-0.007648629467254342,-7.648629467254342,2.2093879819932993e-06
A_minus_G40,A,G40,1,"[0.0,0.0,0.0]",23,0.24479163479039995,0.2539770697253799,2.221870675935859e-141,0.0,empty,True,-0.009185434934979975,-0.24994841785306746,-249.94841785306747,-249948.41785306745,-4.308828110977103e-07,-1.1724918599533863e-05,-0.011724918599533864,-11.724918599533863,2.059587119417755e-06
A_minus_G40,A,G40,1,"[0.0,0.0,0.0]",24,0.24479163479040025,0.2539770793794403,2.2218706759351014e-141,0.0,empty,True,-0.009185444589040054,-0.24994868055342512,-249.9486805534251,-249948.6805534251,-4.4053687109357753e-07,-1.198761895492328e-05,-0.011987618954923281,-11.987618954923281,2.049933059338621e-06
A_minus_G40,A,G40,2,"[0.125,0.0625,-0.1875]",1,-3.2990329996765553,-3.289849151959801,1.0,1.0,occupied,True,-0.00918384771675429,-0.2499052274448717,-249.9052274448717,-249905.2274448717,1.1563354145316396e-06,3.1465489594726995e-05,0.031465489594726996,31.465489594726996,3.646805345102616e-06
A_minus_G40,A,G40,2,"[0.125,0.0625,-0.1875]",2,-3.299032999612321,-3.289849151895668,1.0,1.0,occupied,True,-0.009183847716653037,-0.2499052274421165,-249.90522744211648,-249905.22744211648,1.1563355157839794e-06,3.146549234994352e-05,0.03146549234994352,31.465492349943524,3.646805446354956e-06
A_minus_G40,A,G40,2,"[0.125,0.0625,-0.1875]",3,-1.6698394183222016,-1.660655539645817,1.0,1.0,occupied,True,-0.009183878676384705,-0.24990606989933295,-249.90606989933295,-249906.06989933294,1.1253757841167555e-06,3.0623035133474764e-05,0.030623035133474766,30.623035133474765,3.615845714687732e-06
A_minus_G40,A,G40,2,"[0.125,0.0625,-0.1875]",4,-1.6698392843971483,-1.660655406012684,1.0,1.0,occupied,True,-0.009183878384464439,-0.24990606195577783,-249.90606195577783,-249906.06195577784,1.1256677043824936e-06,3.063097868857879e-05,0.030630978688578794,30.630978688578793,3.61613763495347e-06
A_minus_G40,A,G40,2,"[0.125,0.0625,-0.1875]",5,-1.661747302440199,-1.652563421914582,1.0,1.0,occupied,True,-0.009183880525617028,-0.24990612021950795,-249.90612021950795,-249906.12021950795,1.1235265517939297e-06,3.05727149584798e-05,0.0305727149584798,30.5727149584798,3.6139964823649062e-06
A_minus_G40,A,G40,2,"[0.125,0.0625,-0.1875]",6,-1.6617472310303003,-1.652563350689304,1.0,1.0,occupied,True,-0.009183880340996264,-0.24990611519572103,-249.90611519572104,-249906.11519572104,1.1237111725570514e-06,3.0577738745374134e-05,0.030577738745374134,30.57773874537413,3.614181103128028e-06
A_minus_G40,A,G40,2,"[0.125,0.0625,-0.1875]",7,-1.6580719649958693,-1.648888092242373,1.0,1.0,occupied,True,-0.009183872753496303,-0.24990590872932894,-249.90590872932893,-249905.90872932895,1.1312986725187102e-06,3.0784205137472197e-05,0.030784205137472195,30.784205137472195,3.6217686030896867e-06
A_minus_G40,A,G40,2,"[0.125,0.0625,-0.1875]",8,-1.6580718689108604,-1.648887996428969,1.0,1.0,occupied,True,-0.009183872481891342,-0.24990590133858145,-249.90590133858146,-249905.90133858146,1.1315702774794545e-06,3.079159588496533e-05,0.03079159588496533,30.791595884965332,3.622040208050431e-06
A_minus_G40,A,G40,2,"[0.125,0.0625,-0.1875]",9,-0.16186113476060232,-0.1526761307085706,1.0,1.0,occupied,True,-0.009185004052031709,-0.2499366929307354,-249.9366929307354,-249936.6929307354,1.3722356584366935e-13,3.734043452222892e-12,3.734043452222893e-09,3.7340434522228923e-06,2.49047006768352e-06
A_minus_G40,A,G40,2,"[0.125,0.0625,-0.1875]",10,-0.16186113205372782,-0.152676128001559,1.0,1.0,occupied,True,-0.009185004052168821,-0.2499366929344664,-249.9366929344664,-249936.6929344664,1.1102230246251565e-16,3.021070754225641e-15,3.021070754225641e-12,3.021070754225641e-09,2.4904699305709765e-06
A_minus_G40,A,G40,2,"[0.125,0.0625,-0.1875]",11,0.0037121043859559932,0.01289701158087318,1.1123168896561833e-36,8.587958216433072e-37,empty,True,-0.009184907194917186,-0.24993405731438142,-249.93405731438142,-249934.0573143814,9.685725174679582e-08,2.6356200880062793e-06,0.0026356200880062793,2.635620088006279,2.58732718220675e-06
A_minus_G40,A,G40,2,"[0.125,0.0625,-0.1875]",12,0.0037121454479717678,0.01289705268702681,1.1122712166202253e-36,8.587605205758755e-37,empty,True,-0.009184907239055042,-0.2499340585154337,-249.93405851543372,-249934.05851543372,9.681311388676228e-08,2.634419035648835e-06,0.0026344190356488353,2.6344190356488353,2.587283044350186e-06
A_minus_G40,A,G40,2,"[0.125,0.0625,-0.1875]",13,0.02693991012905654,0.03612506958290297,9.089095586253558e-47,7.015724188937902e-47,empty,True,-0.009185159453846431,-0.24994092162953913,-249.94092162953913,-249940.92162953914,-1.5540167752625678e-07,-4.228695070440358e-06,-0.004228695070440359,-4.2286950704403585,2.335068252961453e-06
A_minus_G40,A,G40,2,"[0.125,0.0625,-0.1875]",14,0.026939963896242296,0.03612512350641348,9.088606904300412e-47,7.015345886660574e-47,empty,True,-0.009185159610171186,-0.24994092588335243,-249.94092588335243,-249940.92588335244,-1.5555800225719452e-07,-4.232948883073704e-06,-0.004232948883073705,-4.232948883073704,2.334911928206229e-06
A_minus_G40,A,G40,2,"[0.125,0.0625,-0.1875]",15,0.04715369760336567,0.05633885877809071,1.5128097410396e-55,1.167711080634989e-55,empty,True,-0.009185161174725037,-0.24994096845703156,-249.94096845703157,-249940.96845703156,-1.5712255613253845e-07,-4.2755225628783345e-06,-0.004275522562878335,-4.275522562878335,2.3333473743551714e-06
A_minus_G40,A,G40,2,"[0.125,0.0625,-0.1875]",16,0.04715374489845958,0.05633890628839111,1.5127381942527751e-55,1.167655603648619e-55,empty,True,-0.009185161389931529,-0.24994097431309853,-249.94097431309854,-249940.97431309853,-1.5733776259629906e-07,-4.281378629086356e-06,-0.0042813786290863565,-4.2813786290863565,2.333132167863655e-06
A_minus_G40,A,G40,2,"[0.125,0.0625,-0.1875]",17,0.09932708162399045,0.1085118349273916,3.3202556921120854e-78,2.563892165146938e-78,empty,True,-0.009184753303401141,-0.24992986971289838,-249.92986971289838,-249929.8697128984,2.5074876774944244e-07,6.823221569933862e-06,0.006823221569933862,6.823221569933862,2.74121869825103e-06
A_minus_G40,A,G40,2,"[0.125,0.0625,-0.1875]",18,0.09932712922874111,0.1085118824821892,3.3200976359298224e-78,2.563770242673005e-78,empty,True,-0.009184753253448086,-0.24992986835360648,-249.92986835360648,-249929.86835360646,2.5079872084665666e-07,6.824580862956342e-06,0.006824580862956342,6.824580862956341,2.741268651306611e-06
A_minus_G40,A,G40,2,"[0.125,0.0625,-0.1875]",19,0.1254630868179494,0.1346481018109147,1.4806373317385305e-89,0.0,empty,True,-0.009185014992965285,-0.2499369906487048,-249.9369906487048,-249936.9906487048,-1.0940796379976803e-08,-2.977142361341795e-07,-0.0002977142361341795,-0.29771423613417947,2.479529134107733e-06
A_minus_G40,A,G40,2,"[0.125,0.0625,-0.1875]",20,0.12546311410906583,0.1346481292004228,1.4805969240441155e-89,0.0,empty,True,-0.009185015091356968,-0.24993699332607894,-249.93699332607895,-249936.99332607893,-1.1039188063666217e-08,-3.003916102424445e-07,-0.0003003916102424445,-0.30039161024244454,2.4794307424240436e-06
A_minus_G40,A,G40,2,"[0.125,0.0625,-0.1875]",21,0.1473767408326345,0.1565616717766078,4.502665433093433e-99,0.0,empty,True,-0.009184930943973296,-0.24993470355912023,-249.93470355912024,-249934.70355912024,7.310819566397342e-08,1.989375349959134e-06,0.001989375349959134,1.989375349959134,2.563578126096172e-06
A_minus_G40,A,G40,2,"[0.125,0.0625,-0.1875]",22,0.14737674642721404,0.1565616773839831,4.502640242644147e-99,0.0,empty,True,-0.00918493095676906,-0.24993470390731073,-249.93470390731073,-249934.70390731073,7.309539984401425e-08,1.9890271579598913e-06,0.0019890271579598912,1.9890271579598913,2.563565330331724e-06
A_minus_G40,A,G40,2,"[0.125,0.0625,-0.1875]",23,0.17155259743929263,0.1807376633274277,1.4257013430024992e-109,0.0,empty,True,-0.009185065888135058,-0.24993837557682758,-249.93837557682758,-249938.3755768276,-6.183596612530096e-08,-1.6826423581289615e-06,-0.0016826423581289614,-1.6826423581289616,2.4286339643346533e-06
A_minus_G40,A,G40,2,"[0.125,0.0625,-0.1875]",24,0.17155260460469213,0.1807376705382888,1.4256911273194156e-109,0.0,empty,True,-0.009185065933596664,-0.2499383768139009,-249.9383768139009,-249938.37681390092,-6.188142770424676e-08,-1.683879430713008e-06,-0.001683879430713008,-1.6838794307130078,2.428588502727952e-06
A_minus_G40,A,G40,3,"[-0.125,-0.0625,0.1875]",1,-3.299032999676554,-3.289849151959801,1.0,1.0,occupied,True,-0.009183847716752958,-0.24990522744483543,-249.90522744483542,-249905.22744483541,1.1563354158639072e-06,3.146548963097984e-05,0.031465489630979844,31.465489630979846,3.6468053464348837e-06
A_minus_G40,A,G40,3,"[-0.125,-0.0625,0.1875]",2,-3.2990329996123213,-3.289849151895663,1.0,1.0,occupied,True,-0.009183847716658367,-0.24990522744226148,-249.9052274422615,-249905.22744226147,1.156335510454909e-06,3.1465492204932124e-05,0.031465492204932125,31.465492204932126,3.6468054410258854e-06
A_minus_G40,A,G40,3,"[-0.125,-0.0625,0.1875]",3,-1.669839418322202,-1.660655539645819,1.0,1.0,occupied,True,-0.00918387867638315,-0.24990606989929065,-249.90606989929066,-249906.06989929065,1.1253757856710678e-06,3.0623035175769756e-05,0.030623035175769756,30.623035175769754,3.6158457162420443e-06
A_minus_G40,A,G40,3,"[-0.125,-0.0625,0.1875]",4,-1.6698392843971481,-1.660655406012684,1.0,1.0,occupied,True,-0.009183878384464217,-0.2499060619557718,-249.9060619557718,-249906.06195577182,1.1256677046045382e-06,3.0630978694620934e-05,0.030630978694620937,30.630978694620936,3.6161376351755148e-06
A_minus_G40,A,G40,3,"[-0.125,-0.0625,0.1875]",5,-1.6617473024401965,-1.652563421914583,1.0,1.0,occupied,True,-0.009183880525613475,-0.24990612021941128,-249.90612021941126,-249906.12021941127,1.1235265553466434e-06,3.057271505515406e-05,0.030572715055154062,30.572715055154063,3.61399648591762e-06
A_minus_G40,A,G40,3,"[-0.125,-0.0625,0.1875]",6,-1.6617472310303003,-1.652563350689305,1.0,1.0,occupied,True,-0.009183880340995376,-0.2499061151956969,-249.90611519569688,-249906.11519569688,1.1237111734452299e-06,3.0577738769542695e-05,0.030577738769542697,30.577738769542698,3.6141811040162064e-06
A_minus_G40,A,G40,3,"[-0.125,-0.0625,0.1875]",7,-1.6580719649958695,-1.648888092242374,1.0,1.0,occupied,True,-0.009183872753495415,-0.24990590872930477,-249.90590872930477,-249905.90872930476,1.1312986734068886e-06,3.078420516164076e-05,0.030784205161640762,30.78420516164076,3.621768603977865e-06
A_minus_G40,A,G40,3,"[-0.125,-0.0625,0.1875]",8,-1.6580718689108607,-1.648887996428971,1.0,1.0,occupied,True,-0.009183872481889566,-0.2499059013385331,-249.9059013385331,-249905.9013385331,1.1315702792558113e-06,3.0791595933302465e-05,0.030791595933302465,30.791595933302464,3.622040209826788e-06
A_minus_G40,A,G40,3,"[-0.125,-0.0625,0.1875]",9,-0.16186113476060196,-0.1526761307085705,1.0,1.0,occupied,True,-0.009185004052031459,-0.2499366929307286,-249.93669293072858,-249936.6929307286,1.3747336602421e-13,3.7408408614199e-12,3.7408408614199e-09,3.7408408614198998e-06,2.4904700679333203e-06
A_minus_G40,A,G40,3,"[-0.125,-0.0625,0.1875]",10,-0.16186113205372762,-0.1526761280015587,1.0,1.0,occupied,True,-0.009185004052168932,-0.24993669293446943,-249.93669293446945,-249936.69293446944,0.0,0.0,0.0,0.0,2.4904699304599542e-06
A_minus_G40,A,G40,3,"[-0.125,-0.0625,0.1875]",11,0.003712104385955874,0.0128970115808736,1.1123168896563256e-36,8.587958216429533e-37,empty,True,-0.009184907194917727,-0.24993405731439616,-249.93405731439617,-249934.05731439617,9.685725119168431e-08,2.635620072900925e-06,0.0026356200729009253,2.635620072900925,2.5873271816655163e-06
A_minus_G40,A,G40,3,"[-0.125,-0.0625,0.1875]",12,0.003712145447971891,0.01289705268702676,1.1122712166200988e-36,8.587605205759242e-37,empty,True,-0.009184907239054869,-0.24993405851542896,-249.93405851542897,-249934.05851542897,9.681311405329573e-08,2.6344190401804415e-06,0.0026344190401804417,2.6344190401804415,2.5872830445236583e-06
A_minus_G40,A,G40,3,"[-0.125,-0.0625,0.1875]",13,0.0269399101290568,0.03612506958290312,9.089095586251232e-47,7.015724188936906e-47,empty,True,-0.009185159453846316,-0.24994092162953602,-249.940921629536,-249940.92162953602,-1.554016773874789e-07,-4.22869506666402e-06,-0.00422869506666402,-4.22869506666402,2.335068253075945e-06
A_minus_G40,A,G40,3,"[-0.125,-0.0625,0.1875]",14,0.026939963896242047,0.03612512350641319,9.088606904302737e-47,7.015345886662667e-47,empty,True,-0.009185159610171145,-0.2499409258833513,-249.9409258833513,-249940.9258833513,-1.5555800222943894e-07,-4.232948882318437e-06,-0.0042329488823184365,-4.2329488823184365,2.3349119282478625e-06
A_minus_G40,A,G40,3,"[-0.125,-0.0625,0.1875]",15,0.047153697603365755,0.05633885877809146,1.5128097410394711e-55,1.167711080634126e-55,empty,True,-0.009185161174725703,-0.2499409684570497,-249.94096845704968,-249940.9684570497,-1.571225567431611e-07,-4.275522579494223e-06,-0.004275522579494224,-4.275522579494224,2.3333473736890376e-06
A_minus_G40,A,G40,3,"[-0.125,-0.0625,0.1875]",16,0.04715374489845976,0.05633890628839116,1.5127381942524741e-55,1.167655603648603e-55,empty,True,-0.009185161389931397,-0.24994097431309495,-249.94097431309496,-249940.97431309495,-1.5733776245752118e-07,-4.2813786253100175e-06,-0.004281378625310018,-4.281378625310017,2.333132167995494e-06
A_minus_G40,A,G40,3,"[-0.125,-0.0625,0.1875]",17,0.0993270816239906,0.108511834927392,3.3202556921115192e-78,2.563892165145845e-78,empty,True,-0.009184753303401391,-0.24992986971290518,-249.92986971290517,-249929.86971290517,2.5074876752739783e-07,6.8232215638917204e-06,0.006823221563891721,6.823221563891721,2.74121869800123e-06
A_minus_G40,A,G40,3,"[-0.125,-0.0625,0.1875]",18,0.0993271292287407,0.1085118824821915,3.3200976359312376e-78,2.563770242667176e-78,empty,True,-0.009184753253450806,-0.2499298683536805,-249.9298683536805,-249929.8683536805,2.5079871812661025e-07,6.824580788940108e-06,0.006824580788940108,6.824580788940108,2.7412686485865645e-06
A_minus_G40,A,G40,3,"[-0.125,-0.0625,0.1875]",19,0.1254630868179488,0.1346481018109164,1.4806373317394142e-89,0.0,empty,True,-0.009185014992967616,-0.24993699064876826,-249.93699064876827,-249936.99064876826,-1.0940798655934003e-08,-2.9771429806612994e-07,-0.00029771429806612997,-0.2977142980661299,2.4795291317762647e-06
A_minus_G40,A,G40,3,"[-0.125,-0.0625,0.1875]",20,0.1254631141090662,0.1346481292004225,1.4805969240436106e-89,0.0,empty,True,-0.009185015091356302,-0.2499369933260608,-249.93699332606081,-249936.99332606082,-1.103918734202125e-08,-3.003915906054846e-07,-0.0003003915906054846,-0.3003915906054846,2.4794307430901774e-06
A_minus_G40,A,G40,3,"[-0.125,-0.0625,0.1875]",21,0.1473767408326341,0.1565616717766075,4.502665433095225e-99,0.0,empty,True,-0.00918493094397338,-0.2499347035591225,-249.9347035591225,-249934.7035591225,7.310819555295112e-08,1.9893753469380633e-06,0.001989375346938063,1.9893753469380633,2.5635781260129054e-06
A_minus_G40,A,G40,3,"[-0.125,-0.0625,0.1875]",22,0.14737674642721338,0.1565616773839848,4.50264024264709e-99,0.0,empty,True,-0.00918493095677142,-0.24993470390737493,-249.93470390737494,-249934.70390737493,7.30953975125459e-08,1.989027094517405e-06,0.001989027094517405,1.9890270945174053,2.5635653279725e-06
A_minus_G40,A,G40,3,"[-0.125,-0.0625,0.1875]",23,0.171552597439293,0.180737663327428,1.425701343001932e-109,0.0,empty,True,-0.009185065888135002,-0.24993837557682605,-249.93837557682605,-249938.37557682605,-6.18359660697898e-08,-1.682642356618426e-06,-0.0016826423566184262,-1.682642356618426,2.4286339643901644e-06
A_minus_G40,A,G40,3,"[-0.125,-0.0625,0.1875]",24,0.1715526046046924,0.1807376705382868,1.4256911273190105e-109,0.0,empty,True,-0.009185065933594388,-0.24993837681383899,-249.938376813839,-249938.376813839,-6.188142548380071e-08,-1.6838793702915928e-06,-0.0016838793702915928,-1.6838793702915928,2.428588505003909e-06
A_minus_D40,A,D40,1,"[0.0,0.0,0.0]",1,-3.2992105571926644,-3.290024812759157,1.0,1.0,occupied,True,-0.009185744433507281,-0.24995683973703656,-249.95683973703655,-249956.83973703656,-6.645366301682998e-08,-1.8082962918112235e-06,-0.0018082962918112237,-1.8082962918112235,1.7500885921110931e-06
A_minus_D40,A,D40,1,"[0.0,0.0,0.0]",2,-3.2992105571926604,-3.290024812759153,1.0,1.0,occupied,True,-0.009185744433507281,-0.24995683973703656,-249.95683973703655,-249956.83973703656,-6.645366301682998e-08,-1.8082962918112235e-06,-0.0018082962918112237,-1.8082962918112235,1.7500885921110931e-06
A_minus_D40,A,D40,1,"[0.0,0.0,0.0]",3,-1.6706679272849974,-1.661482194526161,1.0,1.0,occupied,True,-0.009185732758836274,-0.2499565220530545,-249.9565220530545,-249956.5220530545,-5.477899223116367e-08,-1.4906123157677872e-06,-0.0014906123157677872,-1.490612315767787,1.761763263118804e-06
A_minus_D40,A,D40,1,"[0.0,0.0,0.0]",4,-1.670667927284992,-1.66148219452616,1.0,1.0,occupied,True,-0.009185732758832055,-0.2499565220529397,-249.9565220529397,-249956.5220529397,-5.477898779027157e-08,-1.490612194924957e-06,-0.001490612194924957,-1.490612194924957,1.7617632673376515e-06
A_minus_D40,A,D40,1,"[0.0,0.0,0.0]",5,-1.6619559041741516,-1.652770171047958,1.0,1.0,occupied,True,-0.00918573312619353,-0.24995653204935467,-249.95653204935468,-249956.53204935466,-5.514634948688979e-08,-1.5006086159436143e-06,-0.0015006086159436143,-1.5006086159436143,1.761395905863078e-06
A_minus_D40,A,D40,1,"[0.0,0.0,0.0]",6,-1.6619559041741514,-1.652770171047956,1.0,1.0,occupied,True,-0.009185733126195306,-0.249956532049403,-249.956532049403,-249956.532049403,-5.5146351041202024e-08,-1.5006086582386047e-06,-0.0015006086582386047,-1.5006086582386047,1.761395904086721e-06
A_minus_D40,A,D40,1,"[0.0,0.0,0.0]",7,-1.6617685925217993,-1.652582860127112,1.0,1.0,occupied,True,-0.00918573239468734,-0.2499565121440572,-249.9565121440572,-249956.5121440572,-5.441484307588951e-08,-1.4807033124524742e-06,-0.0014807033124524741,-1.4807033124524742,1.7621274120520336e-06
A_minus_D40,A,D40,1,"[0.0,0.0,0.0]",8,-1.6617685925217982,-1.652582860127112,1.0,1.0,occupied,True,-0.00918573239468623,-0.249956512144027,-249.95651214402702,-249956.51214402702,-5.441484196566648e-08,-1.4807032822417666e-06,-0.0014807032822417667,-1.4807032822417667,1.7621274131622566e-06
A_minus_D40,A,D40,1,"[0.0,0.0,0.0]",9,-0.16839752452530163,-0.1592118428248981,1.0,1.0,occupied,True,-0.009185681700403542,-0.2499551326823203,-249.9551326823203,-249955.1326823203,-3.720559305087079e-09,-1.0124157630180317e-07,-0.00010124157630180317,-0.10124157630180317,1.8128216958505916e-06
A_minus_D40,A,D40,1,"[0.0,0.0,0.0]",10,-0.16839752452530118,-0.1592118428248981,1.0,1.0,occupied,True,-0.009185681700403098,-0.2499551326823082,-249.9551326823082,-249955.1326823082,-3.720558860997869e-09,-1.0124156421752015e-07,-0.00010124156421752015,-0.10124156421752015,1.8128216962946808e-06
A_minus_D40,A,D40,1,"[0.0,0.0,0.0]",11,0.05133330181712238,0.06051903453536974,2.31528930536997e-57,1.786109730909394e-57,empty,True,-0.00918573271824736,-0.24995652094857387,-249.95652094857388,-249956.52094857386,-5.4738403115761614e-08,-1.489507829671199e-06,-0.001489507829671199,-1.4895078296711992,1.7618038520329782e-06
A_minus_D40,A,D40,1,"[0.0,0.0,0.0]",12,0.05133330181712245,0.06051903453536974,2.3152893053697726e-57,1.786109730909394e-57,empty,True,-0.00918573271824729,-0.249956520948572,-249.95652094857198,-249956.520948572,-5.473840306025046e-08,-1.4895078281606636e-06,-0.0014895078281606637,-1.4895078281606637,1.7618038521023671e-06
A_minus_D40,A,D40,1,"[0.0,0.0,0.0]",13,0.05164559894715573,0.06083132204717227,1.6942455180113913e-57,1.307023491708016e-57,empty,True,-0.009185723100016543,-0.24995625922318013,-249.95625922318013,-249956.25922318012,-4.512017232061183e-08,-1.2277824365013892e-06,-0.0012277824365013895,-1.2277824365013894,1.7714220828489446e-06
A_minus_D40,A,D40,1,"[0.0,0.0,0.0]",14,0.051645598947156854,0.06083132204717227,1.6942455180095134e-57,1.307023491708016e-57,empty,True,-0.00918572310001542,-0.24995625922314954,-249.95625922314954,-249956.25922314954,-4.5120171210388804e-08,-1.2277824062906818e-06,-0.0012277824062906818,-1.227782406290682,1.7714220839730455e-06
A_minus_D40,A,D40,1,"[0.0,0.0,0.0]",15,0.05182332017891983,0.06100904505326645,1.4183812943734182e-57,1.094206455253724e-57,empty,True,-0.009185724874346622,-0.24995630750516123,-249.95630750516125,-249956.30750516124,-4.6894502392369475e-08,-1.2760644174118458e-06,-0.001276064417411846,-1.2760644174118458,1.769647752770248e-06
A_minus_D40,A,D40,1,"[0.0,0.0,0.0]",16,0.051823320178920176,0.06100904505326645,1.4183812943729346e-57,1.094206455253724e-57,empty,True,-0.009185724874346275,-0.24995630750515177,-249.95630750515178,-249956.30750515178,-4.689450203154699e-08,-1.276064407593366e-06,-0.0012760644075933659,-1.2760644075933658,1.7696477531171928e-06
A_minus_D40,A,D40,1,"[0.0,0.0,0.0]",17,0.05640445887870069,0.06559032020486005,1.4528799718635568e-59,1.120667440179477e-59,empty,True,-0.00918586132615936,-0.2499600205481416,-249.96002054814159,-249960.0205481416,-1.8334631513017285e-07,-4.989107397784484e-06,-0.004989107397784484,-4.989107397784484,1.6331959400324447e-06
A_minus_D40,A,D40,1,"[0.0,0.0,0.0]",18,0.05640445887870122,0.06559032020486005,1.4528799718627724e-59,1.120667440179477e-59,empty,True,-0.009185861326158833,-0.24996002054812724,-249.96002054812723,-249960.02054812724,-1.8334631460281692e-07,-4.989107383434398e-06,-0.0049891073834343975,-4.989107383434398,1.6331959405598007e-06
A_minus_D40,A,D40,1,"[0.0,0.0,0.0]",19,0.0935401413099737,0.1027257628310916,1.0824498270705563e-75,8.351393333343969e-76,empty,True,-0.00918562152111789,-0.2499534951205344,-249.95349512053443,-249953.4951205344,5.645872636073079e-08,1.5363202099579948e-06,0.0015363202099579949,1.536320209957995,1.8730009815025317e-06
A_minus_D40,A,D40,1,"[0.0,0.0,0.0]",20,0.09354014130997401,0.1027257628310916,1.0824498270702486e-75,8.351393333343969e-76,empty,True,-0.009185621521117585,-0.24995349512052611,-249.95349512052613,-249953.49512052612,5.64587266937977e-08,1.5363202190212071e-06,0.001536320219021207,1.536320219021207,1.873000981807843e-06
A_minus_D40,A,D40,1,"[0.0,0.0,0.0]",21,0.09368651173605327,0.1028721503784294,9.350609212623305e-76,7.214124524755414e-76,empty,True,-0.00918563864237612,-0.24995396101370515,-249.95396101370514,-249953.96101370515,3.9337468116240615e-08,1.070427038849986e-06,0.001070427038849986,1.070427038849986,1.8558797232719193e-06
A_minus_D40,A,D40,1,"[0.0,0.0,0.0]",22,0.0936865117360534,0.1028721503784294,9.350609212622241e-76,7.214124524755414e-76,empty,True,-0.009185638642375996,-0.24995396101370176,-249.95396101370176,-249953.96101370177,3.933746822726292e-08,1.0704270418710568e-06,0.0010704270418710568,1.0704270418710569,1.8558797233968194e-06
A_minus_D40,A,D40,1,"[0.0,0.0,0.0]",23,0.24479163479039995,0.25397743306927,2.221870675935859e-141,0.0,empty,True,-0.009185798278870061,-0.24995830494400073,-249.95830494400073,-249958.30494400073,-1.202990258519776e-07,-3.273503257473416e-06,-0.0032735032574734164,-3.273503257473416,1.6962432293314567e-06
A_minus_D40,A,D40,1,"[0.0,0.0,0.0]",24,0.24479163479040025,0.2539774330698479,2.2218706759351014e-141,0.0,empty,True,-0.009185798279447627,-0.24995830495971708,-249.95830495971708,-249958.3049597171,-1.2029960338999501e-07,-3.2735189730834795e-06,-0.0032735189730834797,-3.2735189730834797,1.6962426517656837e-06
A_minus_D40,A,D40,2,"[0.125,0.0625,-0.1875]",1,-3.2990329996765553,-3.289847255160299,1.0,1.0,occupied,True,-0.0091857445162562,-0.24995684198874937,-249.95684198874937,-249956.84198874937,-6.653641193565818e-08,-1.8105480046028951e-06,-0.001810548004602895,-1.810548004602895,1.750005843192265e-06
A_minus_D40,A,D40,2,"[0.125,0.0625,-0.1875]",2,-3.299032999612321,-3.289847255095966,1.0,1.0,occupied,True,-0.009185744516354788,-0.24995684199143206,-249.95684199143207,-249956.84199143207,-6.653651052346277e-08,-1.8105506873137247e-06,-0.0018105506873137248,-1.8105506873137247,1.7500057446044603e-06
A_minus_D40,A,D40,2,"[0.125,0.0625,-0.1875]",3,-1.6698394183222016,-1.660653685231514,1.0,1.0,occupied,True,-0.009185733090687709,-0.24995653108319207,-249.95653108319206,-249956.53108319207,-5.511084366638386e-08,-1.4996424533478467e-06,-0.001499642453347847,-1.4996424533478467,1.7614314116835839e-06
A_minus_D40,A,D40,2,"[0.125,0.0625,-0.1875]",4,-1.6698392843971483,-1.660653551607783,1.0,1.0,occupied,True,-0.009185732789365408,-0.24995652288379455,-249.95652288379455,-249956.52288379456,-5.480952114389481e-08,-1.491443049803784e-06,-0.0014914430498037842,-1.491443049803784,1.7617327339840283e-06
A_minus_D40,A,D40,2,"[0.125,0.0625,-0.1875]",5,-1.661747302440199,-1.652561569500316,1.0,1.0,occupied,True,-0.009185732939883007,-0.24995652697958706,-249.95652697958707,-249956.52697958707,-5.4960038964324553e-08,-1.495538848352401e-06,-0.001495538848352401,-1.495538848352401,1.7615822163856432e-06
A_minus_D40,A,D40,2,"[0.125,0.0625,-0.1875]",6,-1.6617472310303003,-1.652561498277796,1.0,1.0,occupied,True,-0.009185732752504228,-0.24995652188075074,-249.95652188075073,-249956.52188075075,-5.477266018516502e-08,-1.4904400120183906e-06,-0.0014904400120183906,-1.4904400120183907,1.7617695951648027e-06
A_minus_D40,A,D40,2,"[0.125,0.0625,-0.1875]",7,-1.6580719649958693,-1.648886232173392,1.0,1.0,occupied,True,-0.009185732822477366,-0.24995652378481684,-249.95652378481682,-249956.52378481685,-5.484263332355965e-08,-1.4923440781140904e-06,-0.0014923440781140903,-1.4923440781140904,1.761699622026408e-06
A_minus_D40,A,D40,2,"[0.125,0.0625,-0.1875]",8,-1.6580718689108604,-1.648886136360737,1.0,1.0,occupied,True,-0.009185732550123449,-0.24995651637368918,-249.95651637368917,-249956.51637368917,-5.457027918431834e-08,-1.4849329444355033e-06,-0.0014849329444355033,-1.4849329444355033,1.7619719759436048e-06
A_minus_D40,A,D40,2,"[0.125,0.0625,-0.1875]",9,-0.16186113476060232,-0.152675456780284,1.0,1.0,occupied,True,-0.00918567798031833,-0.24995503145364473,-249.95503145364472,-249955.03145364474,-4.740929870905575e-13,-1.2900727388232044e-11,-1.2900727388232044e-08,-1.2900727388232043e-05,1.8165417810626916e-06
A_minus_D40,A,D40,2,"[0.125,0.0625,-0.1875]",10,-0.16186113205372782,-0.1526754540738834,1.0,1.0,occupied,True,-0.009185677979844431,-0.2499550314407493,-249.95503144074928,-249955.0314407493,-1.942890293094024e-16,-5.286873819894872e-15,-5.286873819894872e-12,-5.2868738198948716e-09,1.8165422549613897e-06
A_minus_D40,A,D40,2,"[0.125,0.0625,-0.1875]",11,0.0037121043859559932,0.01289785856550232,1.1123168896561833e-36,8.580687427386044e-37,empty,True,-0.009185754179546327,-0.2499571049402694,-249.9571049402694,-249957.1049402694,-7.619970210370752e-08,-2.073499525772676e-06,-0.0020734995257726766,-2.0734995257726765,1.740342553065849e-06
A_minus_D40,A,D40,2,"[0.125,0.0625,-0.1875]",12,0.0037121454479717678,0.01289789966172143,1.1122712166202253e-36,8.580334800821301e-37,empty,True,-0.009185754213749663,-0.2499571058709896,-249.9571058709896,-249957.1058709896,-7.623390541056096e-08,-2.074430245166355e-06,-0.002074430245166355,-2.074430245166355,1.7403083497295052e-06
A_minus_D40,A,D40,2,"[0.125,0.0625,-0.1875]",13,0.02693991012905654,0.03612563520711246,9.089095586253558e-47,7.011757047550937e-47,empty,True,-0.009185725078055922,-0.24995631304837365,-249.95631304837366,-249956.31304837365,-4.70982116917984e-08,-1.2816076298405044e-06,-0.0012816076298405045,-1.2816076298405044,1.7694440434708192e-06
A_minus_D40,A,D40,2,"[0.125,0.0625,-0.1875]",14,0.026939963896242296,0.03612568906869222,9.088606904300412e-47,7.011379393409991e-47,empty,True,-0.009185725172449925,-0.24995631561696532,-249.95631561696533,-249956.31561696532,-4.7192605712176317e-08,-1.284176221988319e-06,-0.001284176221988319,-1.284176221988319,1.7693496494677885e-06
A_minus_D40,A,D40,2,"[0.125,0.0625,-0.1875]",15,0.04715369760336567,0.05633940577636226,1.5128097410396e-55,1.167072519354081e-55,empty,True,-0.00918570817299659,-0.24995585303827467,-249.95585303827465,-249955.85303827465,-3.0193152367186116e-08,-8.21597531047257e-07,-0.0008215975310472569,-0.821597531047257,1.7863491028023704e-06
A_minus_D40,A,D40,2,"[0.125,0.0625,-0.1875]",16,0.04715374489845958,0.05633945322139858,1.5127381942527751e-55,1.167017148869588e-55,empty,True,-0.009185708322938996,-0.2499558571184154,-249.9558571184154,-249955.85711841538,-3.0343094759022193e-08,-8.256776713861547e-07,-0.0008256776713861547,-0.8256776713861547,1.7861991603966565e-06
A_minus_D40,A,D40,2,"[0.125,0.0625,-0.1875]",17,0.09932708162399045,0.1085128386137525,3.3202556921120854e-78,2.561320112532975e-78,empty,True,-0.00918575698976204,-0.2499571814101346,-249.95718141013458,-249957.1814101346,-7.900991783049705e-08,-2.149969391348876e-06,-0.0021499693913488763,-2.1499693913488764,1.7375323373529372e-06
A_minus_D40,A,D40,2,"[0.125,0.0625,-0.1875]",18,0.09932712922874111,0.1085128861676186,3.3200976359298224e-78,2.561198314755241e-78,empty,True,-0.009185756938877493,-0.24995718002549555,-249.95718002549555,-249957.18002549556,-7.895903325616516e-08,-2.148584751542769e-06,-0.002148584751542769,-2.148584751542769,1.7375832218995135e-06
A_minus_D40,A,D40,2,"[0.125,0.0625,-0.1875]",19,0.1254630868179494,0.1346487519783179,1.4806373317385305e-89,0.0,empty,True,-0.009185665160368506,-0.24995468260503842,-249.9546826050384,-249954.68260503843,1.2819475703196304e-08,3.488357048306435e-07,0.00034883570483064353,0.3488357048306435,1.8293617308866306e-06
A_minus_D40,A,D40,2,"[0.125,0.0625,-0.1875]",20,0.12546311410906583,0.1346487793424302,1.4805969240441155e-89,0.0,empty,True,-0.009185665233364365,-0.24995468459135695,-249.95468459135694,-249954.68459135696,1.2746479871594829e-08,3.468493870625892e-07,0.0003468493870625892,0.3468493870625892,1.8292887350272735e-06
A_minus_D40,A,D40,2,"[0.125,0.0625,-0.1875]",21,0.1473767408326345,0.1565624054251015,4.502665433093433e-99,0.0,empty,True,-0.009185664592467002,-0.24995466715165124,-249.95466715165125,-249954.66715165123,1.338737726230832e-08,3.642890935053354e-07,0.0003642890935053354,0.3642890935053354,1.8299296323902314e-06
A_minus_D40,A,D40,2,"[0.125,0.0625,-0.1875]",22,0.14737674642721404,0.1565624110495083,4.502640242644147e-99,0.0,empty,True,-0.009185664622294254,-0.24995466796329213,-249.95466796329214,-249954.66796329213,1.3357549955017589e-08,3.634774511259698e-07,0.00036347745112596977,0.36347745112596974,1.8298998051384519e-06
A_minus_D40,A,D40,2,"[0.125,0.0625,-0.1875]",23,0.17155259743929263,0.1807384107151914,1.4257013430024992e-109,0.0,empty,True,-0.009185813275898763,-0.24995871303394127,-249.95871303394128,-249958.71303394125,-1.3529605447093473e-07,-3.6815931957658898e-06,-0.0036815931957658895,-3.6815931957658896,1.6812462006292328e-06
A_minus_D40,A,D40,2,"[0.125,0.0625,-0.1875]",24,0.17155260460469213,0.1807384179204407,1.4256911273194156e-109,0.0,empty,True,-0.009185813315748581,-0.24995871411831005,-249.95871411831004,-249958.71411831005,-1.3533590431658027e-07,-3.682677565307593e-06,-0.003682677565307593,-3.682677565307593,1.6812063508113428e-06
A_minus_D40,A,D40,3,"[-0.125,-0.0625,0.1875]",1,-3.299032999676554,-3.289847255160294,1.0,1.0,occupied,True,-0.009185744516259753,-0.24995684198884605,-249.95684198884604,-249956.84198884605,-6.653641548837186e-08,-1.810548101277159e-06,-0.0018105481012771591,-1.8105481012771591,1.7500058396395513e-06
A_minus_D40,A,D40,3,"[-0.125,-0.0625,0.1875]",2,-3.2990329996123213,-3.289847255095959,1.0,1.0,occupied,True,-0.009185744516362337,-0.2499568419916375,-249.9568419916375,-249956.8419916375,-6.653651807297933e-08,-1.8105508927465361e-06,-0.0018105508927465362,-1.8105508927465361,1.7500057370549438e-06
A_minus_D40,A,D40,3,"[-0.125,-0.0625,0.1875]",3,-1.669839418322202,-1.66065368523151,1.0,1.0,occupied,True,-0.00918573309069215,-0.2499565310833129,-249.95653108331288,-249956.5310833129,-5.5110848107275956e-08,-1.499642574190677e-06,-0.001499642574190677,-1.499642574190677,1.7614314072426918e-06
A_minus_D40,A,D40,3,"[-0.125,-0.0625,0.1875]",4,-1.6698392843971481,-1.66065355160778,1.0,1.0,occupied,True,-0.009185732789368073,-0.24995652288386708,-249.95652288386708,-249956.5228838671,-5.480952403047468e-08,-1.4914431283516237e-06,-0.0014914431283516237,-1.4914431283516238,1.761732731319493e-06
A_minus_D40,A,D40,3,"[-0.125,-0.0625,0.1875]",5,-1.6617473024401965,-1.65256156950032,1.0,1.0,occupied,True,-0.009185732939876567,-0.24995652697941184,-249.95652697941185,-249956.52697941184,-5.496003252503101e-08,-1.4955386731302973e-06,-0.0014955386731302972,-1.4955386731302973,1.7615822228249367e-06
A_minus_D40,A,D40,3,"[-0.125,-0.0625,0.1875]",6,-1.6617472310303003,-1.652561498277793,1.0,1.0,occupied,True,-0.009185732752507336,-0.24995652188083534,-249.95652188083534,-249956.52188083532,-5.477266329378949e-08,-1.4904400966083718e-06,-0.0014904400966083717,-1.4904400966083717,1.7617695920561782e-06
A_minus_D40,A,D40,3,"[-0.125,-0.0625,0.1875]",7,-1.6580719649958695,-1.648886232173391,1.0,1.0,occupied,True,-0.009185732822478476,-0.24995652378484703,-249.95652378484704,-249956.52378484703,-5.484263443378268e-08,-1.492344108324798e-06,-0.001492344108324798,-1.492344108324798,1.761699620916185e-06
A_minus_D40,A,D40,3,"[-0.125,-0.0625,0.1875]",8,-1.6580718689108607,-1.648886136360734,1.0,1.0,occupied,True,-0.00918573255012678,-0.24995651637377983,-249.95651637377983,-249956.51637377983,-5.457028251498741e-08,-1.4849330350676259e-06,-0.001484933035067626,-1.484933035067626,1.7619719726129357e-06
A_minus_D40,A,D40,3,"[-0.125,-0.0625,0.1875]",9,-0.16186113476060196,-0.1526754567802844,1.0,1.0,occupied,True,-0.009185677980317553,-0.24995503145362358,-249.95503145362358,-249955.03145362358,-4.733158309733199e-13,-1.2879579892952465e-11,-1.2879579892952464e-08,-1.2879579892952464e-05,1.8165417818398477e-06
A_minus_D40,A,D40,3,"[-0.125,-0.0625,0.1875]",10,-0.16186113205372762,-0.1526754540738851,1.0,1.0,occupied,True,-0.009185677979842516,-0.24995503144069717,-249.95503144069716,-249955.03144069717,1.7208456881689926e-15,4.6826596690497437e-14,4.682659669049744e-11,4.682659669049744e-08,1.8165422568765244e-06
A_minus_D40,A,D40,3,"[-0.125,-0.0625,0.1875]",11,0.003712104385955874,0.01289785856550275,1.1123168896563256e-36,8.580687427382264e-37,empty,True,-0.009185754179546876,-0.24995710494028436,-249.95710494028435,-249957.10494028436,-7.619970263106346e-08,-2.0734995401227623e-06,-0.0020734995401227624,-2.0734995401227625,1.7403425525159416e-06
A_minus_D40,A,D40,3,"[-0.125,-0.0625,0.1875]",12,0.003712145447971891,0.01289789966172025,1.1122712166200988e-36,8.580334800831421e-37,empty,True,-0.00918575421374836,-0.24995710587095415,-249.95710587095417,-249957.10587095417,-7.623390413380449e-08,-2.0744302104240413e-06,-0.0020744302104240414,-2.0744302104240417,1.7403083510322825e-06
A_minus_D40,A,D40,3,"[-0.125,-0.0625,0.1875]",13,0.0269399101290568,0.03612563520711229,9.089095586251232e-47,7.011757047552132e-47,empty,True,-0.009185725078055488,-0.24995631304836186,-249.95631304836186,-249956.31304836186,-4.709821124770919e-08,-1.2816076177562214e-06,-0.0012816076177562215,-1.2816076177562215,1.7694440439045e-06
A_minus_D40,A,D40,3,"[-0.125,-0.0625,0.1875]",14,0.026939963896242047,0.03612568906869119,9.088606904302737e-47,7.011379393417266e-47,empty,True,-0.00918572517244914,-0.24995631561694398,-249.95631561694398,-249956.315616944,-4.7192604907264624e-08,-1.284176200085556e-06,-0.0012841762000855561,-1.284176200085556,1.7693496502518835e-06
A_minus_D40,A,D40,3,"[-0.125,-0.0625,0.1875]",15,0.047153697603365755,0.05633940577636218,1.5128097410394711e-55,1.167072519354213e-55,empty,True,-0.009185708172996424,-0.24995585303827014,-249.95585303827013,-249955.85303827014,-3.0193152172897086e-08,-8.215975257603831e-07,-0.0008215975257603831,-0.8215975257603831,1.7863491029689038e-06
A_minus_D40,A,D40,3,"[-0.125,-0.0625,0.1875]",16,0.04715374489845976,0.05633945322140049,1.5127381942524741e-55,1.167017148867316e-55,empty,True,-0.00918570832294073,-0.2499558571184626,-249.9558571184626,-249955.8571184626,-3.034309647986788e-08,-8.256777182127513e-07,-0.0008256777182127513,-0.8256777182127514,1.786199158661933e-06
A_minus_D40,A,D40,3,"[-0.125,-0.0625,0.1875]",17,0.0993270816239906,0.1085128386137523,3.3202556921115192e-78,2.561320112533339e-78,empty,True,-0.009185756989761693,-0.24995718141012516,-249.95718141012514,-249957.18141012517,-7.900991744191899e-08,-2.149969380775129e-06,-0.0021499693807751287,-2.149969380775129,1.737532337699882e-06
A_minus_D40,A,D40,3,"[-0.125,-0.0625,0.1875]",18,0.0993271292287407,0.1085128861676166,3.3200976359312376e-78,2.561198314760482e-78,empty,True,-0.00918575693887591,-0.2499571800254525,-249.95718002545252,-249957.18002545252,-7.895903170185292e-08,-2.1485847092477783e-06,-0.0021485847092477784,-2.1485847092477783,1.7375832234815813e-06
A_minus_D40,A,D40,3,"[-0.125,-0.0625,0.1875]",19,0.1254630868179488,0.1346487519783162,1.4806373317394142e-89,0.0,empty,True,-0.009185665160367396,-0.2499546826050082,-249.9546826050082,-249954.6826050082,1.281947686893048e-08,3.488357365518864e-07,0.0003488357365518864,0.34883573655188643,1.8293617319968536e-06
A_minus_D40,A,D40,3,"[-0.125,-0.0625,0.1875]",20,0.1254631141090662,0.1346487793424298,1.4805969240436106e-89,0.0,empty,True,-0.009185665233363616,-0.24995468459133655,-249.95468459133656,-249954.68459133655,1.2746480648750946e-08,3.468494082100845e-07,0.0003468494082100845,0.3468494082100845,1.829288735776674e-06
A_minus_D40,A,D40,3,"[-0.125,-0.0625,0.1875]",21,0.1473767408326341,0.1565624054251009,4.502665433095225e-99,0.0,empty,True,-0.00918566459246678,-0.24995466715164522,-249.95466715164522,-249954.6671516452,1.3387377428841774e-08,3.6428909803694154e-07,0.00036428909803694153,0.36428909803694154,1.829929632612276e-06
A_minus_D40,A,D40,3,"[-0.125,-0.0625,0.1875]",22,0.14737674642721338,0.1565624110495097,4.50264024264709e-99,0.0,empty,True,-0.009185664622296308,-0.249954667963348,-249.95466796334802,-249954.667963348,1.3357547901104994e-08,3.634773952361608e-07,0.0003634773952361608,0.3634773952361608,1.8298998030845393e-06
A_minus_D40,A,D40,3,"[-0.125,-0.0625,0.1875]",23,0.171552597439293,0.1807384107151928,1.425701343001932e-109,0.0,empty,True,-0.009185813275899818,-0.24995871303396996,-249.95871303396996,-249958.71303396995,-1.3529605558115776e-07,-3.681593225976597e-06,-0.003681593225976597,-3.6815932259765973,1.681246199574521e-06
A_minus_D40,A,D40,3,"[-0.125,-0.0625,0.1875]",24,0.1715526046046924,0.1807384179204424,1.4256911273190105e-109,0.0,empty,True,-0.009185813315749997,-0.24995871411834858,-249.95871411834858,-249958.71411834858,-1.3533590581538135e-07,-3.682677606092048e-06,-0.003682677606092048,-3.682677606092048,1.6812063493958085e-06
A_minus_C40,A,C40,1,"[0.0,0.0,0.0]",1,-3.2992105571926644,-3.290024812759157,1.0,1.0,occupied,True,-0.009185744433507281,-0.24995683973703656,-249.95683973703655,-249956.83973703656,-6.645366301682998e-08,-1.8082962918112235e-06,-0.0018082962918112237,-1.8082962918112235,1.7500885921110931e-06
A_minus_C40,A,C40,1,"[0.0,0.0,0.0]",2,-3.2992105571926604,-3.290024812759157,1.0,1.0,occupied,True,-0.009185744433503285,-0.2499568397369278,-249.9568397369278,-249956.83973692782,-6.645365902002709e-08,-1.8082961830526763e-06,-0.0018082961830526764,-1.8082961830526765,1.750088596107896e-06
A_minus_C40,A,C40,1,"[0.0,0.0,0.0]",3,-1.6706679272849974,-1.661482194526152,1.0,1.0,occupied,True,-0.009185732758845377,-0.2499565220533022,-249.95652205330222,-249956.5220533022,-5.477900111294787e-08,-1.4906125574534475e-06,-0.0014906125574534474,-1.4906125574534475,1.7617632540149752e-06
A_minus_C40,A,C40,1,"[0.0,0.0,0.0]",4,-1.670667927284992,-1.661482194526151,1.0,1.0,occupied,True,-0.009185732758840937,-0.24995652205318136,-249.95652205318137,-249956.52205318137,-5.477899667205577e-08,-1.4906124366106173e-06,-0.0014906124366106173,-1.4906124366106173,1.7617632584558673e-06
A_minus_C40,A,C40,1,"[0.0,0.0,0.0]",5,-1.6619559041741516,-1.652770171047861,1.0,1.0,occupied,True,-0.009185733126290563,-0.24995653205199508,-249.95653205199508,-249956.53205199508,-5.514644629833754e-08,-1.500611250317312e-06,-0.001500611250317312,-1.500611250317312,1.7613958088295856e-06
A_minus_C40,A,C40,1,"[0.0,0.0,0.0]",6,-1.6619559041741514,-1.652770171047863,1.0,1.0,occupied,True,-0.009185733126288342,-0.24995653205193466,-249.95653205193466,-249956.53205193466,-5.514644407789149e-08,-1.5006111898958967e-06,-0.0015006111898958968,-1.500611189895897,1.7613958110500316e-06
A_minus_C40,A,C40,1,"[0.0,0.0,0.0]",7,-1.6617685925217993,-1.652582860127211,1.0,1.0,occupied,True,-0.009185732394588308,-0.2499565121413624,-249.95651214136242,-249956.51214136241,-5.441474404399571e-08,-1.4807006176573614e-06,-0.0014807006176573614,-1.4807006176573614,1.7621275110839274e-06
A_minus_C40,A,C40,1,"[0.0,0.0,0.0]",8,-1.6617685925217982,-1.652582860127212,1.0,1.0,occupied,True,-0.00918573239458631,-0.24995651214130804,-249.95651214130805,-249956.51214130805,-5.4414742045594267e-08,-1.4807005632780878e-06,-0.001480700563278088,-1.4807005632780879,1.7621275130823288e-06
A_minus_C40,A,C40,1,"[0.0,0.0,0.0]",9,-0.16839752452530163,-0.1592118428248968,1.0,1.0,occupied,True,-0.009185681700404819,-0.24995513268235506,-249.95513268235507,-249955.13268235506,-3.720560387554528e-09,-1.0124160575724302e-07,-0.00010124160575724302,-0.10124160575724302,1.8128216945738351e-06
A_minus_C40,A,C40,1,"[0.0,0.0,0.0]",10,-0.16839752452530118,-0.1592118428248964,1.0,1.0,occupied,True,-0.00918568170040479,-0.24995513268235428,-249.95513268235428,-249955.13268235428,-3.7205603597989523e-09,-1.0124160500197533e-07,-0.00010124160500197533,-0.10124160500197533,1.8128216946015907e-06
A_minus_C40,A,C40,1,"[0.0,0.0,0.0]",11,0.05133330181712238,0.06051903453655466,2.31528930536997e-57,1.78610972879293e-57,empty,True,-0.00918573271943228,-0.2499565209808172,-249.9565209808172,-249956.52098081718,-5.473958783475119e-08,-1.4895400675172174e-06,-0.0014895400675172174,-1.4895400675172175,1.7618026671127607e-06
A_minus_C40,A,C40,1,"[0.0,0.0,0.0]",12,0.05133330181712245,0.06051903453655533,2.3152893053697726e-57,1.786109728791762e-57,empty,True,-0.009185732719432876,-0.24995652098083343,-249.95652098083343,-249956.52098083342,-5.4739588445373855e-08,-1.4895400841331066e-06,-0.0014895400841331066,-1.4895400841331066,1.7618026665160158e-06
A_minus_C40,A,C40,1,"[0.0,0.0,0.0]",13,0.05164559894715573,0.06083132204876959,1.6942455180113913e-57,1.307023489620307e-57,empty,True,-0.009185723101613863,-0.24995625926664541,-249.95625926664542,-249956.25926664541,-4.5121769431943903e-08,-1.2278258961147243e-06,-0.0012278258961147242,-1.2278258961147244,1.7714204855294458e-06
A_minus_C40,A,C40,1,"[0.0,0.0,0.0]",14,0.051645598947156854,0.06083132204877012,1.6942455180095134e-57,1.307023489619564e-57,empty,True,-0.009185723101613266,-0.24995625926662918,-249.9562592666292,-249956.25926662917,-4.5121768849076815e-08,-1.2278258802541029e-06,-0.0012278258802541028,-1.2278258802541029,1.7714204861261906e-06
A_minus_C40,A,C40,1,"[0.0,0.0,0.0]",15,0.05182332017891983,0.06100904505050181,1.4183812943734182e-57,1.094206458278776e-57,empty,True,-0.00918572487158198,-0.24995630742993147,-249.95630742993146,-249956.30742993148,-4.68917375484601e-08,-1.275989182176318e-06,-0.001275989182176318,-1.275989182176318,1.7696505174129296e-06
A_minus_C40,A,C40,1,"[0.0,0.0,0.0]",16,0.051823320178920176,0.06100904505050186,1.4183812943729346e-57,1.094206458278714e-57,empty,True,-0.009185724871581681,-0.24995630742992334,-249.95630742992333,-249956.30742992333,-4.689173724314877e-08,-1.2759891738683735e-06,-0.0012759891738683734,-1.2759891738683735,1.769650517711302e-06
A_minus_C40,A,C40,1,"[0.0,0.0,0.0]",17,0.05640445887870069,0.06559032020495892,1.4528799718635568e-59,1.120667440068698e-59,empty,True,-0.009185861326258225,-0.24996002055083186,-249.96002055083187,-249960.02055083186,-1.8334641380124417e-07,-4.989110082761117e-06,-0.004989110082761116,-4.989110082761116,1.6331958411670844e-06
A_minus_C40,A,C40,1,"[0.0,0.0,0.0]",18,0.05640445887870122,0.06559032020495906,1.4528799718627724e-59,1.12066744006857e-59,empty,True,-0.009185861326257837,-0.24996002055082128,-249.96002055082127,-249960.0205508213,-1.833464134126661e-07,-4.989110072187369e-06,-0.004989110072187369,-4.989110072187369,1.6331958415556624e-06
A_minus_C40,A,C40,1,"[0.0,0.0,0.0]",19,0.0935401413099737,0.102725762834677,1.0824498270705563e-75,8.351393303400658e-76,empty,True,-0.0091856215247033,-0.2499534952180984,-249.9534952180984,-249953.4952180984,5.645514111751737e-08,1.5362226505201286e-06,0.0015362226505201287,1.5362226505201286,1.8729973960927848e-06
A_minus_C40,A,C40,1,"[0.0,0.0,0.0]",20,0.09354014130997401,0.102725762834677,1.0824498270702486e-75,8.351393303401133e-76,empty,True,-0.009185621524702994,-0.24995349521809007,-249.95349521809007,-249953.49521809007,5.645514145058428e-08,1.536222659583341e-06,0.001536222659583341,1.5362226595833408,1.8729973963980961e-06
A_minus_C40,A,C40,1,"[0.0,0.0,0.0]",21,0.09368651173605327,0.1028721503747403,9.350609212623305e-76,7.214124551368288e-76,empty,True,-0.00918563863868703,-0.24995396091331987,-249.95396091331986,-249953.96091331987,3.9341157387351444e-08,1.0705274290311488e-06,0.0010705274290311489,1.0705274290311488,1.8558834123626189e-06
A_minus_C40,A,C40,1,"[0.0,0.0,0.0]",22,0.0936865117360534,0.1028721503747399,9.350609212622241e-76,7.214124551371364e-76,empty,True,-0.009185638638686502,-0.24995396091330552,-249.9539609133055,-249953.96091330552,3.9341157886951805e-08,1.0705274426259673e-06,0.0010705274426259673,1.0705274426259672,1.8558834128899748e-06
A_minus_C40,A,C40,1,"[0.0,0.0,0.0]",23,0.24479163479039995,0.253977433069235,2.221870675935859e-141,0.0,empty,True,-0.009185798278835033,-0.24995830494304758,-249.95830494304758,-249958.30494304758,-1.2029899065790772e-07,-3.273502299793987e-06,-0.003273502299793987,-3.273502299793987,1.696243264358993e-06
A_minus_C40,A,C40,1,"[0.0,0.0,0.0]",24,0.24479163479040025,0.253977433069588,2.2218706759351014e-141,0.0,empty,True,-0.009185798279187724,-0.24995830495264476,-249.95830495264477,-249958.30495264477,-1.2029934326474034e-07,-3.2735118947147025e-06,-0.0032735118947147027,-3.2735118947147024,1.6962429116688937e-06
A_minus_C40,A,C40,2,"[0.125,0.0625,-0.1875]",1,-3.2990329996765553,-3.2898472551603,1.0,1.0,occupied,True,-0.009185744516255312,-0.2499568419887252,-249.9568419887252,-249956.8419887252,-6.653641104747976e-08,-1.810547980434329e-06,-0.001810547980434329,-1.810547980434329,1.7500058440804434e-06
A_minus_C40,A,C40,2,"[0.125,0.0625,-0.1875]",2,-3.299032999612321,-3.289847255095959,1.0,1.0,occupied,True,-0.009185744516361893,-0.2499568419916254,-249.9568419916254,-249956.8419916254,-6.653651762889012e-08,-1.8105508806622531e-06,-0.0018105508806622532,-1.810550880662253,1.750005737499033e-06
A_minus_C40,A,C40,2,"[0.125,0.0625,-0.1875]",3,-1.6698394183222016,-1.660653685231508,1.0,1.0,occupied,True,-0.009185733090693704,-0.2499565310833552,-249.9565310833552,-249956.5310833552,-5.5110849439543586e-08,-1.499642610443526e-06,-0.001499642610443526,-1.499642610443526,1.7614314056883795e-06
A_minus_C40,A,C40,2,"[0.125,0.0625,-0.1875]",4,-1.6698392843971483,-1.660653551607777,1.0,1.0,occupied,True,-0.009185732789371404,-0.2499565228839577,-249.9565228839577,-249956.5228839577,-5.4809527139099146e-08,-1.4914432129416049e-06,-0.001491443212941605,-1.4914432129416049,1.761732727988824e-06
A_minus_C40,A,C40,2,"[0.125,0.0625,-0.1875]",5,-1.661747302440199,-1.652561569500306,1.0,1.0,occupied,True,-0.009185732939892999,-0.24995652697985896,-249.95652697985895,-249956.52697985896,-5.496004873428717e-08,-1.4955391142066275e-06,-0.0014955391142066274,-1.4955391142066274,1.761582206393636e-06
A_minus_C40,A,C40,2,"[0.125,0.0625,-0.1875]",6,-1.6617472310303003,-1.652561498277782,1.0,1.0,occupied,True,-0.009185732752518216,-0.24995652188113138,-249.95652188113138,-249956.52188113137,-5.477267395193053e-08,-1.4904403866311642e-06,-0.0014904403866311641,-1.4904403866311642,1.7617695811759926e-06
A_minus_C40,A,C40,2,"[0.125,0.0625,-0.1875]",7,-1.6580719649958693,-1.648886232173403,1.0,1.0,occupied,True,-0.009185732822466264,-0.24995652378451472,-249.95652378451473,-249956.52378451472,-5.48426219992848e-08,-1.4923437699648734e-06,-0.0014923437699648735,-1.4923437699648734,1.7616996331286383e-06
A_minus_C40,A,C40,2,"[0.125,0.0625,-0.1875]",8,-1.6580718689108604,-1.648886136360748,1.0,1.0,occupied,True,-0.009185732550112347,-0.2499565163733871,-249.95651637338707,-249956.5163733871,-5.457026808208809e-08,-1.484932642328428e-06,-0.0014849326423284279,-1.484932642328428,1.761971987045835e-06
A_minus_C40,A,C40,2,"[0.125,0.0625,-0.1875]",9,-0.16186113476060232,-0.1526754567802835,1.0,1.0,occupied,True,-0.00918567798031883,-0.24995503145365833,-249.95503145365834,-249955.03145365833,-4.743982984223294e-13,-1.2909035332806163e-11,-1.2909035332806165e-08,-1.2909035332806164e-05,1.8165417805630912e-06
A_minus_C40,A,C40,2,"[0.125,0.0625,-0.1875]",10,-0.16186113205372782,-0.1526754540738832,1.0,1.0,occupied,True,-0.009185677979844625,-0.24995503144075457,-249.95503144075457,-249955.03144075457,-1.942890293094024e-16,-5.286873819894872e-15,-5.286873819894872e-12,-5.2868738198948716e-09,1.8165422547671006e-06
A_minus_C40,A,C40,2,"[0.125,0.0625,-0.1875]",11,0.0037121043859559932,0.01289785856551702,1.1123168896561833e-36,8.58068742725996e-37,empty,True,-0.009185754179561027,-0.24995710494066942,-249.9571049406694,-249957.1049406694,-7.619971661987357e-08,-2.0734999207776773e-06,-0.0020734999207776775,-2.0734999207776776,1.7403425383658022e-06
A_minus_C40,A,C40,2,"[0.125,0.0625,-0.1875]",12,0.0037121454479717678,0.01289789966173457,1.1122712166202253e-36,8.580334800708512e-37,empty,True,-0.009185754213762803,-0.24995710587134717,-249.95710587134718,-249957.1058713472,-7.623391837241478e-08,-2.0744305978763656e-06,-0.002074430597876366,-2.0744305978763657,1.7403083365889749e-06
A_minus_C40,A,C40,2,"[0.125,0.0625,-0.1875]",13,0.02693991012905654,0.03612563520719088,9.089095586253558e-47,7.011757047001006e-47,empty,True,-0.009185725078134338,-0.24995631305050747,-249.95631305050748,-249956.31305050748,-4.709828993476606e-08,-1.2816097589401184e-06,-0.0012816097589401186,-1.2816097589401185,1.7694439650543792e-06
A_minus_C40,A,C40,2,"[0.125,0.0625,-0.1875]",14,0.026939963896242296,0.03612568906877164,9.088606904300412e-47,7.011379392853216e-47,empty,True,-0.00918572517252934,-0.24995631561912635,-249.95631561912634,-249956.31561912634,-4.7192684926589124e-08,-1.284178377522302e-06,-0.0012841783775223022,-1.2841783775223021,1.7693495700521478e-06
A_minus_C40,A,C40,2,"[0.125,0.0625,-0.1875]",15,0.04715369760336567,0.05633940577630611,1.5128097410396e-55,1.167072519419641e-55,empty,True,-0.00918570817294044,-0.24995585303674678,-249.9558530367468,-249955.8530367468,-3.0193096023367616e-08,-8.215959978538492e-07,-0.0008215959978538492,-0.8215959978538492,1.7863491589518998e-06
A_minus_C40,A,C40,2,"[0.125,0.0625,-0.1875]",16,0.04715374489845958,0.05633945322132376,1.5127381942527751e-55,1.167017148956871e-55,empty,True,-0.00918570832286418,-0.24995585711637958,-249.95585711637958,-249955.85711637957,-3.0343019735701304e-08,-8.256756298975925e-07,-0.0008256756298975925,-0.8256756298975925,1.7861992352118106e-06
A_minus_C40,A,C40,2,"[0.125,0.0625,-0.1875]",17,0.09932708162399045,0.108512838613757,3.3202556921120854e-78,2.5613201125214e-78,empty,True,-0.00918575698976655,-0.24995718141025733,-249.95718141025733,-249957.18141025733,-7.900992216036684e-08,-2.1499695091706356e-06,-0.0021499695091706356,-2.149969509170636,1.7375323328426562e-06
A_minus_C40,A,C40,2,"[0.125,0.0625,-0.1875]",18,0.09932712922874111,0.1085128861676239,3.3200976359298224e-78,2.561198314741702e-78,empty,True,-0.009185756938882794,-0.2499571800256398,-249.9571800256398,-249957.1800256398,-7.895903836319107e-08,-2.1485848905120235e-06,-0.0021485848905120238,-2.1485848905120237,1.7375832165981986e-06
A_minus_C40,A,C40,2,"[0.125,0.0625,-0.1875]",19,0.1254630868179494,0.1346487519783786,1.4806373317385305e-89,0.0,empty,True,-0.009185665160429207,-0.24995468260669018,-249.95468260669017,-249954.68260669018,1.2819415196041462e-08,3.4883405834708243e-07,0.00034883405834708244,0.3488340583470825,1.8293616701851867e-06
A_minus_C40,A,C40,2,"[0.125,0.0625,-0.1875]",20,0.12546311410906583,0.1346487793424848,1.4805969240441155e-89,0.0,empty,True,-0.00918566523341896,-0.24995468459284256,-249.95468459284257,-249954.68459284256,1.2746425470666622e-08,3.4684790673791963e-07,0.0003468479067379196,0.34684790673791965,1.8292886804320563e-06
A_minus_C40,A,C40,2,"[0.125,0.0625,-0.1875]",21,0.1473767408326345,0.1565624054251382,4.502665433093433e-99,0.0,empty,True,-0.009185664592503695,-0.24995466715264972,-249.9546671526497,-249954.66715264972,1.338734073597081e-08,3.6428809957305726e-07,0.00036428809957305726,0.36428809957305724,1.8299295956973605e-06
A_minus_C40,A,C40,2,"[0.125,0.0625,-0.1875]",22,0.14737674642721404,0.1565624110495092,4.502640242644147e-99,0.0,empty,True,-0.009185664622295142,-0.24995466796331628,-249.95466796331627,-249954.6679633163,1.3357549288883774e-08,3.634774329995452e-07,0.00036347743299954525,0.3634774329995452,1.8298998042502734e-06
A_minus_C40,A,C40,2,"[0.125,0.0625,-0.1875]",23,0.17155259743929263,0.180738410715138,1.4257013430024992e-109,0.0,empty,True,-0.009185813275845361,-0.24995871303248815,-249.95871303248816,-249958.71303248816,-1.352960009026738e-07,-3.6815917380992506e-06,-0.0036815917380992507,-3.6815917380992507,1.6812462540309603e-06
A_minus_C40,A,C40,2,"[0.125,0.0625,-0.1875]",24,0.17155260460469213,0.1807384179203844,1.4256911273194156e-109,0.0,empty,True,-0.009185813315692265,-0.2499587141167776,-249.95871411677763,-249958.7141167776,-1.3533584780622832e-07,-3.682676027582579e-06,-0.003682676027582579,-3.682676027582579,1.6812064071274058e-06
A_minus_C40,A,C40,3,"[-0.125,-0.0625,0.1875]",1,-3.299032999676554,-3.289847255160296,1.0,1.0,occupied,True,-0.009185744516257976,-0.2499568419887977,-249.9568419887977,-249956.8419887977,-6.653641371201502e-08,-1.810548052940027e-06,-0.001810548052940027,-1.810548052940027,1.750005841415908e-06
A_minus_C40,A,C40,3,"[-0.125,-0.0625,0.1875]",2,-3.2990329996123213,-3.28984725509596,1.0,1.0,occupied,True,-0.00918574451636145,-0.24995684199161333,-249.95684199161335,-249956.84199161333,-6.653651718480091e-08,-1.8105508685779701e-06,-0.0018105508685779701,-1.81055086857797,1.7500057379431222e-06
A_minus_C40,A,C40,3,"[-0.125,-0.0625,0.1875]",3,-1.669839418322202,-1.660653685231508,1.0,1.0,occupied,True,-0.009185733090694148,-0.2499565310833673,-249.95653108336728,-249956.5310833673,-5.5110849883632795e-08,-1.4996426225278091e-06,-0.001499642622527809,-1.499642622527809,1.7614314052442903e-06
A_minus_C40,A,C40,3,"[-0.125,-0.0625,0.1875]",4,-1.6698392843971481,-1.660653551607781,1.0,1.0,occupied,True,-0.009185732789367185,-0.2499565228838429,-249.9565228838429,-249956.5228838429,-5.480952292025165e-08,-1.491443098140916e-06,-0.0014914430981409162,-1.4914430981409161,1.7617327322076715e-06
A_minus_C40,A,C40,3,"[-0.125,-0.0625,0.1875]",5,-1.6617473024401965,-1.652561569500303,1.0,1.0,occupied,True,-0.009185732939893443,-0.24995652697987106,-249.95652697987106,-249956.52697987107,-5.496004917837638e-08,-1.4955391262909105e-06,-0.0014955391262909104,-1.4955391262909103,1.7615822059495467e-06
A_minus_C40,A,C40,3,"[-0.125,-0.0625,0.1875]",6,-1.6617472310303003,-1.652561498277786,1.0,1.0,occupied,True,-0.00918573275251422,-0.24995652188102263,-249.95652188102264,-249956.52188102264,-5.477266995512764e-08,-1.490440277872617e-06,-0.001490440277872617,-1.4904402778726171,1.7617695851727955e-06
A_minus_C40,A,C40,3,"[-0.125,-0.0625,0.1875]",7,-1.6580719649958695,-1.648886232173399,1.0,1.0,occupied,True,-0.009185732822470483,-0.24995652378462951,-249.95652378462952,-249956.5237846295,-5.4842626218132295e-08,-1.4923438847655622e-06,-0.0014923438847655622,-1.4923438847655621,1.7616996289097908e-06
A_minus_C40,A,C40,3,"[-0.125,-0.0625,0.1875]",8,-1.6580718689108607,-1.648886136360748,1.0,1.0,occupied,True,-0.009185732550112569,-0.24995651637339314,-249.95651637339313,-249956.51637339313,-5.4570268304132696e-08,-1.4849326483705693e-06,-0.0014849326483705695,-1.4849326483705694,1.7619719868237904e-06
A_minus_C40,A,C40,3,"[-0.125,-0.0625,0.1875]",9,-0.16186113476060196,-0.1526754567802822,1.0,1.0,occupied,True,-0.009185677980319773,-0.249955031453684,-249.955031453684,-249955.031453684,-4.753419879932608e-13,-1.2934714434217082e-11,-1.2934714434217082e-08,-1.2934714434217081e-05,1.8165417796194017e-06
A_minus_C40,A,C40,3,"[-0.125,-0.0625,0.1875]",10,-0.16186113205372762,-0.1526754540738832,1.0,1.0,occupied,True,-0.009185677979844431,-0.2499550314407493,-249.95503144074928,-249955.0314407493,0.0,0.0,0.0,0.0,1.8165422549613897e-06
A_minus_C40,A,C40,3,"[-0.125,-0.0625,0.1875]",11,0.003712104385955874,0.01289785856551723,1.1123168896563256e-36,8.580687427258131e-37,empty,True,-0.009185754179561356,-0.24995710494067838,-249.9571049406784,-249957.10494067837,-7.61997169251849e-08,-2.073499929085622e-06,-0.002073499929085622,-2.073499929085622,1.7403425380362048e-06
A_minus_C40,A,C40,3,"[-0.125,-0.0625,0.1875]",12,0.003712145447971891,0.01289789966173525,1.1122712166200988e-36,8.580334800702659e-37,empty,True,-0.00918575421376336,-0.24995710587136233,-249.95710587136233,-249957.10587136232,-7.623391892752629e-08,-2.0744306129817193e-06,-0.0020744306129817196,-2.0744306129817196,1.7403083360321286e-06
A_minus_C40,A,C40,3,"[-0.125,-0.0625,0.1875]",13,0.0269399101290568,0.03612563520719068,9.089095586251232e-47,7.011757047002402e-47,empty,True,-0.009185725078133877,-0.24995631305049493,-249.95631305049494,-249956.31305049494,-4.7098289435165697e-08,-1.2816097453453e-06,-0.0012816097453453002,-1.2816097453453001,1.7694439655158156e-06
A_minus_C40,A,C40,3,"[-0.125,-0.0625,0.1875]",14,0.026939963896242047,0.03612568906877099,9.088606904302737e-47,7.011379392857699e-47,empty,True,-0.009185725172528945,-0.24995631561911558,-249.95631561911557,-249956.31561911557,-4.719268451025549e-08,-1.2841783661932868e-06,-0.0012841783661932868,-1.2841783661932868,1.7693495704476647e-06
A_minus_C40,A,C40,3,"[-0.125,-0.0625,0.1875]",15,0.047153697603365755,0.05633940577630726,1.5128097410394711e-55,1.167072519418282e-55,empty,True,-0.009185708172941502,-0.24995585303677564,-249.95585303677564,-249955.85303677563,-3.0193097050323914e-08,-8.215960257987536e-07,-0.0008215960257987537,-0.8215960257987537,1.786349157890249e-06
A_minus_C40,A,C40,3,"[-0.125,-0.0625,0.1875]",16,0.04715374489845976,0.05633945322132516,1.5127381942524741e-55,1.167017148955229e-55,empty,True,-0.009185708322865395,-0.2499558571164126,-249.9558571164126,-249955.8571164126,-3.034302095694663e-08,-8.256756631293708e-07,-0.0008256756631293709,-0.8256756631293708,1.7861992339975041e-06
A_minus_C40,A,C40,3,"[-0.125,-0.0625,0.1875]",17,0.0993270816239906,0.1085128386137552,3.3202556921115192e-78,2.561320112526132e-78,empty,True,-0.009185756989764593,-0.2499571814102041,-249.9571814102041,-249957.1814102041,-7.90099201619654e-08,-2.1499694547913622e-06,-0.002149969454791362,-2.149969454791362,1.7375323347994243e-06
A_minus_C40,A,C40,3,"[-0.125,-0.0625,0.1875]",18,0.0993271292287407,0.1085128861676228,3.3200976359312376e-78,2.561198314744541e-78,empty,True,-0.0091857569388821,-0.24995718002562092,-249.95718002562091,-249957.1800256209,-7.895903769705725e-08,-2.1485848723855993e-06,-0.0021485848723855993,-2.148584872385599,1.737583217292088e-06
A_minus_C40,A,C40,3,"[-0.125,-0.0625,0.1875]",19,0.1254630868179488,0.1346487519783812,1.4806373317394142e-89,0.0,empty,True,-0.009185665160432399,-0.24995468260677703,-249.95468260677703,-249954.68260677703,1.2819412031905841e-08,3.4883397224656593e-07,0.00034883397224656597,0.348833972246566,1.8293616669932955e-06
A_minus_C40,A,C40,3,"[-0.125,-0.0625,0.1875]",20,0.1254631141090662,0.1346487793424853,1.4805969240436106e-89,0.0,empty,True,-0.009185665233419099,-0.24995468459284634,-249.95468459284635,-249954.68459284634,1.274642535964432e-08,3.468479037168489e-07,0.00034684790371684887,0.34684790371684887,1.8292886802932784e-06
A_minus_C40,A,C40,3,"[-0.125,-0.0625,0.1875]",21,0.1473767408326341,0.1565624054251379,4.502665433095225e-99,0.0,empty,True,-0.009185664592503806,-0.24995466715265274,-249.95466715265275,-249954.66715265275,1.3387340624948507e-08,3.642880965519865e-07,0.0003642880965519865,0.3642880965519865,1.8299295955863382e-06
A_minus_C40,A,C40,3,"[-0.125,-0.0625,0.1875]",22,0.14737674642721338,0.156562411049509,4.50264024264709e-99,0.0,empty,True,-0.009185664622295614,-0.24995466796332913,-249.95466796332914,-249954.66796332912,1.3357548789283413e-08,3.634774194047268e-07,0.00036347741940472684,0.36347741940472683,1.8298998037784286e-06
A_minus_C40,A,C40,3,"[-0.125,-0.0625,0.1875]",23,0.171552597439293,0.1807384107151384,1.425701343001932e-109,0.0,empty,True,-0.009185813275845417,-0.24995871303248965,-249.95871303248964,-249958.71303248964,-1.3529600095818495e-07,-3.681591739609786e-06,-0.0036815917396097863,-3.681591739609786,1.6812462539754491e-06
A_minus_C40,A,C40,3,"[-0.125,-0.0625,0.1875]",24,0.1715526046046924,0.1807384179203833,1.4256911273190105e-109,0.0,empty,True,-0.009185813315690905,-0.24995871411674062,-249.95871411674062,-249958.71411674062,-1.3533584652947184e-07,-3.6826759928402652e-06,-0.0036826759928402656,-3.6826759928402653,1.681206408487429e-06
B_minus_Q36,B,Q36,1,"[0.0,0.0,0.0]",1,-3.299210557192533,-3.290030032987275,1.0,1.0,occupied,True,-0.009180524205258056,-0.24981479008985472,-249.8147900898547,-249814.7900898547,8.015111382153606e-06,0.0002181022916243404,0.2181022916243404,218.10229162434038,6.970316841336394e-06
B_minus_Q36,B,Q36,1,"[0.0,0.0,0.0]",2,-3.299210557192532,-3.290030032987272,1.0,1.0,occupied,True,-0.009180524205260276,-0.24981479008991514,-249.81479008991514,-249814.79008991513,8.01511137993316e-06,0.00021810229156391897,0.21810229156391897,218.10229156391898,6.9703168391159476e-06
B_minus_Q36,B,Q36,1,"[0.0,0.0,0.0]",3,-1.6706679272848615,-1.661499016476153,1.0,1.0,occupied,True,-0.00916891080870852,-0.24949877347071753,-249.49877347071754,-249498.77347071754,1.962850793191251e-05,0.000534118910767573,0.534118910767573,534.118910767573,1.8583713390873252e-05
B_minus_Q36,B,Q36,1,"[0.0,0.0,0.0]",4,-1.6706679272848604,-1.661499016476153,1.0,1.0,occupied,True,-0.009168910808707409,-0.24949877347068733,-249.49877347068733,-249498.77347068733,1.9628507933022732e-05,0.0005341189107977837,0.5341189107977837,534.1189107977838,1.8583713391983475e-05
B_minus_Q36,B,Q36,1,"[0.0,0.0,0.0]",5,-1.6619559041740135,-1.652785108001084,1.0,1.0,occupied,True,-0.009170796172929485,-0.2495500768447486,-249.5500768447486,-249550.07684474858,1.774314371094654e-05,0.000482815536736515,0.482815536736515,482.81553673651496,1.6698349169907284e-05
B_minus_Q36,B,Q36,1,"[0.0,0.0,0.0]",6,-1.6619559041740133,-1.652785108001082,1.0,1.0,occupied,True,-0.009170796172931261,-0.2495500768447969,-249.5500768447969,-249550.07684479692,1.7743143709170184e-05,0.00048281553668817783,0.48281553668817784,482.8155366881779,1.6698349168130927e-05
B_minus_Q36,B,Q36,1,"[0.0,0.0,0.0]",7,-1.661768592521668,-1.652601749147876,1.0,1.0,occupied,True,-0.009166843373792144,-0.2494425157006696,-249.44251570066962,-249442.5157006696,2.1695942848287686e-05,0.0005903766808154854,0.5903766808154854,590.3766808154854,2.065114830724843e-05
B_minus_Q36,B,Q36,1,"[0.0,0.0,0.0]",8,-1.6617685925216659,-1.652601749147871,1.0,1.0,occupied,True,-0.009166843373794809,-0.2494425157007421,-249.44251570074212,-249442.5157007421,2.169594284562315e-05,0.0005903766807429797,0.5903766807429797,590.3766807429797,2.0651148304583894e-05
B_minus_Q36,B,Q36,1,"[0.0,0.0,0.0]",9,-0.16839752452506868,-0.1592092749502884,1.0,1.0,occupied,True,-0.009188249574780288,-0.2500250081038171,-250.02500810381713,-250025.00810381712,2.897418601988111e-07,7.884277669498877e-06,0.007884277669498879,7.8842776694988785,-7.550526808959568e-07
B_minus_Q36,B,Q36,1,"[0.0,0.0,0.0]",10,-0.1683975245250678,-0.1592092749502856,1.0,1.0,occupied,True,-0.009188249574782176,-0.25002500810386846,-250.02500810386846,-250025.00810386846,2.8974185831143195e-07,7.884277618140676e-06,0.007884277618140676,7.8842776181406755,-7.550526827833359e-07
B_minus_Q36,B,Q36,1,"[0.0,0.0,0.0]",11,0.05133330181710102,0.06051991280831323,2.3152893067032346e-57,1.77729936054401e-57,empty,True,-0.009186610991212214,-0.24998041997344994,-249.98041997344995,-249980.41997344993,1.928325428279809e-06,5.247240803686862e-05,0.05247240803686862,52.472408036868615,8.835308871781022e-07
B_minus_Q36,B,Q36,1,"[0.0,0.0,0.0]",12,0.05133330181710185,0.06051991280831323,2.315289306701326e-57,1.77729936054401e-57,empty,True,-0.009186610991211382,-0.24998041997342726,-249.98041997342727,-249980.41997342726,1.9283254291124763e-06,5.247240805952665e-05,0.052472408059526646,52.47240805952665,8.835308880107695e-07
B_minus_Q36,B,Q36,1,"[0.0,0.0,0.0]",13,0.051645598947307594,0.06082939159305185,1.6942455186935316e-57,1.304234416045572e-57,empty,True,-0.009183792645744253,-0.24990372888634663,-249.9037288863466,-249903.72888634662,4.746670896255134e-06,0.00012916349514055525,0.12916349514055525,129.16349514055526,3.7018763551395495e-06
B_minus_Q36,B,Q36,1,"[0.0,0.0,0.0]",14,0.051645598947308455,0.0608293915930537,1.6942455186921353e-57,1.304234416043162e-57,empty,True,-0.009183792645745245,-0.24990372888637363,-249.90372888637364,-249903.72888637363,4.746670895228178e-06,0.00012916349511261034,0.12916349511261035,129.16349511261035,3.7018763541472877e-06
B_minus_Q36,B,Q36,1,"[0.0,0.0,0.0]",15,0.051823320179086065,0.06100672751265537,1.4183812949241317e-57,1.092294243357766e-57,empty,True,-0.009183407333569309,-0.24989324400792895,-249.89324400792896,-249893.24400792894,5.131983071171575e-06,0.00013964837355748554,0.13964837355748555,139.64837355748554,4.087188530083746e-06
B_minus_Q36,B,Q36,1,"[0.0,0.0,0.0]",16,0.051823320179086224,0.06100672751265838,1.4183812949238898e-57,1.092294243354444e-57,empty,True,-0.009183407333572154,-0.24989324400800636,-249.89324400800635,-249893.24400800635,5.1319830683405065e-06,0.00013964837348044823,0.13964837348044823,139.64837348044824,4.0871885272388e-06
B_minus_Q36,B,Q36,1,"[0.0,0.0,0.0]",17,0.05640445888115713,0.06559085277096612,1.4528799691002484e-59,1.115525085018926e-59,empty,True,-0.009186393889808984,-0.2499745123433121,-249.9745123433121,-249974.51234331212,2.145426831495767e-06,5.838003817432251e-05,0.05838003817432251,58.38003817432251,1.100632290407938e-06
B_minus_Q36,B,Q36,1,"[0.0,0.0,0.0]",18,0.05640445888115721,0.06559085277096681,1.4528799691001246e-59,1.115525085018165e-59,empty,True,-0.009186393889809602,-0.2499745123433289,-249.9745123433289,-249974.5123433289,2.1454268309129e-06,5.838003815846189e-05,0.05838003815846189,58.380038158461886,1.1006322897903764e-06
B_minus_Q36,B,Q36,1,"[0.0,0.0,0.0]",19,0.09354014131029723,0.1027211411499545,1.0824498273205532e-75,8.356029919081802e-76,empty,True,-0.00918099983965727,-0.2498277327612036,-249.8277327612036,-249827.7327612036,7.539476983231541e-06,0.00020515962028339708,0.2051596202833971,205.1596202833971,6.4946824421228955e-06
B_minus_Q36,B,Q36,1,"[0.0,0.0,0.0]",20,0.09354014131029759,0.1027211411499712,1.082449827320184e-75,8.35602991894263e-76,empty,True,-0.009180999839673618,-0.24982773276164844,-249.82773276164843,-249827.73276164843,7.5394769668557515e-06,0.00020515961983778915,0.20515961983778916,205.15961983778914,6.4946824257748614e-06
B_minus_Q36,B,Q36,1,"[0.0,0.0,0.0]",21,0.09368651173632925,0.1028745518917121,9.350609215227756e-76,7.167612987250946e-76,empty,True,-0.009188040155382854,-0.25001930951170614,-250.01930951170615,-250019.30951170615,4.991612576610294e-07,1.3582869781243912e-05,0.013582869781243912,13.582869781243913,-5.456332834614941e-07
B_minus_Q36,B,Q36,1,"[0.0,0.0,0.0]",22,0.09368651173633004,0.1028745518917362,9.350609215220314e-76,7.167612987078397e-76,empty,True,-0.009188040155406155,-0.2500193095123402,-250.0193095123402,-250019.3095123402,4.991612343463459e-07,1.3582869146819053e-05,0.013582869146819054,13.582869146819055,-5.456333067622998e-07
B_minus_Q36,B,Q36,1,"[0.0,0.0,0.0]",23,0.2447916347905861,0.2539729357379036,2.2218706767542748e-141,0.0,empty,True,-0.009181300947317478,-0.24983592631804713,-249.83592631804714,-249835.92631804713,7.238369323037119e-06,0.00019696606344022307,0.19696606344022308,196.96606344022308,6.193574781914596e-06
B_minus_Q36,B,Q36,1,"[0.0,0.0,0.0]",24,0.2447916347905864,0.253972935833603,2.221870676753517e-141,0.0,empty,True,-0.009181301043016565,-0.24983592892215198,-249.83592892215196,-249835.92892215197,7.23827362392182e-06,0.00019696345933463327,0.19696345933463327,196.96345933463328,6.1934790828270525e-06
B_minus_Q36,B,Q36,2,"[0.125,0.0625,-0.1875]",1,-3.2990329996764296,-3.289852521486123,1.0,1.0,occupied,True,-0.009180478190306651,-0.24981353795923894,-249.81353795923894,-249813.53795923895,8.061126333558377e-06,0.00021935442224010567,0.21935442224010568,219.35442224010566,7.016331792741165e-06
B_minus_Q36,B,Q36,2,"[0.125,0.0625,-0.1875]",2,-3.2990329996122,-3.289852521396671,1.0,1.0,occupied,True,-0.009180478215529142,-0.2498135386455779,-249.8135386455779,-249813.5386455779,8.061101111067615e-06,0.00021935373590116744,0.21935373590116744,219.35373590116745,7.016306570250402e-06
B_minus_Q36,B,Q36,2,"[0.125,0.0625,-0.1875]",3,-1.6698394183220604,-1.66066786232185,1.0,1.0,occupied,True,-0.009171556000210357,-0.24957075279836863,-249.57075279836863,-249570.75279836863,1.698331643007478e-05,0.00046213958311648,0.46213958311648,462.13958311648,1.5938521889035523e-05
B_minus_Q36,B,Q36,2,"[0.125,0.0625,-0.1875]",4,-1.6698392843970074,-1.660667394793035,1.0,1.0,occupied,True,-0.009171889603972305,-0.24957983061918812,-249.57983061918813,-249579.8306191881,1.6649712668126426e-05,0.00045306176229699104,0.4530617622969911,453.06176229699105,1.560491812708717e-05
B_minus_Q36,B,Q36,2,"[0.125,0.0625,-0.1875]",5,-1.6617473024400644,-1.652578195115483,1.0,1.0,occupied,True,-0.009169107324581427,-0.24950412094003868,-249.5041209400387,-249504.12094003867,1.94319920590047e-05,0.0005287714414464124,0.5287714414464125,528.7714414464125,1.8387197517965442e-05
B_minus_Q36,B,Q36,2,"[0.125,0.0625,-0.1875]",6,-1.661747231030168,-1.652577867628052,1.0,1.0,occupied,True,-0.009169363402115938,-0.24951108916473919,-249.5110891647392,-249511.08916473918,1.9175914524494075e-05,0.0005218032167459254,0.5218032167459253,521.8032167459254,1.813111998345482e-05
B_minus_Q36,B,Q36,2,"[0.125,0.0625,-0.1875]",7,-1.6580719649957434,-1.648907532663824,1.0,1.0,occupied,True,-0.009164432331919325,-0.24937690790901312,-249.3769079090131,-249376.90790901313,2.4106984721106173e-05,0.0006559844724719826,0.6559844724719827,655.9844724719826,2.3062190180066916e-05
B_minus_Q36,B,Q36,2,"[0.125,0.0625,-0.1875]",8,-1.658071868910734,-1.648906902270173,1.0,1.0,occupied,True,-0.0091649666405611,-0.24939144718783904,-249.39144718783905,-249391.44718783905,2.357267607933089e-05,0.0006414451936460699,0.6414451936460699,641.4451936460699,2.2527881538291633e-05
B_minus_Q36,B,Q36,2,"[0.125,0.0625,-0.1875]",9,-0.16186113476038724,-0.1526725958691947,1.0,1.0,occupied,True,-0.009188538891192533,-0.250032880804458,-250.03288080445802,-250032.88080445802,4.254479546439427e-10,1.157702862137893e-08,1.1577028621378931e-05,0.01157702862137893,-1.044369093140124e-06
B_minus_Q36,B,Q36,2,"[0.125,0.0625,-0.1875]",10,-0.1618611320535129,-0.1526725927368726,1.0,1.0,occupied,True,-0.00918853931664032,-0.2500328923814821,-250.03289238148207,-250032.8923814821,1.6653345369377348e-16,4.531606131338461e-15,4.531606131338461e-12,4.531606131338461e-09,-1.0447945409282344e-06
B_minus_Q36,B,Q36,2,"[0.125,0.0625,-0.1875]",11,0.0037121043868500836,0.01289820562772221,1.1123168892784282e-36,8.542898215320564e-37,empty,True,-0.009186101240872126,-0.24996654896005677,-249.96654896005677,-249966.54896005677,2.4380757683573062e-06,6.634342142973755e-05,0.06634342142973756,66.34342142973756,1.3932812272660078e-06
B_minus_Q36,B,Q36,2,"[0.125,0.0625,-0.1875]",12,0.0037121454488653204,0.01289829239173022,1.1122712162431022e-36,8.542157031385829e-37,empty,True,-0.0091861469428649,-0.24996779257463436,-249.96779257463436,-249967.79257463437,2.3923737756115226e-06,6.509980685292102e-05,0.06509980685292102,65.09980685292102,1.3475792344924686e-06
B_minus_Q36,B,Q36,2,"[0.125,0.0625,-0.1875]",13,0.02693991012927529,0.03612581539162541,9.089095589305052e-47,6.98204243014487e-47,empty,True,-0.009185905262350122,-0.2499612161127986,-249.96121611279858,-249961.2161127986,2.6340542903791064e-06,7.167626868838926e-05,0.07167626868838926,71.67626868838926,1.5892597492704608e-06
B_minus_Q36,B,Q36,2,"[0.125,0.0625,-0.1875]",14,0.026939963896460875,0.03612589859275389,9.088606907353423e-47,6.981461540501289e-47,empty,True,-0.009185934696293016,-0.24996201705118742,-249.96201705118742,-249962.01705118743,2.604620347484987e-06,7.087533029955523e-05,0.07087533029955523,70.87533029955523,1.5598258063763415e-06
B_minus_Q36,B,Q36,2,"[0.125,0.0625,-0.1875]",15,0.04715369760356394,0.05633561752725136,1.512809741578477e-55,1.166747652756911e-55,empty,True,-0.009181919923687415,-0.24985276952312663,-249.85276952312663,-249852.76952312663,6.619392953072234e-06,0.00018012285835997333,0.18012285835997335,180.12285835997335,5.574598411977466e-06
B_minus_Q36,B,Q36,2,"[0.125,0.0625,-0.1875]",16,0.047153744898658256,0.05633568113880198,1.512738194791003e-55,1.16667343649009e-55,empty,True,-0.009181936240143726,-0.24985321351652148,-249.8532135165215,-249853.21351652147,6.603076496775051e-06,0.00017967886496550502,0.17967886496550503,179.67886496550503,5.558281955666405e-06
B_minus_Q36,B,Q36,2,"[0.125,0.0625,-0.1875]",17,0.09932708162513436,0.1085132829220952,3.3202556901550954e-78,2.549792129707954e-78,empty,True,-0.009186201296960836,-0.2499692716249329,-249.9692716249329,-249969.2716249329,2.3380196796374264e-06,6.362075655331876e-05,0.06362075655331877,63.62075655331877,1.2932251385565363e-06
B_minus_Q36,B,Q36,2,"[0.125,0.0625,-0.1875]",18,0.09932712922988512,0.1085133080430931,3.320097633972548e-78,2.549728077189779e-78,empty,True,-0.009186178813207976,-0.2499686598108496,-249.9686598108496,-249968.65981084958,2.360503432496941e-06,6.423257063663819e-05,0.0642325706366382,64.2325706366382,1.3157088914160509e-06
B_minus_Q36,B,Q36,2,"[0.125,0.0625,-0.1875]",19,0.12546308681829366,0.1346437657290281,1.4806373320498128e-89,0.0,empty,True,-0.00918067891073443,-0.2498189998403267,-249.8189998403267,-249818.99984032672,7.860405906057188e-06,0.0002138925411599124,0.2138925411599124,213.8925411599124,6.815611364962421e-06
B_minus_Q36,B,Q36,2,"[0.125,0.0625,-0.1875]",20,0.12546311410941113,0.1346437988282393,1.4805969243538324e-89,0.0,empty,True,-0.009180684718828158,-0.2498191578866085,-249.8191578866085,-249819.1578866085,7.854597812384512e-06,0.00021373449487963235,0.21373449487963236,213.73449487963236,6.809803271234233e-06
B_minus_Q36,B,Q36,2,"[0.125,0.0625,-0.1875]",21,0.1473767408331712,0.1565641636048399,4.5026654331735445e-99,0.0,empty,True,-0.009187422771668702,-0.25000250964499837,-250.00250964499838,-250002.50964499838,1.116544971813127e-06,3.0382736489014968e-05,0.03038273648901497,30.38273648901497,7.17504306906036e-08
B_minus_Q36,B,Q36,2,"[0.125,0.0625,-0.1875]",22,0.14737674642775125,0.1565642101825332,4.5026402427218255e-99,0.0,empty,True,-0.009187463754781938,-0.2500036248523222,-250.0036248523222,-250003.6248523222,1.0755618585767124e-06,2.9267529165176114e-05,0.029267529165176113,29.267529165176114,3.0767317454188925e-08
B_minus_Q36,B,Q36,2,"[0.125,0.0625,-0.1875]",23,0.17155259744008075,0.1807375760546496,1.425701342669377e-109,0.0,empty,True,-0.00918497861456885,-0.24993600074210845,-249.93600074210846,-249936.00074210844,3.5607020716366122e-06,9.689163937816856e-05,0.09689163937816857,96.89163937816856,2.5159075305418444e-06
B_minus_Q36,B,Q36,2,"[0.125,0.0625,-0.1875]",24,0.17155260460548016,0.1807375853714006,1.425691126986377e-109,0.0,empty,True,-0.009184980765920447,-0.2499360592833677,-249.9360592833677,-249936.0592833677,3.558550720095255e-06,9.68330981204258e-05,0.0968330981204258,96.8330981204258,2.513756178944976e-06
B_minus_Q36,B,Q36,3,"[-0.125,-0.0625,0.1875]",1,-3.2990329996764305,-3.289852521486123,1.0,1.0,occupied,True,-0.00918047819030754,-0.24981353795926312,-249.81353795926313,-249813.5379592631,8.061126332670199e-06,0.0002193544222159371,0.21935442221593712,219.35442221593712,7.016331791852987e-06
B_minus_Q36,B,Q36,3,"[-0.125,-0.0625,0.1875]",2,-3.2990329996121917,-3.289852521396669,1.0,1.0,occupied,True,-0.00918047821552248,-0.24981353864539663,-249.81353864539662,-249813.53864539662,8.061101117728953e-06,0.0002193537360824317,0.2193537360824317,219.35373608243168,7.0163065769117405e-06
B_minus_Q36,B,Q36,3,"[-0.125,-0.0625,0.1875]",3,-1.6698394183220608,-1.660667862321851,1.0,1.0,occupied,True,-0.009171556000209913,-0.24957075279835653,-249.57075279835652,-249570.75279835652,1.698331643051887e-05,0.0004621395831285643,0.4621395831285643,462.1395831285643,1.5938521889479612e-05
B_minus_Q36,B,Q36,3,"[-0.125,-0.0625,0.1875]",4,-1.6698392843970074,-1.660667394793037,1.0,1.0,occupied,True,-0.009171889603970307,-0.24957983061913372,-249.57983061913373,-249579.83061913372,1.6649712670124828e-05,0.00045306176235137034,0.45306176235137036,453.0617623513703,1.560491812908557e-05
B_minus_Q36,B,Q36,3,"[-0.125,-0.0625,0.1875]",5,-1.6617473024400644,-1.652578195115483,1.0,1.0,occupied,True,-0.009169107324581427,-0.24950412094003868,-249.5041209400387,-249504.12094003867,1.94319920590047e-05,0.0005287714414464124,0.5287714414464125,528.7714414464125,1.8387197517965442e-05
B_minus_Q36,B,Q36,3,"[-0.125,-0.0625,0.1875]",6,-1.6617472310301666,-1.652577867628054,1.0,1.0,occupied,True,-0.009169363402112607,-0.24951108916464854,-249.51108916464852,-249511.08916464853,1.9175914527824744e-05,0.0005218032168365575,0.5218032168365575,521.8032168365575,1.8131119986785488e-05
B_minus_Q36,B,Q36,3,"[-0.125,-0.0625,0.1875]",7,-1.6580719649957438,-1.648907532663825,1.0,1.0,occupied,True,-0.009164432331918881,-0.24937690790900102,-249.37690790900103,-249376.90790900102,2.4106984721550262e-05,0.0006559844724840669,0.6559844724840669,655.9844724840669,2.3062190180511005e-05
B_minus_Q36,B,Q36,3,"[-0.125,-0.0625,0.1875]",8,-1.6580718689107352,-1.648906902270173,1.0,1.0,occupied,True,-0.009164966640562211,-0.24939144718786924,-249.39144718786923,-249391.44718786923,2.3572676078220667e-05,0.0006414451936158592,0.6414451936158592,641.4451936158592,2.252788153718141e-05
B_minus_Q36,B,Q36,3,"[-0.125,-0.0625,0.1875]",9,-0.16186113476038647,-0.1526725958691943,1.0,1.0,occupied,True,-0.009188538891192172,-0.2500328808044482,-250.03288080444818,-250032.88080444818,4.254483154664257e-10,1.1577038439858881e-08,1.1577038439858882e-05,0.011577038439858882,-1.0443690927793015e-06
B_minus_Q36,B,Q36,3,"[-0.125,-0.0625,0.1875]",10,-0.1618611320535128,-0.1526725927368723,1.0,1.0,occupied,True,-0.009188539316640487,-0.2500328923814866,-250.03289238148662,-250032.89238148663,0.0,0.0,0.0,0.0,-1.0447945410947679e-06
B_minus_Q36,B,Q36,3,"[-0.125,-0.0625,0.1875]",11,0.0037121043868500146,0.01289820562772123,1.1123168892785072e-36,8.542898215329062e-37,empty,True,-0.009186101240871216,-0.249966548960032,-249.96654896003201,-249966.548960032,2.4380757692732402e-06,6.63434214546614e-05,0.06634342145466139,66.3434214546614,1.3932812281767376e-06
B_minus_Q36,B,Q36,3,"[-0.125,-0.0625,0.1875]",12,0.003712145448865285,0.01289829239172965,1.1122712162431496e-36,8.542157031390685e-37,empty,True,-0.009186146942864364,-0.24996779257461976,-249.96779257461975,-249967.79257461976,2.392373776111123e-06,6.509980686651584e-05,0.06509980686651584,65.09980686651585,1.3475792350284982e-06
B_minus_Q36,B,Q36,3,"[-0.125,-0.0625,0.1875]",13,0.0269399101292753,0.03612581539162571,9.089095589305052e-47,6.982042430142787e-47,empty,True,-0.00918590526235041,-0.24996121611280644,-249.96121611280645,-249961.21611280643,2.634054290073795e-06,7.167626868008131e-05,0.07167626868008131,71.67626868008132,1.5892597489824967e-06
B_minus_Q36,B,Q36,3,"[-0.125,-0.0625,0.1875]",14,0.02693996389646074,0.03612589859275385,9.088606907354714e-47,6.981461540501586e-47,empty,True,-0.00918593469629311,-0.24996201705118998,-249.96201705118997,-249962.01705118996,2.604620347373965e-06,7.087533029653416e-05,0.07087533029653416,70.87533029653416,1.5598258062826664e-06
B_minus_Q36,B,Q36,3,"[-0.125,-0.0625,0.1875]",15,0.047153697603563874,0.05633561752725184,1.512809741578563e-55,1.166747652756364e-55,empty,True,-0.009181919923687963,-0.24985276952314156,-249.85276952314155,-249852.76952314156,6.619392952544878e-06,0.00018012285834562326,0.18012285834562325,180.12285834562326,5.5745984114292935e-06
B_minus_Q36,B,Q36,3,"[-0.125,-0.0625,0.1875]",16,0.047153744898658125,0.05633568113880086,1.512738194791218e-55,1.166673436491416e-55,empty,True,-0.009181936240142734,-0.24985321351649448,-249.85321351649446,-249853.21351649446,6.603076497746496e-06,0.0001796788649919394,0.1796788649919394,179.6788649919394,5.558281956658667e-06
B_minus_Q36,B,Q36,3,"[-0.125,-0.0625,0.1875]",17,0.09932708162513536,0.1085132829220946,3.3202556901517924e-78,2.549792129709694e-78,empty,True,-0.00918620129695924,-0.2499692716248895,-249.9692716248895,-249969.2716248895,2.33801968124725e-06,6.36207565971243e-05,0.0636207565971243,63.6207565971243,1.293225140152482e-06
B_minus_Q36,B,Q36,3,"[-0.125,-0.0625,0.1875]",18,0.09932712922988597,0.1085133080430926,3.3200976339697173e-78,2.549728077191083e-78,empty,True,-0.00918617881320663,-0.24996865981081295,-249.96865981081297,-249968.65981081294,2.3605034338847197e-06,6.423257067440158e-05,0.06423257067440158,64.23257067440159,1.3157088927621963e-06
B_minus_Q36,B,Q36,3,"[-0.125,-0.0625,0.1875]",19,0.1254630868182931,0.1346437657290279,1.4806373320506545e-89,0.0,empty,True,-0.00918067891073479,-0.2498189998403365,-249.81899984033652,-249818.9998403365,7.860405905724122e-06,0.00021389254115084918,0.21389254115084919,213.89254115084918,6.815611364601598e-06
B_minus_Q36,B,Q36,3,"[-0.125,-0.0625,0.1875]",20,0.12546311410941005,0.1346437988282378,1.4805969243554315e-89,0.0,empty,True,-0.009180684718827742,-0.24981915788659717,-249.81915788659717,-249819.15788659718,7.854597812717579e-06,0.00021373449488869557,0.21373449488869556,213.73449488869556,6.809803271650566e-06
B_minus_Q36,B,Q36,3,"[-0.125,-0.0625,0.1875]",21,0.14737674083317095,0.1565641636048398,4.502665433174696e-99,0.0,empty,True,-0.00918742277166884,-0.25000250964500215,-250.00250964500214,-250002.50964500214,1.1165449716465936e-06,3.0382736484483362e-05,0.030382736484483364,30.382736484483363,7.175043055182573e-08
B_minus_Q36,B,Q36,3,"[-0.125,-0.0625,0.1875]",22,0.14737674642775195,0.1565642101825341,4.502640242718754e-99,0.0,empty,True,-0.00918746375478216,-0.25000362485232824,-250.00362485232824,-250003.62485232824,1.0755618582991566e-06,2.9267529157623436e-05,0.029267529157623436,29.267529157623436,3.076731723214432e-08
B_minus_Q36,B,Q36,3,"[-0.125,-0.0625,0.1875]",23,0.17155259744007934,0.1807375760546501,1.4257013426713626e-109,0.0,empty,True,-0.009184978614570766,-0.24993600074216055,-249.93600074216056,-249936.00074216054,3.560702069749233e-06,9.689163932681036e-05,0.09689163932681036,96.89163932681036,2.5159075286267096e-06
B_minus_Q36,B,Q36,3,"[-0.125,-0.0625,0.1875]",24,0.17155260460547986,0.1807375853713997,1.4256911269868632e-109,0.0,empty,True,-0.009184980765919837,-0.24993605928335108,-249.93605928335109,-249936.0592833511,3.5585507206503664e-06,9.683309813553115e-05,0.09683309813553116,96.83309813553116,2.5137561795555985e-06
B_minus_D36,B,D36,1,"[0.0,0.0,0.0]",1,-3.299210557192533,-3.290030681128614,1.0,1.0,occupied,True,-0.00917987606391879,-0.24979715326552998,-249.79715326552997,-249797.15326552998,8.768952412641084e-06,0.0002386153510730035,0.23861535107300352,238.61535107300352,7.618458180602e-06
B_minus_D36,B,D36,1,"[0.0,0.0,0.0]",2,-3.299210557192532,-3.290030681128612,1.0,1.0,occupied,True,-0.009179876063920123,-0.24979715326556623,-249.79715326556624,-249797.15326556622,8.768952411308817e-06,0.00023861535103675066,0.23861535103675066,238.61535103675067,7.6184581792697326e-06
B_minus_D36,B,D36,1,"[0.0,0.0,0.0]",3,-1.6706679272848615,-1.661499453064247,1.0,1.0,occupied,True,-0.009168474220614398,-0.249486893303458,-249.486893303458,-249486.893303458,2.017079571703384e-05,0.0005488753131449871,0.5488753131449872,548.8753131449871,1.9020301484994756e-05
B_minus_D36,B,D36,1,"[0.0,0.0,0.0]",4,-1.6706679272848604,-1.661499453064246,1.0,1.0,occupied,True,-0.009168474220614398,-0.249486893303458,-249.486893303458,-249486.893303458,2.017079571703384e-05,0.0005488753131449871,0.5488753131449872,548.8753131449871,1.9020301484994756e-05
B_minus_D36,B,D36,1,"[0.0,0.0,0.0]",5,-1.6619559041740135,-1.652785545715813,1.0,1.0,occupied,True,-0.009170358458200578,-0.24953816602019474,-249.53816602019475,-249538.16602019474,1.8286558130853336e-05,0.0004976025964082345,0.4976025964082345,497.6025964082345,1.7136063898814252e-05
B_minus_D36,B,D36,1,"[0.0,0.0,0.0]",6,-1.6619559041740133,-1.652785545715813,1.0,1.0,occupied,True,-0.009170358458200356,-0.2495381660201887,-249.5381660201887,-249538.16602018868,1.828655813107538e-05,0.0004976025964142767,0.4976025964142767,497.60259641427666,1.7136063899036297e-05
B_minus_D36,B,D36,1,"[0.0,0.0,0.0]",7,-1.661768592521668,-1.652602182644505,1.0,1.0,occupied,True,-0.009166409877163106,-0.24943071965646055,-249.43071965646055,-249430.71965646054,2.223513916832509e-05,0.0006050489601424348,0.6050489601424348,605.0489601424348,2.1084644936286007e-05
B_minus_D36,B,D36,1,"[0.0,0.0,0.0]",8,-1.6617685925216659,-1.652602182644504,1.0,1.0,occupied,True,-0.009166409877161774,-0.2494307196564243,-249.4307196564243,-249430.7196564243,2.223513916965736e-05,0.0006050489601786876,0.6050489601786877,605.0489601786876,2.1084644937618274e-05
B_minus_D36,B,D36,1,"[0.0,0.0,0.0]",9,-0.16839752452506868,-0.1592091612709172,1.0,1.0,occupied,True,-0.009188363254151483,-0.25002810147709487,-250.02810147709488,-250028.10147709487,2.81762180004419e-07,7.66713950960987e-06,0.00766713950960987,7.66713950960987,-8.687320520901765e-07
B_minus_D36,B,D36,1,"[0.0,0.0,0.0]",10,-0.1683975245250678,-0.1592091612709162,1.0,1.0,occupied,True,-0.009188363254151594,-0.2500281014770979,-250.02810147709792,-250028.10147709792,2.817621798933967e-07,7.6671395065888e-06,0.0076671395065887995,7.667139506588799,-8.687320522011988e-07
B_minus_D36,B,D36,1,"[0.0,0.0,0.0]",11,0.05133330181710102,0.06051999770811803,2.3152893067032346e-57,1.777148474580432e-57,empty,True,-0.009186695891017012,-0.24998273021483047,-249.98273021483047,-249982.73021483046,1.949125314482103e-06,5.303840177419169e-05,0.05303840177419169,53.03840177419169,7.986310823805687e-07
B_minus_D36,B,D36,1,"[0.0,0.0,0.0]",12,0.05133330181710185,0.06051999770811867,2.315289306701326e-57,1.77714847457927e-57,empty,True,-0.009186695891016818,-0.2499827302148252,-249.9827302148252,-249982.7302148252,1.949125314676392e-06,5.3038401779478566e-05,0.053038401779478564,53.03840177947856,7.986310825748577e-07
B_minus_D36,B,D36,1,"[0.0,0.0,0.0]",13,0.051645598947307594,0.06082948730446573,1.6942455186935316e-57,1.304109591899228e-57,empty,True,-0.009183888357158138,-0.24990633332659798,-249.90633332659797,-249906.333326598,4.756659173377198e-06,0.00012943529000725563,0.12943529000725565,129.43529000725565,3.606164941254847e-06
B_minus_D36,B,D36,1,"[0.0,0.0,0.0]",14,0.051645598947308455,0.06082948730446573,1.6942455186921353e-57,1.304109591899228e-57,empty,True,-0.009183888357157277,-0.24990633332657458,-249.90633332657458,-249906.3333265746,4.756659174209865e-06,0.00012943529002991367,0.12943529002991366,129.43529002991366,3.6061649421152697e-06
B_minus_D36,B,D36,1,"[0.0,0.0,0.0]",15,0.051823320179086065,0.06100683133081215,1.4183812949241317e-57,1.092180849269035e-57,empty,True,-0.009183511151726088,-0.24989606904389242,-249.89606904389242,-249896.0690438924,5.1338646053777914e-06,0.0001396995727115059,0.1396995727115059,139.6995727115059,3.983370373304013e-06
B_minus_D36,B,D36,1,"[0.0,0.0,0.0]",16,0.051823320179086224,0.06100683133081279,1.4183812949238898e-57,1.092180849268321e-57,empty,True,-0.009183511151726567,-0.24989606904390543,-249.89606904390544,-249896.06904390545,5.133864604933702e-06,0.00013969957269942162,0.13969957269942163,139.69957269942162,3.983370372825229e-06
B_minus_D36,B,D36,1,"[0.0,0.0,0.0]",17,0.05640445888115713,0.06559166867072778,1.4528799691002484e-59,1.114615299565253e-59,empty,True,-0.009187209789570654,-0.2499967141068649,-249.99671410686489,-249996.71410686488,1.4352267608541691e-06,3.9054509740171e-05,0.039054509740171,39.054509740171,2.84732528738757e-07
B_minus_D36,B,D36,1,"[0.0,0.0,0.0]",18,0.05640445888115721,0.06559166867072842,1.4528799691001246e-59,1.114615299564556e-59,empty,True,-0.009187209789571216,-0.24999671410688018,-249.99671410688018,-249996.7141068802,1.435226760271302e-06,3.905450972431038e-05,0.03905450972431038,39.05450972431038,2.847325281767066e-07
B_minus_D36,B,D36,1,"[0.0,0.0,0.0]",19,0.09354014131029723,0.1027212622462766,1.0824498273205532e-75,8.355018095856599e-76,empty,True,-0.009181120935979378,-0.24983102795999745,-249.83102795999744,-249831.02795999745,7.524080352094842e-06,0.00020474065660664947,0.20474065660664947,204.74065660664945,6.373586120014124e-06
B_minus_D36,B,D36,1,"[0.0,0.0,0.0]",20,0.09354014131029759,0.1027212622462779,1.082449827320184e-75,8.35501809584615e-76,empty,True,-0.009181120935980308,-0.24983102796002277,-249.83102796002277,-249831.02796002277,7.524080351151152e-06,0.00020474065658097036,0.20474065658097038,204.74065658097035,6.373586119084312e-06
B_minus_D36,B,D36,1,"[0.0,0.0,0.0]",21,0.09368651173632925,0.1028746780712616,9.350609215227756e-76,7.166708638129729e-76,empty,True,-0.009188166334932357,-0.250022743032164,-250.022743032164,-250022.743032164,4.786813991852767e-07,1.302558444199718e-05,0.01302558444199718,13.02558444199718,-6.718128329648299e-07
B_minus_D36,B,D36,1,"[0.0,0.0,0.0]",22,0.09368651173633004,0.1028746780712622,9.350609215220314e-76,7.166708638125044e-76,empty,True,-0.009188166334932163,-0.2500227430321587,-250.0227430321587,-250022.7430321587,4.786813993518102e-07,1.3025584446528786e-05,0.013025584446528786,13.025584446528786,-6.718128327705408e-07
B_minus_D36,B,D36,1,"[0.0,0.0,0.0]",23,0.2447916347905861,0.253972972585237,2.2218706767542748e-141,0.0,empty,True,-0.009181337794650885,-0.2498369289850686,-249.8369289850686,-249836.9289850686,7.307221680630249e-06,0.00019883963153663614,0.19883963153663614,198.83963153663615,6.156727448507898e-06
B_minus_D36,B,D36,1,"[0.0,0.0,0.0]",24,0.2447916347905864,0.2539729725941373,2.221870676753517e-141,0.0,empty,True,-0.009181337803550904,-0.24983692922725048,-249.8369292272505,-249836.92922725048,7.307212780638395e-06,0.00019883938935552018,0.1988393893555202,198.83938935552018,6.156718548488288e-06
B_minus_D36,B,D36,2,"[0.125,0.0625,-0.1875]",1,-3.2990329996764296,-3.289853169577084,1.0,1.0,occupied,True,-0.009179830099345754,-0.24979590250577943,-249.79590250577942,-249795.90250577944,8.814916985677712e-06,0.0002398661108235348,0.2398661108235348,239.8661108235348,7.664422753638628e-06
B_minus_D36,B,D36,2,"[0.125,0.0625,-0.1875]",2,-3.2990329996122,-3.289853169487348,1.0,1.0,occupied,True,-0.009179830124852018,-0.24979590319984024,-249.79590319984024,-249795.90319984025,8.814891479413944e-06,0.0002398654167627397,0.23986541676273973,239.86541676273973,7.66439724737486e-06
B_minus_D36,B,D36,2,"[0.125,0.0625,-0.1875]",3,-1.6698394183220604,-1.660668305506527,1.0,1.0,occupied,True,-0.0091711128155334,-0.24955869312894563,-249.55869312894563,-249558.69312894563,1.753220079803164e-05,0.00047707548765733523,0.47707548765733526,477.07548765733526,1.6381706565992554e-05
B_minus_D36,B,D36,2,"[0.125,0.0625,-0.1875]",4,-1.6698392843970074,-1.660667837996386,1.0,1.0,occupied,True,-0.009171446400621397,-0.24956777044162104,-249.56777044162104,-249567.77044162105,1.719861571003456e-05,0.0004679981749819472,0.4679981749819472,467.99817498194716,1.6048121477995475e-05
B_minus_D36,B,D36,2,"[0.125,0.0625,-0.1875]",5,-1.6617473024400644,-1.652578634576126,1.0,1.0,occupied,True,-0.00916866786393844,-0.24949216260674245,-249.49216260674245,-249492.16260674247,1.997715239299147e-05,0.0005436060098605145,0.5436060098605145,543.6060098605145,1.8826658160952386e-05
B_minus_D36,B,D36,2,"[0.125,0.0625,-0.1875]",6,-1.661747231030168,-1.652578307101512,1.0,1.0,occupied,True,-0.00916892392865587,-0.24949913048267242,-249.49913048267243,-249499.13048267242,1.9721087675561577e-05,0.0005366381339305617,0.5366381339305617,536.6381339305617,1.8570593443522493e-05
B_minus_D36,B,D36,2,"[0.125,0.0625,-0.1875]",7,-1.6580719649957434,-1.648907956083683,1.0,1.0,occupied,True,-0.009164008912060373,-0.24936538606768693,-249.36538606768693,-249365.38606768692,2.4636104271058556e-05,0.0006703825489160366,0.6703825489160365,670.3825489160366,2.3485610039019472e-05
B_minus_D36,B,D36,2,"[0.125,0.0625,-0.1875]",8,-1.658071868910734,-1.648907325718075,1.0,1.0,occupied,True,-0.009164543192659025,-0.2493799245834206,-249.3799245834206,-249379.9245834206,2.4101823672406653e-05,0.0006558440331823857,0.6558440331823857,655.8440331823857,2.2951329440367568e-05
B_minus_D36,B,D36,2,"[0.125,0.0625,-0.1875]",9,-0.16186113476038724,-0.1526724901708498,1.0,1.0,occupied,True,-0.009188644589537442,-0.2500357570029469,-250.0357570029469,-250035.7570029469,4.2679404455014947e-10,1.161365759373854e-08,1.161365759373854e-05,0.011613657593738539,-1.1500674380500453e-06
B_minus_D36,B,D36,2,"[0.125,0.0625,-0.1875]",10,-0.1618611320535129,-0.1526724870371818,1.0,1.0,occupied,True,-0.009188645016331098,-0.25003576861659393,-250.03576861659394,-250035.76861659394,3.885780586188048e-16,1.0573747639789743e-14,1.0573747639789743e-11,1.0573747639789743e-08,-1.1504942317060174e-06
B_minus_D36,B,D36,2,"[0.125,0.0625,-0.1875]",11,0.0037121043868500836,0.01289852182652848,1.1123168892784282e-36,8.540197388124428e-37,empty,True,-0.009186417439678397,-0.24997515316790472,-249.97515316790472,-249975.15316790473,2.2275766530799324e-06,6.061544869948766e-05,0.060615448699487665,60.615448699487665,1.0770824209957452e-06
B_minus_D36,B,D36,2,"[0.125,0.0625,-0.1875]",12,0.0037121454488653204,0.01289860859426408,1.1122712162431022e-36,8.539456406682626e-37,empty,True,-0.00918646314539876,-0.24997639688391515,-249.97639688391516,-249976.39688391515,2.181870932732588e-06,5.9371732689465283e-05,0.05937173268946528,59.37173268946528,1.0313767006327884e-06
B_minus_D36,B,D36,2,"[0.125,0.0625,-0.1875]",13,0.02693991012927529,0.03612597188758392,9.089095589305052e-47,6.980949854216516e-47,empty,True,-0.009186061758308633,-0.24996547458477159,-249.96547458477158,-249965.47458477158,2.5832580228535296e-06,7.02940318328966e-05,0.0702940318328966,70.29403183289661,1.4327637907589341e-06
B_minus_D36,B,D36,2,"[0.125,0.0625,-0.1875]",14,0.026939963896460875,0.03612605507516006,9.088606907353423e-47,6.980369150073125e-47,empty,True,-0.009186091178699188,-0.24996627515438247,-249.96627515438246,-249966.27515438246,2.553837632313094e-06,6.949346222239321e-05,0.0694934622223932,69.4934622223932,1.4033434002046208e-06
B_minus_D36,B,D36,2,"[0.125,0.0625,-0.1875]",15,0.04715369760356394,0.05633573850638933,1.512809741578477e-55,1.166606509169566e-55,empty,True,-0.009182040902825386,-0.2498560615331777,-249.8560615331777,-249856.06153317768,6.604113506114562e-06,0.00017970708342718314,0.17970708342718314,179.70708342718314,5.4536192740060885e-06
B_minus_D36,B,D36,2,"[0.125,0.0625,-0.1875]",16,0.047153744898658256,0.05633580210562699,1.512738194791003e-55,1.166532316244262e-55,empty,True,-0.009182057206968734,-0.24985650519151972,-249.85650519151972,-249856.5051915197,6.587809362745833e-06,0.00017926342508456684,0.17926342508456683,179.26342508456682,5.437315130658177e-06
B_minus_D36,B,D36,2,"[0.125,0.0625,-0.1875]",17,0.09932708162513436,0.1085136426295349,3.3202556901550954e-78,2.548875115447634e-78,empty,True,-0.009186561004400545,-0.2499790597630104,-249.9790597630104,-249979.05976301042,2.0840119309140093e-06,5.670885359333378e-05,0.05670885359333378,56.70885359333378,9.335176988471694e-07
B_minus_D36,B,D36,2,"[0.125,0.0625,-0.1875]",18,0.09932712922988512,0.1085136677721262,3.320097633972548e-78,2.548811030927857e-78,empty,True,-0.00918653854224108,-0.24997844853651324,-249.97844853651324,-249978.44853651326,2.106474090379784e-06,5.7320080090475796e-05,0.057320080090475796,57.32008009047579,9.559798583129442e-07
B_minus_D36,B,D36,2,"[0.125,0.0625,-0.1875]",19,0.12546308681829366,0.1346439629146673,1.4806373320498128e-89,0.0,empty,True,-0.009180876096373636,-0.2498243655349173,-249.8243655349173,-249824.3655349173,7.76891995790674e-06,0.00021140308168871074,0.21140308168871075,211.40308168871073,6.6184257257566326e-06
B_minus_D36,B,D36,2,"[0.125,0.0625,-0.1875]",20,0.12546311410941113,0.1346439960284261,1.4805969243538324e-89,0.0,empty,True,-0.009180881919014977,-0.2498245239770598,-249.82452397705978,-249824.52397705978,7.763097316537682e-06,0.0002112446395454455,0.21124463954544548,211.24463954544547,6.6126030844153305e-06
B_minus_D36,B,D36,2,"[0.125,0.0625,-0.1875]",21,0.1473767408331712,0.1565643998708639,4.5026654331735445e-99,0.0,empty,True,-0.009187659037692697,-0.2500089387710341,-250.00893877103408,-250008.9387710341,9.859786388455305e-07,2.6829845571912338e-05,0.02682984557191234,26.829845571912337,-1.645155933045761e-07
B_minus_D36,B,D36,2,"[0.125,0.0625,-0.1875]",22,0.14737674642775125,0.1565644464526275,4.5026402427218255e-99,0.0,empty,True,-0.009187700024876233,-0.2500100540891164,-250.0100540891164,-250010.05408911643,9.449914552539518e-07,2.5714527488066954e-05,0.025714527488066952,25.714527488066953,-2.0550277684064366e-07
B_minus_D36,B,D36,2,"[0.125,0.0625,-0.1875]",23,0.17155259744008075,0.1807379133734803,1.425701342669377e-109,0.0,empty,True,-0.009185315933399552,-0.2499451796550987,-249.94517965509868,-249945.17965509868,3.3290829319354565e-06,9.058896150579859e-05,0.09058896150579858,90.58896150579858,2.178588699840861e-06
B_minus_D36,B,D36,2,"[0.125,0.0625,-0.1875]",24,0.17155260460548016,0.1807379226865014,1.425691126986377e-109,0.0,empty,True,-0.009185318081021243,-0.24994523809486205,-249.94523809486205,-249945.23809486206,3.3269353102438615e-06,9.053052174243834e-05,0.09053052174243835,90.53052174243834,2.176441078149266e-06
B_minus_D36,B,D36,3,"[-0.125,-0.0625,0.1875]",1,-3.2990329996764305,-3.289853169577085,1.0,1.0,occupied,True,-0.00917983009934531,-0.24979590250576736,-249.79590250576737,-249795.90250576736,8.814916986121801e-06,0.00023986611083561907,0.23986611083561907,239.86611083561908,7.664422754082717e-06
B_minus_D36,B,D36,3,"[-0.125,-0.0625,0.1875]",2,-3.2990329996121917,-3.289853169487349,1.0,1.0,occupied,True,-0.009179830124842692,-0.24979590319958647,-249.79590319958646,-249795.90319958646,8.814891488739818e-06,0.00023986541701650967,0.23986541701650965,239.86541701650967,7.664397256700733e-06
B_minus_D36,B,D36,3,"[-0.125,-0.0625,0.1875]",3,-1.6698394183220608,-1.660668305506529,1.0,1.0,occupied,True,-0.009171112815531846,-0.24955869312890336,-249.55869312890337,-249558.69312890337,1.753220079958595e-05,0.00047707548769963023,0.47707548769963026,477.07548769963023,1.6381706567546866e-05
B_minus_D36,B,D36,3,"[-0.125,-0.0625,0.1875]",4,-1.6698392843970074,-1.660667837996385,1.0,1.0,occupied,True,-0.009171446400622285,-0.2495677704416452,-249.5677704416452,-249567.77044164517,1.719861570914638e-05,0.0004679981749577786,0.4679981749577786,467.9981749577786,1.6048121477107297e-05
B_minus_D36,B,D36,3,"[-0.125,-0.0625,0.1875]",5,-1.6617473024400644,-1.652578634576126,1.0,1.0,occupied,True,-0.00916866786393844,-0.24949216260674245,-249.49216260674245,-249492.16260674247,1.997715239299147e-05,0.0005436060098605145,0.5436060098605145,543.6060098605145,1.8826658160952386e-05
B_minus_D36,B,D36,3,"[-0.125,-0.0625,0.1875]",6,-1.6617472310301666,-1.652578307101514,1.0,1.0,occupied,True,-0.00916892392865254,-0.2494991304825818,-249.4991304825818,-249499.1304825818,1.9721087678892246e-05,0.0005366381340211939,0.5366381340211939,536.6381340211939,1.8570593446853162e-05
B_minus_D36,B,D36,3,"[-0.125,-0.0625,0.1875]",7,-1.6580719649957438,-1.648907956083683,1.0,1.0,occupied,True,-0.009164008912060817,-0.24936538606769904,-249.36538606769903,-249365.38606769903,2.4636104270614467e-05,0.0006703825489039523,0.6703825489039523,670.3825489039523,2.3485610038575383e-05
B_minus_D36,B,D36,3,"[-0.125,-0.0625,0.1875]",8,-1.6580718689107352,-1.648907325718074,1.0,1.0,occupied,True,-0.009164543192661245,-0.24937992458348102,-249.37992458348103,-249379.924583481,2.4101823670186207e-05,0.0006558440331219642,0.6558440331219643,655.8440331219642,2.2951329438147122e-05
B_minus_D36,B,D36,3,"[-0.125,-0.0625,0.1875]",9,-0.16186113476038647,-0.15267249017085,1.0,1.0,occupied,True,-0.009188644589536471,-0.25003575700292047,-250.03575700292046,-250035.75700292047,4.26795015995296e-10,1.161368402810764e-08,1.161368402810764e-05,0.011613684028107639,-1.1500674370786002e-06
B_minus_D36,B,D36,3,"[-0.125,-0.0625,0.1875]",10,-0.1618611320535128,-0.1526724870371813,1.0,1.0,occupied,True,-0.009188645016331487,-0.2500357686166045,-250.03576861660449,-250035.76861660447,0.0,0.0,0.0,0.0,-1.1504942320945954e-06
B_minus_D36,B,D36,3,"[-0.125,-0.0625,0.1875]",11,0.0037121043868500146,0.0128985218265297,1.1123168892785072e-36,8.54019738811399e-37,empty,True,-0.009186417439679686,-0.24997515316793978,-249.97515316793977,-249975.15316793977,2.227576651803176e-06,6.0615448664745345e-05,0.06061544866474535,60.61544866474535,1.0770824197068457e-06
B_minus_D36,B,D36,3,"[-0.125,-0.0625,0.1875]",12,0.003712145448865285,0.01289860859426313,1.1122712162431496e-36,8.539456406690756e-37,empty,True,-0.009186463145397845,-0.24997639688389028,-249.9763968838903,-249976.3968838903,2.1818709336207665e-06,5.937173271363385e-05,0.05937173271363385,59.37173271363385,1.0313767015469877e-06
B_minus_D36,B,D36,3,"[-0.125,-0.0625,0.1875]",13,0.0269399101292753,0.03612597188758365,9.089095589305052e-47,6.980949854218403e-47,empty,True,-0.009186061758308352,-0.24996547458476395,-249.96547458476394,-249965.47458476396,2.5832580231310853e-06,7.029403184044928e-05,0.07029403184044929,70.29403184044928,1.4327637910399593e-06
B_minus_D36,B,D36,3,"[-0.125,-0.0625,0.1875]",14,0.02693996389646074,0.03612605507516055,9.088606907354714e-47,6.980369150069653e-47,empty,True,-0.009186091178699809,-0.24996627515439937,-249.96627515439937,-249966.27515439937,2.5538376316747158e-06,6.949346220502205e-05,0.06949346220502205,69.49346220502206,1.4033433995835898e-06
B_minus_D36,B,D36,3,"[-0.125,-0.0625,0.1875]",15,0.047153697603563874,0.05633573850639115,1.512809741578563e-55,1.16660650916746e-55,empty,True,-0.009182040902827274,-0.24985606153322903,-249.85606153322902,-249856.06153322905,6.6041135042271826e-06,0.00017970708337582494,0.17970708337582494,179.70708337582494,5.453619272118709e-06
B_minus_D36,B,D36,3,"[-0.125,-0.0625,0.1875]",16,0.047153744898658125,0.05633580210562744,1.512738194791218e-55,1.166532316243715e-55,empty,True,-0.009182057206969317,-0.2498565051915356,-249.8565051915356,-249856.5051915356,6.587809362162966e-06,0.0001792634250687062,0.1792634250687062,179.2634250687062,5.43731513007531e-06
B_minus_D36,B,D36,3,"[-0.125,-0.0625,0.1875]",17,0.09932708162513536,0.1085136426295351,3.3202556901517924e-78,2.5488751154472e-78,empty,True,-0.00918656100439974,-0.2499790597629885,-249.9790597629885,-249979.0597629885,2.0840119317466765e-06,5.670885361599181e-05,0.05670885361599181,56.708853615991806,9.335176996520811e-07
B_minus_D36,B,D36,3,"[-0.125,-0.0625,0.1875]",18,0.09932712922988597,0.1085136677721245,3.3200976339697173e-78,2.548811030932349e-78,empty,True,-0.009186538542238526,-0.24997844853644377,-249.97844853644378,-249978.44853644376,2.106474092988808e-06,5.7320080161470954e-05,0.05732008016147096,57.320080161470955,9.559798608664571e-07
B_minus_D36,B,D36,3,"[-0.125,-0.0625,0.1875]",19,0.1254630868182931,0.1346439629146681,1.4806373320506545e-89,0.0,empty,True,-0.009180876096374996,-0.2498243655349543,-249.8243655349543,-249824.3655349543,7.76891995651896e-06,0.00021140308165094735,0.21140308165094734,211.40308165094734,6.618425724396609e-06
B_minus_D36,B,D36,3,"[-0.125,-0.0625,0.1875]",20,0.12546311410941005,0.1346439960284241,1.4805969243554315e-89,0.0,empty,True,-0.009180881919014061,-0.24982452397703486,-249.82452397703486,-249824.52397703487,7.76309731742586e-06,0.00021124463956961404,0.21124463956961403,211.24463956961404,6.6126030853312645e-06
B_minus_D36,B,D36,3,"[-0.125,-0.0625,0.1875]",21,0.14737674083317095,0.1565643998708646,4.502665433174696e-99,0.0,empty,True,-0.00918765903769364,-0.2500089387710598,-250.00893877105977,-250008.9387710598,9.859786378463298e-07,2.68298455447227e-05,0.0268298455447227,26.8298455447227,-1.6451559424826567e-07
B_minus_D36,B,D36,3,"[-0.125,-0.0625,0.1875]",22,0.14737674642775195,0.1565644464526302,4.502640242718754e-99,0.0,empty,True,-0.00918770002487826,-0.25001005408917154,-250.01005408917155,-250010.05408917155,9.449914532000392e-07,2.5714527432177145e-05,0.025714527432177146,25.714527432177146,-2.0550277886680068e-07
B_minus_D36,B,D36,3,"[-0.125,-0.0625,0.1875]",23,0.17155259744007934,0.1807379133734804,1.4257013426713626e-109,0.0,empty,True,-0.009185315933401078,-0.24994517965514024,-249.94517965514024,-249945.17965514024,3.3290829304366554e-06,9.058896146501412e-05,0.09058896146501413,90.58896146501412,2.1785886983143044e-06
B_minus_D36,B,D36,3,"[-0.125,-0.0625,0.1875]",24,0.17155260460547986,0.1807379226865005,1.4256911269868632e-109,0.0,empty,True,-0.009185318081020633,-0.24994523809484542,-249.94523809484542,-249945.23809484544,3.326935310854484e-06,9.053052175905423e-05,0.09053052175905424,90.53052175905424,2.1764410787598887e-06
B_minus_C36,B,C36,1,"[0.0,0.0,0.0]",1,-3.299210557192533,-3.290030681128605,1.0,1.0,occupied,True,-0.009179876063928116,-0.24979715326578375,-249.79715326578375,-249797.15326578374,8.768952405535657e-06,0.000238615350879655,0.238615350879655,238.61535087965498,7.618458171276127e-06
B_minus_C36,B,C36,1,"[0.0,0.0,0.0]",2,-3.299210557192532,-3.290030681128613,1.0,1.0,occupied,True,-0.009179876063919234,-0.24979715326554205,-249.79715326554205,-249797.15326554206,8.768952414417441e-06,0.00023861535112134065,0.23861535112134066,238.61535112134064,7.618458180157911e-06
B_minus_C36,B,C36,1,"[0.0,0.0,0.0]",3,-1.6706679272848615,-1.661499453064178,1.0,1.0,occupied,True,-0.009168474220683454,-0.2494868933053371,-249.4868933053371,-249486.89330533711,2.0170795650642503e-05,0.0005488753113383868,0.5488753113383869,548.8753113383868,1.9020301415938884e-05
B_minus_C36,B,C36,1,"[0.0,0.0,0.0]",4,-1.6706679272848604,-1.661499453064182,1.0,1.0,occupied,True,-0.009168474220678346,-0.24948689330519813,-249.48689330519812,-249486.89330519814,2.017079565574953e-05,0.000548875311477356,0.548875311477356,548.875311477356,1.902030142104591e-05
B_minus_C36,B,C36,1,"[0.0,0.0,0.0]",5,-1.6619559041740135,-1.652785545714343,1.0,1.0,occupied,True,-0.009170358459670513,-0.24953816606019372,-249.5381660601937,-249538.1660601937,1.8286556663582587e-05,0.0004976025564817634,0.49760255648176344,497.60255648176343,1.7136062428878968e-05
B_minus_C36,B,C36,1,"[0.0,0.0,0.0]",6,-1.6619559041740133,-1.652785545714345,1.0,1.0,occupied,True,-0.009170358459668293,-0.2495381660601333,-249.5381660601333,-249538.16606013328,1.8286556665803033e-05,0.0004976025565421848,0.4976025565421848,497.60255654218486,1.7136062431099414e-05
B_minus_C36,B,C36,1,"[0.0,0.0,0.0]",7,-1.661768592521668,-1.652602182646023,1.0,1.0,occupied,True,-0.009166409875644987,-0.24943071961515043,-249.43071961515042,-249430.71961515042,2.223514068910859e-05,0.000605049001525062,0.605049001525062,605.049001525062,2.108464645440497e-05
B_minus_C36,B,C36,1,"[0.0,0.0,0.0]",8,-1.6617685925216659,-1.652602182646022,1.0,1.0,occupied,True,-0.009166409875643877,-0.2494307196151202,-249.4307196151202,-249430.7196151202,2.2235140690218813e-05,0.0006050490015552727,0.6050490015552727,605.0490015552728,2.1084646455515194e-05
B_minus_C36,B,C36,1,"[0.0,0.0,0.0]",9,-0.16839752452506868,-0.1592091612709152,1.0,1.0,occupied,True,-0.009188363254153481,-0.25002810147714927,-250.02810147714928,-250028.10147714926,2.8176218050401935e-07,7.667139523204687e-06,0.007667139523204689,7.667139523204688,-8.687320540885779e-07
B_minus_C36,B,C36,1,"[0.0,0.0,0.0]",10,-0.1683975245250678,-0.1592091612709148,1.0,1.0,occupied,True,-0.009188363254152981,-0.25002810147713567,-250.02810147713566,-250028.10147713567,2.817621810036197e-07,7.667139536799507e-06,0.007667139536799507,7.667139536799507,-8.687320535889775e-07
B_minus_C36,B,C36,1,"[0.0,0.0,0.0]",11,0.05133330181710102,0.06051999770841418,2.3152893067032346e-57,1.777148474054122e-57,empty,True,-0.009186695891313164,-0.2499827302228892,-249.9827302228892,-249982.7302228892,1.949125020828113e-06,5.3038393783459544e-05,0.05303839378345954,53.03839378345955,7.986307862285769e-07
B_minus_C36,B,C36,1,"[0.0,0.0,0.0]",12,0.05133330181710185,0.06051999770841379,2.315289306701326e-57,1.777148474054829e-57,empty,True,-0.009186695891311943,-0.24998273022285597,-249.98273022285596,-249982.73022285596,1.9491250220493583e-06,5.3038393816691324e-05,0.05303839381669132,53.038393816691325,7.986307874498222e-07
B_minus_C36,B,C36,1,"[0.0,0.0,0.0]",13,0.051645598947307594,0.06082948730435112,1.6942455186935316e-57,1.304109592048674e-57,empty,True,-0.009183888357043528,-0.2499063333234793,-249.90633332347932,-249906.3333234793,4.7566592904779714e-06,0.00012943529319373002,0.12943529319373,129.43529319373002,3.6061650558645575e-06
B_minus_C36,B,C36,1,"[0.0,0.0,0.0]",14,0.051645598947308455,0.06082948730435109,1.6942455186921353e-57,1.304109592048748e-57,empty,True,-0.009183888357042633,-0.24990633332345494,-249.90633332345493,-249906.33332345495,4.756659291338394e-06,0.0001294352932171433,0.1294352932171433,129.4352932171433,3.606165056759675e-06
B_minus_C36,B,C36,1,"[0.0,0.0,0.0]",15,0.051823320179086065,0.06100683133064688,1.4183812949241317e-57,1.092180849449511e-57,empty,True,-0.009183511151560818,-0.24989606903939518,-249.89606903939517,-249896.06903939517,5.133864773160246e-06,0.00013969957727709908,0.13969957727709909,139.69957727709908,3.983370538574588e-06
B_minus_C36,B,C36,1,"[0.0,0.0,0.0]",16,0.051823320179086224,0.06100683133064655,1.4183812949238898e-57,1.092180849449884e-57,empty,True,-0.009183511151560325,-0.24989606903938177,-249.89606903938179,-249896.06903938178,5.133864773659846e-06,0.0001396995772906939,0.1396995772906939,139.6995772906939,3.983370539067249e-06
B_minus_C36,B,C36,1,"[0.0,0.0,0.0]",17,0.05640445888115713,0.06559166867078259,1.4528799691002484e-59,1.114615299504175e-59,empty,True,-0.009187209789625457,-0.24999671410835617,-249.99671410835617,-249996.71410835616,1.435226708534909e-06,3.9054508316491406e-05,0.039054508316491404,39.05450831649141,2.8473247393537293e-07
B_minus_C36,B,C36,1,"[0.0,0.0,0.0]",18,0.05640445888115721,0.06559166867078223,1.4528799691001246e-59,1.114615299504587e-59,empty,True,-0.00918720978962502,-0.24999671410834426,-249.99671410834426,-249996.71410834425,1.4352267089789983e-06,3.905450832857569e-05,0.03905450832857569,39.05450832857569,2.8473247437252325e-07
B_minus_C36,B,C36,1,"[0.0,0.0,0.0]",19,0.09354014131029723,0.102721262246354,1.0824498273205532e-75,8.355018095209747e-76,empty,True,-0.009181120936056775,-0.24983102796210352,-249.83102796210352,-249831.02796210352,7.524080277210299e-06,0.00020474065456893724,0.20474065456893725,204.74065456893723,6.3735860426177016e-06
B_minus_C36,B,C36,1,"[0.0,0.0,0.0]",20,0.09354014131029759,0.1027212622463537,1.082449827320184e-75,8.355018095212597e-76,empty,True,-0.009181120936056109,-0.2498310279620854,-249.8310279620854,-249831.02796208538,7.5240802778209215e-06,0.00020474065458555313,0.20474065458555313,204.74065458555313,6.373586043283835e-06
B_minus_C36,B,C36,1,"[0.0,0.0,0.0]",21,0.09368651173632925,0.1028746780711267,9.350609215227756e-76,7.166708639096646e-76,empty,True,-0.009188166334797451,-0.25002274302849303,-250.02274302849304,-250022.74302849305,4.78681536575376e-07,1.3025588180572239e-05,0.013025588180572239,13.025588180572239,-6.718126980588546e-07
B_minus_C36,B,C36,1,"[0.0,0.0,0.0]",22,0.09368651173633004,0.1028746780711263,9.350609215220314e-76,7.166708639098887e-76,empty,True,-0.009188166334796258,-0.25002274302846056,-250.02274302846055,-250022.74302846057,4.786815377411102e-07,1.3025588212293482e-05,0.013025588212293483,13.025588212293481,-6.718126968653648e-07
B_minus_C36,B,C36,1,"[0.0,0.0,0.0]",23,0.2447916347905861,0.253972972583366,2.2218706767542748e-141,0.0,empty,True,-0.009181337792779881,-0.24983692893415602,-249.83692893415602,-249836.92893415602,7.307223554131603e-06,0.0001988396825172051,0.1988396825172051,198.83968251720512,6.1567293195112505e-06
B_minus_C36,B,C36,1,"[0.0,0.0,0.0]",24,0.2447916347905864,0.25397297258561,2.221870676753517e-141,0.0,empty,True,-0.009181337795023614,-0.2498369289952111,-249.83692899521108,-249836.92899521108,7.3072213103708705e-06,0.00019883962146136517,0.19883962146136516,198.83962146136517,6.156727075778273e-06
B_minus_C36,B,C36,2,"[0.125,0.0625,-0.1875]",1,-3.2990329996764296,-3.289853169577077,1.0,1.0,occupied,True,-0.009179830099352415,-0.2497959025059607,-249.7959025059607,-249795.9025059607,8.81491698123682e-06,0.00023986611070269195,0.23986611070269195,239.86611070269197,7.66442274697729e-06
B_minus_C36,B,C36,2,"[0.125,0.0625,-0.1875]",2,-3.2990329996122,-3.289853169487351,1.0,1.0,occupied,True,-0.009179830124848909,-0.24979590319975564,-249.79590319975563,-249795.90319975564,8.814891484743015e-06,0.0002398654169077511,0.23986541690775112,239.86541690775113,7.664397250483485e-06
B_minus_C36,B,C36,2,"[0.125,0.0625,-0.1875]",3,-1.6698394183220604,-1.660668305506475,1.0,1.0,occupied,True,-0.009171112815585358,-0.2495586931303595,-249.5586931303595,-249558.6931303595,1.7532200748737736e-05,0.0004770754863159798,0.47707548631597985,477.07548631597984,1.6381706514034117e-05
B_minus_C36,B,C36,2,"[0.125,0.0625,-0.1875]",4,-1.6698392843970074,-1.660667837996333,1.0,1.0,occupied,True,-0.009171446400674244,-0.24956777044305906,-249.56777044305906,-249567.77044305907,1.719861565985248e-05,0.00046799817361642317,0.4679981736164232,467.9981736164232,1.604812142514886e-05
B_minus_C36,B,C36,2,"[0.125,0.0625,-0.1875]",5,-1.6617473024400644,-1.652578634576065,1.0,1.0,occupied,True,-0.009168667863999502,-0.24949216260840404,-249.49216260840404,-249492.16260840403,1.997715233459374e-05,0.0005436060082714314,0.5436060082714314,543.6060082714313,1.882665809989012e-05
B_minus_C36,B,C36,2,"[0.125,0.0625,-0.1875]",6,-1.661747231030168,-1.652578307101451,1.0,1.0,occupied,True,-0.009168923928716932,-0.249499130484334,-249.499130484334,-249499.130484334,1.9721087617163846e-05,0.0005366381323414785,0.5366381323414785,536.6381323414785,1.8570593382460227e-05
B_minus_C36,B,C36,2,"[0.125,0.0625,-0.1875]",7,-1.6580719649957434,-1.648907956083779,1.0,1.0,occupied,True,-0.00916400891196445,-0.24936538606507674,-249.36538606507673,-249365.38606507675,2.463610436964636e-05,0.0006703825515987474,0.6703825515987474,670.3825515987475,2.348561013494274e-05
B_minus_C36,B,C36,2,"[0.125,0.0625,-0.1875]",8,-1.658071868910734,-1.648907325718172,1.0,1.0,occupied,True,-0.009164543192562213,-0.24937992458078623,-249.37992458078622,-249379.92458078623,2.4101823771882636e-05,0.000655844035889265,0.6558440358892651,655.8440358892651,2.2951329537179016e-05
B_minus_C36,B,C36,2,"[0.125,0.0625,-0.1875]",9,-0.16186113476038724,-0.1526724901708467,1.0,1.0,occupied,True,-0.009188644589540551,-0.2500357570030315,-250.03575700303148,-250035.7570030315,4.267934339274859e-10,1.161364097784939e-08,1.1613640977849391e-05,0.011613640977849391,-1.1500674411586698e-06
B_minus_C36,B,C36,2,"[0.125,0.0625,-0.1875]",10,-0.1618611320535129,-0.1526724870371789,1.0,1.0,occupied,True,-0.009188645016334013,-0.2500357686166732,-250.0357686166732,-250035.76861667322,-2.7755575615628914e-17,-7.552676885564102e-16,-7.552676885564103e-13,-7.552676885564103e-10,-1.1504942346203528e-06
B_minus_C36,B,C36,2,"[0.125,0.0625,-0.1875]",11,0.0037121043868500836,0.01289852182654525,1.1123168892784282e-36,8.540197387981218e-37,empty,True,-0.009186417439695166,-0.24997515316836105,-249.97515316836106,-249975.15316836105,2.2275766388135665e-06,6.061544831128007e-05,0.060615448311280073,60.61544831128007,1.0770824042261734e-06
B_minus_C36,B,C36,2,"[0.125,0.0625,-0.1875]",12,0.0037121454488653204,0.01289860859427926,1.1122712162431022e-36,8.539456406553022e-37,empty,True,-0.00918646314541394,-0.24997639688432824,-249.97639688432824,-249976.39688432825,2.18187092004829e-06,5.937173234430795e-05,0.05937173234430795,59.37173234430795,1.0313766854522233e-06
B_minus_C36,B,C36,2,"[0.125,0.0625,-0.1875]",13,0.02693991012927529,0.03612597188761058,9.089095589305052e-47,6.980949854030408e-47,empty,True,-0.009186061758335293,-0.24996547458549703,-249.96547458549702,-249965.47458549702,2.5832579987061788e-06,7.029403117581372e-05,0.07029403117581372,70.29403117581371,1.4327637640997037e-06
B_minus_C36,B,C36,2,"[0.125,0.0625,-0.1875]",14,0.026939963896460875,0.03612605507518674,9.088606907353423e-47,6.980369149886834e-47,empty,True,-0.009186091178725868,-0.24996627515510847,-249.96627515510846,-249966.27515510848,2.5538376081379877e-06,6.949346156455506e-05,0.06949346156455505,69.49346156455505,1.4033433735245737e-06
B_minus_C36,B,C36,2,"[0.125,0.0625,-0.1875]",15,0.04715369760356394,0.05633573850640365,1.512809741578477e-55,1.166606509152855e-55,empty,True,-0.009182040902839708,-0.2498560615335674,-249.8560615335674,-249856.0615335674,6.6041134942906865e-06,0.00017970708310543912,0.17970708310543912,179.7070831054391,5.4536192596842115e-06
B_minus_C36,B,C36,2,"[0.125,0.0625,-0.1875]",16,0.047153744898658256,0.05633580210564071,1.512738194791003e-55,1.166532316228231e-55,empty,True,-0.009182057206982452,-0.24985650519189304,-249.85650519189304,-249856.50519189303,6.587809351532581e-06,0.00017926342477943868,0.17926342477943868,179.26342477943868,5.437315116939984e-06
B_minus_C36,B,C36,2,"[0.125,0.0625,-0.1875]",17,0.09932708162513436,0.108513642629517,3.3202556901550954e-78,2.548875115493201e-78,empty,True,-0.009186561004382643,-0.24997905976252324,-249.97905976252324,-249979.05976252325,2.084011951342113e-06,5.67088541492108e-05,0.0567088541492108,56.7088541492108,9.335177167495157e-07
B_minus_C36,B,C36,2,"[0.125,0.0625,-0.1875]",18,0.09932712922988512,0.1085136677721065,3.320097633972548e-78,2.548811030978059e-78,empty,True,-0.009186538542221373,-0.249978448535977,-249.978448535977,-249978.44853597702,2.1064741125842446e-06,5.7320080694689944e-05,0.05732008069468995,57.32008069468994,9.559798780194029e-07
B_minus_C36,B,C36,2,"[0.125,0.0625,-0.1875]",19,0.12546308681829366,0.1346439629146778,1.4806373320498128e-89,0.0,empty,True,-0.009180876096384155,-0.24982436553520354,-249.82436553520355,-249824.36553520354,7.768919949857622e-06,0.0002114030814696831,0.21140308146968312,211.40308146968312,6.618425715237269e-06
B_minus_C36,B,C36,2,"[0.125,0.0625,-0.1875]",20,0.12546311410941113,0.1346439960284307,1.4805969243538324e-89,0.0,empty,True,-0.009180881919019557,-0.2498245239771844,-249.8245239771844,-249824.5239771844,7.763097314428258e-06,0.00021124463948804514,0.21124463948804514,211.24463948804512,6.6126030798356605e-06
B_minus_C36,B,C36,2,"[0.125,0.0625,-0.1875]",21,0.1473767408331712,0.1565643998708757,4.5026654331735445e-99,0.0,empty,True,-0.009187659037704493,-0.25000893877135505,-250.00893877135505,-250008.93877135505,9.85978629519657e-07,2.6829845318142392e-05,0.026829845318142392,26.829845318142393,-1.6451560510069574e-07
B_minus_C36,B,C36,2,"[0.125,0.0625,-0.1875]",22,0.14737674642775125,0.1565644464526393,4.5026402427218255e-99,0.0,empty,True,-0.009187700024888057,-0.25001005408943816,-250.01005408943817,-250010.05408943817,9.449914459280784e-07,2.571452723429701e-05,0.02571452723429701,25.71452723429701,-2.0550278866451888e-07
B_minus_C36,B,C36,2,"[0.125,0.0625,-0.1875]",23,0.17155259744008075,0.1807379133734572,1.425701342669377e-109,0.0,empty,True,-0.009185315933376459,-0.2499451796544703,-249.9451796544703,-249945.1796544703,3.329082957526097e-06,9.058896220215539e-05,0.0905889622021554,90.58896220215539,2.1785887229335e-06
B_minus_C36,B,C36,2,"[0.125,0.0625,-0.1875]",24,0.17155260460548016,0.1807379226864797,1.425691126986377e-109,0.0,empty,True,-0.009185318080999538,-0.24994523809427144,-249.94523809427145,-249945.23809427145,3.3269353344467234e-06,9.053052240103176e-05,0.09053052240103177,90.53052240103177,2.176441099854126e-06
B_minus_C36,B,C36,3,"[-0.125,-0.0625,0.1875]",1,-3.2990329996764305,-3.28985316957708,1.0,1.0,occupied,True,-0.009179830099350639,-0.24979590250591238,-249.79590250591238,-249795.90250591238,8.814916983013177e-06,0.0002398661107510291,0.2398661107510291,239.86611075102908,7.664422748753646e-06
B_minus_C36,B,C36,3,"[-0.125,-0.0625,0.1875]",2,-3.2990329996121917,-3.289853169487341,1.0,1.0,occupied,True,-0.009179830124850685,-0.249795903199804,-249.795903199804,-249795.903199804,8.814891482966658e-06,0.00023986541685941398,0.23986541685941398,239.86541685941398,7.664397248707128e-06
B_minus_C36,B,C36,3,"[-0.125,-0.0625,0.1875]",3,-1.6698394183220608,-1.660668305506474,1.0,1.0,occupied,True,-0.009171112815586913,-0.2495586931304018,-249.5586931304018,-249558.6931304018,1.7532200747183424e-05,0.0004770754862736848,0.47707548627368485,477.0754862736848,1.6381706512479804e-05
B_minus_C36,B,C36,3,"[-0.125,-0.0625,0.1875]",4,-1.6698392843970074,-1.660667837996332,1.0,1.0,occupied,True,-0.009171446400675354,-0.24956777044308928,-249.56777044308927,-249567.77044308928,1.7198615658742256e-05,0.0004679981735862125,0.4679981735862125,467.9981735862125,1.6048121424038636e-05
B_minus_C36,B,C36,3,"[-0.125,-0.0625,0.1875]",5,-1.6617473024400644,-1.652578634576065,1.0,1.0,occupied,True,-0.009168667863999502,-0.24949216260840404,-249.49216260840404,-249492.16260840403,1.997715233459374e-05,0.0005436060082714314,0.5436060082714314,543.6060082714313,1.882665809989012e-05
B_minus_C36,B,C36,3,"[-0.125,-0.0625,0.1875]",6,-1.6617472310301666,-1.652578307101453,1.0,1.0,occupied,True,-0.009168923928713602,-0.24949913048424338,-249.49913048424338,-249499.1304842434,1.9721087620494515e-05,0.0005366381324321106,0.5366381324321107,536.6381324321106,1.8570593385790896e-05
B_minus_C36,B,C36,3,"[-0.125,-0.0625,0.1875]",7,-1.6580719649957438,-1.648907956083784,1.0,1.0,occupied,True,-0.009164008911959787,-0.24936538606494985,-249.36538606494986,-249365.38606494985,2.4636104374309298e-05,0.0006703825517256324,0.6703825517256324,670.3825517256324,2.3485610139605678e-05
B_minus_C36,B,C36,3,"[-0.125,-0.0625,0.1875]",8,-1.6580718689107352,-1.648907325718169,1.0,1.0,occupied,True,-0.00916454319256621,-0.24937992458089497,-249.37992458089496,-249379.92458089496,2.4101823767885833e-05,0.0006558440357805065,0.6558440357805065,655.8440357805065,2.2951329533182213e-05
B_minus_C36,B,C36,3,"[-0.125,-0.0625,0.1875]",9,-0.16186113476038647,-0.1526724901708453,1.0,1.0,occupied,True,-0.009188644589541162,-0.2500357570030481,-250.03575700304808,-250035.7570030481,4.267928233048224e-10,1.1613624361960243e-08,1.1613624361960244e-05,0.011613624361960243,-1.1500674417692924e-06
B_minus_C36,B,C36,3,"[-0.125,-0.0625,0.1875]",10,-0.1618611320535128,-0.1526724870371788,1.0,1.0,occupied,True,-0.009188645016333985,-0.2500357686166725,-250.03576861667247,-250035.7686166725,0.0,0.0,0.0,0.0,-1.1504942345925973e-06
B_minus_C36,B,C36,3,"[-0.125,-0.0625,0.1875]",11,0.0037121043868500146,0.01289852182654522,1.1123168892785072e-36,8.540197387981583e-37,empty,True,-0.009186417439695206,-0.24997515316836214,-249.97515316836214,-249975.15316836213,2.227576638785811e-06,6.06154483105248e-05,0.0606154483105248,60.615448310524805,1.0770824041862748e-06
B_minus_C36,B,C36,3,"[-0.125,-0.0625,0.1875]",12,0.003712145448865285,0.01289860859427902,1.1122712162431496e-36,8.539456406555085e-37,empty,True,-0.009186463145413735,-0.2499763968843227,-249.9763968843227,-249976.3968843227,2.181870920242579e-06,5.9371732349594824e-05,0.05937173234959482,59.37173234959482,1.0313766856569206e-06
B_minus_C36,B,C36,3,"[-0.125,-0.0625,0.1875]",13,0.0269399101292753,0.03612597188761041,9.089095589305052e-47,6.980949854031599e-47,empty,True,-0.009186061758335109,-0.249965474585492,-249.96547458549202,-249965.47458549202,2.5832579988727122e-06,7.029403118034532e-05,0.07029403118034533,70.29403118034533,1.4327637642835844e-06
B_minus_C36,B,C36,3,"[-0.125,-0.0625,0.1875]",14,0.02693996389646074,0.03612605507518651,9.088606907354714e-47,6.980369149888321e-47,empty,True,-0.009186091178725767,-0.24996627515510572,-249.96627515510573,-249966.27515510572,2.5538376082212544e-06,6.949346156682085e-05,0.06949346156682086,69.49346156682086,1.4033433736251877e-06
B_minus_C36,B,C36,3,"[-0.125,-0.0625,0.1875]",15,0.047153697603563874,0.05633573850640305,1.512809741578563e-55,1.166606509153534e-55,empty,True,-0.009182040902839174,-0.24985606153355286,-249.85606153355286,-249856.06153355286,6.6041134948180424e-06,0.0001797070831197892,0.1797070831197892,179.7070831197892,5.453619260218506e-06
B_minus_C36,B,C36,3,"[-0.125,-0.0625,0.1875]",16,0.047153744898658125,0.05633580210563989,1.512738194791218e-55,1.166532316229209e-55,empty,True,-0.009182057206981765,-0.24985650519187433,-249.85650519187433,-249856.50519187434,6.587809352198715e-06,0.0001792634247975651,0.1792634247975651,179.2634247975651,5.437315117626934e-06
B_minus_C36,B,C36,3,"[-0.125,-0.0625,0.1875]",17,0.09932708162513536,0.1085136426295175,3.3202556901517924e-78,2.548875115492042e-78,empty,True,-0.009186561004382143,-0.24997905976250964,-249.97905976250965,-249979.05976250966,2.0840119518417133e-06,5.670885416280562e-05,0.05670885416280562,56.708854162805615,9.33517717249116e-07
B_minus_C36,B,C36,3,"[-0.125,-0.0625,0.1875]",18,0.09932712922988597,0.1085136677721064,3.3200976339697173e-78,2.548811030978349e-78,empty,True,-0.00918653854222043,-0.24997844853595133,-249.97844853595134,-249978.44853595132,2.1064741135834453e-06,5.732008072187958e-05,0.057320080721879586,57.320080721879584,9.559798789630924e-07
B_minus_C36,B,C36,3,"[-0.125,-0.0625,0.1875]",19,0.1254630868182931,0.1346439629146757,1.4806373320506545e-89,0.0,empty,True,-0.0091808760963826,-0.24982436553516124,-249.82436553516123,-249824.36553516125,7.768919951411934e-06,0.00021140308151197808,0.2114030815119781,211.4030815119781,6.618425716791582e-06
B_minus_C36,B,C36,3,"[-0.125,-0.0625,0.1875]",20,0.12546311410941005,0.1346439960284314,1.4805969243554315e-89,0.0,empty,True,-0.00918088191902136,-0.2498245239772335,-249.8245239772335,-249824.5239772335,7.763097312651901e-06,0.000211244639439708,0.211244639439708,211.244639439708,6.612603078031548e-06
B_minus_C36,B,C36,3,"[-0.125,-0.0625,0.1875]",21,0.14737674083317095,0.156564399870877,4.502665433174696e-99,0.0,empty,True,-0.009187659037706047,-0.25000893877139735,-250.00893877139734,-250008.93877139734,9.859786279098337e-07,2.6829845274336867e-05,0.026829845274336867,26.82984527433687,-1.6451560665500797e-07
B_minus_C36,B,C36,3,"[-0.125,-0.0625,0.1875]",22,0.14737674642775195,0.1565644464526399,4.502640242718754e-99,0.0,empty,True,-0.009187700024887946,-0.25001005408943516,-250.01005408943516,-250010.05408943517,9.449914459835895e-07,2.5714527235807545e-05,0.025714527235807545,25.714527235807545,-2.0550278855349657e-07
B_minus_C36,B,C36,3,"[-0.125,-0.0625,0.1875]",23,0.17155259744007934,0.1807379133734585,1.4257013426713626e-109,0.0,empty,True,-0.009185315933379151,-0.24994517965454358,-249.94517965454358,-249945.17965454358,3.329082954861562e-06,9.05889621296497e-05,0.09058896212964969,90.58896212964969,2.178588720241209e-06
B_minus_C36,B,C36,3,"[-0.125,-0.0625,0.1875]",24,0.17155260460547986,0.1807379226864796,1.4256911269868632e-109,0.0,empty,True,-0.009185318080999733,-0.2499452380942767,-249.9452380942767,-249945.23809427672,3.326935334224679e-06,9.053052239498963e-05,0.09053052239498963,90.53052239498963,2.176441099659837e-06
B_minus_G40,B,G40,1,"[0.0,0.0,0.0]",1,-3.299210557192533,-3.290026709683869,1.0,1.0,occupied,True,-0.009183847508663856,-0.24990522178244254,-249.90522178244254,-249905.22178244253,1.1565432900262351e-06,3.147114617510151e-05,0.03147114617510151,31.47114617510151,3.6470134355363892e-06
B_minus_G40,B,G40,1,"[0.0,0.0,0.0]",2,-3.299210557192532,-3.290026709683865,1.0,1.0,occupied,True,-0.009183847508666965,-0.2499052217825271,-249.90522178252712,-249905.2217825271,1.1565432869176107e-06,3.1471146090511525e-05,0.03147114609051153,31.471146090511528,3.6470134324277648e-06
B_minus_G40,B,G40,1,"[0.0,0.0,0.0]",3,-1.6706679272848615,-1.661484050124307,1.0,1.0,occupied,True,-0.009183877160554355,-0.2499060286514878,-249.90602865148782,-249906.0286514878,1.126891399749752e-06,3.066427713586468e-05,0.03066427713586468,30.66427713586468,3.6173615450378616e-06
B_minus_G40,B,G40,1,"[0.0,0.0,0.0]",4,-1.6706679272848604,-1.661484050124304,1.0,1.0,occupied,True,-0.009183877160556353,-0.24990602865154218,-249.9060286515422,-249906.02865154218,1.1268913977513506e-06,3.0664277081485404e-05,0.030664277081485405,30.664277081485405,3.61736154303946e-06
B_minus_G40,B,G40,1,"[0.0,0.0,0.0]",5,-1.6619559041740135,-1.652772022458752,1.0,1.0,occupied,True,-0.00918388171526141,-0.24990615259138074,-249.90615259138073,-249906.15259138076,1.1223366926937928e-06,3.054033724292768e-05,0.03054033724292768,30.540337242927677,3.6128068379819023e-06
B_minus_G40,B,G40,1,"[0.0,0.0,0.0]",6,-1.6619559041740133,-1.652772022458749,1.0,1.0,occupied,True,-0.009183881715264297,-0.2499061525914593,-249.9061525914593,-249906.15259145928,1.122336689807213e-06,3.054033716437984e-05,0.030540337164379837,30.54033716437984,3.6128068350953224e-06
B_minus_G40,B,G40,1,"[0.0,0.0,0.0]",7,-1.661768592521668,-1.652584719435195,1.0,1.0,occupied,True,-0.00918387308647306,-0.2499059177900881,-249.90591779008813,-249905.9177900881,1.1309654810442993e-06,3.077513853556813e-05,0.030775138535568132,30.775138535568132,3.6214356263324088e-06
B_minus_G40,B,G40,1,"[0.0,0.0,0.0]",8,-1.6617685925216659,-1.652584719435191,1.0,1.0,occupied,True,-0.009183873086474836,-0.24990591779013643,-249.90591779013644,-249905.91779013645,1.1309654792679424e-06,3.0775138487231e-05,0.030775138487231,30.775138487231,3.621435624556052e-06
B_minus_G40,B,G40,1,"[0.0,0.0,0.0]",9,-0.16839752452506868,-0.1592125117318751,1.0,1.0,occupied,True,-0.009185012793193587,-0.24993693078986748,-249.9369307898675,-249936.93078986747,-8.741239482246144e-09,-2.3786124382001879e-07,-0.0002378612438200188,-0.2378612438200188,2.4817289058058634e-06
B_minus_G40,B,G40,1,"[0.0,0.0,0.0]",10,-0.1683975245250678,-0.1592125117318731,1.0,1.0,occupied,True,-0.009185012793194697,-0.2499369307898977,-249.9369307898977,-249936.9307898977,-8.741240592469168e-09,-2.3786127403072633e-07,-0.00023786127403072635,-0.23786127403072635,2.4817289046956403e-06
B_minus_G40,B,G40,1,"[0.0,0.0,0.0]",11,0.05133330181710102,0.06051854170658223,2.3152893067032346e-57,1.786990194143389e-57,empty,True,-0.009185239889481216,-0.24994311039466519,-249.94311039466518,-249943.1103946652,-2.3583752711830996e-07,-6.417466041713351e-06,-0.006417466041713351,-6.417466041713351,2.2546326181767384e-06
B_minus_G40,B,G40,1,"[0.0,0.0,0.0]",12,0.05133330181710185,0.06051854170660355,2.315289306701326e-57,1.786990194105297e-57,empty,True,-0.0091852398895017,-0.24994311039522257,-249.94311039522256,-249943.11039522258,-2.3583754760192477e-07,-6.417466599100905e-06,-0.006417466599100905,-6.417466599100905,2.2546325976931236e-06
B_minus_G40,B,G40,1,"[0.0,0.0,0.0]",13,0.051645598947307594,0.06083081476879809,1.6942455186935316e-57,1.307686684657375e-57,empty,True,-0.009185215821490497,-0.24994245547127358,-249.94245547127358,-249942.45547127357,-2.1176953637902507e-07,-5.762542649541976e-06,-0.005762542649541976,-5.762542649541976,2.2787006088952066e-06
B_minus_G40,B,G40,1,"[0.0,0.0,0.0]",14,0.051645598947308455,0.06083081476880585,1.6942455186921353e-57,1.307686684647266e-57,empty,True,-0.009185215821497394,-0.24994245547146127,-249.94245547146127,-249942.45547146126,-2.117695432901634e-07,-5.76254283760363e-06,-0.00576254283760363,-5.762542837603631,2.278700601997946e-06
B_minus_G40,B,G40,1,"[0.0,0.0,0.0]",15,0.051823320179086065,0.06100852929600227,1.4183812949241317e-57,1.094770945739041e-57,empty,True,-0.009185209116916206,-0.24994227303051292,-249.94227303051292,-249942.2730305129,-2.0506496212213676e-07,-5.580101889822927e-06,-0.005580101889822927,-5.580101889822927,2.2854051831867894e-06
B_minus_G40,B,G40,1,"[0.0,0.0,0.0]",16,0.051823320179086224,0.0610085292960071,1.4183812949238898e-57,1.094770945733752e-57,empty,True,-0.009185209116920875,-0.24994227303064,-249.94227303064002,-249942.27303064,-2.0506496678507347e-07,-5.580102016707898e-06,-0.005580102016707899,-5.580102016707899,2.285405178516914e-06
B_minus_G40,B,G40,1,"[0.0,0.0,0.0]",17,0.05640445888115713,0.06558844253609487,1.4528799691002484e-59,1.122773659200118e-59,empty,True,-0.009183983654937743,-0.2499089265112872,-249.9089265112872,-249908.92651128722,1.0203970163547016e-06,2.7766417336274376e-05,0.027766417336274378,27.766417336274376,3.51086716164975e-06
B_minus_G40,B,G40,1,"[0.0,0.0,0.0]",18,0.05640445888115721,0.06558844253610262,1.4528799691001246e-59,1.122773659191406e-59,empty,True,-0.00918398365494541,-0.24990892651149585,-249.90892651149585,-249908.92651149584,1.0203970087219183e-06,2.776641712857576e-05,0.027766417128575763,27.766417128575764,3.5108671539822722e-06
B_minus_G40,B,G40,1,"[0.0,0.0,0.0]",19,0.09354014131029723,0.1027253652005468,1.0824498273205532e-75,8.354714762732516e-76,empty,True,-0.009185223890249575,-0.24994267503339337,-249.94267503339339,-249942.67503339337,-2.1983829545657585e-07,-5.982104769326976e-06,-0.005982104769326976,-5.982104769326975,2.270631849817656e-06
B_minus_G40,B,G40,1,"[0.0,0.0,0.0]",20,0.09354014131029759,0.1027253652005517,1.082449827320184e-75,8.354714762691913e-76,empty,True,-0.009185223890254113,-0.24994267503351686,-249.94267503351685,-249942.67503351686,-2.1983830000849025e-07,-5.982104893190876e-06,-0.0059821048931908765,-5.9821048931908765,2.2706318452796193e-06
B_minus_G40,B,G40,1,"[0.0,0.0,0.0]",21,0.09368651173632925,0.102871796870165,9.350609215227756e-76,7.216675228215907e-76,empty,True,-0.00918528513383575,-0.24994434155627185,-249.94434155627184,-249944.34155627186,-2.8108188160347325e-07,-7.648627647059213e-06,-0.007648627647059212,-7.648627647059212,2.209388263643003e-06
B_minus_G40,B,G40,1,"[0.0,0.0,0.0]",22,0.09368651173633004,0.1028717968701708,9.350609215220314e-76,7.21667522817386e-76,empty,True,-0.00918528513384076,-0.24994434155640818,-249.94434155640818,-249944.34155640818,-2.81081886654988e-07,-7.648627784517932e-06,-0.007648627784517931,-7.648627784517931,2.2093882586331215e-06
B_minus_G40,B,G40,1,"[0.0,0.0,0.0]",23,0.2447916347905861,0.2539770697253799,2.2218706767542748e-141,0.0,empty,True,-0.009185434934793818,-0.2499484178480019,-249.9484178480019,-249948.4178480019,-4.3088283974146435e-07,-1.1724919378970119e-05,-0.01172491937897012,-11.72491937897012,2.0595873055744007e-06
B_minus_G40,B,G40,1,"[0.0,0.0,0.0]",24,0.2447916347905864,0.2539770793794403,2.221870676753517e-141,0.0,empty,True,-0.009185444588853897,-0.24994868054835953,-249.94868054835953,-249948.68054835952,-4.4053689973733157e-07,-1.1987619734359536e-05,-0.011987619734359535,-11.987619734359535,2.0499332454952668e-06
B_minus_G40,B,G40,2,"[0.125,0.0625,-0.1875]",1,-3.2990329996764296,-3.289849151959801,1.0,1.0,occupied,True,-0.009183847716628613,-0.24990522744145183,-249.9052274414518,-249905.22744145183,1.1563353252697084e-06,3.146548716578611e-05,0.03146548716578611,31.465487165786108,3.6468054707798625e-06
B_minus_G40,B,G40,2,"[0.125,0.0625,-0.1875]",2,-3.2990329996122,-3.289849151895668,1.0,1.0,occupied,True,-0.009183847716532245,-0.24990522743882956,-249.90522743882957,-249905.22743882958,1.156335421637067e-06,3.1465489788075526e-05,0.03146548978807553,31.465489788075523,3.646805567147221e-06
B_minus_G40,B,G40,2,"[0.125,0.0625,-0.1875]",3,-1.6698394183220604,-1.660655539645817,1.0,1.0,occupied,True,-0.009183878676243484,-0.24990606989549013,-249.90606989549013,-249906.06989549013,1.1253757106199913e-06,3.0623033133525927e-05,0.030623033133525927,30.623033133525926,3.615845855908101e-06
B_minus_G40,B,G40,2,"[0.125,0.0625,-0.1875]",4,-1.6698392843970074,-1.660655406012684,1.0,1.0,occupied,True,-0.00918387838432344,-0.2499060619519411,-249.9060619519411,-249906.06195194108,1.1256676306636848e-06,3.0630976682587816e-05,0.030630976682587813,30.630976682587814,3.6161377759517943e-06
B_minus_G40,B,G40,2,"[0.125,0.0625,-0.1875]",5,-1.6617473024400644,-1.652563421914582,1.0,1.0,occupied,True,-0.009183880525482468,-0.2499061202158464,-249.9061202158464,-249906.1202158464,1.1235264716358273e-06,3.057271277726671e-05,0.030572712777266715,30.572712777266712,3.613996616923937e-06
B_minus_G40,B,G40,2,"[0.125,0.0625,-0.1875]",6,-1.661747231030168,-1.652563350689304,1.0,1.0,occupied,True,-0.009183880340863926,-0.24990611519211994,-249.90611519211996,-249906.11519211993,1.123711090178503e-06,3.057773650373963e-05,0.030577736503739635,30.577736503739633,3.6141812354666125e-06
B_minus_G40,B,G40,2,"[0.125,0.0625,-0.1875]",7,-1.6580719649957434,-1.648888092242373,1.0,1.0,occupied,True,-0.009183872753370403,-0.24990590872590304,-249.90590872590303,-249905.90872590305,1.1312985837008682e-06,3.078420272061559e-05,0.03078420272061559,30.784202720615593,3.6217687289889777e-06
B_minus_G40,B,G40,2,"[0.125,0.0625,-0.1875]",8,-1.658071868910734,-1.648887996428969,1.0,1.0,occupied,True,-0.009183872481764999,-0.24990590133514348,-249.90590133514348,-249905.90133514348,1.1315701891057017e-06,3.079159348019301e-05,0.030791593480193013,30.79159348019301,3.6220403343938112e-06
B_minus_G40,B,G40,2,"[0.125,0.0625,-0.1875]",9,-0.16186113476038724,-0.1526761307085706,1.0,1.0,occupied,True,-0.009185004051816631,-0.24993669292488283,-249.93669292488283,-249936.69292488284,1.3747336602421e-13,3.7408408614199e-12,3.7408408614199e-09,3.7408408614198998e-06,2.4904702827614755e-06
B_minus_G40,B,G40,2,"[0.125,0.0625,-0.1875]",10,-0.1618611320535129,-0.152676128001559,1.0,1.0,occupied,True,-0.00918500405195391,-0.2499366929286184,-249.93669292861838,-249936.6929286184,1.942890293094024e-16,5.286873819894872e-15,5.286873819894872e-12,5.2868738198948716e-09,2.4904701454823985e-06
B_minus_G40,B,G40,2,"[0.125,0.0625,-0.1875]",11,0.0037121043868500836,0.01289701158087318,1.1123168892784282e-36,8.587958216433072e-37,empty,True,-0.009184907194023095,-0.249934057290052,-249.934057290052,-249934.057290052,9.685793100899787e-08,2.635638571672421e-06,0.0026356385716724213,2.635638571672421,2.5873280762971074e-06
B_minus_G40,B,G40,2,"[0.125,0.0625,-0.1875]",12,0.0037121454488653204,0.01289705268702681,1.1122712162431022e-36,8.587605205758755e-37,empty,True,-0.00918490723816149,-0.24993405849111888,-249.9340584911189,-249934.0584911189,9.681379262160839e-08,2.634437504964891e-06,0.0026344375049648914,2.6344375049648914,2.587283937902779e-06
B_minus_G40,B,G40,2,"[0.125,0.0625,-0.1875]",13,0.02693991012927529,0.03612506958290297,9.089095589305052e-47,7.015724188937902e-47,empty,True,-0.009185159453627682,-0.24994092162358666,-249.94092162358666,-249940.92162358668,-1.5540167358496504e-07,-4.228694963192346e-06,-0.004228694963192347,-4.228694963192346,2.3350684717100834e-06
B_minus_G40,B,G40,2,"[0.125,0.0625,-0.1875]",14,0.026939963896460875,0.03612512350641348,9.088606907353423e-47,7.015345886660574e-47,empty,True,-0.009185159609952608,-0.2499409258774046,-249.9409258774046,-249940.9258774046,-1.5555799848243623e-07,-4.232948780357299e-06,-0.004232948780357299,-4.232948780357298,2.3349121467848566e-06
B_minus_G40,B,G40,2,"[0.125,0.0625,-0.1875]",15,0.04715369760356394,0.05633885877809071,1.512809741578477e-55,1.167711080634989e-55,empty,True,-0.009185161174526765,-0.2499409684516363,-249.9409684516363,-249940.9684516363,-1.5712257267486152e-07,-4.275523013017877e-06,-0.0042755230130178765,-4.275523013017877,2.3333475726271258e-06
B_minus_G40,B,G40,2,"[0.125,0.0625,-0.1875]",16,0.047153744898658256,0.05633890628839111,1.512738194791003e-55,1.167655603648619e-55,empty,True,-0.009185161389732854,-0.24994097430769233,-249.94097430769233,-249940.97430769232,-1.5733777875004407e-07,-4.281379068652151e-06,-0.004281379068652151,-4.281379068652151,2.3331323665380654e-06
B_minus_G40,B,G40,2,"[0.125,0.0625,-0.1875]",17,0.09932708162513436,0.1085118349273916,3.3202556901550954e-78,2.563892165146938e-78,empty,True,-0.009184753302257237,-0.24992986968177114,-249.92986968177115,-249929.86968177115,2.507496968395806e-07,6.823246851764469e-06,0.006823246851764469,6.823246851764469,2.7412198421554457e-06
B_minus_G40,B,G40,2,"[0.125,0.0625,-0.1875]",18,0.09932712922988512,0.1085118824821892,3.320097633972548e-78,2.563770242673005e-78,empty,True,-0.00918475325230407,-0.24992986832247624,-249.92986832247624,-249929.86832247625,2.5079964999230597e-07,6.824606146297484e-06,0.006824606146297484,6.824606146297484,2.741269795322049e-06
B_minus_G40,B,G40,2,"[0.125,0.0625,-0.1875]",19,0.12546308681829366,0.1346481018109147,1.4806373320498128e-89,0.0,empty,True,-0.009185014992621032,-0.24993699063933725,-249.93699063933724,-249936.99063933725,-1.0940666927972131e-08,-2.977107135656801e-07,-0.0002977107135656801,-0.2977107135656801,2.4795294783601374e-06
B_minus_G40,B,G40,2,"[0.125,0.0625,-0.1875]",20,0.12546311410941113,0.1346481292004228,1.4805969243538324e-89,0.0,empty,True,-0.009185015091011661,-0.24993699331668265,-249.93699331668265,-249936.99331668264,-1.1039057556949672e-08,-3.003880589737729e-07,-0.0003003880589737729,-0.3003880589737729,2.47943108773116e-06
B_minus_G40,B,G40,2,"[0.125,0.0625,-0.1875]",21,0.1473767408331712,0.1565616717766078,4.5026654331735445e-99,0.0,empty,True,-0.009184930943436587,-0.24993470354451564,-249.93470354451563,-249934.70354451562,7.310851757313941e-08,1.989384109553786e-06,0.001989384109553786,1.9893841095537859,2.5635786628057378e-06
B_minus_G40,B,G40,2,"[0.125,0.0625,-0.1875]",22,0.14737674642775125,0.1565616773839831,4.5026402427218255e-99,0.0,empty,True,-0.009184930956231852,-0.2499347038926925,-249.9347038926925,-249934.70389269252,7.30957222527806e-08,1.9890359311493615e-06,0.0019890359311493613,1.9890359311493615,2.56356586754089e-06
B_minus_G40,B,G40,2,"[0.125,0.0625,-0.1875]",23,0.17155259744008075,0.1807376633274277,1.425701342669377e-109,0.0,empty,True,-0.009185065887346938,-0.24993837555538173,-249.93837555538173,-249938.37555538173,-6.183539286164219e-08,-1.682626758830122e-06,-0.001682626758830122,-1.682626758830122,2.428634752454223e-06
B_minus_G40,B,G40,2,"[0.125,0.0625,-0.1875]",24,0.17155260460548016,0.1807376705382888,1.425691126986377e-109,0.0,empty,True,-0.009185065932808628,-0.24993837679245734,-249.93837679245735,-249938.37679245733,-6.188085449609915e-08,-1.683863832924704e-06,-0.0016838638329247039,-1.6838638329247038,2.4285892907642548e-06
B_minus_G40,B,G40,3,"[-0.125,-0.0625,0.1875]",1,-3.2990329996764305,-3.289849151959801,1.0,1.0,occupied,True,-0.0091838477166295,-0.249905227441476,-249.905227441476,-249905.227441476,1.15633532438153e-06,3.146548714161754e-05,0.031465487141617544,31.465487141617544,3.646805469891684e-06
B_minus_G40,B,G40,3,"[-0.125,-0.0625,0.1875]",2,-3.2990329996121917,-3.289849151895663,1.0,1.0,occupied,True,-0.009183847716528692,-0.24990522743873286,-249.90522743873285,-249905.22743873287,1.1563354251897806e-06,3.146548988474979e-05,0.03146548988474979,31.46548988474979,3.6468055706999347e-06
B_minus_G40,B,G40,3,"[-0.125,-0.0625,0.1875]",3,-1.6698394183220608,-1.660655539645819,1.0,1.0,occupied,True,-0.00918387867624193,-0.24990606989544784,-249.90606989544784,-249906.06989544784,1.1253757121743035e-06,3.062303317582092e-05,0.030623033175820918,30.623033175820918,3.615845857462413e-06
B_minus_G40,B,G40,3,"[-0.125,-0.0625,0.1875]",4,-1.6698392843970074,-1.660655406012684,1.0,1.0,occupied,True,-0.00918387838432344,-0.2499060619519411,-249.9060619519411,-249906.06195194108,1.1256676306636848e-06,3.0630976682587816e-05,0.030630976682587813,30.630976682587814,3.6161377759517943e-06
B_minus_G40,B,G40,3,"[-0.125,-0.0625,0.1875]",5,-1.6617473024400644,-1.652563421914583,1.0,1.0,occupied,True,-0.009183880525481358,-0.24990612021581618,-249.90612021581617,-249906.1202158162,1.1235264727460503e-06,3.057271280747742e-05,0.03057271280747742,30.572712807477423,3.61399661803416e-06
B_minus_G40,B,G40,3,"[-0.125,-0.0625,0.1875]",6,-1.6617472310301666,-1.652563350689305,1.0,1.0,occupied,True,-0.009183880340861705,-0.24990611519205952,-249.90611519205953,-249906.11519205951,1.123711092398949e-06,3.0577736564161045e-05,0.03057773656416105,30.577736564161047,3.6141812376870586e-06
B_minus_G40,B,G40,3,"[-0.125,-0.0625,0.1875]",7,-1.6580719649957438,-1.648888092242374,1.0,1.0,occupied,True,-0.009183872753369737,-0.24990590872588492,-249.90590872588493,-249905.90872588492,1.131298584367002e-06,3.0784202738742016e-05,0.030784202738742016,30.784202738742014,3.6217687296551115e-06
B_minus_G40,B,G40,3,"[-0.125,-0.0625,0.1875]",8,-1.6580718689107352,-1.648887996428971,1.0,1.0,occupied,True,-0.00918387248176411,-0.2499059013351193,-249.9059013351193,-249905.9013351193,1.1315701899938801e-06,3.079159350436158e-05,0.03079159350436158,30.79159350436158,3.6220403352819897e-06
B_minus_G40,B,G40,3,"[-0.125,-0.0625,0.1875]",9,-0.16186113476038647,-0.1526761307085705,1.0,1.0,occupied,True,-0.009185004051815965,-0.2499366929248647,-249.9366929248647,-249936.6929248647,1.381394998389851e-13,3.758967285945254e-12,3.758967285945254e-09,3.7589672859452538e-06,2.4904702834276093e-06
B_minus_G40,B,G40,3,"[-0.125,-0.0625,0.1875]",10,-0.1618611320535128,-0.1526761280015587,1.0,1.0,occupied,True,-0.009185004051954104,-0.24993669292862367,-249.93669292862367,-249936.69292862367,0.0,0.0,0.0,0.0,2.4904701452881095e-06
B_minus_G40,B,G40,3,"[-0.125,-0.0625,0.1875]",11,0.0037121043868500146,0.0128970115808736,1.1123168892785072e-36,8.587958216429533e-37,empty,True,-0.009184907194023586,-0.24993405729006535,-249.93405729006534,-249934.05729006534,9.68579305093975e-08,2.6356385580776027e-06,0.002635638558077603,2.635638558077603,2.5873280758061806e-06
B_minus_G40,B,G40,3,"[-0.125,-0.0625,0.1875]",12,0.003712145448865285,0.01289705268702676,1.1122712162431496e-36,8.587605205759242e-37,empty,True,-0.009184907238161474,-0.24993405849111847,-249.93405849111846,-249934.05849111846,9.681379262160839e-08,2.634437504964891e-06,0.0026344375049648914,2.6344375049648914,2.5872839379183915e-06
B_minus_G40,B,G40,3,"[-0.125,-0.0625,0.1875]",13,0.0269399101292753,0.03612506958290312,9.089095589305052e-47,7.015724188936906e-47,empty,True,-0.009185159453627818,-0.24994092162359036,-249.94092162359036,-249940.92162359034,-1.5540167372374292e-07,-4.228694966968685e-06,-0.004228694966968685,-4.228694966968685,2.335068471574775e-06
B_minus_G40,B,G40,3,"[-0.125,-0.0625,0.1875]",14,0.02693996389646074,0.03612512350641319,9.088606907354714e-47,7.015345886662667e-47,empty,True,-0.009185159609952451,-0.24994092587740036,-249.94092587740036,-249940.92587740035,-1.5555799834365835e-07,-4.23294877658096e-06,-0.00423294877658096,-4.23294877658096,2.3349121469409817e-06
B_minus_G40,B,G40,3,"[-0.125,-0.0625,0.1875]",15,0.047153697603563874,0.05633885877809146,1.512809741578563e-55,1.167711080634126e-55,empty,True,-0.009185161174527584,-0.24994096845165859,-249.9409684516586,-249940.96845165858,-1.5712257345201763e-07,-4.275523034165372e-06,-0.004275523034165372,-4.2755230341653725,2.3333475718083363e-06
B_minus_G40,B,G40,3,"[-0.125,-0.0625,0.1875]",16,0.047153744898658125,0.05633890628839116,1.512738194791218e-55,1.167655603648603e-55,empty,True,-0.009185161389733035,-0.24994097430769724,-249.94097430769725,-249940.97430769724,-1.573377789443331e-07,-4.281379073939025e-06,-0.004281379073939024,-4.281379073939025,2.333132366357654e-06
B_minus_G40,B,G40,3,"[-0.125,-0.0625,0.1875]",17,0.09932708162513536,0.108511834927392,3.3202556901517924e-78,2.563892165145845e-78,empty,True,-0.00918475330225664,-0.2499298696817549,-249.9298696817549,-249929.8696817549,2.5074969745020326e-07,6.823246868380358e-06,0.006823246868380358,6.823246868380358,2.7412198427521905e-06
B_minus_G40,B,G40,3,"[-0.125,-0.0625,0.1875]",18,0.09932712922988597,0.1085118824821915,3.3200976339697173e-78,2.563770242667176e-78,empty,True,-0.009184753252305528,-0.2499298683225159,-249.92986832251592,-249929.8683225159,2.507996486045272e-07,6.8246061085340996e-06,0.0068246061085341,6.824606108534099,2.741269793864881e-06
B_minus_G40,B,G40,3,"[-0.125,-0.0625,0.1875]",19,0.1254630868182931,0.1346481018109164,1.4806373320506545e-89,0.0,empty,True,-0.009185014992623308,-0.24993699063939917,-249.93699063939917,-249936.99063939918,-1.094066914841818e-08,-2.977107739870951e-07,-0.00029771077398709514,-0.29771077398709517,2.47952947608418e-06
B_minus_G40,B,G40,3,"[-0.125,-0.0625,0.1875]",20,0.12546311410941005,0.1346481292004225,1.4805969243554315e-89,0.0,empty,True,-0.009185015091012438,-0.2499369933167038,-249.9369933167038,-249936.9933167038,-1.1039058334105789e-08,-3.003880801212682e-07,-0.0003003880801212682,-0.3003880801212682,2.4794310869540037e-06
B_minus_G40,B,G40,3,"[-0.125,-0.0625,0.1875]",21,0.14737674083317095,0.1565616717766075,4.502665433174696e-99,0.0,empty,True,-0.009184930943436531,-0.2499347035445141,-249.93470354451412,-249934.7035445141,7.310851757313941e-08,1.989384109553786e-06,0.001989384109553786,1.9893841095537859,2.563578662861249e-06
B_minus_G40,B,G40,3,"[-0.125,-0.0625,0.1875]",22,0.14737674642775195,0.1565616773839848,4.502640242718754e-99,0.0,empty,True,-0.00918493095623285,-0.2499347038927197,-249.9347038927197,-249934.7038927197,7.309572125357988e-08,1.9890359039597246e-06,0.001989035903959725,1.9890359039597247,2.5635658665416894e-06
B_minus_G40,B,G40,3,"[-0.125,-0.0625,0.1875]",23,0.17155259744007934,0.180737663327428,1.4257013426713626e-109,0.0,empty,True,-0.009185065887348659,-0.24993837555542858,-249.9383755554286,-249938.3755554286,-6.183539452697673e-08,-1.6826268041461833e-06,-0.0016826268041461835,-1.6826268041461834,2.428634750733377e-06
B_minus_G40,B,G40,3,"[-0.125,-0.0625,0.1875]",24,0.17155260460547986,0.1807376705382868,1.4256911269868632e-109,0.0,empty,True,-0.009185065932806935,-0.24993837679241127,-249.93837679241128,-249938.37679241126,-6.188085283076461e-08,-1.6838637876086426e-06,-0.0016838637876086427,-1.6838637876086426,2.428589292457345e-06
B_minus_D40,B,D40,1,"[0.0,0.0,0.0]",1,-3.299210557192533,-3.290024812759157,1.0,1.0,occupied,True,-0.009185744433375831,-0.2499568397334596,-249.95683973345962,-249956.8397334596,-6.645374650560143e-08,-1.8082985636564307e-06,-0.0018082985636564308,-1.8082985636564306,1.7500887235614992e-06
B_minus_D40,B,D40,1,"[0.0,0.0,0.0]",2,-3.299210557192532,-3.290024812759153,1.0,1.0,occupied,True,-0.00918574443337894,-0.2499568397335442,-249.9568397335442,-249956.8397335442,-6.64537496142259e-08,-1.8082986482464117e-06,-0.001808298648246412,-1.8082986482464118,1.7500887204528748e-06
B_minus_D40,B,D40,1,"[0.0,0.0,0.0]",3,-1.6706679272848615,-1.661482194526161,1.0,1.0,occupied,True,-0.009185732758700382,-0.2499565220493567,-249.9565220493567,-249956.5220493567,-5.477907105699842e-08,-1.4906144607280226e-06,-0.0014906144607280227,-1.4906144607280227,1.7617633990101023e-06
B_minus_D40,B,D40,1,"[0.0,0.0,0.0]",4,-1.6706679272848604,-1.66148219452616,1.0,1.0,occupied,True,-0.009185732758700382,-0.2499565220493567,-249.9565220493567,-249956.5220493567,-5.4779070834953814e-08,-1.4906144546858812e-06,-0.001490614454685881,-1.490614454685881,1.7617633990101023e-06
B_minus_D40,B,D40,1,"[0.0,0.0,0.0]",5,-1.6619559041740135,-1.652770171047958,1.0,1.0,occupied,True,-0.009185733126055418,-0.24995653204559645,-249.95653204559645,-249956.53204559645,-5.514642609227849e-08,-1.5006107004824345e-06,-0.0015006107004824347,-1.5006107004824347,1.7613960439748222e-06
B_minus_D40,B,D40,1,"[0.0,0.0,0.0]",6,-1.6619559041740133,-1.652770171047956,1.0,1.0,occupied,True,-0.009185733126057194,-0.24995653204564477,-249.95653204564476,-249956.53204564477,-5.514642764659072e-08,-1.5006107427774251e-06,-0.0015006107427774252,-1.5006107427774251,1.7613960421984654e-06
B_minus_D40,B,D40,1,"[0.0,0.0,0.0]",7,-1.661768592521668,-1.652582860127112,1.0,1.0,occupied,True,-0.009185732394556112,-0.2499565121404863,-249.9565121404863,-249956.5121404863,-5.441492656466096e-08,-1.4807055842976815e-06,-0.0014807055842976813,-1.4807055842976813,1.7621275432803951e-06
B_minus_D40,B,D40,1,"[0.0,0.0,0.0]",8,-1.6617685925216659,-1.652582860127112,1.0,1.0,occupied,True,-0.009185732394553892,-0.24995651214042588,-249.95651214042587,-249956.51214042588,-5.441492434421491e-08,-1.4807055238762663e-06,-0.0014807055238762663,-1.4807055238762663,1.7621275455008412e-06
B_minus_D40,B,D40,1,"[0.0,0.0,0.0]",9,-0.16839752452506868,-0.1592118428248981,1.0,1.0,occupied,True,-0.00918568170017059,-0.24995513267598135,-249.95513267598136,-249955.13267598135,-3.720541180696202e-09,-1.0124108311200254e-07,-0.00010124108311200254,-0.10124108311200254,1.8128219288031377e-06
B_minus_D40,B,D40,1,"[0.0,0.0,0.0]",10,-0.1683975245250678,-0.1592118428248981,1.0,1.0,occupied,True,-0.009185681700169701,-0.24995513267595718,-249.95513267595717,-249955.13267595717,-3.720540292517782e-09,-1.012410589434365e-07,-0.0001012410589434365,-0.1012410589434365,1.8128219296913162e-06
B_minus_D40,B,D40,1,"[0.0,0.0,0.0]",11,0.05133330181710102,0.06051903453536974,2.3152893067032346e-57,1.786109730909394e-57,empty,True,-0.009185732718268724,-0.24995652094915524,-249.95652094915525,-249956.52094915524,-5.47386393157101e-08,-1.4895142569992286e-06,-0.0014895142569992287,-1.4895142569992288,1.7618038306681238e-06
B_minus_D40,B,D40,1,"[0.0,0.0,0.0]",12,0.05133330181710185,0.06051903453536974,2.315289306701326e-57,1.786109730909394e-57,empty,True,-0.009185732718267892,-0.24995652094913257,-249.95652094913257,-249956.52094913257,-5.4738638483042834e-08,-1.489514234341198e-06,-0.001489514234341198,-1.489514234341198,1.7618038315007911e-06
B_minus_D40,B,D40,1,"[0.0,0.0,0.0]",13,0.051645598947307594,0.06083132204717227,1.6942455186935316e-57,1.307023491708016e-57,empty,True,-0.009185723099864679,-0.24995625921904768,-249.9562592190477,-249956.25921904767,-4.5120235270257325e-08,-1.227784149448507e-06,-0.001227784149448507,-1.227784149448507,1.7714222347135766e-06
B_minus_D40,B,D40,1,"[0.0,0.0,0.0]",14,0.051645598947308455,0.06083132204717227,1.6942455186921353e-57,1.307023491708016e-57,empty,True,-0.009185723099863818,-0.24995625921902426,-249.95625921902425,-249956.25921902424,-4.5120234437590057e-08,-1.2277841267904763e-06,-0.0012277841267904763,-1.2277841267904763,1.7714222355739995e-06
B_minus_D40,B,D40,1,"[0.0,0.0,0.0]",15,0.051823320179086065,0.06100904505326645,1.4183812949241317e-57,1.094206455253724e-57,empty,True,-0.009185724874180387,-0.24995630750063774,-249.95630750063773,-249956.30750063775,-4.689455099238238e-08,-1.2760657398855686e-06,-0.0012760657398855684,-1.2760657398855686,1.7696479190053294e-06
B_minus_D40,B,D40,1,"[0.0,0.0,0.0]",16,0.051823320179086224,0.06100904505326645,1.4183812949238898e-57,1.094206455253724e-57,empty,True,-0.009185724874180227,-0.24995630750063338,-249.9563075006334,-249956.30750063338,-4.6894550825848924e-08,-1.2760657353539624e-06,-0.0012760657353539625,-1.2760657353539624,1.769647919164924e-06
B_minus_D40,B,D40,1,"[0.0,0.0,0.0]",17,0.05640445888115713,0.06559032020486005,1.4528799691002484e-59,1.120667440179477e-59,empty,True,-0.009185861323702922,-0.2499600204812985,-249.9600204812985,-249960.0204812985,-1.833440735066194e-07,-4.989046400100153e-06,-0.004989046400100153,-4.989046400100153,1.6331983964702756e-06
B_minus_D40,B,D40,1,"[0.0,0.0,0.0]",18,0.05640445888115721,0.06559032020486005,1.4528799691001246e-59,1.120667440179477e-59,empty,True,-0.009185861323702846,-0.24996002048129645,-249.96002048129645,-249960.02048129647,-1.8334407342335268e-07,-4.98904639783435e-06,-0.00498904639783435,-4.9890463978343496,1.6331983965466035e-06
B_minus_D40,B,D40,1,"[0.0,0.0,0.0]",19,0.09354014131029723,0.1027257628310916,1.0824498273205532e-75,8.351393333343969e-76,empty,True,-0.009185621520794371,-0.249953495111731,-249.953495111731,-249953.495111731,5.6458835051564904e-08,1.5363231675862631e-06,0.0015363231675862633,1.5363231675862632,1.873001305021521e-06
B_minus_D40,B,D40,1,"[0.0,0.0,0.0]",20,0.09354014131029759,0.1027257628310916,1.082449827320184e-75,8.351393333343969e-76,empty,True,-0.00918562152079401,-0.2499534951117212,-249.95349511172122,-249953.49511172122,5.645883538463181e-08,1.5363231766494754e-06,0.0015363231766494755,1.5363231766494756,1.8730013053823436e-06
B_minus_D40,B,D40,1,"[0.0,0.0,0.0]",21,0.09368651173632925,0.1028721503784294,9.350609215227756e-76,7.214124524755414e-76,empty,True,-0.009185638642100147,-0.24995396100619552,-249.95396100619553,-249953.96100619552,3.933752928952927e-08,1.0704287034599715e-06,0.0010704287034599715,1.0704287034599715,1.8558799992456076e-06
B_minus_D40,B,D40,1,"[0.0,0.0,0.0]",22,0.09368651173633004,0.1028721503784294,9.350609215220314e-76,7.214124524755414e-76,empty,True,-0.009185638642099356,-0.249953961006174,-249.953961006174,-249953.961006174,3.933753006668539e-08,1.0704287246074668e-06,0.001070428724607467,1.0704287246074669,1.8558800000366416e-06
B_minus_D40,B,D40,1,"[0.0,0.0,0.0]",23,0.2447916347905861,0.25397743306927,2.2218706767542748e-141,0.0,empty,True,-0.009185798278683904,-0.24995830493893514,-249.95830493893516,-249958.30493893515,-1.2029905449573164e-07,-3.2735040369096705e-06,-0.0032735040369096706,-3.273504036909671,1.6962434154881023e-06
B_minus_D40,B,D40,1,"[0.0,0.0,0.0]",24,0.2447916347905864,0.2539774330698479,2.221870676753517e-141,0.0,empty,True,-0.00918579827926147,-0.24995830495465152,-249.9583049546515,-249958.3049546515,-1.2029963203374905e-07,-3.273519752519734e-06,-0.0032735197525197344,-3.2735197525197344,1.6962428379223293e-06
B_minus_D40,B,D40,2,"[0.125,0.0625,-0.1875]",1,-3.2990329996764296,-3.289847255160299,1.0,1.0,occupied,True,-0.009185744516130523,-0.2499568419853295,-249.9568419853295,-249956.8419853295,-6.653650119758936e-08,-1.8105504335437813e-06,-0.0018105504335437816,-1.8105504335437814,1.7500059688695113e-06
B_minus_D40,B,D40,2,"[0.125,0.0625,-0.1875]",2,-3.2990329996122,-3.289847255095966,1.0,1.0,occupied,True,-0.009185744516233996,-0.24995684198814513,-249.95684198814513,-249956.84198814514,-6.653660467037525e-08,-1.8105532491817244e-06,-0.0018105532491817244,-1.8105532491817244,1.7500058653967254e-06
B_minus_D40,B,D40,2,"[0.125,0.0625,-0.1875]",3,-1.6698394183220604,-1.660653685231514,1.0,1.0,occupied,True,-0.009185733090546488,-0.24995653107934926,-249.95653107934925,-249956.53107934925,-5.511091716314809e-08,-1.499644453296686e-06,-0.001499644453296686,-1.4996444532966862,1.7614315529039526e-06
B_minus_D40,B,D40,2,"[0.125,0.0625,-0.1875]",4,-1.6698392843970074,-1.660653551607783,1.0,1.0,occupied,True,-0.00918573278922441,-0.2499565228799578,-249.9565228799578,-249956.52287995777,-5.480959486270365e-08,-1.491445055794765e-06,-0.001491445055794765,-1.491445055794765,1.7617328749823524e-06
B_minus_D40,B,D40,2,"[0.125,0.0625,-0.1875]",5,-1.6617473024400644,-1.652561569500316,1.0,1.0,occupied,True,-0.009185732939748448,-0.24995652697592552,-249.95652697592553,-249956.52697592552,-5.496011912242693e-08,-1.4955410295654855e-06,-0.0014955410295654857,-1.4955410295654856,1.7615823509446737e-06
B_minus_D40,B,D40,2,"[0.125,0.0625,-0.1875]",6,-1.661747231030168,-1.652561498277796,1.0,1.0,occupied,True,-0.009185732752371889,-0.24995652187714962,-249.9565218771496,-249956.52187714961,-5.477274256371345e-08,-1.4904422536528903e-06,-0.0014904422536528904,-1.4904422536528903,1.7617697275033872e-06
B_minus_D40,B,D40,2,"[0.125,0.0625,-0.1875]",7,-1.6580719649957434,-1.648886232173392,1.0,1.0,occupied,True,-0.009185732822351467,-0.24995652378139094,-249.95652378139093,-249956.52378139095,-5.484272214140162e-08,-1.4923464949706938e-06,-0.0014923464949706939,-1.4923464949706937,1.761699747925699e-06
B_minus_D40,B,D40,2,"[0.125,0.0625,-0.1875]",8,-1.658071868910734,-1.648886136360737,1.0,1.0,occupied,True,-0.009185732549997105,-0.2499565163702512,-249.95651637025122,-249956.51637025122,-5.45703675580711e-08,-1.4849353492078237e-06,-0.0014849353492078236,-1.4849353492078237,1.761972102286985e-06
B_minus_D40,B,D40,2,"[0.125,0.0625,-0.1875]",9,-0.16186113476038724,-0.152675456780284,1.0,1.0,occupied,True,-0.009185677980103252,-0.24995503144779216,-249.95503144779215,-249955.03144779216,-4.738431869100168e-13,-1.2893929979035035e-11,-1.2893929979035037e-08,-1.2893929979035036e-05,1.816541996140647e-06
B_minus_D40,B,D40,2,"[0.125,0.0625,-0.1875]",10,-0.1618611320535129,-0.1526754540738834,1.0,1.0,occupied,True,-0.00918567797962952,-0.24995503143490125,-249.95503143490126,-249955.03143490126,-1.1102230246251565e-16,-3.021070754225641e-15,-3.021070754225641e-12,-3.021070754225641e-09,1.8165424698728116e-06
B_minus_D40,B,D40,2,"[0.125,0.0625,-0.1875]",11,0.0037121043868500836,0.01289785856550232,1.1123168892784282e-36,8.580687427386044e-37,empty,True,-0.009185754178652236,-0.24995710491593995,-249.95710491593994,-249957.10491593994,-7.619902284150548e-08,-2.0734810421065345e-06,-0.0020734810421065343,-2.0734810421065344,1.7403434471562063e-06
B_minus_D40,B,D40,2,"[0.125,0.0625,-0.1875]",12,0.0037121454488653204,0.01289789966172143,1.1122712162431022e-36,8.580334800821301e-37,empty,True,-0.00918575421285611,-0.2499571058466748,-249.9571058466748,-249957.1058466748,-7.623322667571486e-08,-2.074411775850299e-06,-0.0020744117758502993,-2.074411775850299,1.7403092432820982e-06
B_minus_D40,B,D40,2,"[0.125,0.0625,-0.1875]",13,0.02693991012927529,0.03612563520711246,9.089095589305052e-47,7.011757047550937e-47,empty,True,-0.009185725077837173,-0.2499563130424212,-249.9563130424212,-249956.31304242118,-4.709820775050666e-08,-1.2816075225924927e-06,-0.0012816075225924926,-1.2816075225924928,1.7694442622194495e-06
B_minus_D40,B,D40,2,"[0.125,0.0625,-0.1875]",14,0.026939963896460875,0.03612568906869222,9.088606907353423e-47,7.011379393409991e-47,empty,True,-0.009185725172231346,-0.2499563156110175,-249.9563156110175,-249956.3156110175,-4.719260193741803e-08,-1.2841761192719133e-06,-0.0012841761192719135,-1.2841761192719134,1.769349868046416e-06
B_minus_D40,B,D40,2,"[0.125,0.0625,-0.1875]",15,0.04715369760356394,0.05633940577636226,1.512809741578477e-55,1.167072519354081e-55,empty,True,-0.009185708172798318,-0.24995585303287943,-249.95585303287942,-249955.85303287941,-3.019316890950918e-08,-8.215979811867993e-07,-0.0008215979811867993,-0.8215979811867994,1.7863493010743248e-06
B_minus_D40,B,D40,2,"[0.125,0.0625,-0.1875]",16,0.047153744898658256,0.05633945322139858,1.512738194791003e-55,1.167017148869588e-55,empty,True,-0.009185708322740321,-0.2499558571130092,-249.9558571130092,-249955.8571130092,-3.03431109127672e-08,-8.256781109519494e-07,-0.0008256781109519494,-0.8256781109519494,1.7861993590710668e-06
B_minus_D40,B,D40,2,"[0.125,0.0625,-0.1875]",17,0.09932708162513436,0.1085128386137525,3.3202556901550954e-78,2.561320112532975e-78,empty,True,-0.009185756988618135,-0.24995718137900738,-249.95718137900738,-249957.18137900738,-7.900898874035889e-08,-2.1499441095182696e-06,-0.0021499441095182694,-2.1499441095182696,1.7375334812573529e-06
B_minus_D40,B,D40,2,"[0.125,0.0625,-0.1875]",18,0.09932712922988512,0.1085128861676186,3.320097633972548e-78,2.561198314755241e-78,empty,True,-0.009185756937733477,-0.24995717999436529,-249.95717999436528,-249957.1799943653,-7.895810411051585e-08,-2.148559468201627e-06,-0.0021485594682016267,-2.148559468201627,1.7375843659149515e-06
B_minus_D40,B,D40,2,"[0.125,0.0625,-0.1875]",19,0.12546308681829366,0.1346487519783179,1.4806373320498128e-89,0.0,empty,True,-0.009185665160024253,-0.24995468259567083,-249.95468259567082,-249954.68259567083,1.2819605155200975e-08,3.4883922739914294e-07,0.00034883922739914296,0.3488392273991429,1.829362075139035e-06
B_minus_D40,B,D40,2,"[0.125,0.0625,-0.1875]",20,0.12546311410941113,0.1346487793424302,1.4805969243538324e-89,0.0,empty,True,-0.009185665233019058,-0.24995468458196066,-249.95468458196066,-249954.68458196067,1.2746610378311374e-08,3.468529383312608e-07,0.0003468529383312608,0.3468529383312608,1.8292890803343897e-06
B_minus_D40,B,D40,2,"[0.125,0.0625,-0.1875]",21,0.1473767408331712,0.1565624054251015,4.5026654331735445e-99,0.0,empty,True,-0.009185664591930293,-0.24995466713704664,-249.95466713704664,-249954.66713704664,1.338769917147431e-08,3.6429785309998726e-07,0.00036429785309998727,0.36429785309998725,1.8299301690997971e-06
B_minus_D40,B,D40,2,"[0.125,0.0625,-0.1875]",22,0.14737674642775125,0.1565624110495083,4.5026402427218255e-99,0.0,empty,True,-0.009185664621757045,-0.2499546679486739,-249.95466794867392,-249954.66794867392,1.335787236378394e-08,3.6348622431544004e-07,0.00036348622431544,0.36348622431544003,1.8299003423476179e-06
B_minus_D40,B,D40,2,"[0.125,0.0625,-0.1875]",23,0.17155259744008075,0.1807384107151914,1.425701342669377e-109,0.0,empty,True,-0.009185813275110644,-0.24995871301249545,-249.95871301249545,-249958.71301249546,-1.3529548120727597e-07,-3.6815775964670502e-06,-0.0036815775964670503,-3.6815775964670503,1.6812469887488024e-06
B_minus_D40,B,D40,2,"[0.125,0.0625,-0.1875]",24,0.17155260460548016,0.1807384179204407,1.425691126986377e-109,0.0,empty,True,-0.009185813314960545,-0.2499587140968665,-249.95871409686652,-249958.71409686652,-1.3533533110843265e-07,-3.682661967519289e-06,-0.003682661967519289,-3.682661967519289,1.6812071388476457e-06
B_minus_D40,B,D40,3,"[-0.125,-0.0625,0.1875]",1,-3.2990329996764305,-3.289847255160294,1.0,1.0,occupied,True,-0.009185744516136296,-0.2499568419854866,-249.9568419854866,-249956.8419854866,-6.653650697074909e-08,-1.8105505906394607e-06,-0.0018105505906394607,-1.8105505906394608,1.7500059630963516e-06
B_minus_D40,B,D40,3,"[-0.125,-0.0625,0.1875]",2,-3.2990329996121917,-3.289847255095959,1.0,1.0,occupied,True,-0.009185744516232663,-0.24995684198810889,-249.9568419881089,-249956.84198810888,-6.653660333810762e-08,-1.8105532129288754e-06,-0.0018105532129288754,-1.8105532129288753,1.750005866728993e-06
B_minus_D40,B,D40,3,"[-0.125,-0.0625,0.1875]",3,-1.6698394183220608,-1.66065368523151,1.0,1.0,occupied,True,-0.00918573309055093,-0.2499565310794701,-249.9565310794701,-249956.5310794701,-5.5110921604040186e-08,-1.4996445741395162e-06,-0.0014996445741395164,-1.4996445741395164,1.7614315484630605e-06
B_minus_D40,B,D40,3,"[-0.125,-0.0625,0.1875]",4,-1.6698392843970074,-1.66065355160778,1.0,1.0,occupied,True,-0.009185732789227297,-0.24995652288003634,-249.95652288003635,-249956.52288003633,-5.480959797132812e-08,-1.491445140384746e-06,-0.001491445140384746,-1.491445140384746,1.7617328720957726e-06
B_minus_D40,B,D40,3,"[-0.125,-0.0625,0.1875]",5,-1.6617473024400644,-1.65256156950032,1.0,1.0,occupied,True,-0.009185732939744451,-0.24995652697581677,-249.9565269758168,-249956.52697581679,-5.496011512562404e-08,-1.4955409208069383e-06,-0.0014955409208069384,-1.4955409208069383,1.7615823549414766e-06
B_minus_D40,B,D40,3,"[-0.125,-0.0625,0.1875]",6,-1.6617472310301666,-1.652561498277793,1.0,1.0,occupied,True,-0.009185732752373665,-0.24995652187719794,-249.95652187719793,-249956.52187719793,-5.477274434007029e-08,-1.4904423019900223e-06,-0.0014904423019900224,-1.4904423019900224,1.7617697257270304e-06
B_minus_D40,B,D40,3,"[-0.125,-0.0625,0.1875]",7,-1.6580719649957438,-1.648886232173391,1.0,1.0,occupied,True,-0.009185732822352799,-0.2499565237814272,-249.9565237814272,-249956.52378142718,-5.484272347366925e-08,-1.4923465312235428e-06,-0.0014923465312235429,-1.4923465312235429,1.7616997465934314e-06
B_minus_D40,B,D40,3,"[-0.125,-0.0625,0.1875]",8,-1.6580718689107352,-1.648886136360734,1.0,1.0,occupied,True,-0.009185732550001324,-0.249956516370366,-249.95651637036602,-249956.516370366,-5.457037177691859e-08,-1.4849354640085123e-06,-0.0014849354640085123,-1.4849354640085124,1.7619720980681375e-06
B_minus_D40,B,D40,3,"[-0.125,-0.0625,0.1875]",9,-0.16186113476038647,-0.1526754567802844,1.0,1.0,occupied,True,-0.009185677980102058,-0.24995503144775968,-249.9550314477597,-249955.03144775968,-4.726496971585448e-13,-1.2861453468427111e-11,-1.286145346842711e-08,-1.286145346842711e-05,1.8165419973341368e-06
B_minus_D40,B,D40,3,"[-0.125,-0.0625,0.1875]",10,-0.1618611320535128,-0.1526754540738851,1.0,1.0,occupied,True,-0.009185677979627688,-0.2499550314348514,-249.9550314348514,-249955.0314348514,1.7208456881689926e-15,4.6826596690497437e-14,4.682659669049744e-11,4.682659669049744e-08,1.8165424717046796e-06
B_minus_D40,B,D40,3,"[-0.125,-0.0625,0.1875]",11,0.0037121043868500146,0.01289785856550275,1.1123168892785072e-36,8.580687427382264e-37,empty,True,-0.009185754178652736,-0.24995710491595355,-249.95710491595355,-249957.10491595356,-7.619902331335027e-08,-2.0734810549460852e-06,-0.0020734810549460853,-2.073481054946085,1.740343446656606e-06
B_minus_D40,B,D40,3,"[-0.125,-0.0625,0.1875]",12,0.003712145448865285,0.01289789966172025,1.1122712162431496e-36,8.580334800831421e-37,empty,True,-0.009185754212854965,-0.24995710584664363,-249.95710584664363,-249957.10584664362,-7.623322556549184e-08,-2.0744117456395918e-06,-0.0020744117456395917,-2.074411745639592,1.7403092444270157e-06
B_minus_D40,B,D40,3,"[-0.125,-0.0625,0.1875]",13,0.0269399101292753,0.03612563520711229,9.089095589305052e-47,7.011757047552132e-47,empty,True,-0.009185725077836989,-0.2499563130424162,-249.95631304241618,-249956.3130424162,-4.7098207583973206e-08,-1.2816075180608865e-06,-0.0012816075180608867,-1.2816075180608866,1.7694442624033302e-06
B_minus_D40,B,D40,3,"[-0.125,-0.0625,0.1875]",14,0.02693996389646074,0.03612568906869119,9.088606907354714e-47,7.011379393417266e-47,empty,True,-0.009185725172230447,-0.24995631561099305,-249.95631561099304,-249956.31561099304,-4.719260102148404e-08,-1.2841760943480795e-06,-0.0012841760943480796,-1.2841760943480796,1.7693498689450027e-06
B_minus_D40,B,D40,3,"[-0.125,-0.0625,0.1875]",15,0.047153697603563874,0.05633940577636218,1.512809741578563e-55,1.167072519354213e-55,empty,True,-0.009185708172798304,-0.24995585303287904,-249.95585303287905,-249955.85303287904,-3.019316888175361e-08,-8.215979804315316e-07,-0.0008215979804315316,-0.8215979804315316,1.7863493010882026e-06
B_minus_D40,B,D40,3,"[-0.125,-0.0625,0.1875]",16,0.047153744898658125,0.05633945322140049,1.512738194791218e-55,1.167017148867316e-55,empty,True,-0.009185708322742368,-0.2499558571130649,-249.9558571130649,-249955.8571130649,-3.03431129666798e-08,-8.256781668417584e-07,-0.0008256781668417584,-0.8256781668417584,1.786199357024093e-06
B_minus_D40,B,D40,3,"[-0.125,-0.0625,0.1875]",17,0.09932708162513536,0.1085128386137523,3.3202556901517924e-78,2.561320112533339e-78,empty,True,-0.009185756988616942,-0.2499571813789749,-249.9571813789749,-249957.1813789749,-7.900898751911356e-08,-2.1499440762864913e-06,-0.0021499440762864914,-2.1499440762864914,1.7375334824508426e-06
B_minus_D40,B,D40,3,"[-0.125,-0.0625,0.1875]",18,0.09932712922988597,0.1085128861676166,3.3200976339697173e-78,2.561198314760482e-78,empty,True,-0.009185756937730633,-0.24995717999428788,-249.95717999428788,-249957.17999428787,-7.895810122393598e-08,-2.148559389653787e-06,-0.002148559389653787,-2.148559389653787,1.737584368759898e-06
B_minus_D40,B,D40,3,"[-0.125,-0.0625,0.1875]",19,0.1254630868182931,0.1346487519783162,1.4806373320506545e-89,0.0,empty,True,-0.009185665160023088,-0.2499546825956391,-249.9546825956391,-249954.6825956391,1.2819606376446302e-08,3.4883926063092123e-07,0.00034883926063092124,0.34883926063092124,1.829362076304769e-06
B_minus_D40,B,D40,3,"[-0.125,-0.0625,0.1875]",20,0.12546311410941005,0.1346487793424298,1.4805969243554315e-89,0.0,empty,True,-0.009185665233019752,-0.24995468458197953,-249.95468458197954,-249954.68458197953,1.2746609656666408e-08,3.468529186943009e-07,0.0003468529186943009,0.3468529186943009,1.8292890796405004e-06
B_minus_D40,B,D40,3,"[-0.125,-0.0625,0.1875]",21,0.14737674083317095,0.1565624054251009,4.502665433174696e-99,0.0,empty,True,-0.009185664591929932,-0.24995466713703682,-249.9546671370368,-249954.66713703683,1.3387699449030066e-08,3.6429786065266416e-07,0.0003642978606526642,0.3642978606526642,1.8299301694606196e-06
B_minus_D40,B,D40,3,"[-0.125,-0.0625,0.1875]",22,0.14737674642775195,0.1565624110495097,4.502640242718754e-99,0.0,empty,True,-0.009185664621757739,-0.24995466794869278,-249.9546679486928,-249954.66794869278,1.3357871642138974e-08,3.6348620467848014e-07,0.0003634862046784801,0.36348620467848014,1.8299003416537285e-06
B_minus_D40,B,D40,3,"[-0.125,-0.0625,0.1875]",23,0.17155259744007934,0.1807384107151928,1.4257013426713626e-109,0.0,empty,True,-0.009185813275113475,-0.2499587130125725,-249.9587130125725,-249958.7130125725,-1.3529548403834468e-07,-3.6815776735043546e-06,-0.0036815776735043544,-3.6815776735043544,1.6812469859177337e-06
B_minus_D40,B,D40,3,"[-0.125,-0.0625,0.1875]",24,0.17155260460547986,0.1807384179204424,1.4256911269868632e-109,0.0,empty,True,-0.009185813314962543,-0.2499587140969209,-249.9587140969209,-249958.71409692088,-1.3533533316234525e-07,-3.6826620234090978e-06,-0.0036826620234090978,-3.682662023409098,1.6812071368492443e-06
B_minus_C40,B,C40,1,"[0.0,0.0,0.0]",1,-3.299210557192533,-3.290024812759157,1.0,1.0,occupied,True,-0.009185744433375831,-0.2499568397334596,-249.95683973345962,-249956.8397334596,-6.645374650560143e-08,-1.8082985636564307e-06,-0.0018082985636564308,-1.8082985636564306,1.7500887235614992e-06
B_minus_C40,B,C40,1,"[0.0,0.0,0.0]",2,-3.299210557192532,-3.290024812759157,1.0,1.0,occupied,True,-0.009185744433374943,-0.24995683973343547,-249.95683973343546,-249956.83973343545,-6.645374561742301e-08,-1.8082985394878647e-06,-0.0018082985394878646,-1.8082985394878648,1.7500887244496777e-06
B_minus_C40,B,C40,1,"[0.0,0.0,0.0]",3,-1.6706679272848615,-1.661482194526152,1.0,1.0,occupied,True,-0.009185732758709486,-0.24995652204960442,-249.95652204960442,-249956.52204960442,-5.4779079938782615e-08,-1.490614702413683e-06,-0.0014906147024136831,-1.490614702413683,1.7617633899062735e-06
B_minus_C40,B,C40,1,"[0.0,0.0,0.0]",4,-1.6706679272848604,-1.661482194526151,1.0,1.0,occupied,True,-0.009185732758709264,-0.24995652204959837,-249.95652204959836,-249956.52204959837,-5.477907971673801e-08,-1.4906146963715414e-06,-0.0014906146963715415,-1.4906146963715414,1.761763390128318e-06
B_minus_C40,B,C40,1,"[0.0,0.0,0.0]",5,-1.6619559041740135,-1.652770171047861,1.0,1.0,occupied,True,-0.009185733126152451,-0.24995653204823687,-249.95653204823688,-249956.53204823687,-5.5146522903726236e-08,-1.5006133348561324e-06,-0.0015006133348561324,-1.5006133348561324,1.7613959469413298e-06
B_minus_C40,B,C40,1,"[0.0,0.0,0.0]",6,-1.6619559041740133,-1.652770171047863,1.0,1.0,occupied,True,-0.00918573312615023,-0.24995653204817644,-249.95653204817646,-249956.53204817645,-5.514652068328019e-08,-1.5006132744347172e-06,-0.0015006132744347172,-1.5006132744347171,1.7613959491617759e-06
B_minus_C40,B,C40,1,"[0.0,0.0,0.0]",7,-1.661768592521668,-1.652582860127211,1.0,1.0,occupied,True,-0.00918573239445708,-0.24995651213779152,-249.95651213779152,-249956.51213779152,-5.441482753276716e-08,-1.4807028895025686e-06,-0.0014807028895025686,-1.4807028895025687,1.762127642312289e-06
B_minus_C40,B,C40,1,"[0.0,0.0,0.0]",8,-1.6617685925216659,-1.652582860127212,1.0,1.0,occupied,True,-0.009185732394453971,-0.24995651213770692,-249.9565121377069,-249956.51213770692,-5.4414824424142694e-08,-1.4807028049125874e-06,-0.0014807028049125875,-1.4807028049125874,1.7621276454209134e-06
B_minus_C40,B,C40,1,"[0.0,0.0,0.0]",9,-0.16839752452506868,-0.1592118428248968,1.0,1.0,occupied,True,-0.009185681700171866,-0.24995513267601607,-249.95513267601606,-249955.13267601607,-3.720542263163651e-09,-1.0124111256744239e-07,-0.00010124111256744239,-0.10124111256744239,1.8128219275263813e-06
B_minus_C40,B,C40,1,"[0.0,0.0,0.0]",10,-0.1683975245250678,-0.1592118428248964,1.0,1.0,occupied,True,-0.009185681700171394,-0.24995513267600325,-249.95513267600325,-249955.13267600324,-3.7205417913188654e-09,-1.0124109972789169e-07,-0.00010124109972789169,-0.10124109972789169,1.812821927998226e-06
B_minus_C40,B,C40,1,"[0.0,0.0,0.0]",11,0.05133330181710102,0.06051903453655466,2.3152893067032346e-57,1.78610972879293e-57,empty,True,-0.009185732719453645,-0.24995652098139856,-249.95652098139857,-249956.52098139856,-5.473982403469968e-08,-1.489546494845247e-06,-0.001489546494845247,-1.489546494845247,1.7618026457479063e-06
B_minus_C40,B,C40,1,"[0.0,0.0,0.0]",12,0.05133330181710185,0.06051903453655533,2.315289306701326e-57,1.786109728791762e-57,empty,True,-0.009185732719453478,-0.249956520981394,-249.95652098139402,-249956.52098139402,-5.4739823868166226e-08,-1.489546490313641e-06,-0.001489546490313641,-1.4895464903136408,1.7618026459144398e-06
B_minus_C40,B,C40,1,"[0.0,0.0,0.0]",13,0.051645598947307594,0.06083132204876959,1.6942455186935316e-57,1.307023489620307e-57,empty,True,-0.009185723101461998,-0.24995625926251297,-249.95625926251296,-249956.25926251296,-4.51218323815894e-08,-1.2278276090618419e-06,-0.0012278276090618419,-1.2278276090618419,1.7714206373940777e-06
B_minus_C40,B,C40,1,"[0.0,0.0,0.0]",14,0.051645598947308455,0.06083132204877012,1.6942455186921353e-57,1.307023489619564e-57,empty,True,-0.009185723101461665,-0.2499562592625039,-249.9562592625039,-249956.25926250388,-4.512183207627807e-08,-1.2278276007538973e-06,-0.0012278276007538973,-1.2278276007538973,1.7714206377271446e-06
B_minus_C40,B,C40,1,"[0.0,0.0,0.0]",15,0.051823320179086065,0.06100904505050181,1.4183812949241317e-57,1.094206458278776e-57,empty,True,-0.009185724871415744,-0.24995630742540798,-249.95630742540797,-249956.30742540798,-4.6891786148473e-08,-1.2759905046500406e-06,-0.0012759905046500406,-1.2759905046500406,1.7696506836480108e-06
B_minus_C40,B,C40,1,"[0.0,0.0,0.0]",16,0.051823320179086224,0.06100904505050186,1.4183812949238898e-57,1.094206458278714e-57,empty,True,-0.009185724871415633,-0.24995630742540495,-249.95630742540496,-249956.30742540496,-4.68917860374507e-08,-1.27599050162897e-06,-0.00127599050162897,-1.2759905016289699,1.7696506837590331e-06
B_minus_C40,B,C40,1,"[0.0,0.0,0.0]",17,0.05640445888115713,0.06559032020495892,1.4528799691002484e-59,1.120667440068698e-59,empty,True,-0.009185861323801787,-0.24996002048398877,-249.96002048398876,-249960.02048398877,-1.8334417217769072e-07,-4.989049085076785e-06,-0.004989049085076786,-4.989049085076786,1.6331982976049153e-06
B_minus_C40,B,C40,1,"[0.0,0.0,0.0]",18,0.05640445888115721,0.06559032020495906,1.4528799691001246e-59,1.12066744006857e-59,empty,True,-0.00918586132380185,-0.2499600204839905,-249.9600204839905,-249960.0204839905,-1.8334417223320187e-07,-4.989049086587321e-06,-0.004989049086587321,-4.989049086587321,1.6331982975424653e-06
B_minus_C40,B,C40,1,"[0.0,0.0,0.0]",19,0.09354014131029723,0.102725762834677,1.0824498273205532e-75,8.351393303400658e-76,empty,True,-0.00918562152437978,-0.249953495209295,-249.953495209295,-249953.49520929498,5.645524980835148e-08,1.536225608148397e-06,0.001536225608148397,1.536225608148397,1.8729977196117742e-06
B_minus_C40,B,C40,1,"[0.0,0.0,0.0]",20,0.09354014131029759,0.102725762834677,1.082449827320184e-75,8.351393303401133e-76,empty,True,-0.00918562152437942,-0.24995349520928517,-249.95349520928517,-249953.49520928517,5.645525014141839e-08,1.5362256172116092e-06,0.0015362256172116093,1.5362256172116093,1.8729977199725967e-06
B_minus_C40,B,C40,1,"[0.0,0.0,0.0]",21,0.09368651173632925,0.1028721503747403,9.350609215227756e-76,7.214124551368288e-76,empty,True,-0.009185638638411056,-0.24995396090581026,-249.95396090581028,-249953.96090581027,3.93412185606401e-08,1.0705290936411344e-06,0.0010705290936411345,1.0705290936411345,1.8558836883363072e-06
B_minus_C40,B,C40,1,"[0.0,0.0,0.0]",22,0.09368651173633004,0.1028721503747399,9.350609215220314e-76,7.214124551371364e-76,empty,True,-0.009185638638409863,-0.2499539609057778,-249.9539609057778,-249953.96090577779,3.934121972637428e-08,1.0705291253623775e-06,0.0010705291253623773,1.0705291253623774,1.855883689529797e-06
B_minus_C40,B,C40,1,"[0.0,0.0,0.0]",23,0.2447916347905861,0.253977433069235,2.2218706767542748e-141,0.0,empty,True,-0.009185798278648877,-0.249958304937982,-249.95830493798198,-249958.304937982,-1.2029901930166176e-07,-3.2735030792302417e-06,-0.003273503079230242,-3.2735030792302418,1.6962434505156387e-06
B_minus_C40,B,C40,1,"[0.0,0.0,0.0]",24,0.2447916347905864,0.253977433069588,2.221870676753517e-141,0.0,empty,True,-0.009185798279001567,-0.24995830494757917,-249.95830494757917,-249958.30494757916,-1.2029937190849438e-07,-3.273512674150957e-06,-0.003273512674150957,-3.273512674150957,1.6962430978255394e-06
B_minus_C40,B,C40,2,"[0.125,0.0625,-0.1875]",1,-3.2990329996764296,-3.2898472551603,1.0,1.0,occupied,True,-0.009185744516129635,-0.24995684198530535,-249.95684198530535,-249956.84198530536,-6.653650030941094e-08,-1.8105504093752153e-06,-0.0018105504093752155,-1.8105504093752154,1.7500059697576897e-06
B_minus_C40,B,C40,2,"[0.125,0.0625,-0.1875]",2,-3.2990329996122,-3.289847255095959,1.0,1.0,occupied,True,-0.009185744516241101,-0.2499568419883385,-249.9568419883385,-249956.8419883385,-6.653661177580261e-08,-1.8105534425302525e-06,-0.0018105534425302526,-1.8105534425302527,1.750005858291298e-06
B_minus_C40,B,C40,2,"[0.125,0.0625,-0.1875]",3,-1.6698394183220604,-1.660653685231508,1.0,1.0,occupied,True,-0.009185733090552484,-0.2499565310795124,-249.95653107951242,-249956.5310795124,-5.5110922936307816e-08,-1.4996446103923654e-06,-0.0014996446103923654,-1.4996446103923653,1.7614315469087483e-06
B_minus_C40,B,C40,2,"[0.125,0.0625,-0.1875]",4,-1.6698392843970074,-1.660653551607777,1.0,1.0,occupied,True,-0.009185732789230405,-0.24995652288012093,-249.95652288012093,-249956.52288012093,-5.480960085790798e-08,-1.4914452189325855e-06,-0.0014914452189325857,-1.4914452189325857,1.761732868987148e-06
B_minus_C40,B,C40,2,"[0.125,0.0625,-0.1875]",5,-1.6617473024400644,-1.652561569500306,1.0,1.0,occupied,True,-0.00918573293975844,-0.2499565269761974,-249.9565269761974,-249956.5269761974,-5.496012889238955e-08,-1.495541295419712e-06,-0.0014955412954197119,-1.495541295419712,1.7615823409526665e-06
B_minus_C40,B,C40,2,"[0.125,0.0625,-0.1875]",6,-1.661747231030168,-1.652561498277782,1.0,1.0,occupied,True,-0.009185732752385878,-0.24995652187753026,-249.95652187753026,-249956.52187753026,-5.4772756330478956e-08,-1.4904426282656638e-06,-0.001490442628265664,-1.4904426282656638,1.7617697135145771e-06
B_minus_C40,B,C40,2,"[0.125,0.0625,-0.1875]",7,-1.6580719649957434,-1.648886232173403,1.0,1.0,occupied,True,-0.009185732822340364,-0.24995652378108882,-249.9565237810888,-249956.52378108882,-5.484271081712677e-08,-1.4923461868214768e-06,-0.001492346186821477,-1.492346186821477,1.7616997590279293e-06
B_minus_C40,B,C40,2,"[0.125,0.0625,-0.1875]",8,-1.658071868910734,-1.648886136360748,1.0,1.0,occupied,True,-0.009185732549986003,-0.24995651636994912,-249.95651636994913,-249956.51636994912,-5.457035645584085e-08,-1.4849350471007482e-06,-0.0014849350471007482,-1.4849350471007483,1.7619721133892152e-06
B_minus_C40,B,C40,2,"[0.125,0.0625,-0.1875]",9,-0.16186113476038724,-0.1526754567802835,1.0,1.0,occupied,True,-0.009185677980103751,-0.24995503144780576,-249.95503144780577,-249955.03144780576,-4.741484982417887e-13,-1.2902237923609156e-11,-1.2902237923609156e-08,-1.2902237923609157e-05,1.8165419956410467e-06
B_minus_C40,B,C40,2,"[0.125,0.0625,-0.1875]",10,-0.1618611320535129,-0.1526754540738832,1.0,1.0,occupied,True,-0.009185677979629714,-0.24995503143490655,-249.95503143490654,-249955.03143490656,-1.1102230246251565e-16,-3.021070754225641e-15,-3.021070754225641e-12,-3.021070754225641e-09,1.8165424696785226e-06
B_minus_C40,B,C40,2,"[0.125,0.0625,-0.1875]",11,0.0037121043868500836,0.01289785856551702,1.1123168892784282e-36,8.58068742725996e-37,empty,True,-0.009185754178666936,-0.24995710491633996,-249.95710491633997,-249957.10491633997,-7.619903735767153e-08,-2.0734814371115356e-06,-0.0020734814371115356,-2.0734814371115355,1.7403434324561595e-06
B_minus_C40,B,C40,2,"[0.125,0.0625,-0.1875]",12,0.0037121454488653204,0.01289789966173457,1.1122712162431022e-36,8.580334800708512e-37,empty,True,-0.00918575421286925,-0.24995710584703237,-249.95710584703238,-249957.10584703236,-7.623323963756867e-08,-2.0744121285603097e-06,-0.00207441212856031,-2.0744121285603097,1.740309230141568e-06
B_minus_C40,B,C40,2,"[0.125,0.0625,-0.1875]",13,0.02693991012927529,0.03612563520719088,9.089095589305052e-47,7.011757047001006e-47,empty,True,-0.00918572507791559,-0.249956313044555,-249.956313044555,-249956.31304455502,-4.709828599347432e-08,-1.2816096516921067e-06,-0.0012816096516921067,-1.2816096516921067,1.7694441838030095e-06
B_minus_C40,B,C40,2,"[0.125,0.0625,-0.1875]",14,0.026939963896460875,0.03612568906877164,9.088606907353423e-47,7.011379392853216e-47,empty,True,-0.009185725172310762,-0.24995631561317852,-249.95631561317853,-249956.3156131785,-4.719268115183084e-08,-1.2841782748058965e-06,-0.0012841782748058965,-1.2841782748058965,1.7693497886307752e-06
B_minus_C40,B,C40,2,"[0.125,0.0625,-0.1875]",15,0.04715369760356394,0.05633940577630611,1.512809741578477e-55,1.167072519419641e-55,empty,True,-0.009185708172742169,-0.2499558530313515,-249.95585303135152,-249955.85303135152,-3.019311256569068e-08,-8.215964479933916e-07,-0.0008215964479933916,-0.8215964479933916,1.7863493572238542e-06
B_minus_C40,B,C40,2,"[0.125,0.0625,-0.1875]",16,0.047153744898658256,0.05633945322132376,1.512738194791003e-55,1.167017148956871e-55,empty,True,-0.009185708322665506,-0.24995585711097335,-249.95585711097334,-249955.85711097333,-3.034303588944631e-08,-8.256760694633873e-07,-0.0008256760694633873,-0.8256760694633872,1.7861994338862208e-06
B_minus_C40,B,C40,2,"[0.125,0.0625,-0.1875]",17,0.09932708162513436,0.108512838613757,3.3202556901550954e-78,2.5613201125214e-78,empty,True,-0.009185756988622645,-0.2499571813791301,-249.95718137913008,-249957.18137913008,-7.900899307022868e-08,-2.149944227340029e-06,-0.002149944227340029,-2.149944227340029,1.7375334767470718e-06
B_minus_C40,B,C40,2,"[0.125,0.0625,-0.1875]",18,0.09932712922988512,0.1085128861676239,3.320097633972548e-78,2.561198314741702e-78,empty,True,-0.009185756937738779,-0.24995717999450956,-249.95717999450957,-249957.17999450956,-7.895810921754176e-08,-2.1485596071708815e-06,-0.0021485596071708817,-2.1485596071708817,1.7375843606136365e-06
B_minus_C40,B,C40,2,"[0.125,0.0625,-0.1875]",19,0.12546308681829366,0.1346487519783786,1.4806373320498128e-89,0.0,empty,True,-0.009185665160084955,-0.2499546825973226,-249.9546825973226,-249954.6825973226,1.2819544648046133e-08,3.488375809155819e-07,0.00034883758091558187,0.34883758091558187,1.829362014437591e-06
B_minus_C40,B,C40,2,"[0.125,0.0625,-0.1875]",20,0.12546311410941113,0.1346487793424848,1.4805969243538324e-89,0.0,empty,True,-0.009185665233073653,-0.24995468458344627,-249.95468458344627,-249954.68458344627,1.2746555977383167e-08,3.468514580065912e-07,0.0003468514580065912,0.34685145800659123,1.8292890257391725e-06
B_minus_C40,B,C40,2,"[0.125,0.0625,-0.1875]",21,0.1473767408331712,0.1565624054251382,4.5026654331735445e-99,0.0,empty,True,-0.009185664591966985,-0.2499546671380451,-249.9546671380451,-249954.6671380451,1.33876626451368e-08,3.642968591677091e-07,0.00036429685916770916,0.36429685916770915,1.8299301324069261e-06
B_minus_C40,B,C40,2,"[0.125,0.0625,-0.1875]",22,0.14737674642775125,0.1565624110495092,4.5026402427218255e-99,0.0,empty,True,-0.009185664621757933,-0.24995466794869808,-249.95466794869807,-249954.66794869807,1.3357871697650125e-08,3.634862061890155e-07,0.0003634862061890155,0.3634862061890155,1.8299003414594395e-06
B_minus_C40,B,C40,2,"[0.125,0.0625,-0.1875]",23,0.17155259744008075,0.180738410715138,1.425701342669377e-109,0.0,empty,True,-0.009185813275057242,-0.2499587130110423,-249.9587130110423,-249958.7130110423,-1.3529542763901503e-07,-3.681576138800411e-06,-0.0036815761388004115,-3.6815761388004113,1.6812470421505299e-06
B_minus_C40,B,C40,2,"[0.125,0.0625,-0.1875]",24,0.17155260460548016,0.1807384179203844,1.425691126986377e-109,0.0,empty,True,-0.009185813314904229,-0.24995871409533407,-249.95871409533407,-249958.7140953341,-1.353352745980807e-07,-3.682660429794275e-06,-0.003682660429794275,-3.682660429794275,1.6812071951637086e-06
B_minus_C40,B,C40,3,"[-0.125,-0.0625,0.1875]",1,-3.2990329996764305,-3.289847255160296,1.0,1.0,occupied,True,-0.00918574451613452,-0.24995684198543827,-249.95684198543827,-249956.84198543828,-6.653650519439225e-08,-1.8105505423023285e-06,-0.0018105505423023287,-1.8105505423023287,1.7500059648727084e-06
B_minus_C40,B,C40,3,"[-0.125,-0.0625,0.1875]",2,-3.2990329996121917,-3.28984725509596,1.0,1.0,occupied,True,-0.009185744516231775,-0.2499568419880847,-249.9568419880847,-249956.84198808472,-6.65366024499292e-08,-1.8105531887603094e-06,-0.0018105531887603094,-1.8105531887603092,1.7500058676171715e-06
B_minus_C40,B,C40,3,"[-0.125,-0.0625,0.1875]",3,-1.6698394183220608,-1.660653685231508,1.0,1.0,occupied,True,-0.009185733090552928,-0.24995653107952448,-249.95653107952447,-249956.5310795245,-5.5110923380397026e-08,-1.4996446224766484e-06,-0.0014996446224766484,-1.4996446224766484,1.761431546464659e-06
B_minus_C40,B,C40,3,"[-0.125,-0.0625,0.1875]",4,-1.6698392843970074,-1.660653551607781,1.0,1.0,occupied,True,-0.009185732789226408,-0.2499565228800122,-249.9565228800122,-249956.5228800122,-5.480959686110509e-08,-1.4914451101740386e-06,-0.0014914451101740386,-1.4914451101740385,1.761732872983951e-06
B_minus_C40,B,C40,3,"[-0.125,-0.0625,0.1875]",5,-1.6617473024400644,-1.652561569500303,1.0,1.0,occupied,True,-0.009185732939761326,-0.24995652697627596,-249.95652697627597,-249956.52697627596,-5.496013177896941e-08,-1.4955413739675515e-06,-0.0014955413739675516,-1.4955413739675516,1.7615823380660867e-06
B_minus_C40,B,C40,3,"[-0.125,-0.0625,0.1875]",6,-1.6617472310301666,-1.652561498277786,1.0,1.0,occupied,True,-0.009185732752380549,-0.24995652187738526,-249.95652187738526,-249956.52187738527,-5.477275100140844e-08,-1.4904424832542676e-06,-0.0014904424832542676,-1.4904424832542675,1.7617697188436476e-06
B_minus_C40,B,C40,3,"[-0.125,-0.0625,0.1875]",7,-1.6580719649957438,-1.648886232173399,1.0,1.0,occupied,True,-0.009185732822344805,-0.24995652378120967,-249.95652378120965,-249956.52378120966,-5.484271525801887e-08,-1.492346307664307e-06,-0.001492346307664307,-1.492346307664307,1.7616997545870372e-06
B_minus_C40,B,C40,3,"[-0.125,-0.0625,0.1875]",8,-1.6580718689107352,-1.648886136360748,1.0,1.0,occupied,True,-0.009185732549987113,-0.24995651636997931,-249.9565163699793,-249956.5163699793,-5.4570357566063876e-08,-1.4849350773114558e-06,-0.0014849350773114558,-1.4849350773114558,1.7619721122789922e-06
B_minus_C40,B,C40,3,"[-0.125,-0.0625,0.1875]",9,-0.16186113476038647,-0.1526754567802822,1.0,1.0,occupied,True,-0.009185677980104279,-0.2499550314478201,-249.95503144782012,-249955.0314478201,-4.746758541784857e-13,-1.2916588009691728e-11,-1.2916588009691728e-08,-1.2916588009691729e-05,1.8165419951136907e-06
B_minus_C40,B,C40,3,"[-0.125,-0.0625,0.1875]",10,-0.1618611320535128,-0.1526754540738832,1.0,1.0,occupied,True,-0.009185677979629603,-0.24995503143490352,-249.95503143490353,-249955.03143490353,0.0,0.0,0.0,0.0,1.816542469789545e-06
B_minus_C40,B,C40,3,"[-0.125,-0.0625,0.1875]",11,0.0037121043868500146,0.01289785856551723,1.1123168892785072e-36,8.580687427258131e-37,empty,True,-0.009185754178667216,-0.24995710491634757,-249.95710491634756,-249957.10491634757,-7.619903760747171e-08,-2.0734814439089445e-06,-0.0020734814439089446,-2.073481443908945,1.740343432176869e-06
B_minus_C40,B,C40,3,"[-0.125,-0.0625,0.1875]",12,0.003712145448865285,0.01289789966173525,1.1122712162431496e-36,8.580334800702659e-37,empty,True,-0.009185754212869966,-0.2499571058470518,-249.9571058470518,-249957.1058470518,-7.623324035921364e-08,-2.0744121481972698e-06,-0.00207441214819727,-2.0744121481972697,1.7403092294268618e-06
B_minus_C40,B,C40,3,"[-0.125,-0.0625,0.1875]",13,0.0269399101292753,0.03612563520719068,9.089095589305052e-47,7.011757047002402e-47,empty,True,-0.009185725077915378,-0.24995631304454927,-249.95631304454926,-249956.31304454926,-4.7098285771429715e-08,-1.281609645649965e-06,-0.0012816096456499653,-1.2816096456499653,1.7694441840146458e-06
B_minus_C40,B,C40,3,"[-0.125,-0.0625,0.1875]",14,0.02693996389646074,0.03612568906877099,9.088606907354714e-47,7.011379392857699e-47,empty,True,-0.009185725172310252,-0.24995631561316464,-249.95631561316463,-249956.31561316465,-4.71926806244749e-08,-1.2841782604558105e-06,-0.0012841782604558105,-1.2841782604558105,1.7693497891407839e-06
B_minus_C40,B,C40,3,"[-0.125,-0.0625,0.1875]",15,0.047153697603563874,0.05633940577630726,1.512809741578563e-55,1.167072519418282e-55,empty,True,-0.009185708172743383,-0.24995585303138454,-249.95585303138455,-249955.85303138453,-3.0193113759180434e-08,-8.215964804699022e-07,-0.0008215964804699022,-0.8215964804699022,1.7863493560095478e-06
B_minus_C40,B,C40,3,"[-0.125,-0.0625,0.1875]",16,0.047153744898658125,0.05633945322132516,1.512738194791218e-55,1.167017148955229e-55,empty,True,-0.009185708322667033,-0.2499558571110149,-249.9558571110149,-249955.8571110149,-3.034303744375855e-08,-8.256761117583778e-07,-0.0008256761117583778,-0.8256761117583779,1.7861994323596642e-06
B_minus_C40,B,C40,3,"[-0.125,-0.0625,0.1875]",17,0.09932708162513536,0.1085128386137552,3.3202556901517924e-78,2.561320112526132e-78,empty,True,-0.009185756988619842,-0.24995718137905382,-249.95718137905382,-249957.18137905383,-7.900899023915997e-08,-2.1499441503027247e-06,-0.0021499441503027247,-2.1499441503027246,1.737533479550385e-06
B_minus_C40,B,C40,3,"[-0.125,-0.0625,0.1875]",18,0.09932712922988597,0.1085128861676228,3.3200976339697173e-78,2.561198314744541e-78,empty,True,-0.009185756937736822,-0.2499571799944563,-249.95717999445628,-249957.1799944563,-7.895810721914032e-08,-2.148559552791608e-06,-0.002148559552791608,-2.148559552791608,1.7375843625704046e-06
B_minus_C40,B,C40,3,"[-0.125,-0.0625,0.1875]",19,0.1254630868182931,0.1346487519783812,1.4806373320506545e-89,0.0,empty,True,-0.009185665160088091,-0.24995468259740794,-249.95468259740795,-249954.68259740793,1.2819541539421664e-08,3.4883749632560075e-07,0.00034883749632560074,0.34883749632560074,1.829362011301211e-06
B_minus_C40,B,C40,3,"[-0.125,-0.0625,0.1875]",20,0.12546311410941005,0.1346487793424853,1.4805969243554315e-89,0.0,empty,True,-0.009185665233075235,-0.24995468458348932,-249.95468458348932,-249954.68458348932,1.2746554367559781e-08,3.468514142010653e-07,0.0003468514142010653,0.3468514142010653,1.8292890241571047e-06
B_minus_C40,B,C40,3,"[-0.125,-0.0625,0.1875]",21,0.14737674083317095,0.1565624054251379,4.502665433174696e-99,0.0,empty,True,-0.009185664591966958,-0.24995466713804435,-249.95466713804436,-249954.66713804434,1.33876626451368e-08,3.642968591677091e-07,0.00036429685916770916,0.36429685916770915,1.8299301324346817e-06
B_minus_C40,B,C40,3,"[-0.125,-0.0625,0.1875]",22,0.14737674642775195,0.156562411049509,4.502640242718754e-99,0.0,empty,True,-0.009185664621757045,-0.2499546679486739,-249.95466794867392,-249954.66794867392,1.3357872530317394e-08,3.6348622884704614e-07,0.0003634862288470462,0.3634862288470462,1.8299003423476179e-06
B_minus_C40,B,C40,3,"[-0.125,-0.0625,0.1875]",23,0.17155259744007934,0.1807384107151384,1.4257013426713626e-109,0.0,empty,True,-0.009185813275059074,-0.24995871301109215,-249.95871301109216,-249958.71301109216,-1.3529542941537187e-07,-3.6815761871375435e-06,-0.0036815761871375435,-3.6815761871375434,1.681247040318662e-06
B_minus_C40,B,C40,3,"[-0.125,-0.0625,0.1875]",24,0.17155260460547986,0.1807384179203833,1.4256911269868632e-109,0.0,empty,True,-0.009185813314903452,-0.24995871409531292,-249.95871409531293,-249958.71409531293,-1.3533527387643574e-07,-3.6826604101573153e-06,-0.003682660410157315,-3.682660410157315,1.6812071959408648e-06
