map_index,map_role,status,alpha,density_candidate,closure_checks_passed,next_density_source,unmixed_residual_l2,mixed_step_l2,actual_next_step_l2,failure_reason,n_in_sha256,n_in_electron_count,n_out_sha256,n_out_electron_count,n_next_sha256,n_next_electron_count,target_states,max_input_h_residual_ha,max_gram_norm,max_self_density_h_residual_ha,max_self_rayleigh_residual_ha,internal_energy_ha,entropy_dimensionless,entropy_energy_ha,free_energy_ha,free_energy_arithmetic_error_ha,orbital_electron_count,pauli_density_relative_l2,energy_terms_ha,magnetization_integral,mu_ha,electron_residual,electrons_per_k_unweighted,electrons_per_k_weighted,occupation_minimum,occupation_maximum,numerical_plateau,mu_selection_rule,highest_two,iterations,band_expectation_ha,integral_n_vxc_ha,double_counting_difference_ha,energy_term_sum_difference_ha,occupation_stationarity_status,occupation_stationarity_checked_states,band_status,rayleigh_occupation_max_difference,band_attempt_targets,solve_count,sum_solver_iterations,sum_solver_n_matvec,max_solver_iterations
1,iteration,CONTINUE,0.1,false,false,linear_mixing,4.069221362832867,0.4069221362832867,0.4069221362832867,,11eb4f97b96eee6fa607f2bccf763526609bf19164519a4c515ab550121449c1,10.000000000000004,36dae5dbaa424acbb3008b832e1cbc1587bd2a44571aa767fd85f44d76d72b14,10.000000000000036,f6526644594092801de0188f70fca1b595dc33db011558366accc0c2846519c4,10.000000000000004,24,7.757191169604759e-11,4.624325122858059e-14,8.759198880978946,1.977724589822989,-53.33046239986392,6.403178863165023e-147,-6.403178863165024e-150,-53.33046239986392,6.403178863165024e-150,10.00000000000004,2.1449491753925794e-13,"{""PspCorrection"":0.09187494522099392,""Ewald"":-14.186487397403095,""Kinetic"":41.965100797308295,""AtomicNonlocalFR"":-17.56149606352382,""AtomicLocal"":-94.89658195804644,""Hartree"":39.985367503773055,""Xc"":-8.72824022719291}","[-1.9798841991618165e-15,-6.418466846229724e-15,-1.1828871207795448e-15]",-2.7678977535815834,0.0,"[10.0,10.0,10.0]","[3.333333333333333,3.333333333333333,3.333333333333333]",1.7827270089943901e-304,1.0,true,"Midpoint of the global spectral gap; Float64 counts equal at its 1/4,1/2,3/4 points","[[5.813594311176252e-304,5.813594311171626e-304],[1.7830379844650709e-304,1.7827270089943901e-304],[1.7830379844770305e-304,1.7827270090197241e-304]]",0,-1.933733579047326,-11.41149136233141,-7.105427357601002e-14,0.0,NO_RESOLVABLE_PARTIAL_OCCUPATIONS,0,PASS,0.9999999999999999,[24],3,105,3240,35
2,iteration,CONTINUE,0.1,false,false,linear_mixing,3.6424850047133503,0.36424850047133506,0.36424850047133506,,f6526644594092801de0188f70fca1b595dc33db011558366accc0c2846519c4,10.000000000000004,4d37457d2f18c63c32655dfb8ea35803aa558d26a85c3634121513bc76b2a658,10.000000000000023,e8e4eb5fb8f2041a36dd0696c87cb8921ed7b99dc43957913d2cf0d223928896,10.000000000000007,24,9.622952138041567e-11,4.0438657781572075e-14,8.168133880039807,1.884620972849218,-53.60452012601084,2.2131887328422204e-147,-2.2131887328422205e-150,-53.60452012601084,2.2131887328422205e-150,10.000000000000027,1.3144842275079162e-13,"{""PspCorrection"":0.09187494522099392,""Ewald"":-14.186487397403095,""Kinetic"":41.540983770692975,""AtomicNonlocalFR"":-17.541281277197065,""AtomicLocal"":-94.48341899943154,""Hartree"":39.65498397087278,""Xc"":-8.681175138765887}","[1.112853892811335e-14,-1.0756529718436613e-15,-9.306322371033803e-16]",-2.3682889440461485,0.0,"[10.0,10.0,10.0]","[3.333333333333333,3.333333333333333,3.333333333333333]",2.5076034645048843e-271,1.0,true,"Midpoint of the global spectral gap; Float64 counts equal at its 1/4,1/2,3/4 points","[[6.900388567561619e-271,6.900388567510628e-271],[2.508842419246156e-271,2.5076034645048843e-271],[2.50884241923874e-271,2.5076034645048843e-271]]",0,-2.5228466004734478,-11.349098036283461,8.526512829121202e-14,7.105427357601002e-15,NO_RESOLVABLE_PARTIAL_OCCUPATIONS,0,PASS,1.0,[24],3,68,2128,23
3,iteration,CONTINUE,0.1,false,false,linear_mixing,3.2314864887163774,0.3231486488716378,0.3231486488716378,,e8e4eb5fb8f2041a36dd0696c87cb8921ed7b99dc43957913d2cf0d223928896,10.000000000000007,d2f2c6af108098608af1464227ea0d65ec651f12cae6c0dead70e6568bbcc616,10.000000000000032,c625b8377db4350c857a1662dfe45b27c4f4aed6d97241d2caa196f3c2293f24,10.000000000000007,24,9.62686281842304e-11,3.47275829935836e-14,7.31934352724297,1.728393085710049,-54.06494933728546,3.9546052389181185e-151,-3.954605238918118e-154,-54.06494933728546,3.954605238918118e-154,10.000000000000034,3.0486704214430314e-13,"{""PspCorrection"":0.09187494522099392,""Ewald"":-14.186487397403095,""Kinetic"":40.60662311834646,""AtomicNonlocalFR"":-17.34581939592612,""AtomicLocal"":-93.69603353666179,""Hartree"":39.0573094171588,""Xc"":-8.592416488020712}","[-1.0223440906907331e-14,-1.5949039130625395e-15,-8.044397964053805e-15]",-1.9831277783678058,0.0,"[10.0,10.0,10.0]","[3.333333333333333,3.333333333333333,3.333333333333333]",5.424988029498471e-229,1.0,true,"Midpoint of the global spectral gap; Float64 counts equal at its 1/4,1/2,3/4 points","[[1.2798860532883955e-228,1.2798860532728263e-228],[5.428070458447867e-229,5.424988029608253e-229],[5.4280704584855104e-229,5.424988029498471e-229]]",0,-3.5529247814336156,-11.232313801509743,-2.1316282072803006e-14,7.105427357601002e-15,NO_RESOLVABLE_PARTIAL_OCCUPATIONS,0,PASS,0.9999999999996476,[24],3,59,1860,20
4,iteration,CONTINUE,0.1,false,false,linear_mixing,2.859061495028486,0.28590614950284865,0.28590614950284865,,c625b8377db4350c857a1662dfe45b27c4f4aed6d97241d2caa196f3c2293f24,10.000000000000007,e66658c0bbfb6d1c46422aab46d3d4ae13f0c287e85123061dbace2e5113c747,10.00000000000002,043edc7846a49cad5ec5d15c5239329866466d03e6b27042ac3c95752430d8f1,10.00000000000001,24,9.125042422165436e-11,3.47647707422678e-14,6.515346138675428,1.5653791552911303,-54.5153725610428,7.476513131610396e-154,-7.476513131610396e-157,-54.5153725610428,7.476513131610396e-157,10.000000000000021,3.962413325328489e-13,"{""PspCorrection"":0.09187494522099392,""Ewald"":-14.186487397403095,""Kinetic"":39.64601784481866,""AtomicNonlocalFR"":-17.1381869926066,""AtomicLocal"":-92.84397669304168,""Hartree"":38.41359164004305,""Xc"":-8.498205908074123}","[2.1658540202075205e-15,1.4847588917382995e-15,-4.0700266800228235e-15]",-1.643075723792871,0.0,"[10.0,10.0,10.0]","[3.333333333333333,3.333333333333333,3.333333333333333]",1.6873924283940316e-189,1.0,true,"Midpoint of the global spectral gap; Float64 counts equal at its 1/4,1/2,3/4 points","[[3.42501183827818e-189,3.4250118382774014e-189],[1.6889292005304333e-189,1.6873924284158047e-189],[1.6889292005120965e-189,1.6873924283940316e-189]]",0,-4.617363572337325,-11.108401011593777,-2.1316282072803006e-14,7.105427357601002e-15,NO_RESOLVABLE_PARTIAL_OCCUPATIONS,0,PASS,0.9950258320396941,[24],3,56,1770,19
5,iteration,CONTINUE,0.1,false,false,linear_mixing,2.52375575772024,0.252375575772024,0.252375575772024,,043edc7846a49cad5ec5d15c5239329866466d03e6b27042ac3c95752430d8f1,10.00000000000001,5424612a92c6901bcbb9d5a0fd119df2152e5762f3c54e97e21564fafda62749,10.000000000000028,2279d452a2a865e643a0b7cfda69747c8cc487d3394fa104ee9a678cf5218e32,10.000000000000014,24,9.657451502715856e-11,3.456759184483952e-14,5.7774145729127495,1.4053859876219885,-54.93198732720183,3.201012325137231e-153,-3.201012325137231e-156,-54.93198732720183,3.201012325137231e-156,10.00000000000003,3.0402850572876273e-13,"{""PspCorrection"":0.09187494522099392,""Ewald"":-14.186487397403095,""Kinetic"":38.7047766584718,""AtomicNonlocalFR"":-16.926539655623124,""AtomicLocal"":-91.96641333493196,""Hartree"":37.753916668666186,""Xc"":-8.40311521160263}","[4.879809011452098e-15,6.086440344916841e-16,-7.317371220361479e-17]",-1.3553192027705832,0.0,"[10.0,10.0,10.0]","[3.333333333333333,3.333333333333333,3.333333333333333]",2.2639089349728595e-161,1.0,true,"Midpoint of the global spectral gap; Float64 counts equal at its 1/4,1/2,3/4 points","[[2.486530026854681e-161,2.4865300268416777e-161],[2.2658408355236108e-161,2.2639089349728595e-161],[2.2658408355138223e-161,2.2639089349760766e-161]]",0,-5.663631183352075,-10.9832881886013,1.3500311979441904e-13,7.105427357601002e-15,NO_RESOLVABLE_PARTIAL_OCCUPATIONS,0,PASS,0.00032368023372232623,[24],3,55,1740,19
6,iteration,CONTINUE,0.1,false,false,linear_mixing,2.222997674492978,0.22229976744929789,0.22229976744929789,,2279d452a2a865e643a0b7cfda69747c8cc487d3394fa104ee9a678cf5218e32,10.000000000000014,eabedd1682084e05e92ec86b683e993c5a87a5ad400a4e88a6fc888553f015b7,10.00000000000004,cdf803775209156f241676de5feac7aa9de6ceec1ac662d810f02f51abb5b2dc,10.000000000000014,24,8.305795957598658e-11,3.6965275035332743e-14,5.10816679866822,1.252752194051113,-55.307008917537715,1.5066933114186674e-138,-1.5066933114186674e-141,-55.307008917537715,1.5066933114186674e-141,10.000000000000044,2.581247945370674e-13,"{""PspCorrection"":0.09187494522099392,""Ewald"":-14.186487397403095,""Kinetic"":37.80167928970292,""AtomicNonlocalFR"":-16.714952314513308,""AtomicLocal"":-91.08313941678345,""Hartree"":37.093248581661584,""Xc"":-8.309232605423352}","[-1.5111141250824362e-15,-3.0305047274753435e-15,-3.3397671440974342e-15]",-1.1402418335311335,0.0,"[10.0,10.0,10.0]","[3.333333333333333,3.333333333333333,3.333333333333333]",1.851111643804259e-175,1.0,true,"Midpoint of the global spectral gap; Float64 counts equal at its 1/4,1/2,3/4 points","[[1.851111643810888e-175,1.851111643804259e-175],[1.9080183702170268e-175,1.9080070462530522e-175],[1.9080183702164845e-175,1.9080070462768045e-175]]",0,-6.66957931876732,-10.859664040496549,-9.947598300641403e-14,7.105427357601002e-15,NO_RESOLVABLE_PARTIAL_OCCUPATIONS,0,PASS,7.398437734040085e-08,[24],3,53,1680,18
7,iteration,CONTINUE,0.1,false,false,linear_mixing,1.9540444255433784,0.19540444255433792,0.19540444255433792,,cdf803775209156f241676de5feac7aa9de6ceec1ac662d810f02f51abb5b2dc,10.000000000000014,cfc370e5118bc291f16c411d05df01a8ec91c628402f47d77701c8362a23a045,10.000000000000005,0cae2c37036472413ef01c3dd3af6b76f9ea27164a0c299488cb8880599f0e2b,10.000000000000014,24,9.876809377967283e-11,3.1616620212793965e-14,4.5051604589018,1.1098356613604312,-55.638484678808005,1.4145695748901182e-125,-1.4145695748901182e-128,-55.638484678808005,1.4145695748901182e-128,10.000000000000005,1.3937312271896596e-13,"{""PspCorrection"":0.09187494522099392,""Ewald"":-14.186487397403095,""Kinetic"":36.94637533579759,""AtomicNonlocalFR"":-16.506362153856664,""AtomicLocal"":-90.2074080636465,""Hartree"":36.44128107934377,""Xc"":-8.217758424264108}","[4.587390073407861e-15,-5.585609587629967e-16,2.5842037826571334e-15]",-0.9577689959358852,0.0,"[10.0,10.0,10.0]","[3.333333333333333,3.333333333333333,3.333333333333333]",5.902508888041985e-185,1.0,true,"Midpoint of the global spectral gap; Float64 counts equal at its 1/4,1/2,3/4 points","[[5.902508888044668e-185,5.902508888041985e-185],[6.441580550128174e-185,6.441573147724813e-185],[6.441580550100712e-185,6.441573147727742e-185]]",0,-7.623919117938153,-10.739086394920097,-2.1316282072803006e-14,-7.105427357601002e-15,NO_RESOLVABLE_PARTIAL_OCCUPATIONS,0,PASS,3.0672281527850885e-11,[24],3,51,1618,17
8,iteration,CONTINUE,0.1,false,false,linear_mixing,1.7142038126350576,0.17142038126350587,0.17142038126350587,,0cae2c37036472413ef01c3dd3af6b76f9ea27164a0c299488cb8880599f0e2b,10.000000000000014,693311f75614e76b047412752265fe24d37a4071c2d0fae58bedb43c02500a73,10.00000000000002,e331ba57ca39371b17edd729e055848cd071604d8d8d7d5b9a7b2a887cab2310,10.000000000000016,24,7.87031227815635e-11,3.185006453028454e-14,3.964205956259346,0.9778785685739395,-55.92731412954366,3.853159773029207e-114,-3.853159773029207e-117,-55.92731412954366,3.853159773029207e-117,10.000000000000023,1.951401208204049e-13,"{""PspCorrection"":0.09187494522099392,""Ewald"":-14.186487397403095,""Kinetic"":36.144077454869674,""AtomicNonlocalFR"":-16.30318137955148,""AtomicLocal"":-89.34911121451297,""Hartree"":35.804970947535594,""Xc"":-8.129457485702368}","[-2.5277974352862676e-15,5.0459508824691075e-15,-1.4316778101006453e-15]",-0.8038068694472689,0.0,"[10.0,10.0,10.0]","[3.333333333333333,3.333333333333333,3.333333333333333]",3.175235503086437e-190,1.0,true,"Midpoint of the global spectral gap; Float64 counts equal at its 1/4,1/2,3/4 points","[[3.175235503088242e-190,3.175235503086437e-190],[3.900811959446987e-190,3.9008113329666757e-190],[3.9008119594498693e-190,3.900811332977541e-190]]",0,-8.52085489786801,-10.622581653744438,2.842170943040401e-14,7.105427357601002e-15,NO_RESOLVABLE_PARTIAL_OCCUPATIONS,0,PASS,1.1191048088221578e-13,[24],3,50,1590,17
9,iteration,CONTINUE,0.1,false,false,linear_mixing,1.5009074750808349,0.1500907475080836,0.1500907475080836,,e331ba57ca39371b17edd729e055848cd071604d8d8d7d5b9a7b2a887cab2310,10.000000000000016,891e5dbfa0bbf3bab71fbc7483454f44b982674e89c566b1c7ef13f0c869bcf7,10.000000000000018,e80bba8c9436a42c1e8cb96cdeca47cd77fb442b02bf703439000e81995ff76c,10.000000000000018,24,9.82538323166248e-11,2.981680023281458e-14,3.480533367575451,0.8574475219995616,-56.17593683462681,4.545362132874594e-104,-4.5453621328745937e-107,-56.17593683462681,4.5453621328745937e-107,10.000000000000021,1.0557229484102984e-13,"{""PspCorrection"":0.09187494522099392,""Ewald"":-14.186487397403095,""Kinetic"":35.397416668528706,""AtomicNonlocalFR"":-16.107444383682058,""AtomicLocal"":-88.51598283201106,""Hartree"":35.18953849745688,""Xc"":-8.04485233273717}","[-7.578288709426012e-15,-2.525051402644944e-15,-5.274605934078469e-15]",-0.6745823441250919,0.0,"[10.0,10.0,10.0]","[3.333333333333333,3.333333333333333,3.333333333333333]",7.406115579963937e-192,1.0,true,"Midpoint of the global spectral gap; Float64 counts equal at its 1/4,1/2,3/4 points","[[7.40611557996941e-192,7.406115579963937e-192],[1.2592404335322269e-191,1.2592374120807271e-191],[1.2592404335318689e-191,1.259237412079868e-191]]",0,-9.357819951117133,-10.51088639886664,1.5631940186722204e-13,7.105427357601002e-15,NO_RESOLVABLE_PARTIAL_OCCUPATIONS,0,PASS,1.0620051934432321e-16,[24],3,48,1530,16
10,iteration,CONTINUE,0.1,false,false,linear_mixing,1.3117311088905215,0.13117311088905226,0.13117311088905226,,e80bba8c9436a42c1e8cb96cdeca47cd77fb442b02bf703439000e81995ff76c,10.000000000000018,d3e65b5b5e7bc7be961c8135288cc1acc7049661b08d6e61269859f4bcbda223,10.000000000000025,06625278465f165b3996c856528a0efe96c2f5a7e5bd7be7bac7ecfb00efa83b,10.00000000000002,24,9.857634002006694e-11,3.477476162712412e-14,3.049264640922489,0.7486303212466162,-56.387686793917595,3.2365757443364244e-95,-3.2365757443364243e-98,-56.387686793917595,3.2365757443364243e-98,10.000000000000028,2.777561481867951e-13,"{""PspCorrection"":0.09187494522099392,""Ewald"":-14.186487397403095,""Kinetic"":34.70721854833038,""AtomicNonlocalFR"":-15.920825562480072,""AtomicLocal"":-87.71395699448372,""Hartree"":34.598791442779074,""Xc"":-7.9643017758811565}","[2.971792694926521e-15,-1.282886480199064e-15,5.994595011884304e-15]",-0.5667507534880214,0.0,"[10.0,10.0,10.0]","[3.333333333333333,3.333333333333333,3.333333333333333]",1.3025871618806144e-190,1.0,true,"Midpoint of the global spectral gap; Float64 counts equal at its 1/4,1/2,3/4 points","[[1.3025871618809847e-190,1.3025871618806144e-190],[4.735177165645303e-190,4.73516300094939e-190],[4.735177165652839e-190,4.735163000955312e-190]]",0,-10.134513443629075,-10.404532320553795,-1.4210854715202004e-14,0.0,NO_RESOLVABLE_PARTIAL_OCCUPATIONS,0,PASS,1.3810752080479236e-16,[24],3,56,1616,19
11,iteration,CONTINUE,0.1,false,false,linear_mixing,1.1443960649981892,0.11443960649981899,0.11443960649981899,,06625278465f165b3996c856528a0efe96c2f5a7e5bd7be7bac7ecfb00efa83b,10.00000000000002,9119b88324913974b81172d9bf8dcf7c8b8a41d6fcc2ea5e3da92e835a068f08,10.000000000000023,62ca1e79c62eff32cba0a5aaeb1d8b99b620ee8e11bc5c9bd4552da3e55bc025,10.000000000000018,24,9.054045898915821e-11,3.34976004862386e-14,2.665618917283127,0.6511029962727386,-56.56639291191861,2.1427643869187525e-87,-2.1427643869187525e-90,-56.56639291191861,2.1427643869187525e-90,10.000000000000025,3.961233123127362e-14,"{""PspCorrection"":0.09187494522099392,""Ewald"":-14.186487397403095,""Kinetic"":34.07288703697527,""AtomicNonlocalFR"":-15.74463120161725,""AtomicLocal"":-86.94720762769467,""Hartree"":34.03519395410795,""Xc"":-7.888022621507816}","[-5.740951831218339e-15,-2.6662072075763756e-15,4.009086395015523e-15]",-0.4773510781115913,0.0,"[10.0,10.0,10.0]","[3.333333333333333,3.333333333333333,3.333333333333333]",2.458010697525394e-187,1.0,true,"Midpoint of the global spectral gap; Float64 counts equal at its 1/4,1/2,3/4 points","[[2.458010697525673e-187,2.458010697525394e-187],[3.7404713743241795e-186,3.740457734503184e-186],[3.7404713743241795e-186,3.740457734504034e-186]]",0,-10.85241690975505,-10.30385302563436,5.684341886080802e-14,0.0,NO_RESOLVABLE_PARTIAL_OCCUPATIONS,0,PASS,1.3322676295501878e-15,[24],3,62,1668,21
12,iteration,CONTINUE,0.1,false,false,linear_mixing,0.9967712121412554,0.09967712121412559,0.09967712121412559,,62ca1e79c62eff32cba0a5aaeb1d8b99b620ee8e11bc5c9bd4552da3e55bc025,10.000000000000018,2f0875babced96058a543b75126805072b9e53953d9e6d7cdb9210eea4591a53,10.000000000000014,74db81d7afe90d6c360ec8234dee4f663cbc75afa9b79558e5ae22d6dc87df3b,10.000000000000018,24,9.88410266043095e-11,3.2605883334339474e-14,2.3250246901306637,0.5642474998590933,-56.71602997942936,2.3981071110982255e-80,-2.3981071110982256e-83,-56.71602997942936,2.3981071110982256e-83,10.000000000000018,1.9906401642984833e-13,"{""PspCorrection"":0.09187494522099392,""Ewald"":-14.186487397403095,""Kinetic"":33.492776523990955,""AtomicNonlocalFR"":-15.579803728061293,""AtomicLocal"":-86.21834116008407,""Hartree"":33.500061656520984,""Xc"":-7.816110819613836}","[-4.856001969440631e-15,4.987455608881012e-15,-5.6514368269327715e-15]",-0.40355860200998717,0.0,"[10.0,10.0,10.0]","[3.333333333333333,3.333333333333333,3.333333333333333]",9.271610949787326e-183,1.0,true,"Midpoint of the global spectral gap; Float64 counts equal at its 1/4,1/2,3/4 points","[[9.27161094978838e-183,9.271610949787326e-183],[7.3034481116260854e-180,7.3034412834756935e-180],[7.3034481116260854e-180,7.303441283476109e-180]]",0,-11.514247366565575,-10.209002315453063,-7.815970093361102e-14,0.0,NO_RESOLVABLE_PARTIAL_OCCUPATIONS,0,PASS,1.0,[24],3,67,1732,23
13,iteration,CONTINUE,0.1,false,false,linear_mixing,0.8668787009410891,0.086687870094109,0.086687870094109,,74db81d7afe90d6c360ec8234dee4f663cbc75afa9b79558e5ae22d6dc87df3b,10.000000000000018,63cd58c05ec19b1c57f45f7473c04329898bd078befe1e809f222a9297990834,10.00000000000004,25101252e5796373fc090b3c3bb92a4168ee6a0a921ae7666eaf90b6a6dbf234,10.00000000000002,24,9.667583320620597e-11,3.5131013776494505e-14,2.023206073784628,0.487266575531176,-56.840420315014775,5.634808863055031e-74,-5.634808863055031e-77,-56.840420315014775,5.634808863055031e-77,10.00000000000004,1.0090710421135365e-13,"{""PspCorrection"":0.09187494522099392,""Ewald"":-14.186487397403095,""Kinetic"":32.96462265627663,""AtomicNonlocalFR"":-15.426945184875928,""AtomicLocal"":-85.5288912801355,""Hartree"":32.993995929860176,""Xc"":-7.748589983958056}","[-4.921404596834357e-16,-6.2687993583940525e-15,-2.601683918871559e-15]",-0.3429859784597925,0.0,"[10.0,10.0,10.0]","[3.333333333333333,3.333333333333333,3.333333333333333]",1.2620378499646585e-177,1.0,true,"Midpoint of the global spectral gap; Float64 counts equal at its 1/4,1/2,3/4 points","[[1.262037849964802e-177,1.2620378499646585e-177],[1.901200598273815e-172,1.9011969501642952e-172],[1.9012005982732746e-172,1.9011969501642952e-172]]",0,-12.123241066680976,-10.120019117666667,1.3500311979441904e-13,7.105427357601002e-15,NO_RESOLVABLE_PARTIAL_OCCUPATIONS,0,PASS,0.9999999999999993,[24],3,75,1814,26
14,iteration,CONTINUE,0.1,false,false,linear_mixing,0.7528979548470079,0.07528979548470087,0.07528979548470087,,25101252e5796373fc090b3c3bb92a4168ee6a0a921ae7666eaf90b6a6dbf234,10.00000000000002,261993ffde808eba48e9afaf01574315690d65c5f32ee7f88fe579c419a9c170,10.000000000000007,a4612ac6e7bc77a28aeea50317e8ad2df704f560af4f085952c782567ba3f9e6,10.000000000000021,24,9.94605874587867e-11,2.98043860374046e-14,1.756247431631576,0.4193017345721535,-56.943042500576084,3.0817580562118066e-68,-3.0817580562118065e-71,-56.943042500576084,3.0817580562118065e-71,10.000000000000005,6.515783186333704e-14,"{""PspCorrection"":0.09187494522099392,""Ewald"":-14.186487397403095,""Kinetic"":32.48592030956596,""AtomicNonlocalFR"":-15.28635197734939,""AtomicLocal"":-84.87993064293977,""Hartree"":32.517399220599685,""Xc"":-7.685466958270475}","[-4.909055042002919e-15,5.839219758647658e-15,2.433648338272614e-15]",-0.29359490016954015,0.0,"[10.0,10.0,10.0]","[3.333333333333333,3.333333333333333,3.333333333333333]",1.735858680690715e-172,1.0,true,"Midpoint of the global spectral gap; Float64 counts equal at its 1/4,1/2,3/4 points","[[1.7358586806911096e-172,1.735858680690715e-172],[2.342551371915117e-164,2.342546055461027e-164],[2.3425513719155165e-164,2.3425460554627583e-164]]",0,-12.682471917141504,-10.036908047617569,-1.1368683772161603e-13,-7.105427357601002e-15,NO_RESOLVABLE_PARTIAL_OCCUPATIONS,0,PASS,0.02287365223595068,[24],3,76,1808,27
15,iteration,CONTINUE,0.1,false,false,linear_mixing,0.653162685466197,0.06531626854661979,0.06531626854661979,,a4612ac6e7bc77a28aeea50317e8ad2df704f560af4f085952c782567ba3f9e6,10.000000000000021,d3066fa8c2e2eaf6f810d35e09b96aecb48dadec0106fa7986fa86fcfc6935fa,10.00000000000005,1430c65736271003ac9afdd061789fb8360ef5139c19dae833d82754ca9841a8,10.000000000000025,24,9.291673989145969e-11,3.978965107289571e-14,1.5206231525731622,0.35958570138449597,-57.02696948711183,4.399342014851755e-63,-4.3993420148517555e-66,-57.02696948711183,4.3993420148517555e-66,10.000000000000052,1.0419865703297969e-14,"{""PspCorrection"":0.09187494522099392,""Ewald"":-14.186487397403095,""Kinetic"":32.05414765988449,""AtomicNonlocalFR"":-15.15805249607974,""AtomicLocal"":-84.2725331650891,""Hartree"":32.07085158625357,""Xc"":-7.62677061989894}","[-1.0689961747090156e-14,3.879812602817654e-15,-3.611366323031892e-15]",-0.25359364800307405,0.0,"[10.0,10.0,10.0]","[3.333333333333333,3.333333333333333,3.333333333333333]",9.744077836833572e-168,1.0,true,"Midpoint of the global spectral gap; Float64 counts equal at its 1/4,1/2,3/4 points","[[9.744077836841327e-168,9.744077836833572e-168],[4.057677439507702e-156,4.0576694309428247e-156],[4.057677439511162e-156,4.0576694309467455e-156]]",0,-13.1944339122981,-9.959699083521057,1.7053025658242404e-13,7.105427357601002e-15,NO_RESOLVABLE_PARTIAL_OCCUPATIONS,0,PASS,9.502100096198317e-11,[24],3,80,1844,29
16,iteration,CONTINUE,0.1,false,false,linear_mixing,0.5661503740179983,0.05661503740179988,0.05661503740179988,,1430c65736271003ac9afdd061789fb8360ef5139c19dae833d82754ca9841a8,10.000000000000025,27de5daf46dae2e0d1320d3eea1804b083748ccda7e10a03a4e584d8cdaad051,10.000000000000034,0ac51a397292ef48b40da6f0be4a88febd087e6d95e7ea231e3815c287c07fc7,10.000000000000021,24,9.861768596774067e-11,3.580245936492223e-14,1.313185748835974,0.30740220166652044,-57.09490002077443,1.769315625223136e-58,-1.769315625223136e-61,-57.09490002077443,1.769315625223136e-61,10.000000000000036,5.776844195431786e-15,"{""PspCorrection"":0.09187494522099392,""Ewald"":-14.186487397403095,""Kinetic"":31.666822512034507,""AtomicNonlocalFR"":-15.041844236537482,""AtomicLocal"":-83.70793135397571,""Hartree"":31.655223471008565,""Xc"":-7.572557961122217}","[1.2053879966055497e-15,1.0088871163648367e-14,-9.141718292957753e-16]",-0.2213785262373485,0.0,"[10.0,10.0,10.0]","[3.333333333333333,3.333333333333333,3.333333333333333]",1.3803681299493702e-163,1.0,true,"Midpoint of the global spectral gap; Float64 counts equal at its 1/4,1/2,3/4 points","[[1.380368129950704e-163,1.3803681299493702e-163],[2.6205384363394545e-148,2.6205349149259662e-148],[2.620538436340944e-148,2.6205349149255192e-148]]",0,-13.660966025390865,-9.888459888929386,7.105427357601002e-14,0.0,NO_RESOLVABLE_PARTIAL_OCCUPATIONS,0,PASS,6.074625215053881e-19,[24],3,86,1851,30
17,iteration,CONTINUE,0.1,false,false,linear_mixing,0.4904676453291402,0.04904676453291409,0.04904676453291409,,0ac51a397292ef48b40da6f0be4a88febd087e6d95e7ea231e3815c287c07fc7,10.000000000000021,f959ef317ebfd6fe861979eb953ec5a9b57a2890d5ad4c4bc8175c368158f5e1,10.000000000000025,6386837a9a6adf71d5ba5882a016882c54fbb71ca2266f9676b3e29f59d0ef61,10.000000000000025,24,9.766308743578648e-11,3.229559732685666e-14,1.1311216329825005,0.2619610520046047,-57.14923036416436,2.0594710168889792e-54,-2.0594710168889793e-57,-57.14923036416436,2.0594710168889793e-57,10.000000000000025,2.920768121690515e-15,"{""PspCorrection"":0.09187494522099392,""Ewald"":-14.186487397403095,""Kinetic"":31.321451289525793,""AtomicNonlocalFR"":-14.93733057941443,""AtomicLocal"":-83.18738795493239,""Hartree"":31.2715451457224,""Xc"":-7.522895812883632}","[2.2828036859033468e-15,-2.548545700663532e-16,-7.250850976773965e-16]",-0.19551290695610207,0.0,"[10.0,10.0,10.0]","[3.333333333333333,3.333333333333333,3.333333333333333]",4.3480659781057074e-160,1.0,true,"Midpoint of the global spectral gap; Float64 counts equal at its 1/4,1/2,3/4 points","[[4.3480659781084264e-160,4.3480659781057074e-160],[2.4034511518620646e-141,2.40344849008361e-141],[2.4034511518586492e-141,2.4034484900852493e-141]]",0,-14.083448301821178,-9.823271348444871,-7.815970093361102e-14,-7.105427357601002e-15,NO_RESOLVABLE_PARTIAL_OCCUPATIONS,0,PASS,7.576230574172645e-28,[24],3,86,1867,29
18,iteration,CONTINUE,0.1,false,false,linear_mixing,0.42483596066650525,0.04248359606665066,0.04248359606665066,,6386837a9a6adf71d5ba5882a016882c54fbb71ca2266f9676b3e29f59d0ef61,10.000000000000025,7b13dfe1ce7d95b1b10abfdbe93f541fd7708adee2328f8628efe715155d7322,10.000000000000023,67c079c02f5d380c5499195f5521c4ec9ec785374849460341fb42b36968c11e,10.000000000000023,24,9.973443426570149e-11,3.7666731993232407e-14,0.9718925245783001,0.22260712638613936,-57.19211568477836,6.999540192680405e-51,-6.999540192680405e-54,-57.19211568477836,6.999540192680405e-54,10.000000000000025,2.8796775645080738e-15,"{""PspCorrection"":0.09187494522099392,""Ewald"":-14.186487397403095,""Kinetic"":31.015450639802065,""AtomicNonlocalFR"":-14.843957819869825,""AtomicLocal"":-82.71191303142075,""Hartree"":30.920744663838384,""Xc"":-7.477827684946128}","[4.049639185573117e-15,5.106803914336128e-15,6.839180126565268e-16]",-0.17473984192470315,0.0,"[10.0,10.0,10.0]","[3.333333333333333,3.333333333333333,3.333333333333333]",3.364703345865356e-157,1.0,true,"Midpoint of the global spectral gap; Float64 counts equal at its 1/4,1/2,3/4 points","[[3.3647033458691813e-157,3.364703345865356e-157],[2.0817501552178425e-135,2.081746581957632e-135],[2.0817501552160675e-135,2.081746581957514e-135]]",0,-14.463112073644231,-9.764181189832586,9.947598300641403e-14,0.0,NO_RESOLVABLE_PARTIAL_OCCUPATIONS,0,PASS,8.276126994568638e-29,[24],3,90,1894,30
19,iteration,CONTINUE,0.1,false,false,linear_mixing,0.3680802308841479,0.03680802308841488,0.03680802308841488,,67c079c02f5d380c5499195f5521c4ec9ec785374849460341fb42b36968c11e,10.000000000000023,fb021c8e712e189dd3f782ca12379f3b7a1e24a900b86e11b75af523cce0aaca,10.000000000000023,854dcfbf7deafd3688fdf60d374e70173b4b0c2b34f967414a22e8d98dac2951,10.000000000000021,24,9.701041622954286e-11,3.733774823995015e-14,0.83317682015276,0.18872506299329334,-57.22550589624254,7.169773657809606e-48,-7.169773657809606e-51,-57.22550589624254,7.169773657809606e-51,10.000000000000027,1.9698270555517053e-15,"{""PspCorrection"":0.09187494522099392,""Ewald"":-14.186487397403095,""Kinetic"":30.746088504611,""AtomicNonlocalFR"":-14.76105179672206,""AtomicLocal"":-82.28194469577511,""Hartree"":30.603354922500827,""Xc"":-7.437340378675091}","[2.522381051446194e-15,-5.635570305543465e-15,-6.119818761384714e-15]",-0.15800370652813062,0.0,"[10.0,10.0,10.0]","[3.333333333333333,3.333333333333333,3.333333333333333]",7.788503520284523e-155,1.0,true,"Midpoint of the global spectral gap; Float64 counts equal at its 1/4,1/2,3/4 points","[[7.788503520299575e-155,7.788503520284523e-155],[1.7555594346402916e-130,1.7555549816025628e-130],[1.7555594346390941e-130,1.7555549816023632e-130]]",0,-14.801357438116714,-9.7111592952323,1.1368683772161603e-13,0.0,NO_RESOLVABLE_PARTIAL_OCCUPATIONS,0,PASS,3.455267529506142e-30,[24],3,89,1886,31
20,iteration,CONTINUE,0.1,false,false,linear_mixing,0.3191211463437557,0.031912114634375655,0.031912114634375655,,854dcfbf7deafd3688fdf60d374e70173b4b0c2b34f967414a22e8d98dac2951,10.000000000000021,4687815815d578132657f88b61a9a27fdb3e26f9b28765e9fcc08badde957d0d,10.000000000000014,8b6f3e1f89e060f98212ce64e41be7190cbc856cde1455d6d744bf229eebab3b,10.000000000000025,24,9.43489814950282e-11,3.296786541078645e-14,0.7128204413166331,0.1597247333939196,-57.251155813393765,2.3875182529400567e-45,-2.387518252940057e-48,-57.251155813393765,2.387518252940057e-48,10.000000000000014,1.639745450761663e-14,"{""PspCorrection"":0.09187494522099392,""Ewald"":-14.186487397403095,""Kinetic"":30.5104614003304,""AtomicNonlocalFR"":-14.687853109815723,""AtomicLocal"":-81.89707558371468,""Hartree"":30.31926150538643,""Xc"":-7.4013375733980835}","[4.9275554065004055e-15,8.615407939852031e-16,-3.432532964944696e-15]",-0.14445372269082424,0.0,"[10.0,10.0,10.0]","[3.333333333333333,3.333333333333333,3.333333333333333]",6.707545343310403e-153,1.0,true,"Midpoint of the global spectral gap; Float64 counts equal at its 1/4,1/2,3/4 points","[[6.707545343324511e-153,6.707545343310403e-153],[1.857096515790664e-126,1.8570904518249042e-126],[1.8570965157878137e-126,1.857090451824482e-126]]",0,-15.100007081498537,-9.66406279907116,-2.2737367544323206e-13,7.105427357601002e-15,NO_RESOLVABLE_PARTIAL_OCCUPATIONS,0,PASS,9.251588862143951e-32,[24],3,89,1892,33
21,iteration,CONTINUE,0.1,false,false,linear_mixing,0.27697129559070693,0.02769712955907076,0.02769712955907076,,8b6f3e1f89e060f98212ce64e41be7190cbc856cde1455d6d744bf229eebab3b,10.000000000000025,96374eb11016ed9de4c103077edc85ece694be0a7e507f92f349bd6d734f6ba5,10.000000000000021,706c5f893f6ca44f4a03790b5fa626971c1849264a9d5fa39f6ae0a2f9eb303b,10.000000000000025,24,9.893922526604431e-11,3.344394378683856e-14,0.6088044359603414,0.13503688920825668,-57.27061681973893,2.8987923121671323e-43,-2.8987923121671324e-46,-57.27061681973893,2.8987923121671324e-46,10.000000000000025,3.8919748602095196e-14,"{""PspCorrection"":0.09187494522099392,""Ewald"":-14.186487397403095,""Kinetic"":30.30551984320717,""AtomicNonlocalFR"":-14.623550630313641,""AtomicLocal"":-81.55591242441807,""Hartree"":30.06756684826572,""Xc"":-7.369628004298008}","[-6.050628707997763e-16,7.926520610093885e-15,6.4764581721778744e-15]",-0.1334234316029562,0.0,"[10.0,10.0,10.0]","[3.333333333333333,3.333333333333333,3.333333333333333]",2.6116943471138655e-151,1.0,true,"Midpoint of the global spectral gap; Float64 counts equal at its 1/4,1/2,3/4 points","[[2.6116943471193583e-151,2.6116943471138655e-151],[3.3991161911898424e-123,3.3991031334622904e-123],[3.399116191189263e-123,3.3991031334626767e-123]]",0,-15.3614319555825,-9.622622440589303,-8.526512829121202e-14,7.105427357601002e-15,NO_RESOLVABLE_PARTIAL_OCCUPATIONS,0,PASS,2.589369043033458e-33,[24],3,89,1871,37
22,iteration,CONTINUE,0.1,false,false,linear_mixing,0.24073418282833142,0.02407341828283323,0.02407341828283323,,706c5f893f6ca44f4a03790b5fa626971c1849264a9d5fa39f6ae0a2f9eb303b,10.000000000000025,d160d0ee15991351c010c06c1a77d42703c96514ff0bcf2d67094a4ac7aa22e2,10.000000000000023,a47fc0245eb1f1ad5230dd2172eb87ec17308adc93c00fc7f824a2a8e92c1cdb,10.000000000000023,24,9.462694900969585e-11,3.4466141187867973e-14,0.5192339119083192,0.11411670578069819,-57.285223782192524,1.468981996816331e-41,-1.468981996816331e-44,-57.285223782192524,1.468981996816331e-44,10.000000000000021,8.117200435801263e-15,"{""PspCorrection"":0.09187494522099392,""Ewald"":-14.186487397403095,""Kinetic"":30.128143366347043,""AtomicNonlocalFR"":-14.567312928194665,""AtomicLocal"":-81.25612654740125,""Hartree"":29.84661878563643,""Xc"":-7.341934006397975}","[-8.946099033973454e-15,-6.441958763840897e-15,3.4986931996772923e-15]",-0.12439733265458952,0.0,"[10.0,10.0,10.0]","[3.333333333333333,3.333333333333333,3.333333333333333]",5.401143905709457e-150,1.0,true,"Midpoint of the global spectral gap; Float64 counts equal at its 1/4,1/2,3/4 points","[[5.401143905725422e-150,5.401143905709457e-150],[1.4711179843110117e-120,1.4711116909585774e-120],[1.4711179843137713e-120,1.4711116909556507e-120]]",0,-15.588515551969271,-9.58645701399318,-7.815970093361102e-14,0.0,NO_RESOLVABLE_PARTIAL_OCCUPATIONS,0,PASS,1.4786746286176507e-31,[24],3,93,1912,39
23,iteration,CONTINUE,0.1,false,false,linear_mixing,0.20960415049930958,0.02096041504993104,0.02096041504993104,,a47fc0245eb1f1ad5230dd2172eb87ec17308adc93c00fc7f824a2a8e92c1cdb,10.000000000000023,a10c9af5d93a1e5a6117f1144beb3b12e159952c68d3c0a6ae227159434cdf73,10.000000000000014,278b46d62c865f04f65599d213359f5a0960c5e7a4ac66e7e0f69ec515a7ffeb,10.000000000000021,24,9.768897588600312e-11,3.261932574192782e-14,0.4423437455900509,0.09645230247873708,-57.29609005351524,3.563871810240852e-40,-3.563871810240852e-43,-57.29609005351524,3.563871810240852e-43,10.000000000000016,7.240876037975796e-14,"{""PspCorrection"":0.09187494522099392,""Ewald"":-14.186487397403095,""Kinetic"":29.97524366005048,""AtomicNonlocalFR"":-14.518316197726033,""AtomicLocal"":-80.99466624994622,""Hartree"":29.654177094948327,""Xc"":-7.317915908659687}","[1.052251759918162e-14,9.063002487193645e-16,9.671498954110446e-16]",-0.1169768174968574,0.0,"[10.0,10.0,10.0]","[3.333333333333333,3.333333333333333,3.333333333333333]",6.7485887376477295e-149,1.0,true,"Midpoint of the global spectral gap; Float64 counts equal at its 1/4,1/2,3/4 points","[[6.748588737655402e-149,6.7485887376477295e-149],[1.9783500798507641e-118,1.9783409692763086e-118],[1.978350079851214e-118,1.978340969271923e-118]]",0,-15.784492512167665,-9.55510791444252,-1.4210854715202004e-14,0.0,NO_RESOLVABLE_PARTIAL_OCCUPATIONS,0,PASS,1.309125407677418e-32,[24],3,98,1943,45
24,iteration,CONTINUE,0.1,false,false,linear_mixing,0.18286520012301122,0.018286520012301206,0.018286520012301206,,278b46d62c865f04f65599d213359f5a0960c5e7a4ac66e7e0f69ec515a7ffeb,10.000000000000021,f43e582d3e1edf0ea1bf799e975440e4a2f2ca2a2c10fb5acdabe06de6c08719,10.000000000000025,8fed1c1fc9547980db0bb50437efd873c1571e89157c8187f09ba48520d9d349,10.000000000000023,24,9.41789705075269e-11,3.5480638884329025e-14,0.376510720792466,0.08157412842672308,-57.30411661451086,4.700194788164936e-39,-4.7001947881649366e-42,-57.30411661451086,4.7001947881649366e-42,10.000000000000027,9.369263276826507e-14,"{""PspCorrection"":0.09187494522099392,""Ewald"":-14.186487397403095,""Kinetic"":29.84386401889215,""AtomicNonlocalFR"":-14.475766866600393,""AtomicLocal"":-80.76803954284564,""Hartree"":29.487640055794216,""Xc"":-7.29720182756908}","[-5.601019367473241e-15,4.2323579749343324e-15,-3.847297179476766e-15]",-0.11085155199848792,0.0,"[10.0,10.0,10.0]","[3.333333333333333,3.333333333333333,3.333333333333333]",5.6384516009796606e-148,1.0,true,"Midpoint of the global spectral gap; Float64 counts equal at its 1/4,1/2,3/4 points","[[5.638451600988955e-148,5.6384516009796606e-148],[1.0376521506050086e-116,1.0376471348865915e-116],[1.0376521506061293e-116,1.0376471348878891e-116]]",0,-15.952741358847009,-9.528079079881742,1.9895196601282805e-13,0.0,NO_RESOLVABLE_PARTIAL_OCCUPATIONS,0,PASS,1.9037612761755927e-33,[24],3,99,1936,47
25,iteration,CONTINUE,0.1,false,false,linear_mixing,0.1598877304453913,0.015988773044539217,0.015988773044539217,,8fed1c1fc9547980db0bb50437efd873c1571e89157c8187f09ba48520d9d349,10.000000000000023,687c55da48e3cb89ea6ed3b675287879e1a937794dff4b00fe86509ec0e006e1,10.000000000000021,628063ac5c5678e77f2ce5afce91838d33096997d9ce770b35b61609ff99deb6,10.000000000000021,24,9.573111054806671e-11,3.122878519499726e-14,0.32026331860553314,0.06906155467726509,-57.310013674211554,3.766138644956766e-38,-3.766138644956766e-41,-57.310013674211554,3.766138644956766e-41,10.000000000000023,8.040633294759858e-14,"{""PspCorrection"":0.09187494522099392,""Ewald"":-14.186487397403095,""Kinetic"":29.73125334846825,""AtomicNonlocalFR"":-14.438917902245771,""AtomicLocal"":-80.57258213346692,""Hartree"":29.34425963444103,""Xc"":-7.279414169226041}","[-2.1836877998780186e-15,-3.673980997995266e-15,1.0069898571510901e-14]",-0.10577762574546781,0.0,"[10.0,10.0,10.0]","[3.333333333333333,3.333333333333333,3.333333333333333]",3.409432141418298e-147,1.0,true,"Midpoint of the global spectral gap; Float64 counts equal at its 1/4,1/2,3/4 points","[[3.409432141426825e-147,3.409432141418298e-147],[2.552971295385308e-115,2.5529586734742987e-115],[2.552971295388646e-115,2.5529586734751697e-115]]",0,-16.09659865048253,-9.504871232120037,-1.2079226507921703e-13,-7.105427357601002e-15,NO_RESOLVABLE_PARTIAL_OCCUPATIONS,0,PASS,4.182241789070223e-34,[24],3,103,1950,51
26,iteration,CONTINUE,0.1,false,false,linear_mixing,0.14012326870089245,0.014012326870089341,0.014012326870089341,,628063ac5c5678e77f2ce5afce91838d33096997d9ce770b35b61609ff99deb6,10.000000000000021,f5dc3072ae67384be8ffa01d708af182aeece21ea92c52516b24895790c3ffc0,10.000000000000018,08da495d623793de97bb457e61b12ab8257d5f8ce33c378e9ba7542d40be5f8f,10.000000000000023,24,9.900967072909165e-11,3.380103984483674e-14,0.2722852373494575,0.05854542802066712,-57.31432917974906,2.014103780248156e-37,-2.014103780248156e-40,-57.31432917974906,2.014103780248156e-40,10.000000000000021,4.58585879795074e-14,"{""PspCorrection"":0.09187494522099392,""Ewald"":-14.186487397403095,""Kinetic"":29.63490913728426,""AtomicNonlocalFR"":-14.407079029868633,""AtomicLocal"":-80.40466718347135,""Hartree"":29.221309358135287,""Xc"":-7.264189009646526}","[-4.6694080880822395e-17,4.541127983973424e-16,-2.5722499607058356e-15]",-0.10156154651465503,0.0,"[10.0,10.0,10.0]","[3.333333333333333,3.333333333333333,3.333333333333333]",1.5864452439071654e-146,1.0,true,"Midpoint of the global spectral gap; Float64 counts equal at its 1/4,1/2,3/4 points","[[1.5864452439076164e-146,1.5864452439071654e-146],[3.416785501181952e-114,3.4167687380563585e-114],[3.416785501180398e-114,3.4167687380614085e-114]]",0,-16.219224500975557,-9.48500614119043,2.1316282072803006e-14,-7.105427357601002e-15,NO_RESOLVABLE_PARTIAL_OCCUPATIONS,0,PASS,1.278049139264031e-34,[24],3,102,1933,54
27,iteration,CONTINUE,0.1,false,false,linear_mixing,0.12309779470807082,0.012309779470807143,0.012309779470807143,,08da495d623793de97bb457e61b12ab8257d5f8ce33c378e9ba7542d40be5f8f,10.000000000000023,08d7225084e90278fbddf7849eff7d0fb44d6c47ed049884232ae5877457cc65,10.000000000000004,367493cf70b6b6be070e6105cb8de7512a82df3b94546d98cb677b074c5d8660,10.000000000000021,24,9.739845169011178e-11,2.9897097133574046e-14,0.23141248420172603,0.04970701303097877,-57.317478787276,7.770151836178726e-37,-7.770151836178725e-40,-57.317478787276,7.770151836178725e-40,10.000000000000007,1.112618768046994e-13,"{""PspCorrection"":0.09187494522099392,""Ewald"":-14.186487397403095,""Kinetic"":29.552594017083436,""AtomicNonlocalFR"":-14.379621854354713,""AtomicLocal"":-80.2608487623209,""Hartree"":29.116198454522934,""Xc"":-7.251188190024643}","[-6.351809670131623e-15,-1.7376001315941952e-15,6.277430205286821e-15]",-0.09804860020127946,0.0,"[10.0,10.0,10.0]","[3.333333333333333,3.333333333333333,3.333333333333333]",5.95700577314105e-146,1.0,true,"Midpoint of the global spectral gap; Float64 counts equal at its 1/4,1/2,3/4 points","[[5.957005773148161e-146,5.95700577314105e-146],[2.800140662987996e-113,2.8001274779939016e-113],[2.8001406629865637e-113,2.8001274779956524e-113]]",0,-16.323520970124793,-9.468041279578525,5.684341886080802e-14,7.105427357601002e-15,NO_RESOLVABLE_PARTIAL_OCCUPATIONS,0,PASS,5.058646772136259e-35,[24],3,102,1934,51
28,iteration,CONTINUE,0.1,false,false,linear_mixing,0.10840433051273626,0.010840433051273708,0.010840433051273708,,367493cf70b6b6be070e6105cb8de7512a82df3b94546d98cb677b074c5d8660,10.000000000000021,f98aa33eb94debee88746d7c693241f295f40736d9fd3324f9f8200f2da77c8a,10.000000000000025,0f39c302afc5dedd7068f237886c1580e0e968ed4f3c28fb419cadfe364d8894,10.000000000000023,24,9.954879764686052e-11,3.0249024979663295e-14,0.1966255107530842,0.04227450052843126,-57.31977367856533,2.3040149671986613e-36,-2.3040149671986612e-39,-57.31977367856533,2.3040149671986612e-39,10.000000000000027,2.403700666317585e-13,"{""PspCorrection"":0.09187494522099392,""Ewald"":-14.186487397403095,""Kinetic"":29.48233359619624,""AtomicNonlocalFR"":-14.355981114167788,""AtomicLocal"":-80.13794799075833,""Hartree"":29.026539834611917,""Xc"":-7.240105552265261}","[1.7976528573876956e-15,-2.3174291937888047e-15,2.2598123289904303e-15]",-0.09511427975212378,0.0,"[10.0,10.0,10.0]","[3.333333333333333,3.333333333333333,3.333333333333333]",1.8730244834199175e-145,1.0,true,"Midpoint of the global spectral gap; Float64 counts equal at its 1/4,1/2,3/4 points","[[1.8730244834224728e-145,1.8730244834199175e-145],[1.544559339354885e-112,1.5445525808629224e-112],[1.5445593393580457e-112,1.5445525808632737e-112]]",0,-16.41209287307962,-9.453577033573492,-7.815970093361102e-14,0.0,NO_RESOLVABLE_PARTIAL_OCCUPATIONS,0,PASS,2.4463801047128333e-35,[24],3,100,1913,52
29,iteration,CONTINUE,0.1,false,false,linear_mixing,0.09569534499749341,0.009569534499749408,0.009569534499749408,,0f39c302afc5dedd7068f237886c1580e0e968ed4f3c28fb419cadfe364d8894,10.000000000000023,f6b20125c740a8fc2606de97275c06269dd7068e51aeb75e83217d30389b5862,10.000000000000014,1814ce767dbca4d2cbb7421fd2e8b4103c6a5e7eae55f6075ecc40d10a2d7ae8,10.000000000000021,24,8.597388378099396e-11,3.21307098885032e-14,0.16703815730504432,0.0360182457331277,-57.32144447818658,5.527680270374601e-36,-5.527680270374601e-39,-57.32144447818658,5.527680270374601e-39,10.000000000000016,6.087356275131982e-14,"{""PspCorrection"":0.09187494522099392,""Ewald"":-14.186487397403095,""Kinetic"":29.422402573673814,""AtomicNonlocalFR"":-14.335653211731213,""AtomicLocal"":-80.03309555016374,""Hartree"":28.950183204974536,""Xc"":-7.230669042757879}","[-1.2629729982826514e-14,3.0027162900343706e-15,-4.2967345024162327e-16]",-0.09265784840029412,0.0,"[10.0,10.0,10.0]","[3.333333333333333,3.333333333333333,3.333333333333333]",5.07675594562592e-145,1.0,true,"Midpoint of the global spectral gap; Float64 counts equal at its 1/4,1/2,3/4 points","[[5.0767559456380404e-145,5.07675594562592e-145],[6.185249552002514e-112,6.185225014302368e-112],[6.185249552009194e-112,6.18522501429604e-112]]",0,-16.48723859940879,-9.44125882113683,9.947598300641403e-14,0.0,NO_RESOLVABLE_PARTIAL_OCCUPATIONS,0,PASS,1.3790516554139193e-35,[24],3,103,1928,55
30,iteration,CONTINUE,0.1,false,false,linear_mixing,0.08467536185949966,0.008467536185950024,0.008467536185950024,,1814ce767dbca4d2cbb7421fd2e8b4103c6a5e7eae55f6075ecc40d10a2d7ae8,10.000000000000021,dfa9b74eb732c59055d70416e3df04e5b59ea34809f45f7eeea1dbf9568a2e90,10.000000000000007,6052f4eebde8fd10dad21e548bc6cf9e3beb983332af15ad11df6a3d4672e478,10.00000000000002,24,9.938401503437955e-11,3.300936819967616e-14,0.14188493707850586,0.030745560854739153,-57.322660808509234,1.1182896528170653e-35,-1.1182896528170653e-38,-57.322660808509234,1.1182896528170653e-38,10.00000000000001,1.450368810016751e-13,"{""PspCorrection"":0.09187494522099392,""Ewald"":-14.186487397403095,""Kinetic"":29.371304427278684,""AtomicNonlocalFR"":-14.318192964068354,""AtomicLocal"":-79.94374360945855,""Hartree"":28.8852239663708,""Xc"":-7.222640176449719}","[-7.070840934826668e-16,-3.8227908602971124e-15,3.875661718841911e-16]",-0.09059741230160018,0.0,"[10.0,10.0,10.0]","[3.333333333333333,3.333333333333333,3.333333333333333]",1.2140055621034427e-144,1.0,true,"Midpoint of the global spectral gap; Float64 counts equal at its 1/4,1/2,3/4 points","[[1.214005562107238e-144,1.2140055621034427e-144],[1.9107362844523288e-111,1.910729462564579e-111],[1.910736284454664e-111,1.9107294625657193e-111]]",0,-16.550960240312683,-9.430776026805963,-1.0658141036401503e-13,-7.105427357601002e-15,NO_RESOLVABLE_PARTIAL_OCCUPATIONS,0,PASS,8.720108050754303e-36,[24],3,104,1918,52
31,iteration,CONTINUE,0.1,false,false,linear_mixing,0.07509401859629175,0.007509401859629226,0.007509401859629226,,6052f4eebde8fd10dad21e548bc6cf9e3beb983332af15ad11df6a3d4672e478,10.00000000000002,46aaae2d6c186f7f6072bc48e87f3449c8bdc178f3c5877139f018c3eda5179e,10.000000000000021,1821d0d41ce7a4a3b84fe6d6ea98bc5a558130cd75bd93af7a321f08871569ac,10.000000000000021,24,9.984187141534743e-11,3.3221737586209593e-14,0.12050781515375623,0.026295558176056257,-57.32354672748324,1.9721007790519094e-35,-1.9721007790519095e-38,-57.32354672748324,1.9721007790519095e-38,10.000000000000021,6.087322713400383e-14,"{""PspCorrection"":0.09187494522099392,""Ewald"":-14.186487397403095,""Kinetic"":29.327748309333824,""AtomicNonlocalFR"":-14.30320930018375,""AtomicLocal"":-79.86765784006447,""Hartree"":28.829996527948374,""Xc"":-7.215811972335119}","[2.265937045561014e-15,6.933372473318437e-17,1.810611275303688e-16]",-0.08886609495710245,0.0,"[10.0,10.0,10.0]","[3.333333333333333,3.333333333333333,3.333333333333333]",2.609898097094192e-144,1.0,true,"Midpoint of the global spectral gap; Float64 counts equal at its 1/4,1/2,3/4 points","[[2.609898097098346e-144,2.609898097094192e-144],[4.781175139301443e-111,4.781159442828639e-111],[4.7811751393036174e-111,4.781159442830269e-111]]",0,-16.604984898429688,-9.42185912341196,-7.815970093361102e-14,0.0,NO_RESOLVABLE_PARTIAL_OCCUPATIONS,0,PASS,5.991012365816964e-36,[24],3,101,1911,49
32,iteration,CONTINUE,0.1,false,false,linear_mixing,0.06673971688213252,0.0066739716882133135,0.0066739716882133135,,1821d0d41ce7a4a3b84fe6d6ea98bc5a558130cd75bd93af7a321f08871569ac,10.000000000000021,0a3305a64902231c4ff0f8353092cbd3c2d6a30f31c7152b9458e5f6b9144e2c,10.000000000000023,068055296b745810b29c77265835cda69d5ce95454d64ee0555809bf1e4cdf46,10.000000000000021,24,9.848374957187088e-11,3.7870529817399154e-14,0.10234326608418003,0.022534307570059295,-57.32419261072625,3.113225095698487e-35,-3.113225095698487e-38,-57.32419261072625,3.113225095698487e-38,10.000000000000025,4.08284264647065e-13,"{""PspCorrection"":0.09187494522099392,""Ewald"":-14.186487397403095,""Kinetic"":29.290625463002776,""AtomicNonlocalFR"":-14.29036043669001,""AtomicLocal"":-79.80289747234929,""Hartree"":28.783058401075124,""Xc"":-7.210006113582755}","[5.587235182596363e-15,-1.6404511077711799e-16,4.743947993292243e-15]",-0.08740904038251489,0.0,"[10.0,10.0,10.0]","[3.333333333333333,3.333333333333333,3.333333333333333]",5.123829084847096e-144,1.0,true,"Midpoint of the global spectral gap; Float64 counts equal at its 1/4,1/2,3/4 points","[[5.123829084852047e-144,5.123829084847096e-144],[1.0079556628736853e-110,1.0079524548526885e-110],[1.007955662872654e-110,1.0079524548506833e-110]]",0,-16.65079153452486,-9.414275890638656,6.394884621840902e-14,0.0,NO_RESOLVABLE_PARTIAL_OCCUPATIONS,0,PASS,4.355522284651822e-36,[24],3,98,1884,46
33,iteration,CONTINUE,0.1,false,false,linear_mixing,0.05943392888873862,0.005943392888873911,0.005943392888873911,,068055296b745810b29c77265835cda69d5ce95454d64ee0555809bf1e4cdf46,10.000000000000021,9750040cc01e35462a85ef57c87987590fe50575e089e0bd1a6aacb6b5653e42,9.999999999999996,4558547c6abcac61f776f6470b5b32ee4bba92dac35807c858e71d9fb0eb7881,10.00000000000002,24,9.845819639113925e-11,2.902482135220068e-14,0.0869100916320342,0.019350466872665475,-57.3246641264292,4.494039932690414e-35,-4.4940399326904143e-38,-57.3246641264292,4.4940399326904143e-38,10.0,1.140850969278081e-13,"{""PspCorrection"":0.09187494522099392,""Ewald"":-14.186487397403095,""Kinetic"":29.258986525267275,""AtomicNonlocalFR"":-14.279348903633103,""AtomicLocal"":-79.74778895750325,""Hartree"":28.743169471492884,""Xc"":-7.205069809870909}","[-1.663740673221089e-15,-4.726957488857035e-15,-2.650104570536241e-16]",-0.08618105618338237,0.0,"[10.0,10.0,10.0]","[3.333333333333333,3.333333333333333,3.333333333333333]",9.309761241696789e-144,1.0,true,"Midpoint of the global spectral gap; Float64 counts equal at its 1/4,1/2,3/4 points","[[9.30976124170949e-144,9.309761241696789e-144],[1.8480300108083068e-110,1.848023933423208e-110],[1.8480300108060484e-110,1.84802393342221e-110]]",0,-16.68963969563959,-9.407827302756278,-1.4210854715202004e-14,-7.105427357601002e-15,NO_RESOLVABLE_PARTIAL_OCCUPATIONS,0,PASS,3.2799935829549684e-36,[24],3,97,1860,45
34,iteration,CONTINUE,0.1,false,false,linear_mixing,0.05302617270206322,0.005302617270206369,0.005302617270206369,,4558547c6abcac61f776f6470b5b32ee4bba92dac35807c858e71d9fb0eb7881,10.00000000000002,9cf578ef5a41eb6ee7687d3803af46f3954850fbea6716d5cea0b893a5a0db55,10.000000000000034,9a947cae2f83be4fa88b0815bbd869866faad7f85cfd294f89903726919759a7,10.000000000000023,24,9.020640438223641e-11,3.339093946274591e-14,0.07379826302259786,0.016651446469795828,-57.3250089192933,6.033973433987223e-35,-6.033973433987223e-38,-57.3250089192933,6.033973433987223e-38,10.000000000000034,1.199170458259693e-13,"{""PspCorrection"":0.09187494522099392,""Ewald"":-14.186487397403095,""Kinetic"":29.23202046241174,""AtomicNonlocalFR"":-14.269916669320788,""AtomicLocal"":-79.70089698818049,""Hartree"":28.709269379533826,""Xc"":-7.200872651555485}","[-4.157904721236192e-15,-1.2085167078040629e-15,-2.8744319292541226e-15]",-0.08514476005128621,0.0,"[10.0,10.0,10.0]","[3.333333333333333,3.333333333333333,3.333333333333333]",1.5829292760850663e-143,1.0,true,"Midpoint of the global spectral gap; Float64 counts equal at its 1/4,1/2,3/4 points","[[1.5829292760900152e-143,1.5829292760850663e-143],[3.023310830788855e-110,3.023300078697593e-110],[3.0233108307932375e-110,3.023300078702147e-110]]",0,-16.72259786864114,-9.402343432619269,2.1316282072803006e-14,7.105427357601002e-15,NO_RESOLVABLE_PARTIAL_OCCUPATIONS,0,PASS,2.516245065512839e-36,[24],3,94,1836,43
35,iteration,CONTINUE,0.1,false,false,linear_mixing,0.04738963596909719,0.004738963596909781,0.004738963596909781,,9a947cae2f83be4fa88b0815bbd869866faad7f85cfd294f89903726919759a7,10.000000000000023,1a4c1b49c8b3426f976ab6448f4c82f06f53b7e651e7414d8b9d9bac69ffbd2d,10.000000000000025,caccc28804554988510065d91716bfd4a7673fe5d3d157100b8e21058a46d63a,10.000000000000021,24,9.87220968554031e-11,3.1436649728517237e-14,0.06265890737910633,0.014360138575741966,-57.32526153594367,7.639028234670961e-35,-7.639028234670961e-38,-57.32526153594367,7.639028234670961e-38,10.000000000000021,7.047792489917e-14,"{""PspCorrection"":0.09187494522099392,""Ewald"":-14.186487397403095,""Kinetic"":29.209035499622587,""AtomicNonlocalFR"":-14.261840521403157,""AtomicLocal"":-79.66099535360573,""Hartree"":28.680454916802372,""Xc"":-7.1973036251776366}","[-4.461953936693574e-15,7.303621100436586e-16,-1.6204277088105088e-15]",-0.08426912059782345,0.0,"[10.0,10.0,10.0]","[3.333333333333333,3.333333333333333,3.333333333333333]",2.5405267779267057e-143,1.0,true,"Midpoint of the global spectral gap; Float64 counts equal at its 1/4,1/2,3/4 points","[[2.5405267779313266e-143,2.5405267779267057e-143],[4.5059595429106916e-110,4.505941892506664e-110],[4.505959542921705e-110,4.505941892512427e-110]]",0,-16.75057011796333,-9.397679576181769,-1.4210854715202004e-14,0.0,NO_RESOLVABLE_PARTIAL_OCCUPATIONS,0,PASS,1.9413891746369566e-36,[24],3,91,1793,40
36,iteration,CONTINUE,0.1,false,false,linear_mixing,0.042417405295839275,0.004241740529583963,0.004241740529583963,,caccc28804554988510065d91716bfd4a7673fe5d3d157100b8e21058a46d63a,10.000000000000021,1b78e5cc37f4b0838262fdc6918ede3199f9452eec11e3eaaef9afba0b586276,10.000000000000005,1c8419759cd0499a40e205089e41550dcb4da6124253dbdee02833df49545ee7,10.000000000000018,24,9.961708763279666e-11,2.9648834942223796e-14,0.05319546312726999,0.012412188519362133,-57.3254470265476,9.219478814297824e-35,-9.219478814297824e-38,-57.3254470265476,9.219478814297824e-38,10.00000000000001,1.5536536482080578e-13,"{""PspCorrection"":0.09187494522099392,""Ewald"":-14.186487397403095,""Kinetic"":29.189442169831597,""AtomicNonlocalFR"":-14.254927794775156,""AtomicLocal"":-79.62703920375279,""Hartree"":28.65595863771629,""Xc"":-7.194268383385435}","[6.547500576605449e-15,8.326643481077148e-16,3.441416725904838e-15]",-0.08352830437981577,0.0,"[10.0,10.0,10.0]","[3.333333333333333,3.333333333333333,3.333333333333333]",3.8768528886798708e-143,1.0,true,"Midpoint of the global spectral gap; Float64 counts equal at its 1/4,1/2,3/4 points","[[3.876852888688906e-143,3.8768528886798708e-143],[6.222222270283473e-110,6.222195439005551e-110],[6.222222270289133e-110,6.222195439003781e-110]]",0,-16.77432026378897,-9.393712710525296,9.237055564881302e-14,0.0,NO_RESOLVABLE_PARTIAL_OCCUPATIONS,0,PASS,1.491331147200151e-36,[24],3,93,1795,41
37,iteration,CONTINUE,0.1,false,false,linear_mixing,0.038019246453406375,0.003801924645340672,0.003801924645340672,,1c8419759cd0499a40e205089e41550dcb4da6124253dbdee02833df49545ee7,10.000000000000018,85d292aaf9b11ec554ccce350c1bae22fd2ce51252c9425d6023119fcc6c9d97,10.000000000000018,330370d246abe516a681f663c80ad164d8f2501ac83948de5759aff1dcf55710,10.000000000000018,24,9.83209082659063e-11,3.040612044492369e-14,0.04515596666455146,0.010753756244064524,-57.32558356434565,1.0701710816698044e-34,-1.0701710816698045e-37,-57.32558356434565,1.0701710816698045e-37,10.00000000000002,1.5297629046348e-13,"{""PspCorrection"":0.09187494522099392,""Ewald"":-14.186487397403095,""Kinetic"":29.172738458438666,""AtomicNonlocalFR"":-14.24901248971451,""AtomicLocal"":-79.59813964021853,""Hartree"":28.635129371360616,""Xc"":-7.191686812029792}","[1.3403306875491536e-15,-2.757260446354407e-16,3.741592496917553e-15]",-0.08290075809916907,0.0,"[10.0,10.0,10.0]","[3.333333333333333,3.333333333333333,3.333333333333333]",5.660600103614534e-143,1.0,true,"Midpoint of the global spectral gap; Float64 counts equal at its 1/4,1/2,3/4 points","[[5.660600103623543e-143,5.660600103614534e-143],[8.070788811230759e-110,8.070750852636483e-110],[8.070788811237411e-110,8.07075085264497e-110]]",0,-16.79449326626041,-9.390338337487256,-1.4210854715202004e-14,-7.105427357601002e-15,NO_RESOLVABLE_PARTIAL_OCCUPATIONS,0,PASS,1.1307642011220389e-36,[24],3,89,1752,39
38,iteration,CONTINUE,0.1,false,false,linear_mixing,0.03411887509301326,0.0034118875093013764,0.0034118875093013764,,330370d246abe516a681f663c80ad164d8f2501ac83948de5759aff1dcf55710,10.000000000000018,fa47e05b6bf3b970cf10e44f180a923ea12aede55d4b3469d8c4477e38a92c8c,10.00000000000002,ed7be58192473c6924aec627be4fae5d0d0e0cdc33c8eabd070568cc64eab07b,10.00000000000002,24,9.213431037071939e-11,3.162154584087027e-14,0.038326392007094846,0.009339697707234673,-57.32568434440188,1.2033584698914424e-34,-1.2033584698914425e-37,-57.32568434440188,1.2033584698914425e-37,10.00000000000002,1.5845580837813714e-13,"{""PspCorrection"":0.09187494522099392,""Ewald"":-14.186487397403095,""Kinetic"":29.158496925320808,""AtomicNonlocalFR"":-14.243951790955437,""AtomicLocal"":-79.57354106736209,""Hartree"":28.617414944145814,""Xc"":-7.189490903368867}","[-8.54767245131221e-15,1.2343590662375678e-14,2.948792528177104e-15]",-0.08236847058739666,0.0,"[10.0,10.0,10.0]","[3.333333333333333,3.333333333333333,3.333333333333333]",7.951011355341891e-143,1.0,true,"Midpoint of the global spectral gap; Float64 counts equal at its 1/4,1/2,3/4 points","[[7.951011355353189e-143,7.951011355341891e-143],[9.944024143358334e-110,9.94397374084788e-110],[9.944024143347876e-110,9.943973740849576e-110]]",0,-16.8116337680147,-9.387467723309747,1.4210854715202004e-13,0.0,NO_RESOLVABLE_PARTIAL_OCCUPATIONS,0,PASS,8.388268385125936e-37,[24],3,91,1760,41
39,iteration,CONTINUE,0.1,false,false,linear_mixing,0.030651657141775125,0.0030651657141775542,0.0030651657141775542,,ed7be58192473c6924aec627be4fae5d0d0e0cdc33c8eabd070568cc64eab07b,10.00000000000002,d11be8f0619ec06c7fe47e957cee07fb0f30779b672715209be08a684c03305b,10.000000000000016,4827769778d18bd7d10bb68b96e75b37ca81068cf914202ee207e179352ad3f8,10.000000000000021,24,9.891338062768888e-11,3.250853955619195e-14,0.03252494225864178,0.008132091234943937,-57.32575895731581,1.318467137734733e-34,-1.318467137734733e-37,-57.32575895731581,1.318467137734733e-37,10.00000000000002,2.1949680432333903e-13,"{""PspCorrection"":0.09187494522099392,""Ewald"":-14.186487397403095,""Kinetic"":29.14635363114708,""AtomicNonlocalFR"":-14.239622977571962,""AtomicLocal"":-79.55260139805046,""Hartree"":28.60234716191965,""Xc"":-7.18762292257802}","[-3.240408387711298e-15,5.505796941181861e-15,-1.6795515614409246e-15]",-0.08191637290402962,0.0,"[10.0,10.0,10.0]","[3.333333333333333,3.333333333333333,3.333333333333333]",1.0793627082360682e-142,1.0,true,"Midpoint of the global spectral gap; Float64 counts equal at its 1/4,1/2,3/4 points","[[1.0793627082390744e-142,1.0793627082360682e-142],[1.1745380997760918e-109,1.174531759782139e-109],[1.1745380997779279e-109,1.174531759784676e-109]]",0,-16.826201938185037,-9.385025517548959,-4.263256414560601e-14,7.105427357601002e-15,NO_RESOLVABLE_PARTIAL_OCCUPATIONS,0,PASS,6.020274324825278e-37,[24],3,90,1752,40
40,iteration,CONTINUE,0.1,false,false,linear_mixing,0.027562680924630125,0.0027562680924630503,0.0027562680924630503,,4827769778d18bd7d10bb68b96e75b37ca81068cf914202ee207e179352ad3f8,10.000000000000021,ab43c445e95e3f921cdf133d38075dc24c233e33273e1a701fdcdcfc9920f2be,10.000000000000002,fcc842dd861d6edbcacd5898ca65f72eaafc888c85f9054d857f42252d20382f,10.00000000000002,24,9.764532170008254e-11,2.869060846508959e-14,0.02759718203028847,0.007099039420420568,-57.325814382330414,1.4143315641447211e-34,-1.4143315641447212e-37,-57.325814382330414,1.4143315641447212e-37,10.000000000000004,1.8715235863702033e-13,"{""PspCorrection"":0.09187494522099392,""Ewald"":-14.186487397403095,""Kinetic"":29.13599866831915,""AtomicNonlocalFR"":-14.235920700599307,""AtomicLocal"":-79.53477498897762,""Hartree"":28.58952893320056,""Xc"":-7.186033842091091}","[-1.3093110952866986e-15,-7.381546559940818e-17,-5.08922890402096e-15]",-0.08153184602164967,0.0,"[10.0,10.0,10.0]","[3.333333333333333,3.333333333333333,3.333333333333333]",1.4217234212386253e-142,1.0,true,"Midpoint of the global spectral gap; Float64 counts equal at its 1/4,1/2,3/4 points","[[1.4217234212419387e-142,1.4217234212386253e-142],[1.3399955901285924e-109,1.3399879693772698e-109],[1.3399955901295827e-109,1.3399879693759367e-109]]",0,-16.838586873301214,-9.38294771844449,-6.394884621840902e-14,1.4210854715202004e-14,NO_RESOLVABLE_PARTIAL_OCCUPATIONS,0,PASS,4.107270433011193e-37,[24],3,89,1732,41
41,iteration,CONTINUE,0.1,false,false,linear_mixing,0.024805147631729692,0.002480514763173019,0.002480514763173019,,fcc842dd861d6edbcacd5898ca65f72eaafc888c85f9054d857f42252d20382f,10.00000000000002,dd02e928d14ba516f4ea7730828da12eada7a1860ee59cc514f41c69b3f234ab,10.000000000000007,b075557f259adabbbe96e488d0d0d40e9fe69cf9afb13be720b92f433bf2ac4b,10.000000000000018,24,9.852289285369279e-11,2.4837650429781246e-14,0.023411900474889207,0.006213688099774819,-57.32585570528115,1.491228201094527e-34,-1.491228201094527e-37,-57.32585570528115,1.491228201094527e-37,10.00000000000001,1.1662993972899482e-13,"{""PspCorrection"":0.09187494522099392,""Ewald"":-14.186487397403095,""Kinetic"":29.127168093080183,""AtomicNonlocalFR"":-14.232754598685025,""AtomicLocal"":-79.51959805998838,""Hartree"":28.57862332511923,""Xc"":-7.184682012625056}","[9.917720034569201e-15,-4.302507874848815e-15,-3.8470288288511637e-16]",-0.08120431391781295,0.0,"[10.0,10.0,10.0]","[3.333333333333333,3.333333333333333,3.333333333333333]",1.8232188694491368e-142,1.0,true,"Midpoint of the global spectral gap; Float64 counts equal at its 1/4,1/2,3/4 points","[[1.823218869451728e-142,1.8232188694491368e-142],[1.4858247375609773e-109,1.4858159166898274e-109],[1.4858247375599215e-109,1.4858159166896584e-109]]",0,-16.84911786004599,-9.381179944691196,-2.1316282072803006e-14,7.105427357601002e-15,NO_RESOLVABLE_PARTIAL_OCCUPATIONS,0,PASS,2.574116081201905e-37,[24],3,87,1713,39
42,iteration,CONTINUE,0.1,false,false,linear_mixing,0.022339032232223523,0.002233903223222379,0.002233903223222379,,b075557f259adabbbe96e488d0d0d40e9fe69cf9afb13be720b92f433bf2ac4b,10.000000000000018,fcdd28910fb0a36e42d6210938425c8690d9e31f644945c0844bed865035dfc8,10.000000000000014,2846c9475dfba09df8f012b26d3fedadf7403e35313f47670493b7f7f6772687,10.00000000000002,24,9.41831230768137e-11,2.8862051873210867e-14,0.019857601452019653,0.005645708823585631,-57.32588663785814,1.5504223812567448e-34,-1.5504223812567449e-37,-57.32588663785814,1.5504223812567449e-37,10.000000000000018,1.1229521170419617e-13,"{""PspCorrection"":0.09187494522099392,""Ewald"":-14.186487397403095,""Kinetic"":29.119637064772732,""AtomicNonlocalFR"":-14.230047219280713,""AtomicLocal"":-79.50667630065699,""Hartree"":28.569344308167167,""Xc"":-7.183532038678233}","[-2.9463862841770154e-15,1.878125217992097e-15,-1.9462339556533103e-16]",-0.08092490574773475,0.0,"[10.0,10.0,10.0]","[3.333333333333333,3.333333333333333,3.333333333333333]",2.2830122293418855e-142,1.0,true,"Midpoint of the global spectral gap; Float64 counts equal at its 1/4,1/2,3/4 points","[[2.2830122293464275e-142,2.2830122293418855e-142],[1.609485536784663e-109,1.6094756402209525e-109],[1.609485536781964e-109,1.6094756402213186e-109]]",0,-16.858073810985122,-9.37967597215454,6.394884621840902e-14,7.105427357601002e-15,NO_RESOLVABLE_PARTIAL_OCCUPATIONS,0,PASS,1.3586417628623309e-37,[24],3,87,1718,39
43,iteration,CONTINUE,0.1,false,false,linear_mixing,0.020129972509027382,0.0020129972509027733,0.0020129972509027733,,2846c9475dfba09df8f012b26d3fedadf7403e35313f47670493b7f7f6772687,10.00000000000002,9f4a2c5be26d6c220d686a5a6d03c04f68c7ff0aef65adc189ba73221af62658,10.00000000000002,c1230a77247e5fc74e65a52757a0fa2a7d01b1d7e3b5ac4144ddb3fe5279338f,10.000000000000018,24,9.923137283300614e-11,2.8377573437405452e-14,0.01683952802984828,0.005177568281006106,-57.32590989341706,1.5937689614931143e-34,-1.5937689614931144e-37,-57.32590989341706,1.5937689614931144e-37,10.00000000000002,8.62825287719812e-14,"{""PspCorrection"":0.09187494522099392,""Ewald"":-14.186487397403095,""Kinetic"":29.11321401687117,""AtomicNonlocalFR"":-14.227732212744597,""AtomicLocal"":-79.495674365002,""Hartree"":28.56144894793932,""Xc"":-7.182553828298844}","[3.686250734077773e-16,-6.067604953907162e-15,-1.7018776558646535e-15]",-0.08068617471799865,0.0,"[10.0,10.0,10.0]","[3.333333333333333,3.333333333333333,3.333333333333333]",2.7984910504436878e-142,1.0,true,"Midpoint of the global spectral gap; Float64 counts equal at its 1/4,1/2,3/4 points","[[2.7984910504484603e-142,2.7984910504436878e-142],[1.710427850508283e-109,1.7104170280181874e-109],[1.710427850508283e-109,1.7104170280179928e-109]]",0,-16.86569116160473,-9.3783964966079,-2.842170943040401e-14,0.0,NO_RESOLVABLE_PARTIAL_OCCUPATIONS,0,PASS,4.0778556222954733e-38,[24],3,89,1721,40
44,iteration,CONTINUE,0.1,false,false,linear_mixing,0.01814834935713702,0.0018148349357137421,0.0018148349357137421,,c1230a77247e5fc74e65a52757a0fa2a7d01b1d7e3b5ac4144ddb3fe5279338f,10.000000000000018,e44fc0ac8bc472d846da09e91c13a79adcbef2682d2ac1eec4e0809ccece2b38,10.000000000000018,d0cd6a774880f4edb5f7ddd4354a8dba29a4a6d420ebb409161071d8d8474a6b,10.00000000000002,24,9.598667063369443e-11,3.0732197747912594e-14,0.014277140102386995,0.004827561741440711,-57.32592745918677,1.6233971981224284e-34,-1.6233971981224286e-37,-57.32592745918677,1.6233971981224286e-37,10.000000000000023,6.295805708146714e-14,"{""PspCorrection"":0.09187494522099392,""Ewald"":-14.186487397403095,""Kinetic"":29.10773570513484,""AtomicNonlocalFR"":-14.225752768039978,""AtomicLocal"":-79.4863069747862,""Hartree"":28.554730820775802,""Xc"":-7.181721790089126}","[-2.0887268226308e-15,2.2808728608583956e-15,-2.7373599755317482e-15]",-0.08048186393014593,0.0,"[10.0,10.0,10.0]","[3.333333333333333,3.333333333333333,3.333333333333333]",3.365467627765785e-142,1.0,true,"Midpoint of the global spectral gap; Float64 counts equal at its 1/4,1/2,3/4 points","[[3.3654676277671245e-142,3.365467627765785e-142],[1.7895637551561931e-109,1.7895521657822913e-109],[1.7895637551542093e-109,1.789552165782393e-109]]",0,-16.872170483745894,-9.377308087606142,-1.4210854715202004e-14,0.0,NO_RESOLVABLE_PARTIAL_OCCUPATIONS,0,PASS,3.2429177094572635e-38,[24],3,87,1703,39
45,iteration,CONTINUE,0.1,false,false,linear_mixing,0.016368526563757514,0.0016368526563757904,0.0016368526563757904,,d0cd6a774880f4edb5f7ddd4354a8dba29a4a6d420ebb409161071d8d8474a6b,10.00000000000002,a0f724a227e54dfea41dddfe746aafdbd8cfee858b71247ecd424a46d8c655f5,10.000000000000014,9362cc65aa7f556fa810e831190b2baeae3076a047ec4561eda315d352a410ac,10.00000000000002,24,9.038562671477075e-11,3.3952818910212174e-14,0.012101975483833112,0.004512995469072152,-57.32594079360031,1.641483843286548e-34,-1.641483843286548e-37,-57.32594079360031,1.641483843286548e-37,10.000000000000016,6.943655428647228e-14,"{""PspCorrection"":0.09187494522099392,""Ewald"":-14.186487397403095,""Kinetic"":29.103062999750748,""AtomicNonlocalFR"":-14.224060260879657,""AtomicLocal"":-79.47833138488706,""Hartree"":28.549014458774856,""Xc"":-7.1810141541771015}","[4.183342329153114e-15,-5.343763201955047e-15,1.0711210191645826e-15]",-0.08030671130961146,0.0,"[10.0,10.0,10.0]","[3.333333333333333,3.333333333333333,3.333333333333333]",3.978454132360786e-142,1.0,true,"Midpoint of the global spectral gap; Float64 counts equal at its 1/4,1/2,3/4 points","[[3.9784541323657616e-142,3.978454132360786e-142],[1.8487554921143464e-109,1.8487432918990776e-109],[1.848755492116816e-109,1.8487432918984473e-109]]",0,-16.87768203189827,-9.376382303432095,8.526512829121202e-14,0.0,NO_RESOLVABLE_PARTIAL_OCCUPATIONS,0,PASS,8.768196774159889e-38,[24],3,84,1680,36
46,iteration,CONTINUE,0.1,false,false,linear_mixing,0.014768222893441726,0.0014768222893442352,0.0014768222893442352,,9362cc65aa7f556fa810e831190b2baeae3076a047ec4561eda315d352a410ac,10.00000000000002,9357f896c99ef5e975a82fced570b34b4eb1f9c8946596c424f191209d0a66b4,10.000000000000004,8b536864f17834d6add47ff397606fdd46b8da67a4261a555c00e08eb58f355a,10.000000000000016,24,9.53563017171589e-11,2.619883319013854e-14,0.010255835380416233,0.004277565417849249,-57.325950969474206,1.6501041724847285e-34,-1.6501041724847284e-37,-57.325950969474206,1.6501041724847284e-37,10.000000000000004,5.099965441739493e-14,"{""PspCorrection"":0.09187494522099392,""Ewald"":-14.186487397403095,""Kinetic"":29.099077308182963,""AtomicNonlocalFR"":-14.222613087733876,""AtomicLocal"":-79.47154099888641,""Hartree"":28.54415065861025,""Xc"":-7.1804123974650365}","[-2.3299691005010565e-15,-4.1268138801852654e-16,-4.029237474266825e-15]",-0.08015628710162316,0.0,"[10.0,10.0,10.0]","[3.333333333333333,3.333333333333333,3.333333333333333]",4.630981527646426e-142,1.0,true,"Midpoint of the global spectral gap; Float64 counts equal at its 1/4,1/2,3/4 points","[[4.630981527653533e-142,4.630981527646426e-142],[1.8903845352752e-109,1.8903718689387137e-109],[1.8903845352759522e-109,1.8903718689387137e-109]]",0,-16.882370402859188,-9.375594941642467,9.947598300641403e-14,0.0,NO_RESOLVABLE_PARTIAL_OCCUPATIONS,0,PASS,1.2835877033581667e-37,[24],3,84,1675,36
47,iteration,CONTINUE,0.1,false,false,linear_mixing,0.013327993471518475,0.0013327993471518819,0.0013327993471518819,,8b536864f17834d6add47ff397606fdd46b8da67a4261a555c00e08eb58f355a,10.000000000000016,78eff4277b16a0097474292c5bffed0d66d7e82451c4f47347e6c4fec804c90c,10.000000000000007,d6707fb2c319755ac4b3a16fd63a497f6203e5e0376cb6983d9e4d2ae9e085af,10.000000000000018,24,8.669243089595384e-11,2.7361822813907804e-14,0.008689244276831952,0.003950576254215883,-57.32595877799415,1.65114495291712e-34,-1.65114495291712e-37,-57.32595877799415,1.65114495291712e-37,10.000000000000009,5.90943692604511e-14,"{""PspCorrection"":0.09187494522099392,""Ewald"":-14.186487397403095,""Kinetic"":29.09567753270347,""AtomicNonlocalFR"":-14.221375661774493,""AtomicLocal"":-79.46575995523973,""Hartree"":28.540012515134308,""Xc"":-7.179900756635602}","[-2.3425997571983115e-15,2.2093421988053957e-15,1.1184233623457622e-15]",-0.08002685849319535,0.0,"[10.0,10.0,10.0]","[3.333333333333333,3.333333333333333,3.333333333333333]",5.315932837733555e-142,1.0,true,"Midpoint of the global spectral gap; Float64 counts equal at its 1/4,1/2,3/4 points","[[5.31593283773839e-142,5.315932837733555e-142],[1.9170246561609561e-109,1.917011652287122e-109],[1.9170246561592125e-109,1.917011652285433e-109]]",0,-16.88635845785885,-9.374925403816531,-1.7763568394002505e-13,-7.105427357601002e-15,NO_RESOLVABLE_PARTIAL_OCCUPATIONS,0,PASS,1.5730892365860417e-37,[24],3,84,1656,36
48,iteration,CONTINUE,0.1,false,false,linear_mixing,0.012030801138443967,0.0012030801138444155,0.0012030801138444155,,d6707fb2c319755ac4b3a16fd63a497f6203e5e0376cb6983d9e4d2ae9e085af,10.000000000000018,4e57636ce6d5d9fc2e05458e8515057a073cf78c0fd4a0009ef0bc471b4f21d2,10.00000000000001,6db16ffc25a70204a95425e362c339c18cbf99d465bf13f3a11c68a045492879,10.000000000000018,24,9.704133653934489e-11,2.980663985222894e-14,0.007360142138997714,0.0036990433882632956,-57.32596480431338,1.6462628236465452e-34,-1.6462628236465451e-37,-57.32596480431338,1.6462628236465451e-37,10.00000000000001,1.762687612838768e-13,"{""PspCorrection"":0.09187494522099392,""Ewald"":-14.186487397403095,""Kinetic"":29.092777481396098,""AtomicNonlocalFR"":-14.220317549407161,""AtomicLocal"":-79.46083853291303,""Hartree"":28.536492063901242,""Xc"":-7.179465815108423}","[-4.591978941908623e-15,-2.2448164188147514e-15,-1.1533751181230269e-15]",-0.07991527680707339,0.0,"[10.0,10.0,10.0]","[3.333333333333333,3.333333333333333,3.333333333333333]",6.0258656150541775e-142,1.0,true,"Midpoint of the global spectral gap; Float64 counts equal at its 1/4,1/2,3/4 points","[[6.025865615055205e-142,6.0258656150541775e-142],[1.9312157845409114e-109,1.9312025534982334e-109],[1.9312157845428323e-109,1.931202553502295e-109]]",0,-16.889750629723768,-9.374356156602142,-2.1316282072803006e-14,7.105427357601002e-15,NO_RESOLVABLE_PARTIAL_OCCUPATIONS,0,PASS,1.7691876112721708e-37,[24],3,83,1643,36
49,iteration,CONTINUE,0.1,false,false,linear_mixing,0.010861661623240093,0.001086166162324048,0.001086166162324048,,6db16ffc25a70204a95425e362c339c18cbf99d465bf13f3a11c68a045492879,10.000000000000018,94e21c2c865692f3728f083fd57ab8e49b7299a45f4ad301a842013a1a1b8272,10.000000000000012,4b94e96df9486d60d3e33a9f8733a739988f0cb413edbcc9f59167fabf864b6e,10.000000000000016,24,9.990087574223588e-11,2.634224314765626e-14,0.006232773467258838,0.0034630767280760984,-57.32596948257313,1.6368736192424485e-34,-1.6368736192424485e-37,-57.32596948257313,1.6368736192424485e-37,10.000000000000014,1.3511209388194938e-13,"{""PspCorrection"":0.09187494522099392,""Ewald"":-14.186487397403095,""Kinetic"":29.090303664431474,""AtomicNonlocalFR"":-14.219412728630648,""AtomicLocal"":-79.45664925007867,""Hartree"":28.533497436344344,""Xc"":-7.179096152457523}","[-1.2295108768326394e-15,-8.542566464741448e-16,7.662524738658418e-16]",-0.0798188834591899,0.0,"[10.0,10.0,10.0]","[3.333333333333333,3.333333333333333,3.333333333333333]",6.753304340605726e-142,1.0,true,"Midpoint of the global spectral gap; Float64 counts equal at its 1/4,1/2,3/4 points","[[6.753304340625688e-142,6.753304340605726e-142],[1.9353226750564788e-109,1.9353093088409602e-109],[1.9353226750549937e-109,1.9353093088414003e-109]]",0,-16.892635715732606,-9.373872274143544,9.947598300641403e-14,7.105427357601002e-15,NO_RESOLVABLE_PARTIAL_OCCUPATIONS,0,PASS,1.8916314813578e-37,[24],3,81,1630,35
50,iteration,CONTINUE,0.1,false,false,linear_mixing,0.009807349174280994,0.0009807349174281456,0.0009807349174281456,,4b94e96df9486d60d3e33a9f8733a739988f0cb413edbcc9f59167fabf864b6e,10.000000000000016,99062921309dbe88355e911904277462d90fad0d1f9da38ffab321aa12e257b5,10.000000000000012,1070021d0edfe2bcb7d551d98cda88867434192b5e8d094cfe4ed32bbe4a743f,10.000000000000016,24,9.160512141267489e-11,3.081114704421943e-14,0.005276743252780416,0.00324088177174742,-57.3259731359976,1.6241611725283568e-34,-1.6241611725283569e-37,-57.3259731359976,1.6241611725283569e-37,10.000000000000016,1.1987213465796102e-13,"{""PspCorrection"":0.09187494522099392,""Ewald"":-14.186487397403095,""Kinetic"":29.08819341741377,""AtomicNonlocalFR"":-14.218638952560532,""AtomicLocal"":-79.45308354919479,""Hartree"":28.530950447136142,""Xc"":-7.178782046610096}","[-1.8464428009417196e-15,-4.9279932948235855e-15,1.0362143678917593e-15]",-0.07973543150212321,0.0,"[10.0,10.0,10.0]","[3.333333333333333,3.333333333333333,3.333333333333333]",7.49098989961069e-142,1.0,true,"Midpoint of the global spectral gap; Float64 counts equal at its 1/4,1/2,3/4 points","[[7.490989899623464e-142,7.49098989961069e-142],[1.9314584262671444e-109,1.9314449995874725e-109],[1.931458426266321e-109,1.9314449995874725e-109]]",0,-16.895089239382298,-9.373461049313153,1.1368683772161603e-13,-7.105427357601002e-15,NO_RESOLVABLE_PARTIAL_OCCUPATIONS,0,PASS,1.956646412421327e-37,[24],3,81,1630,35
51,iteration,CONTINUE,0.1,false,false,linear_mixing,0.008856151624083089,0.000885615162408329,0.000885615162408329,,1070021d0edfe2bcb7d551d98cda88867434192b5e8d094cfe4ed32bbe4a743f,10.000000000000016,aa6605235db3a2c4ec6d6213af040fd409f7a835d808bed2c579682e66aefc9b,10.000000000000018,011d0589959e020fd9b01786c02e7f87af2bf6379a5a5473f784156255a0d022,10.000000000000016,24,9.928186882146036e-11,2.8780649879242644e-14,0.004466214564555636,0.0030312429808752256,-57.325976006150995,1.6090971504179748e-34,-1.6090971504179748e-37,-57.325976006150995,1.6090971504179748e-37,10.000000000000018,1.1817230355229908e-13,"{""PspCorrection"":0.09187494522099392,""Ewald"":-14.186487397403095,""Kinetic"":29.08639330303717,""AtomicNonlocalFR"":-14.217977203722748,""AtomicLocal"":-79.45004897916202,""Hartree"":28.52878454664249,""Xc"":-7.178515220763786}","[5.704511693859225e-15,4.172131932055035e-15,3.2977235156337768e-15]",-0.07966302011025432,0.0,"[10.0,10.0,10.0]","[3.333333333333333,3.333333333333333,3.333333333333333]",8.232079355698235e-142,1.0,true,"Midpoint of the global spectral gap; Float64 counts equal at its 1/4,1/2,3/4 points","[[8.232079355710869e-142,8.232079355698235e-142],[1.921453879753597e-109,1.9214404517871598e-109],[1.921453879750375e-109,1.9214404517860676e-109]]",0,-16.89717544982254,-9.373111663259987,5.684341886080802e-14,7.105427357601002e-15,NO_RESOLVABLE_PARTIAL_OCCUPATIONS,0,PASS,1.977436635751409e-37,[24],3,81,1616,34
52,iteration,CONTINUE,0.1,false,false,linear_mixing,0.007997665857171122,0.0007997665857171379,0.0007997665857171379,,011d0589959e020fd9b01786c02e7f87af2bf6379a5a5473f784156255a0d022,10.000000000000016,83de3fd04d78a4f6ac0a02ffcaff84e543e63ae9b8e2e5dcc6735c46c8fc7a6b,10.000000000000016,bb692c8400a2038ab7604ffb551fbf163e987b0a41441ac17eb92f863238e021,10.000000000000014,24,9.878166447195613e-11,2.8670921043802294e-14,0.003779226371116049,0.0028332835656043414,-57.32597827431942,1.5924660742528625e-34,-1.5924660742528626e-37,-57.32597827431942,1.5924660742528626e-37,10.000000000000018,1.17387003907615e-13,"{""PspCorrection"":0.09187494522099392,""Ewald"":-14.186487397403095,""Kinetic"":29.08485774940337,""AtomicNonlocalFR"":-14.21741122646361,""AtomicLocal"":-79.44746679906159,""Hartree"":28.5269430821868,""Xc"":-7.178288628202286}","[1.4696624624713244e-15,-5.044383342266574e-15,-4.412914176736343e-15]",-0.0796000398111927,0.0,"[10.0,10.0,10.0]","[3.333333333333333,3.333333333333333,3.333333333333333]",8.970294429060785e-142,1.0,true,"Midpoint of the global spectral gap; Float64 counts equal at its 1/4,1/2,3/4 points","[[8.970294429068434e-142,8.970294429060785e-142],[1.9068571172488344e-109,1.9068437337093666e-109],[1.9068571172446073e-109,1.9068437337089872e-109]]",0,-16.898949016146773,-9.372814904398567,2.1316282072803006e-14,0.0,NO_RESOLVABLE_PARTIAL_OCCUPATIONS,0,PASS,1.9646625763291884e-37,[24],3,81,1612,35
53,iteration,CONTINUE,0.1,false,false,linear_mixing,0.007222626295295294,0.0007222626295295466,0.0007222626295295466,,bb692c8400a2038ab7604ffb551fbf163e987b0a41441ac17eb92f863238e021,10.000000000000014,11a5e73c28af3fbada4d4251fbef4e83cff33f1e067f91eacc980d7f3456a413,10.000000000000012,591a84f2c8f59a9ccd6374237caca0815ba972db715e16b74b1e8af5ea159c45,10.000000000000016,24,9.960558438788213e-11,2.8398580874809817e-14,0.003480735229781456,0.0026463406422434117,-57.325980077163706,1.574891716670231e-34,-1.574891716670231e-37,-57.325980077163706,1.574891716670231e-37,10.000000000000018,1.979454932395676e-13,"{""PspCorrection"":0.09187494522099392,""Ewald"":-14.186487397403095,""Kinetic"":29.083547889899197,""AtomicNonlocalFR"":-14.216927126550283,""AtomicLocal"":-79.44526994001642,""Hartree"":28.52537782097695,""Xc"":-7.178096269291047}","[1.2025617861842278e-15,2.6358100307310537e-15,2.4563426074782676e-16]",-0.07954512664419577,0.0,"[10.0,10.0,10.0]","[3.333333333333333,3.333333333333333,3.333333333333333]",9.700021069359165e-142,1.0,true,"Midpoint of the global spectral gap; Float64 counts equal at its 1/4,1/2,3/4 points","[[9.700021069382874e-142,9.700021069359165e-142],[1.888951025855494e-109,1.8889377211039748e-109],[1.8889510258563532e-109,1.8889377211056927e-109]]",0,-16.900456464103968,-9.372562929390426,7.105427357601002e-14,7.105427357601002e-15,NO_RESOLVABLE_PARTIAL_OCCUPATIONS,0,PASS,1.926867475897007e-37,[24],3,79,1577,34
54,iteration,CONTINUE,0.1,false,false,linear_mixing,0.0065227604224603955,0.0006522760422460537,0.0006522760422460537,,591a84f2c8f59a9ccd6374237caca0815ba972db715e16b74b1e8af5ea159c45,10.000000000000016,9fe544ba4129f59a049579b1c671c1a27babcce6c8dc49f3e544a660e6c60272,10.000000000000014,494a1a51c46bac8d2ec9e4d359537e8d927077d98a8b306edb46b5d355a739df,10.000000000000018,24,9.8637545098324e-11,2.724253538455992e-14,0.00322416217988253,0.0024698839406756133,-57.32598151820085,1.5568625674425247e-34,-1.5568625674425247e-37,-57.32598151820085,1.5568625674425247e-37,10.000000000000016,1.456660839713275e-13,"{""PspCorrection"":0.09187494522099392,""Ewald"":-14.186487397403095,""Kinetic"":29.082430574493337,""AtomicNonlocalFR"":-14.216513028452713,""AtomicLocal"":-79.4434012709272,""Hartree"":28.52404769464065,""Xc"":-7.177933035772824}","[-1.6690671518151625e-15,4.3661327840467335e-15,-4.672210867165145e-15]",-0.07949712373985653,0.0,"[10.0,10.0,10.0]","[3.333333333333333,3.333333333333333,3.333333333333333]",1.0416365247496392e-141,1.0,true,"Midpoint of the global spectral gap; Float64 counts equal at its 1/4,1/2,3/4 points","[[1.0416365247511786e-141,1.0416365247496392e-141],[1.8687803613332631e-109,1.8687671603306834e-109],[1.8687803613319352e-109,1.8687671603288244e-109]]",0,-16.90173739536374,-9.372349059758367,-9.947598300641403e-14,-7.105427357601002e-15,NO_RESOLVABLE_PARTIAL_OCCUPATIONS,0,PASS,1.870849692017356e-37,[24],3,79,1574,33
55,iteration,CONTINUE,0.1,false,false,linear_mixing,0.005890666437231739,0.0005890666437231834,0.0005890666437231834,,494a1a51c46bac8d2ec9e4d359537e8d927077d98a8b306edb46b5d355a739df,10.000000000000018,cff632301852c8c1e9f443526e2a3f86e4708318a66c4f1610a89ee7c340b0da,10.000000000000004,aa9384fc1db1fceab3438dcb589e0556aef90092dbe685ddd67d5f4de09f457a,10.000000000000016,24,9.867620745174828e-11,2.957547842319376e-14,0.002986187135574687,0.0023034621157763226,-57.32598267624398,1.5387551063553206e-34,-1.5387551063553207e-37,-57.32598267624398,1.5387551063553207e-37,10.0,2.3030283544382934e-13,"{""PspCorrection"":0.09187494522099392,""Ewald"":-14.186487397403095,""Kinetic"":29.08147752731727,""AtomicNonlocalFR"":-14.216158782138887,""AtomicLocal"":-79.44181212307753,""Hartree"":28.52291773214288,""Xc"":-7.177794578305621}","[-4.425704195982461e-15,-3.4305484436770763e-15,1.5904422130821145e-15]",-0.07945504907633892,0.0,"[10.0,10.0,10.0]","[3.333333333333333,3.333333333333333,3.333333333333333]",1.1115171666159527e-141,1.0,true,"Midpoint of the global spectral gap; Float64 counts equal at its 1/4,1/2,3/4 points","[[1.1115171666178481e-141,1.1115171666159527e-141],[1.8471825671540225e-109,1.8471694872556214e-109],[1.8471825671542326e-109,1.8471694872561466e-109]]",0,-16.902825522457665,-9.372167608844308,1.4210854715202004e-14,-7.105427357601002e-15,NO_RESOLVABLE_PARTIAL_OCCUPATIONS,0,PASS,1.8019814562547004e-37,[24],3,79,1568,33
56,iteration,CONTINUE,0.1,false,false,linear_mixing,0.0053197091423121574,0.0005319709142312251,0.0005319709142312251,,aa9384fc1db1fceab3438dcb589e0556aef90092dbe685ddd67d5f4de09f457a,10.000000000000016,891b5bb4945fa7fba4c4a5c4d878890e42daffe0b94d0612a7a2ba0de628a546,9.999999999999996,a00cd12c6093bdd2a9183d9dd6cd746a0eb6519245d9acbfa5ca296ed86ec139,10.000000000000014,24,9.620036318471116e-11,2.925031986109998e-14,0.002765394613929347,0.0021466680353697406,-57.325983611620565,1.520854313990224e-34,-1.5208543139902239e-37,-57.325983611620565,1.5208543139902239e-37,10.0,2.3920302453061535e-13,"{""PspCorrection"":0.09187494522099392,""Ewald"":-14.186487397403095,""Kinetic"":29.08066462852624,""AtomicNonlocalFR"":-14.21585571229921,""AtomicLocal"":-79.44046103415386,""Hartree"":28.521958152198877,""Xc"":-7.177677193710507}","[-1.5009495574992535e-15,1.5820352735618388e-15,-1.958901545137735e-15]",-0.07941806838272379,0.0,"[10.0,10.0,10.0]","[3.333333333333333,3.333333333333333,3.333333333333333]",1.1793012716633228e-141,1.0,true,"Midpoint of the global spectral gap; Float64 counts equal at its 1/4,1/2,3/4 points","[[1.1793012716651328e-141,1.1793012716633228e-141],[1.8248187441981943e-109,1.8248057966924528e-109],[1.8248187441993873e-109,1.8248057966934382e-109]]",0,-16.903749548031687,-9.372013734502623,2.1316282072803006e-14,7.105427357601002e-15,NO_RESOLVABLE_PARTIAL_OCCUPATIONS,0,PASS,1.7244776614308578e-37,[24],3,79,1567,33
57,iteration,CONTINUE,0.1,false,false,linear_mixing,0.004803930833956975,0.0004803930833957021,0.0004803930833957021,,a00cd12c6093bdd2a9183d9dd6cd746a0eb6519245d9acbfa5ca296ed86ec139,10.000000000000014,37b34eb2ab006d32cae9fd4339d17d1fda202d680c7720457f923ba15b6f0d59,10.000000000000009,27adec13dd32f21e6498b0cf4da50bee359f2349969589ae8e067fccb5578312,10.000000000000014,24,9.109533429914568e-11,2.563485139290747e-14,0.002560515892548684,0.0019991170820292618,-57.32598437076774,1.5033712853693532e-34,-1.5033712853693533e-37,-57.32598437076774,1.5033712853693533e-37,10.00000000000001,1.59329333979775e-13,"{""PspCorrection"":0.09187494522099392,""Ewald"":-14.186487397403095,""Kinetic"":29.07997130230528,""AtomicNonlocalFR"":-14.215596403929876,""AtomicLocal"":-79.43931267947853,""Hartree"":28.521143591540216,""Xc"":-7.1775777290227305}","[-7.12577231847531e-15,1.9001182954982715e-15,-3.4232164230880665e-15]",-0.07938547233884294,0.0,"[10.0,10.0,10.0]","[3.333333333333333,3.333333333333333,3.333333333333333]",1.244715490193236e-141,1.0,true,"Midpoint of the global spectral gap; Float64 counts equal at its 1/4,1/2,3/4 points","[[1.244715490194085e-141,1.244715490193236e-141],[1.8022026869982018e-109,1.8021898784082061e-109],[1.8022026869971261e-109,1.8021898784068232e-109]]",0,-16.904533911759877,-9.371883313737358,1.7053025658242404e-13,-7.105427357601002e-15,NO_RESOLVABLE_PARTIAL_OCCUPATIONS,0,PASS,1.641619692998758e-37,[24],3,79,1568,33
58,iteration,CONTINUE,0.1,false,false,linear_mixing,0.0043379746306504265,0.0004337974630650428,0.0004337974630650428,,27adec13dd32f21e6498b0cf4da50bee359f2349969589ae8e067fccb5578312,10.000000000000014,fe9a82006308320b2dc4f9a356264e88681af6cc817f86abbdf2789ee345da83,10.000000000000014,60d0181bf572a4e494c1d96ef78ab8d9b9d8926b926abda31ad5cc413f9c7a04,10.000000000000012,24,9.452719717030846e-11,3.1040241112162724e-14,0.0023704019335539814,0.0018604343513663642,-57.32598498963658,1.4864580657886242e-34,-1.4864580657886242e-37,-57.32598498963658,1.4864580657886242e-37,10.000000000000016,1.4248321780519816e-13,"{""PspCorrection"":0.09187494522099392,""Ewald"":-14.186487397403095,""Kinetic"":29.079379995159044,""AtomicNonlocalFR"":-14.215374519036931,""AtomicLocal"":-79.4383369621151,""Hartree"":28.520452448348667,""Xc"":-7.177493499810154}","[3.784848359396088e-16,-4.992234159101558e-15,3.087699049384113e-15]",-0.07935665736699264,0.0,"[10.0,10.0,10.0]","[3.333333333333333,3.333333333333333,3.333333333333333]",1.3075509364108588e-141,1.0,true,"Midpoint of the global spectral gap; Float64 counts equal at its 1/4,1/2,3/4 points","[[1.3075509364144264e-141,1.3075509364108588e-141],[1.7797269319887488e-109,1.7797142651409682e-109],[1.779726931989204e-109,1.7797142651415752e-109]]",0,-16.905199425269487,-9.371772835973783,-4.263256414560601e-14,0.0,NO_RESOLVABLE_PARTIAL_OCCUPATIONS,0,PASS,1.5559399879454452e-37,[24],3,80,1574,33
59,iteration,CONTINUE,0.1,false,false,linear_mixing,0.0039170181406426,0.00039170181406427904,0.00039170181406427904,,60d0181bf572a4e494c1d96ef78ab8d9b9d8926b926abda31ad5cc413f9c7a04,10.000000000000012,d863ea72d5cc2d856a1dc475b2840ff733f804d4fde4312b15ba58bbe266ee08,10.000000000000009,969a25618029966e6778d5f5c93c47426dc9e061707e7fbffa56287dc8abcc40,10.000000000000014,24,9.795492654228429e-11,2.9260009013965783e-14,0.002194003229427555,0.0017302477965359458,-57.325985496224845,1.470219961484609e-34,-1.4702199614846092e-37,-57.325985496224845,1.4702199614846092e-37,10.00000000000001,1.0036669375764738e-13,"{""PspCorrection"":0.09187494522099392,""Ewald"":-14.186487397403095,""Kinetic"":29.078875731225104,""AtomicNonlocalFR"":-14.215184639977327,""AtomicLocal"":-79.43750823840197,""Hartree"":28.519866323759082,""Xc"":-7.177422220647633}","[3.3153196047856993e-15,7.821659432349819e-15,-5.598758397068232e-15]",-0.07933110943206188,0.0,"[10.0,10.0,10.0]","[3.333333333333333,3.333333333333333,3.333333333333333]",1.36765722774733e-141,1.0,true,"Midpoint of the global spectral gap; Float64 counts equal at its 1/4,1/2,3/4 points","[[1.3676572277490403e-141,1.36765722774733e-141],[1.7576854238457152e-109,1.757672898765563e-109],[1.7576854238452155e-109,1.757672898767911e-109]]",0,-16.905763811844032,-9.371679312208013,1.4210854715202004e-14,0.0,NO_RESOLVABLE_PARTIAL_OCCUPATIONS,0,PASS,1.4693729626252734e-37,[24],3,76,1540,30
60,iteration,CONTINUE,0.1,false,false,linear_mixing,0.0035367157791973683,0.0003536715779197571,0.0003536715779197571,,969a25618029966e6778d5f5c93c47426dc9e061707e7fbffa56287dc8abcc40,10.000000000000014,fec4487a1a1ae5ada02045cfe8020e10139aaf5938d737d5cb49b0e863c1cac4,10.000000000000016,43ae6885e197bd48dd40e688525a311f9a0065186612290ea4e7fe5206bc5670,10.000000000000014,24,9.934527893437239e-11,2.498493175964865e-14,0.002030354745260071,0.001608185254277739,-57.32598591246506,1.4547256345571883e-34,-1.4547256345571883e-37,-57.32598591246506,1.4547256345571883e-37,10.000000000000018,1.43115439035951e-13,"{""PspCorrection"":0.09187494522099392,""Ewald"":-14.186487397403095,""Kinetic"":29.07844573311252,""AtomicNonlocalFR"":-14.215022135575367,""AtomicLocal"":-79.43680465839985,""Hartree"":28.5193695464921,""Xc"":-7.177361945912352}","[-1.002194447618148e-15,9.745230225338e-16,-3.6539286102832327e-16]",-0.07930839036534815,0.0,"[10.0,10.0,10.0]","[3.333333333333333,3.333333333333333,3.333333333333333]",1.4249359874383435e-141,1.0,true,"Midpoint of the global spectral gap; Float64 counts equal at its 1/4,1/2,3/4 points","[[1.4249359874395583e-141,1.4249359874383435e-141],[1.7362928065486282e-109,1.736280421167e-109],[1.7362928065474438e-109,1.736280421164286e-109]]",0,-16.90624216551797,-9.37160019763936,-9.947598300641403e-14,1.4210854715202004e-14,NO_RESOLVABLE_PARTIAL_OCCUPATIONS,0,PASS,1.38337764763734e-37,[24],3,74,1510,28
61,iteration,CONTINUE,0.1,false,false,linear_mixing,0.003193148356486489,0.00031931483564865456,0.00031931483564865456,,43ae6885e197bd48dd40e688525a311f9a0065186612290ea4e7fe5206bc5670,10.000000000000014,d65845f57d7890f8b495a9c94c4a83cf0abe781051377f4df7337f8ddd863d90,10.000000000000014,d22f2d9485e6ff034db29459e3227f83076363d9fb79e026f50702cf72fea76f,10.000000000000016,24,9.872495061934357e-11,3.0095371568344785e-14,0.001878564570329785,0.0014938739036458575,-57.3259862556408,1.4400153011449965e-34,-1.4400153011449966e-37,-57.3259862556408,1.4400153011449966e-37,10.000000000000014,7.892534820931314e-14,"{""PspCorrection"":0.09187494522099392,""Ewald"":-14.186487397403095,""Kinetic"":29.078079098721492,""AtomicNonlocalFR"":-14.21488304673558,""AtomicLocal"":-79.43620760452828,""Hartree"":28.51894876847637,""Xc"":-7.177311019392698}","[1.2924214386438214e-15,-1.643967870074557e-15,2.4800814469788982e-15]",-0.07928812630928572,0.0,"[10.0,10.0,10.0]","[3.333333333333333,3.333333333333333,3.333333333333333]",1.4793341867941414e-141,1.0,true,"Midpoint of the global spectral gap; Float64 counts equal at its 1/4,1/2,3/4 points","[[1.4793341867961598e-141,1.4793341867941414e-141],[1.715700568071273e-109,1.715688318781535e-109],[1.715700568072297e-109,1.715688318783193e-109]]",0,-16.906647341406217,-9.371533325816618,2.842170943040401e-14,0.0,NO_RESOLVABLE_PARTIAL_OCCUPATIONS,0,PASS,1.299036773354777e-37,[24],3,74,1492,28
62,iteration,CONTINUE,0.1,false,false,linear_mixing,0.0028827788071593813,0.0002882778807159455,0.0002882778807159455,,d22f2d9485e6ff034db29459e3227f83076363d9fb79e026f50702cf72fea76f,10.000000000000016,74062654093c63c1026446f95e6b7c9548612e2eef52b0595cec0ce2950df19c,10.000000000000014,7b4a2e081b37d2100bebd590117c65a74a5a9598dcfaefc911d227705f559947,10.000000000000016,24,9.13077454690264e-11,2.6805562792158885e-14,0.0017378052672273785,0.001386941163590217,-57.32598653945094,1.4261073355686374e-34,-1.4261073355686375e-37,-57.32598653945094,1.4261073355686375e-37,10.000000000000012,1.904866697465498e-13,"{""PspCorrection"":0.09187494522099392,""Ewald"":-14.186487397403095,""Kinetic"":29.077766525606652,""AtomicNonlocalFR"":-14.214763988680689,""AtomicLocal"":-79.43570121328003,""Hartree"":28.518592620446366,""Xc"":-7.177268031361137}","[-1.4342845246309086e-15,-4.824876031772873e-15,-1.2907667209038714e-15]",-0.0792699979467531,0.0,"[10.0,10.0,10.0]","[3.333333333333333,3.333333333333333,3.333333333333333]",1.5308376102124152e-141,1.0,true,"Midpoint of the global spectral gap; Float64 counts equal at its 1/4,1/2,3/4 points","[[1.5308376102163308e-141,1.5308376102124152e-141],[1.6960103763468602e-109,1.69599825845668e-109],[1.696010376345896e-109,1.6959982584556194e-109]]",0,-16.90699028799778,-9.371476852536459,1.4210854715202004e-14,0.0,NO_RESOLVABLE_PARTIAL_OCCUPATIONS,0,PASS,1.2171365106441589e-37,[24],3,76,1508,28
63,iteration,CONTINUE,0.1,false,false,linear_mixing,0.0026024131551633457,0.00026024131551637846,0.00026024131551637846,,7b4a2e081b37d2100bebd590117c65a74a5a9598dcfaefc911d227705f559947,10.000000000000016,5987f3222aa71c2bf7733629c066b694ecee93d339062b42805ba23fbca19973,10.000000000000002,bc4e3435af5224b9f6bccb32246ac091bdfa8879e92883c92b97bc5871d29d63,10.000000000000012,24,9.719411220040484e-11,2.639806947837379e-14,0.0016073071560674351,0.0012870163597169513,-57.32598677481542,1.4130035528403345e-34,-1.4130035528403345e-37,-57.32598677481542,1.4130035528403345e-37,10.000000000000005,1.43108774546621e-13,"{""PspCorrection"":0.09187494522099392,""Ewald"":-14.186487397403095,""Kinetic"":29.077500075995786,""AtomicNonlocalFR"":-14.214662067445763,""AtomicLocal"":-79.43527196805456,""Hartree"":28.518291418901583,""Xc"":-7.177231782030352}","[1.8799647630360675e-15,-1.0486783853323027e-15,-6.806194546016817e-16]",-0.07925373223472154,0.0,"[10.0,10.0,10.0]","[3.333333333333333,3.333333333333333,3.333333333333333]",1.579464643940044e-141,1.0,true,"Midpoint of the global spectral gap; Float64 counts equal at its 1/4,1/2,3/4 points","[[1.5794646439434555e-141,1.579464643940044e-141],[1.6772849790300378e-109,1.6772729871108227e-109],[1.6772849790300378e-109,1.6772729871105367e-109]]",0,-16.907280329783116,-9.371429208081834,9.947598300641403e-14,7.105427357601002e-15,NO_RESOLVABLE_PARTIAL_OCCUPATIONS,0,PASS,1.1382303683933786e-37,[24],3,74,1489,26
64,iteration,CONTINUE,0.1,false,false,linear_mixing,0.00234916595114007,0.00023491659511400294,0.00023491659511400294,,bc4e3435af5224b9f6bccb32246ac091bdfa8879e92883c92b97bc5871d29d63,10.000000000000012,9ea2feed391c9c749f13f1c531e32fba8d5d99dde79d9136fce7d89a627ce255,10.000000000000012,c7ef0bccc01b6d6c5fa33dab93a01bb5c0f39018776b9e59693af4f55fc45053,10.000000000000016,24,9.803913233530717e-11,3.1195334925504504e-14,0.00148635300334387,0.001193732718836059,-57.325986970486326,1.40069340754683e-34,-1.40069340754683e-37,-57.325986970486326,1.40069340754683e-37,10.00000000000001,1.2564491776958387e-13,"{""PspCorrection"":0.09187494522099392,""Ewald"":-14.186487397403095,""Kinetic"":29.077272976373926,""AtomicNonlocalFR"":-14.21457480852153,""AtomicLocal"":-79.43490835223932,""Hartree"":28.518036916506084,""Xc"":-7.177201250423397}","[3.96775346524492e-15,1.7504080076017867e-15,-4.624669766571958e-15]",-0.07923909540691963,0.0,"[10.0,10.0,10.0]","[3.333333333333333,3.333333333333333,3.333333333333333]",1.6252605217817224e-141,1.0,true,"Midpoint of the global spectral gap; Float64 counts equal at its 1/4,1/2,3/4 points","[[1.62526052178357e-141,1.6252605217817224e-141],[1.6595570353100019e-109,1.6595451634634305e-109],[1.6595570353093417e-109,1.6595451634614966e-109]]",0,-16.90752540790924,-9.371389056534674,1.8474111129762605e-13,-7.105427357601002e-15,NO_RESOLVABLE_PARTIAL_OCCUPATIONS,0,PASS,1.062690278646934e-37,[24],3,72,1471,26
65,iteration,CONTINUE,0.1,false,false,linear_mixing,0.0021204295654184855,0.00021204295654187025,0.00021204295654187025,,c7ef0bccc01b6d6c5fa33dab93a01bb5c0f39018776b9e59693af4f55fc45053,10.000000000000016,f4b6dd15d54364a3b2e438f5d7c9282baf3d25fd7d5f80eef339a11b500f72b1,10.000000000000014,3d899a5084b736e10ec2ab474180b7584a185d4d6fe19a32ece92a5e3325396a,10.000000000000014,24,9.835149827232706e-11,2.774831857372127e-14,0.0013742736916983744,0.001106729392618605,-57.32598713351494,1.3891573112841819e-34,-1.389157311284182e-37,-57.32598713351494,1.389157311284182e-37,10.000000000000016,1.55601348321769e-13,"{""PspCorrection"":0.09187494522099392,""Ewald"":-14.186487397403095,""Kinetic"":29.077079446593476,""AtomicNonlocalFR"":-14.214500095893674,""AtomicLocal"":-79.4346005537981,""Hartree"":28.51782208963334,""Xc"":-7.1771755678678675}","[-1.380702568692e-15,3.172034626965292e-15,6.344152896366174e-16]",-0.07922588704846051,0.0,"[10.0,10.0,10.0]","[3.333333333333333,3.333333333333333,3.333333333333333]",1.6682921050426105e-141,1.0,true,"Midpoint of the global spectral gap; Float64 counts equal at its 1/4,1/2,3/4 points","[[1.6682921050438435e-141,1.6682921050426105e-141],[1.6428362187038617e-109,1.6428244607765252e-109],[1.6428362187047955e-109,1.6428244607767119e-109]]",0,-16.90773228496231,-9.371355261130827,1.5631940186722204e-13,7.105427357601002e-15,NO_RESOLVABLE_PARTIAL_OCCUPATIONS,0,PASS,9.90747280091535e-38,[24],3,72,1471,25
66,iteration,CONTINUE,0.1,false,false,linear_mixing,0.0019138468183485615,0.00019138468183487232,0.00019138468183487232,,3d899a5084b736e10ec2ab474180b7584a185d4d6fe19a32ece92a5e3325396a,10.000000000000014,c308a48ce437276bf1074b53a09ad0a662c06b6f1a24b00180553247cde4ae07,10.000000000000014,0de1e18342baafb23bef41370cfa754d1c8c125d328501b769ed58646567686a,10.000000000000014,24,9.933900980864279e-11,2.6675972345516652e-14,0.0012704446073231101,0.0010256533496380725,-57.32598726961048,1.3783692385345972e-34,-1.3783692385345973e-37,-57.32598726961048,1.3783692385345973e-37,10.000000000000016,1.8490256287434594e-13,"{""PspCorrection"":0.09187494522099392,""Ewald"":-14.186487397403095,""Kinetic"":29.076914554084397,""AtomicNonlocalFR"":-14.214436119956773,""AtomicLocal"":-79.43434021345188,""Hartree"":28.517640957305677,""Xc"":-7.177153995409799}","[-5.183488715624889e-15,-8.822326324289994e-16,5.983775740935017e-15]",-0.07921393507664691,0.0,"[10.0,10.0,10.0]","[3.333333333333333,3.333333333333333,3.333333333333333]",1.7086432318682478e-141,1.0,true,"Midpoint of the global spectral gap; Float64 counts equal at its 1/4,1/2,3/4 points","[[1.7086432318705788e-141,1.7086432318682478e-141],[1.6271148918917034e-109,1.6271032416238013e-109],[1.6271148918937846e-109,1.627103241627501e-109]]",0,-16.907906719449947,-9.371326854737255,2.1316282072803006e-13,0.0,NO_RESOLVABLE_PARTIAL_OCCUPATIONS,0,PASS,9.225238935330784e-38,[24],3,71,1452,25
67,iteration,CONTINUE,0.1,false,false,linear_mixing,0.0017272865139022807,0.00017272865139023922,0.00017272865139023922,,0de1e18342baafb23bef41370cfa754d1c8c125d328501b769ed58646567686a,10.000000000000014,e8d2ae43edb3ba9a3455426a8de3b00ed9a55dbeb6681a0bbfb1fe26f59c67a9,10.00000000000001,06761be4ad18137a412bdd23f5b49af7355073bf7a9a855bd72027400715efa4,10.000000000000014,24,9.78460245346633e-11,2.6437167013814704e-14,0.0011742825432803255,0.0009501610415958336,-57.3259873834166,1.368298760725084e-34,-1.368298760725084e-37,-57.3259873834166,1.368298760725084e-37,10.000000000000012,7.360195896926985e-14,"{""PspCorrection"":0.09187494522099392,""Ewald"":-14.186487397403095,""Kinetic"":29.076774089547857,""AtomicNonlocalFR"":-14.21438133301459,""AtomicLocal"":-79.43412021027102,""Hartree"":28.517488427086537,""Xc"":-7.177135904583274}","[2.4952852599025556e-15,2.177539336813205e-15,1.1856837075883845e-15]",-0.07920309148845096,0.0,"[10.0,10.0,10.0]","[3.333333333333333,3.333333333333333,3.333333333333333]",1.7464106394525023e-141,1.0,true,"Midpoint of the global spectral gap; Float64 counts equal at its 1/4,1/2,3/4 points","[[1.7464106394594514e-141,1.7464106394525023e-141],[1.6123726128969966e-109,1.6123610640522617e-109],[1.6123726128961717e-109,1.6123610640532698e-109]]",0,-16.908053614279023,-9.371303014714414,8.526512829121202e-14,7.105427357601002e-15,NO_RESOLVABLE_PARTIAL_OCCUPATIONS,0,PASS,8.580597732555479e-38,[24],3,72,1455,26
68,iteration,CONTINUE,0.1,false,false,linear_mixing,0.0015588215233759636,0.00015588215233760567,0.00015588215233760567,,06761be4ad18137a412bdd23f5b49af7355073bf7a9a855bd72027400715efa4,10.000000000000014,63c85ef34a2c30c87ebda628cb0f546370a4697a405d0e0faacea04907a46b42,10.00000000000002,bef89704ec0e9755751e6ea712c4a0cf9e894df715eb7e12833d4e28b2a27254,10.000000000000016,24,9.879561372428217e-11,2.670553338909049e-14,0.001085242999666982,0.0008799198269689425,-57.325987478726844,1.3589126235811338e-34,-1.3589126235811339e-37,-57.325987478726844,1.3589126235811339e-37,10.000000000000018,6.036397950587491e-14,"{""PspCorrection"":0.09187494522099392,""Ewald"":-14.186487397403095,""Kinetic"":29.076654460860222,""AtomicNonlocalFR"":-14.214334411255034,""AtomicLocal"":-79.43393447879593,""Hartree"":28.517360163663174,""Xc"":-7.177120761017163}","[-9.656464028306815e-16,4.42217324318888e-15,-7.462545659646716e-15]",-0.07919322875685209,0.0,"[10.0,10.0,10.0]","[3.333333333333333,3.333333333333333,3.333333333333333]",1.781700440475005e-141,1.0,true,"Midpoint of the global spectral gap; Float64 counts equal at its 1/4,1/2,3/4 points","[[1.7817004404774355e-141,1.781700440475005e-141],[1.5985796923376664e-109,1.5985682387838743e-109],[1.5985796923408467e-109,1.598568238784056e-109]]",0,-16.908177143350745,-9.371283041486365,2.842170943040401e-14,0.0,NO_RESOLVABLE_PARTIAL_OCCUPATIONS,0,PASS,7.973320307142693e-38,[24],3,71,1447,26
69,iteration,CONTINUE,0.1,false,false,linear_mixing,0.0014067091044909395,0.00014067091044909046,0.00014067091044909046,,bef89704ec0e9755751e6ea712c4a0cf9e894df715eb7e12833d4e28b2a27254,10.000000000000016,b6d8b770f0320146f7e4fb966dd2b1b40088a7b6eca3a7829fe21c1867c63908,10.000000000000018,d72c883b063e473f0214bac71c03ceb334e34c1a3d0e03a77e3f2d9efd0eef33,10.000000000000014,24,9.988017428413543e-11,2.6164154084127704e-14,0.0010028177154672445,0.0008146090554113437,-57.3259875586521,1.350175960652788e-34,-1.350175960652788e-37,-57.3259875586521,1.350175960652788e-37,10.000000000000021,5.535025590010691e-14,"{""PspCorrection"":0.09187494522099392,""Ewald"":-14.186487397403095,""Kinetic"":29.076552602606434,""AtomicNonlocalFR"":-14.214294222261824,""AtomicLocal"":-79.43377785331165,""Hartree"":28.51725247697465,""Xc"":-7.177108110477601}","[2.0293547219316187e-15,5.343528998792697e-15,3.3648272656602754e-15]",-0.07918423677673952,0.0,"[10.0,10.0,10.0]","[3.333333333333333,3.333333333333333,3.333333333333333]",1.8146251202525911e-141,1.0,true,"Midpoint of the global spectral gap; Float64 counts equal at its 1/4,1/2,3/4 points","[[1.8146251202570268e-141,1.8146251202525911e-141],[1.5856999844064825e-109,1.5856886201741004e-109],[1.5856999844069781e-109,1.5856886201741004e-109]]",0,-16.908280859311983,-9.371266340294298,5.684341886080802e-14,0.0,NO_RESOLVABLE_PARTIAL_OCCUPATIONS,0,PASS,7.402712527387018e-38,[24],3,70,1439,26
70,iteration,CONTINUE,0.1,false,false,linear_mixing,0.0012693732016539915,0.00012693732016538992,0.00012693732016538992,,d72c883b063e473f0214bac71c03ceb334e34c1a3d0e03a77e3f2d9efd0eef33,10.000000000000014,d64b2ae782c9601312671083ed6cf4f3894d9b5933285d8914370c6a74c2f919,10.000000000000009,85d5b3e68e49ab40f930322651df006cfcccab9dc9d6b8791c881eec43d569e8,10.000000000000012,24,9.767203593365661e-11,2.5303617420645988e-14,0.0009265324314078123,0.0007539209058087317,-57.32598762575267,1.3420532186143726e-34,-1.3420532186143727e-37,-57.32598762575267,1.3420532186143727e-37,10.000000000000012,7.786058820225469e-14,"{""PspCorrection"":0.09187494522099392,""Ewald"":-14.186487397403095,""Kinetic"":29.07646589886873,""AtomicNonlocalFR"":-14.214259797251835,""AtomicLocal"":-79.43364593503013,""Hartree"":28.517162226813415,""Xc"":-7.177097566970745}","[1.7065582275822827e-15,3.961932074770984e-15,-5.723442599816131e-15]",-0.07917602027627486,0.0,"[10.0,10.0,10.0]","[3.333333333333333,3.333333333333333,3.333333333333333]",1.8453010115938584e-141,1.0,true,"Midpoint of the global spectral gap; Float64 counts equal at its 1/4,1/2,3/4 points","[[1.845301011599103e-141,1.8453010115938584e-141],[1.5736930626194784e-109,1.5736817819517896e-109],[1.573693062619031e-109,1.5736817819505817e-109]]",0,-16.90836778542893,-9.371252405642615,9.237055564881302e-14,7.105427357601002e-15,NO_RESOLVABLE_PARTIAL_OCCUPATIONS,0,PASS,6.867741260711996e-38,[24],3,70,1436,26
71,iteration,CONTINUE,0.1,false,false,linear_mixing,0.0011453885005265395,0.00011453885005266653,0.00011453885005266653,,85d5b3e68e49ab40f930322651df006cfcccab9dc9d6b8791c881eec43d569e8,10.000000000000012,d85066089c9dd638a29757be7803652588b4e79e801a5e1179c9c67f1076a3cf,10.000000000000012,2c67e73a11fc4c8d26751a7c0d5d30d87e918710e780f1504c5695bb48fa0972,10.000000000000018,24,9.960945467033907e-11,2.8491346285903296e-14,0.0008559448523188045,0.0006975610142869739,-57.32598768214267,1.3345088546249005e-34,-1.3345088546249006e-37,-57.32598768214267,1.3345088546249006e-37,10.000000000000016,6.465194570337146e-14,"{""PspCorrection"":0.09187494522099392,""Ewald"":-14.186487397403095,""Kinetic"":29.076392117360303,""AtomicNonlocalFR"":-14.214230307349558,""AtomicLocal"":-79.43353497892161,""Hartree"":28.517086741559353,""Xc"":-7.177088802609044}","[-7.823194468635661e-16,-7.156802389875355e-16,1.9723743453176437e-15]",-0.07916849662265019,0.0,"[10.0,10.0,10.0]","[3.333333333333333,3.333333333333333,3.333333333333333]",1.8738462007040737e-141,1.0,true,"Midpoint of the global spectral gap; Float64 counts equal at its 1/4,1/2,3/4 points","[[1.8738462007079083e-141,1.8738462007040737e-141],[1.5625159036063907e-109,1.5625047009910547e-109],[1.5625159036072787e-109,1.5625047009912324e-109]]",0,-16.908440493842125,-9.371240808049972,2.842170943040401e-14,7.105427357601002e-15,NO_RESOLVABLE_PARTIAL_OCCUPATIONS,0,PASS,6.367133336589271e-38,[24],3,65,1388,23
72,iteration,CONTINUE,0.1,false,false,linear_mixing,0.0010334660457945505,0.00010334660457946846,0.00010334660457946846,,2c67e73a11fc4c8d26751a7c0d5d30d87e918710e780f1504c5695bb48fa0972,10.000000000000018,d4df5c9ce8f4a9f1c1aa806c9823aaecd48572d3354e48b82b4825478474b213,10.00000000000001,379dba52a2b3438bfdd9110e76ad382f5c13f88c0931b3d7a2f0a3a6b4962ac3,10.000000000000014,24,9.413913578146469e-11,2.276362955560969e-14,0.0007906426427939645,0.0006452487539289489,-57.32598772957303,1.327507854317523e-34,-1.3275078543175232e-37,-57.32598772957303,1.3275078543175232e-37,10.000000000000007,4.5733972891393994e-14,"{""PspCorrection"":0.09187494522099392,""Ewald"":-14.186487397403095,""Kinetic"":29.076329353228807,""AtomicNonlocalFR"":-14.214205043318898,""AtomicLocal"":-79.43344179722725,""Hartree"":28.5170237489027,""Xc"":-7.177081538976295}","[-4.9710816011156994e-15,-5.215011779018595e-15,1.0427875553206895e-15]",-0.07916159396198216,0.0,"[10.0,10.0,10.0]","[3.333333333333333,3.333333333333333,3.333333333333333]",1.90037881541023e-141,1.0,true,"Midpoint of the global spectral gap; Float64 counts equal at its 1/4,1/2,3/4 points","[[1.9003788154108778e-141,1.90037881541023e-141],[1.5521241791148279e-109,1.5521130492949998e-109],[1.5521241791145634e-109,1.5521130492948232e-109]]",0,-16.908501172271144,-9.371231182759301,8.526512829121202e-14,0.0,NO_RESOLVABLE_PARTIAL_OCCUPATIONS,0,PASS,5.899452888073589e-38,[24],3,66,1385,22
73,iteration,CONTINUE,0.1,false,false,linear_mixing,0.0009324402602015413,9.3244026020158e-05,9.3244026020158e-05,,379dba52a2b3438bfdd9110e76ad382f5c13f88c0931b3d7a2f0a3a6b4962ac3,10.000000000000014,08e2c6c3be259a1dbb81c27f59cf3cf0edc97f5dec7462fcad857461a50f25c9,10.000000000000021,3e55d6528341f4c9cb6cdb778d47ccca08123c7ce681b8a93e1e195745241f87,10.000000000000016,24,9.92093791742677e-11,2.6864582418361388e-14,0.000730241676829696,0.0005967174918446816,-57.32598776949732,1.321016109054613e-34,-1.321016109054613e-37,-57.32598776949732,1.321016109054613e-37,10.000000000000023,6.945196384541315e-14,"{""PspCorrection"":0.09187494522099392,""Ewald"":-14.186487397403095,""Kinetic"":29.076275981041192,""AtomicNonlocalFR"":-14.214183398209489,""AtomicLocal"":-79.43336367715271,""Hartree"":28.51697131677136,""Xc"":-7.177075539765564}","[4.068482332164826e-15,-1.0886447051974884e-16,1.8835130717332607e-15]",-0.07915524964237615,0.0,"[10.0,10.0,10.0]","[3.333333333333333,3.333333333333333,3.333333333333333]",1.9250156482944443e-141,1.0,true,"Midpoint of the global spectral gap; Float64 counts equal at its 1/4,1/2,3/4 points","[[1.9250156482979456e-141,1.9250156482944443e-141],[1.5424732370754953e-109,1.5424621750752472e-109],[1.5424732370771175e-109,1.5424621750741072e-109]]",0,-16.908551680889857,-9.371223220111613,4.263256414560601e-14,0.0,NO_RESOLVABLE_PARTIAL_OCCUPATIONS,0,PASS,5.463161508055244e-38,[24],3,65,1372,22
74,iteration,CONTINUE,0.1,false,false,linear_mixing,0.0008412572056304157,8.41257205630351e-05,8.41257205630351e-05,,3e55d6528341f4c9cb6cdb778d47ccca08123c7ce681b8a93e1e195745241f87,10.000000000000016,a6ec106692779cc5ecfab37acb7799ace9919ede0cd42cc839feb68d60980363,10.00000000000002,a1ae2ac948a1fdbc1faa25612ff3d7a13254b21f7d6ddfa07ac0730e20c83c6d,10.000000000000016,24,9.931033357210154e-11,2.886951275980317e-14,0.0006743842370841219,0.000551714494401498,-57.325987803125415,1.3150006832479449e-34,-1.3150006832479449e-37,-57.325987803125415,1.3150006832479449e-37,10.000000000000021,7.583601355558382e-14,"{""PspCorrection"":0.09187494522099392,""Ewald"":-14.186487397403095,""Kinetic"":29.076230613906606,""AtomicNonlocalFR"":-14.214164852584506,""AtomicLocal"":-79.43329831070554,""Hartree"":28.5169278029507,""Xc"":-7.177070604510568}","[-4.886729279951356e-17,-3.7571050057876e-15,-2.7174027146241344e-15]",-0.07914940887688392,0.0,"[10.0,10.0,10.0]","[3.333333333333333,3.333333333333333,3.333333333333333]",1.9478710696755206e-141,1.0,true,"Midpoint of the global spectral gap; Float64 counts equal at its 1/4,1/2,3/4 points","[[1.9478710696792854e-141,1.9478710696755206e-141],[1.5335188369385798e-109,1.5335078380431978e-109],[1.5335188369421538e-109,1.5335078380424133e-109]]",0,-16.90859360083091,-9.371216657348933,7.105427357601002e-14,7.105427357601002e-15,NO_RESOLVABLE_PARTIAL_OCCUPATIONS,0,PASS,5.056664778787487e-38,[24],3,64,1348,22
75,iteration,CONTINUE,0.1,false,false,linear_mixing,0.0007589639803218863,7.589639803218697e-05,7.589639803218697e-05,,a1ae2ac948a1fdbc1faa25612ff3d7a13254b21f7d6ddfa07ac0730e20c83c6d,10.000000000000016,251a4141be3ec782b6415272269792d07a2ac60c080d4fa42fde920f9f6ca846,10.00000000000001,daad08a99bb3c759917b5b7bd90c2a7f3c4d0f8c827c08f1df65725d5e69fa83,10.000000000000018,24,9.786755601349078e-11,2.5918497111203586e-14,0.0006227374299298859,0.0005100008524433375,-57.32598783146623,1.3094299961105305e-34,-1.3094299961105305e-37,-57.32598783146623,1.3094299961105305e-37,10.000000000000014,1.0420574447704338e-13,"{""PspCorrection"":0.09187494522099392,""Ewald"":-14.186487397403095,""Kinetic"":29.07619206849814,""AtomicNonlocalFR"":-14.214148961830524,""AtomicLocal"":-79.43324373493768,""Hartree"":28.516891812231425,""Xc"":-7.177066563245491}","[2.6429897245626958e-15,6.808052695593535e-16,4.642301710281122e-16]",-0.07914402360986786,0.0,"[10.0,10.0,10.0]","[3.333333333333333,3.333333333333333,3.333333333333333]",1.9690561884602784e-141,1.0,true,"Midpoint of the global spectral gap; Float64 counts equal at its 1/4,1/2,3/4 points","[[1.969056188462629e-141,1.9690561884602784e-141],[1.5252176910955716e-109,1.525206750864616e-109],[1.5252176910958319e-109,1.525206750863489e-109]]",0,-16.90862827543814,-9.371211271631026,9.237055564881302e-14,7.105427357601002e-15,NO_RESOLVABLE_PARTIAL_OCCUPATIONS,0,PASS,4.6783478542182283e-38,[24],3,64,1345,22
76,iteration,CONTINUE,0.1,false,false,linear_mixing,0.0006846991095944387,6.846991095943162e-05,6.846991095943162e-05,,daad08a99bb3c759917b5b7bd90c2a7f3c4d0f8c827c08f1df65725d5e69fa83,10.000000000000018,b07d6bb5a1817eaa0b9bcef556cf0064f920b3dfc94c36fe2691edf2a4143946,10.000000000000007,e636fd6f6d4749a7782a97211666f4ddadc59e3cc1e3a5d70003562f8abd37e3,10.000000000000014,24,9.810828575741631e-11,2.9531918657691944e-14,0.0005749915959025608,0.0004713511810471603,-57.3259878553628,1.3042739373742022e-34,-1.3042739373742021e-37,-57.3259878553628,1.3042739373742021e-37,10.000000000000005,7.967926193987224e-14,"{""PspCorrection"":0.09187494522099392,""Ewald"":-14.186487397403095,""Kinetic"":29.076159335278945,""AtomicNonlocalFR"":-14.214135345354391,""AtomicLocal"":-79.43319828093352,""Hartree"":28.516862159781383,""Xc"":-7.177063271953106}","[2.066363043099134e-15,-6.539991683915165e-15,1.1627977243865205e-15]",-0.07913905155532155,0.0,"[10.0,10.0,10.0]","[3.333333333333333,3.333333333333333,3.333333333333333]",1.9886782234374587e-141,1.0,true,"Midpoint of the global spectral gap; Float64 counts equal at its 1/4,1/2,3/4 points","[[1.9886782234396067e-141,1.9886782234374587e-141],[1.5175278546756195e-109,1.5175169689390834e-109],[1.5175278546756195e-109,1.5175169689420594e-109]]",0,-16.90865684552875,-9.37120687408265,9.947598300641403e-14,0.0,NO_RESOLVABLE_PARTIAL_OCCUPATIONS,0,PASS,4.326602535751504e-38,[24],3,62,1329,22
77,iteration,CONTINUE,0.1,false,false,linear_mixing,0.0006176838644366532,6.176838644366594e-05,6.176838644366594e-05,,e636fd6f6d4749a7782a97211666f4ddadc59e3cc1e3a5d70003562f8abd37e3,10.000000000000014,8c634b965101326a8f33885b04a8e04f013210b98a3e0fe95f2db25892b87394,10.000000000000002,1acbfd4887af8987aa7e142beb5d98083cc76f257761aadba2af189162e170b1,10.000000000000014,24,9.308652374242985e-11,2.801022418874399e-14,0.0005308588544678627,0.00043555329998955824,-57.32598787552051,1.2995039321958067e-34,-1.2995039321958068e-37,-57.32598787552051,1.2995039321958068e-37,10.000000000000004,9.017189211670838e-14,"{""PspCorrection"":0.09187494522099392,""Ewald"":-14.186487397403095,""Kinetic"":29.076131553020552,""AtomicNonlocalFR"":-14.214123677320735,""AtomicLocal"":-79.43316053030676,""Hartree"":28.51683783995451,""Xc"":-7.177060608685968}","[3.704997468684884e-15,1.4815788224466554e-15,-4.147096603163104e-16]",-0.0791344553811901,0.0,"[10.0,10.0,10.0]","[3.333333333333333,3.333333333333333,3.333333333333333]",2.0068400507381002e-141,1.0,true,"Midpoint of the global spectral gap; Float64 counts equal at its 1/4,1/2,3/4 points","[[2.0068400507398112e-141,2.0068400507381002e-141],[1.5104089964529318e-109,1.510398161302032e-109],[1.5104089964537045e-109,1.510398161302204e-109]]",0,-16.908680279418377,-9.37120330472047,2.842170943040401e-14,-7.105427357601002e-15,NO_RESOLVABLE_PARTIAL_OCCUPATIONS,0,PASS,3.999847510208212e-38,[24],3,62,1326,22
78,iteration,CONTINUE,0.1,false,false,linear_mixing,0.0005572143941871551,5.5721439418722204e-05,5.5721439418722204e-05,,1acbfd4887af8987aa7e142beb5d98083cc76f257761aadba2af189162e170b1,10.000000000000014,8e1188b5250ec073aeda274e3da3d0315d899e302b9cac4455123a27d263bcf7,10.00000000000001,175d412ac6dd184c1a3f14c17525a35233aa2f6b90fea496b04239a6c1fecf32,10.000000000000014,24,9.870637156054317e-11,2.892329415054464e-14,0.000490071686632592,0.0004024077960237521,-57.32598789253071,1.2950929673949785e-34,-1.2950929673949786e-37,-57.32598789253071,1.2950929673949786e-37,10.000000000000014,7.976926883752497e-14,"{""PspCorrection"":0.09187494522099392,""Ewald"":-14.186487397403095,""Kinetic"":29.076107987078082,""AtomicNonlocalFR"":-14.214113678744269,""AtomicLocal"":-79.43312927808799,""Hartree"":28.516817999666493,""Xc"":-7.177058470260932}","[-2.6382699043657718e-15,2.9936045196335106e-16,3.653095235742253e-15]",-0.07913020201711705,0.0,"[10.0,10.0,10.0]","[3.333333333333333,3.333333333333333,3.333333333333333]",2.023639897684318e-141,1.0,true,"Midpoint of the global spectral gap; Float64 counts equal at its 1/4,1/2,3/4 points","[[2.0236398976873085e-141,2.023639897684318e-141],[1.5038225776011919e-109,1.503811789374405e-109],[1.5038225776005078e-109,1.5038117893727806e-109]]",0,-16.90869939855069,-9.371200428129693,1.9184653865522705e-13,0.0,NO_RESOLVABLE_PARTIAL_OCCUPATIONS,0,PASS,3.696543265790764e-38,[24],3,62,1317,22
79,iteration,CONTINUE,0.1,false,false,linear_mixing,0.0005026546018649882,5.0265460186508e-05,5.0265460186508e-05,,175d412ac6dd184c1a3f14c17525a35233aa2f6b90fea496b04239a6c1fecf32,10.000000000000014,7d20b9f7311c9b60a135c30597ffd81da3d543f24b47b19844af1f118282b8a4,10.000000000000007,741fe195c3da5f21cfd9d5da0e19d55805fd1576f5d2a1cedaf596b5fbb781df,10.000000000000014,24,9.999360437012515e-11,2.5748987627441085e-14,0.00045238161014474914,0.0003717275578299688,-57.3259879068891,1.2910155885162298e-34,-1.2910155885162297e-37,-57.3259879068891,1.2910155885162297e-37,10.000000000000007,1.9080918049555724e-13,"{""PspCorrection"":0.09187494522099392,""Ewald"":-14.186487397403095,""Kinetic"":29.076088010857518,""AtomicNonlocalFR"":-14.214105110726738,""AtomicLocal"":-79.43310350113765,""Hartree"":28.516801915746996,""Xc"":-7.177056769447114}","[3.642827184304691e-15,3.069203682143857e-15,9.79939192942078e-16]",-0.0791262620667857,0.0,"[10.0,10.0,10.0]","[3.333333333333333,3.333333333333333,3.333333333333333]",2.0391711570548922e-141,1.0,true,"Midpoint of the global spectral gap; Float64 counts equal at its 1/4,1/2,3/4 points","[[2.0391711570595286e-141,2.0391711570548922e-141],[1.4977319591098217e-109,1.4977212143865266e-109],[1.4977319591099918e-109,1.4977212143906982e-109]]",0,-16.90871489929868,-9.371198129785757,-2.842170943040401e-14,7.105427357601002e-15,NO_RESOLVABLE_PARTIAL_OCCUPATIONS,0,PASS,3.4152027158256393e-38,[24],3,63,1319,25
80,iteration,CONTINUE,0.1,false,false,linear_mixing,0.0004534296953882717,4.534296953885069e-05,4.534296953885069e-05,,741fe195c3da5f21cfd9d5da0e19d55805fd1576f5d2a1cedaf596b5fbb781df,10.000000000000014,5aff1ffb7b96ae5c8f577167fc90d0847108580d33c470ebe03ea00ab62cfc28,10.000000000000009,5cea3eeef6b78519bb88be2d4d69142e3b39e9fcb00a4450a87e503ac86b372c,10.000000000000012,24,9.4500075678342e-11,2.48706988737389e-14,0.00041755795895131445,0.0003433373110100372,-57.32598791901261,1.2872478752841343e-34,-1.2872478752841343e-37,-57.32598791901261,1.2872478752841343e-37,10.00000000000001,2.0181468953060148e-13,"{""PspCorrection"":0.09187494522099392,""Ewald"":-14.186487397403095,""Kinetic"":29.076071089966263,""AtomicNonlocalFR"":-14.214097768673097,""AtomicLocal"":-79.4330823310909,""Hartree"":28.516788975531114,""Xc"":-7.177055432563883}","[-9.193764641856196e-16,-4.7940795183343e-15,2.2509120244180373e-15]",-0.07912260930870656,0.0,"[10.0,10.0,10.0]","[3.333333333333333,3.333333333333333,3.333333333333333]",2.0535222991387286e-141,1.0,true,"Midpoint of the global spectral gap; Float64 counts equal at its 1/4,1/2,3/4 points","[[2.0535222991438646e-141,2.0535222991387286e-141],[1.492102454762578e-109,1.4920917503519174e-109],[1.4921024547638078e-109,1.492091750351578e-109]]",0,-16.90872737164735,-9.371196312911863,3.552713678800501e-14,0.0,NO_RESOLVABLE_PARTIAL_OCCUPATIONS,0,PASS,3.1543986733238444e-38,[24],3,63,1315,25
81,iteration,CONTINUE,0.1,false,false,linear_mixing,0.000409020340710929,4.090203407109571e-05,4.090203407109571e-05,,5cea3eeef6b78519bb88be2d4d69142e3b39e9fcb00a4450a87e503ac86b372c,10.000000000000012,3c5ea3ff482b34b20612190b5096a18338fb68ebf23e53d5f50344f12f5fca82,10.000000000000007,0a6f2bce7b9dbb29f68418b39689db1d24d9dfb8f1679711df7113a0573e532c,10.000000000000012,24,9.913370059623207e-11,2.7178679136392692e-14,0.00038538664489040734,0.000317073028182509,-57.32598792925145,1.2837674011304164e-34,-1.2837674011304164e-37,-57.32598792925145,1.2837674011304164e-37,10.000000000000007,1.8350223543940288e-13,"{""PspCorrection"":0.09187494522099392,""Ewald"":-14.186487397403095,""Kinetic"":29.076056768724424,""AtomicNonlocalFR"":-14.214091477345903,""AtomicLocal"":-79.43306503146962,""Hartree"":28.516778660466912,""Xc"":-7.177054397445157}","[-3.3055677599588942e-15,-1.4119716295282143e-15,2.8012194834911444e-16]",-0.07911922027197114,0.0,"[10.0,10.0,10.0]","[3.333333333333333,3.333333333333333,3.333333333333333]",2.0667768624212168e-141,1.0,true,"Midpoint of the global spectral gap; Float64 counts equal at its 1/4,1/2,3/4 points","[[2.0667768624263858e-141,2.0667768624212168e-141],[1.486901342305283e-109,1.4868906752311778e-109],[1.486901342304353e-109,1.4868906752314314e-109]]",0,-16.908737314973273,-9.371194895816032,3.552713678800501e-14,0.0,NO_RESOLVABLE_PARTIAL_OCCUPATIONS,0,PASS,2.9127684209788533e-38,[24],3,62,1308,24
82,iteration,CONTINUE,0.1,false,false,linear_mixing,0.00036895737128507793,3.689573712848497e-05,3.689573712848497e-05,,0a6f2bce7b9dbb29f68418b39689db1d24d9dfb8f1679711df7113a0573e532c,10.000000000000012,4bbaf8a3f91b65a7d8e5fd74cf70e818c4a8f8bd9bac25150bd37a342ecefa19,10.000000000000009,e05a7a550ed181f35978dbddc97bc93577f1cc3224359b0847225988bfb14acf,10.000000000000014,24,9.849912996894616e-11,2.929872608824782e-14,0.00035566907615916857,0.0002927814296947216,-57.32598793790025,1.280553181732945e-34,-1.2805531817329448e-37,-57.32598793790025,1.2805531817329448e-37,10.000000000000012,1.1364438839147972e-13,"{""PspCorrection"":0.09187494522099392,""Ewald"":-14.186487397403095,""Kinetic"":29.07604465861909,""AtomicNonlocalFR"":-14.214086086635255,""AtomicLocal"":-79.4330509780134,""Hartree"":28.516770532009467,""Xc"":-7.1770536116980574}","[-2.0526945630055685e-15,-4.3116695182435525e-15,9.74482394937629e-16]",-0.07911607387527242,0.0,"[10.0,10.0,10.0]","[3.333333333333333,3.333333333333333,3.333333333333333]",2.0790135062881126e-141,1.0,true,"Midpoint of the global spectral gap; Float64 counts equal at its 1/4,1/2,3/4 points","[[2.079013506291658e-141,2.0790135062881126e-141],[1.4820978439990146e-109,1.482087211493142e-109],[1.4820978439983405e-109,1.482087211491499e-109]]",0,-16.908745151623158,-9.371193809612464,-7.105427357601002e-14,-7.105427357601002e-15,NO_RESOLVABLE_PARTIAL_OCCUPATIONS,0,PASS,2.689016558822674e-38,[24],3,60,1290,22
83,iteration,CONTINUE,0.1,false,false,linear_mixing,0.00033281699422026904,3.328169942202314e-05,3.328169942202314e-05,,e05a7a550ed181f35978dbddc97bc93577f1cc3224359b0847225988bfb14acf,10.000000000000014,ca500d13e29d303dd2e8f9142961b26fe7c7432781d35f5e28cb2209aab334d7,10.00000000000001,20dae0832a4bcaa8de4282c0b51ebd9b0a85e3272e5b72200b7961b4a504f11e,10.000000000000012,24,9.686739561737327e-11,2.6259014959418468e-14,0.00032822110165759344,0.00027031943375047834,-57.32598794520739,1.2775856158147358e-34,-1.2775856158147358e-37,-57.32598794520739,1.2775856158147358e-37,10.00000000000001,1.131016419451182e-13,"{""PspCorrection"":0.09187494522099392,""Ewald"":-14.186487397403095,""Kinetic"":29.076034428453827,""AtomicNonlocalFR"":-14.214081467939923,""AtomicLocal"":-79.43303964196203,""Hartree"":28.516764219645268,""Xc"":-7.17705303122242}","[2.5973643130568164e-15,3.616381944463431e-15,9.408801744035774e-16]",-0.07911315111958758,0.0,"[10.0,10.0,10.0]","[3.333333333333333,3.333333333333333,3.333333333333333]",2.0903061121511412e-141,1.0,true,"Midpoint of the global spectral gap; Float64 counts equal at its 1/4,1/2,3/4 points","[[2.0903061121547058e-141,2.0903061121511412e-141],[1.4776630839891368e-109,1.47765248347044e-109],[1.4776630839906068e-109,1.4776524834724981e-109]]",0,-16.90875123844179,-9.371192996284211,1.4210854715202004e-14,7.105427357601002e-15,NO_RESOLVABLE_PARTIAL_OCCUPATIONS,0,PASS,2.4819161672949806e-38,[24],3,59,1281,22
84,iteration,CONTINUE,0.1,false,false,linear_mixing,0.0003002164491643834,3.0021644916429836e-05,3.0021644916429836e-05,,20dae0832a4bcaa8de4282c0b51ebd9b0a85e3272e5b72200b7961b4a504f11e,10.000000000000012,b4b8c0e0e356e458009a5e3555aa0cabd069798ad18ef739cdd55e5b54632da3,9.999999999999996,833124b49d3baae915480c50fe31d8a4c4f7f51647e8747b06751bbe2f5e45ee,10.000000000000012,24,9.768524047601713e-11,2.5085603763696075e-14,0.0003028720036465129,0.0002495535908516751,-57.325987951381705,1.2748464210998442e-34,-1.2748464210998442e-37,-57.325987951381705,1.2748464210998442e-37,10.000000000000002,1.0190290108338579e-13,"{""PspCorrection"":0.09187494522099392,""Ewald"":-14.186487397403095,""Kinetic"":29.076025795942087,""AtomicNonlocalFR"":-14.214077511072457,""AtomicLocal"":-79.43303057579932,""Hartree"":28.516759410680937,""Xc"":-7.177052618950846}","[-1.9362321004494447e-15,4.4147906045230563e-16,-2.2640750222974876e-15]",-0.07911043482619882,0.0,"[10.0,10.0,10.0]","[3.333333333333333,3.333333333333333,3.333333333333333]",2.100723921322563e-141,1.0,true,"Midpoint of the global spectral gap; Float64 counts equal at its 1/4,1/2,3/4 points","[[2.100723921326623e-141,2.100723921322563e-141],[1.4735700292263837e-109,1.4735594583054766e-109],[1.4735700292255042e-109,1.4735594583056442e-109]]",0,-16.908755876602225,-9.371192407034332,-7.105427357601002e-14,-7.105427357601002e-15,NO_RESOLVABLE_PARTIAL_OCCUPATIONS,0,PASS,2.290308794064948e-38,[24],3,60,1286,22
85,iteration,CONTINUE,0.1,false,false,linear_mixing,0.00027081007620654023,2.708100762066209e-05,2.708100762066209e-05,,833124b49d3baae915480c50fe31d8a4c4f7f51647e8747b06751bbe2f5e45ee,10.000000000000012,d3fbbd0fef57e37fd5285f50b1a91e1b6deca962fc21c2a03ad3cee5fce2e856,10.000000000000007,88291e801c5e57359e20bee9736b70f3ccac32a17e57322dc99c0b49a8623de4,10.000000000000012,24,9.571808114323726e-11,2.5696746613946735e-14,0.0002794635707298845,0.00023035955056938492,-57.32598795659977,1.2723185675510343e-34,-1.2723185675510343e-37,-57.32598795659977,1.2723185675510343e-37,10.00000000000001,1.0494798128465398e-13,"{""PspCorrection"":0.09187494522099392,""Ewald"":-14.186487397403095,""Kinetic"":29.07601852053572,""AtomicNonlocalFR"":-14.214074121611361,""AtomicLocal"":-79.43302340111886,""Hartree"":28.5167558415545,""Xc"":-7.1770523437776665}","[6.785263534709551e-16,-4.043351244709282e-16,6.978656383308424e-15]",-0.0791079094130654,0.0,"[10.0,10.0,10.0]","[3.333333333333333,3.333333333333333,3.333333333333333]",2.1103317000389923e-141,1.0,true,"Midpoint of the global spectral gap; Float64 counts equal at its 1/4,1/2,3/4 points","[[2.110331700042231e-141,2.1103317000389923e-141],[1.4697934188747328e-109,1.4697828753255308e-109],[1.4697934188766128e-109,1.469782875327494e-109]]",0,-16.908759319969434,-9.371192000884033,1.0658141036401503e-13,0.0,NO_RESOLVABLE_PARTIAL_OCCUPATIONS,0,PASS,2.1131035291200198e-38,[24],3,59,1268,21
86,iteration,CONTINUE,0.1,false,false,linear_mixing,0.00024428575696127785,2.442857569613086e-05,2.442857569613086e-05,,88291e801c5e57359e20bee9736b70f3ccac32a17e57322dc99c0b49a8623de4,10.000000000000012,a0a67ac2598bfd0d6230514909bc7a2b333c2e9d2eaac60cfd0d012918abb330,10.000000000000018,11c6f260b1541f4fe5eb872e7b1c868281fb289850f55bf73c783f502aa8c83f,10.000000000000012,24,9.913271669893635e-11,2.695039373776981e-14,0.0002578492366560994,0.0002126215495272361,-57.32598796100997,1.2699862095141411e-34,-1.2699862095141412e-37,-57.32598796100997,1.2699862095141412e-37,10.000000000000021,6.657265237817817e-14,"{""PspCorrection"":0.09187494522099392,""Ewald"":-14.186487397403095,""Kinetic"":29.076012397293567,""AtomicNonlocalFR"":-14.214071218635418,""AtomicLocal"":-79.43301779825089,""Hartree"":28.516753290410463,""Xc"":-7.177052179645591}","[7.18084806871549e-15,3.746318409506484e-15,-8.52016994995063e-16]",-0.07910556070361649,0.0,"[10.0,10.0,10.0]","[3.333333333333333,3.333333333333333,3.333333333333333]",2.1191899237899993e-141,1.0,true,"Midpoint of the global spectral gap; Float64 counts equal at its 1/4,1/2,3/4 points","[[2.1191899237950587e-141,2.1191899237899993e-141],[1.466309686137994e-109,1.4662991678972524e-109],[1.4663096861404111e-109,1.4662991678986276e-109]]",0,-16.90876178224866,-9.37119174347694,9.947598300641403e-14,7.105427357601002e-15,NO_RESOLVABLE_PARTIAL_OCCUPATIONS,0,PASS,1.9492754301041253e-38,[24],3,57,1248,21
87,iteration,CONTINUE,0.1,false,false,linear_mixing,0.0002203616915118891,2.2036169151178928e-05,2.2036169151178928e-05,,11c6f260b1541f4fe5eb872e7b1c868281fb289850f55bf73c783f502aa8c83f,10.000000000000012,b046212c29a2c3240dcaed3d97a97e165979e48be7d9a392a2c90f30573a2056,10.000000000000002,b9eec1423a725fe0fbcc068c0c060b3789b582d4d3e5a60938469853dae70fa3,10.00000000000001,24,9.589209719374507e-11,2.392122343248035e-14,0.00023789325994001364,0.0001962318979390559,-57.325987964737735,1.2678346179877554e-34,-1.2678346179877555e-37,-57.325987964737735,1.2678346179877555e-37,10.000000000000004,1.0719617881272172e-13,"{""PspCorrection"":0.09187494522099392,""Ewald"":-14.186487397403095,""Kinetic"":29.076007251652868,""AtomicNonlocalFR"":-14.214068732785096,""AtomicLocal"":-79.43301349743915,""Hartree"":28.51675157078597,""Xc"":-7.177052104770223}","[2.250825314796736e-15,4.81908490059972e-15,1.884364763361725e-15]",-0.0791033757629976,0.0,"[10.0,10.0,10.0]","[3.333333333333333,3.333333333333333,3.333333333333333]",2.1273549743743143e-141,1.0,true,"Midpoint of the global spectral gap; Float64 counts equal at its 1/4,1/2,3/4 points","[[2.1273549743766118e-141,2.1273549743743143e-141],[1.4630968754991262e-109,1.4630863806518097e-109],[1.4630968754992926e-109,1.4630863806500216e-109]]",0,-16.908763443063258,-9.371191606063862,4.263256414560601e-14,0.0,NO_RESOLVABLE_PARTIAL_OCCUPATIONS,0,PASS,1.797863446917769e-38,[24],3,58,1255,21
88,iteration,CONTINUE,0.1,false,false,linear_mixing,0.0001987834810726316,1.98783481072662e-05,1.98783481072662e-05,,b9eec1423a725fe0fbcc068c0c060b3789b582d4d3e5a60938469853dae70fa3,10.00000000000001,15ca54ed342197a485d32c2abab6a1671a9a7df4fb6cd31b6ae23981ba851d2d,10.000000000000004,4e7626fc8dc8ecbfbe6376c37df06d5e24a8ceadce576491411d86b982418a43,10.00000000000001,24,9.883631016812803e-11,2.7093153030370238e-14,0.00021946995374404573,0.00018109048065042757,-57.32598796788906,1.2658501139364841e-34,-1.2658501139364842e-37,-57.32598796788906,1.2658501139364842e-37,10.000000000000007,8.812829745955383e-14,"{""PspCorrection"":0.09187494522099392,""Ewald"":-14.186487397403095,""Kinetic"":29.076002934968294,""AtomicNonlocalFR"":-14.214066604603996,""AtomicLocal"":-79.4330102713319,""Hartree"":28.516750526241715,""Xc"":-7.177052100981076}","[3.892618100836081e-15,2.6273258892034374e-15,1.2414929085379574e-15]",-0.07910134275753454,0.0,"[10.0,10.0,10.0]","[3.333333333333333,3.333333333333333,3.333333333333333]",2.1348793444535922e-141,1.0,true,"Midpoint of the global spectral gap; Float64 counts equal at its 1/4,1/2,3/4 points","[[2.1348793444574755e-141,2.1348793444535922e-141],[1.460134557628853e-109,1.4601240843990716e-109],[1.4601345576281477e-109,1.4601240843982415e-109]]",0,-16.908764453123887,-9.371191564639812,9.947598300641403e-14,0.0,NO_RESOLVABLE_PARTIAL_OCCUPATIONS,0,PASS,1.657967997432538e-38,[24],3,56,1237,20
89,iteration,CONTINUE,0.1,false,false,linear_mixing,0.00017932148805014207,1.7932148804994748e-05,1.7932148804994748e-05,,4e7626fc8dc8ecbfbe6376c37df06d5e24a8ceadce576491411d86b982418a43,10.00000000000001,f4145e7bee0d9bc715de42ba83ac6001ef743aa8060477712fc40904cdaafdc6,10.000000000000007,429dd5204ce0d341cf157b60ce36aa543323edf58568863d455c7e29cec6e74a,10.00000000000001,24,9.737478010071578e-11,2.2470612602313314e-14,0.00020246293970441347,0.00016710424661712923,-57.325987970553186,1.2640200033358923e-34,-1.2640200033358924e-37,-57.325987970553186,1.2640200033358924e-37,10.000000000000012,5.542387375757607e-14,"{""PspCorrection"":0.09187494522099392,""Ewald"":-14.186487397403095,""Kinetic"":29.07599932069708,""AtomicNonlocalFR"":-14.21406478311847,""AtomicLocal"":-79.43300792856307,""Hartree"":28.51675002577349,""Xc"":-7.177052153160101}","[4.94731240698172e-15,5.621439942581704e-16,-1.93196113285472e-15]",-0.07909945083381943,0.0,"[10.0,10.0,10.0]","[3.333333333333333,3.333333333333333,3.333333333333333]",2.141811845599243e-141,1.0,true,"Midpoint of the global spectral gap; Float64 counts equal at its 1/4,1/2,3/4 points","[[2.141811845602043e-141,2.141811845599243e-141],[1.4574037438764727e-109,1.457393290619118e-109],[1.457403743875603e-109,1.457393290619698e-109]]",0,-16.908764938646144,-9.3711915992087,4.263256414560601e-14,1.4210854715202004e-14,NO_RESOLVABLE_PARTIAL_OCCUPATIONS,0,PASS,1.528748329746526e-38,[24],3,57,1243,20
90,iteration,CONTINUE,0.1,false,false,linear_mixing,0.00016176844688405213,1.617684468840423e-05,1.617684468840423e-05,,429dd5204ce0d341cf157b60ce36aa543323edf58568863d455c7e29cec6e74a,10.00000000000001,5ad2e1cbacb698d2c5d3e677577a84238727f1f02172b23d42da78e98cf4dcc3,9.999999999999996,00c8da340561534e7e4eec51edfb3d31a10e1df988a324f856b4459eaab2fc23,10.00000000000001,24,9.797315164235692e-11,2.6334535003297146e-14,0.0001867645482856615,0.00015418683912202979,-57.32598797280552,1.2623325144063548e-34,-1.2623325144063548e-37,-57.32598797280552,1.2623325144063548e-37,9.999999999999996,6.414299337276064e-14,"{""PspCorrection"":0.09187494522099392,""Ewald"":-14.186487397403095,""Kinetic"":29.07599630114786,""AtomicNonlocalFR"":-14.214063224622574,""AtomicLocal"":-79.4330063083005,""Hartree"":28.51674995991753,""Xc"":-7.177052248765739}","[9.577535173904138e-16,1.9423967169040554e-15,-4.093912145558835e-15]",-0.07909769001444415,0.0,"[10.0,10.0,10.0]","[3.333333333333333,3.333333333333333,3.333333333333333]",2.148197816135047e-141,1.0,true,"Midpoint of the global spectral gap; Float64 counts equal at its 1/4,1/2,3/4 points","[[2.1481978161385882e-141,2.148197816135047e-141],[1.4548868014835566e-109,1.4548763666784216e-109],[1.4548868014873609e-109,1.4548763666781734e-109]]",0,-16.908765005099998,-9.371191693159748,-9.947598300641403e-14,-7.105427357601002e-15,NO_RESOLVABLE_PARTIAL_OCCUPATIONS,0,PASS,1.4094197327085232e-38,[24],3,56,1233,20
91,iteration,CONTINUE,0.1,false,false,linear_mixing,0.0001459373026063108,1.4593730260622337e-05,1.4593730260622337e-05,,00c8da340561534e7e4eec51edfb3d31a10e1df988a324f856b4459eaab2fc23,10.00000000000001,035c1c7c2deeb42d74deb3a9bd68e329f68d8fe0719b096dc4325d6f802b7670,10.000000000000002,6007d833c8704c74afb55f1d9c5bab1222d51e363dde04fac8133a410ae43de4,10.000000000000009,24,9.247796101369517e-11,2.4802883585195704e-14,0.00017227513006893164,0.00014225808556206091,-57.325987974710124,1.2607767373700842e-34,-1.2607767373700842e-37,-57.325987974710124,1.2607767373700842e-37,10.0,6.819093040608387e-14,"{""PspCorrection"":0.09187494522099392,""Ewald"":-14.186487397403095,""Kinetic"":29.075993784704487,""AtomicNonlocalFR"":-14.214061891637648,""AtomicLocal"":-79.43300527560048,""Hartree"":28.51675023743411,""Xc"":-7.177052377428492}","[5.77172315851791e-17,-8.542177086011701e-16,1.8345332856791624e-15]",-0.07909605110781223,0.0,"[10.0,10.0,10.0]","[3.333333333333333,3.333333333333333,3.333333333333333]",2.1540793265077902e-141,1.0,true,"Midpoint of the global spectral gap; Float64 counts equal at its 1/4,1/2,3/4 points","[[2.1540793265114635e-141,2.1540793265077902e-141],[1.452567370661035e-109,1.4525569528932044e-109],[1.4525673706616132e-109,1.4525569528936998e-109]]",0,-16.90876474040303,-9.371191832737717,1.0658141036401503e-13,-7.105427357601002e-15,NO_RESOLVABLE_PARTIAL_OCCUPATIONS,0,PASS,1.2992506723215326e-38,[24],3,56,1232,20
92,iteration,CONTINUE,0.1,false,false,linear_mixing,0.0001316592555794899,1.3165925557950896e-05,1.3165925557950896e-05,,6007d833c8704c74afb55f1d9c5bab1222d51e363dde04fac8133a410ae43de4,10.000000000000009,36c00425186918bd5252ddaf6e81b2bc029d12ae4b491f013f1ccbd27228ac99,9.99999999999999,f3a7168bdcede57fb2e4545486c86db1aa8ce2d4eafa5cec11cff6461112632d,10.000000000000009,24,9.309935091182238e-11,2.4016607450650963e-14,0.00015890251039254706,0.00013124363124358463,-57.325987976320405,1.259342566954981e-34,-1.259342566954981e-37,-57.325987976320405,1.259342566954981e-37,9.999999999999993,6.770156928434594e-14,"{""PspCorrection"":0.09187494522099392,""Ewald"":-14.186487397403095,""Kinetic"":29.075991693456153,""AtomicNonlocalFR"":-14.2140607520214,""AtomicLocal"":-79.43300471745202,""Hartree"":28.516750782486525,""Xc"":-7.177052530607565}","[5.030544452213474e-16,-3.069576244498546e-15,6.840064323083083e-15]",-0.07909452562990017,0.0,"[10.0,10.0,10.0]","[3.333333333333333,3.333333333333333,3.333333333333333]",2.1594953799701066e-141,1.0,true,"Midpoint of the global spectral gap; Float64 counts equal at its 1/4,1/2,3/4 points","[[2.1594953799725618e-141,2.1594953799701066e-141],[1.450430284118438e-109,1.4504198820824567e-109],[1.4504302841187677e-109,1.4504198820820031e-109]]",0,-16.908764217636957,-9.371192006592796,4.263256414560601e-14,-1.4210854715202004e-14,NO_RESOLVABLE_PARTIAL_OCCUPATIONS,0,PASS,1.1975599209001004e-38,[24],3,56,1229,20
93,iteration,CONTINUE,0.1,false,false,linear_mixing,0.00011878199326627333,1.1878199326638801e-05,1.1878199326638801e-05,,f3a7168bdcede57fb2e4545486c86db1aa8ce2d4eafa5cec11cff6461112632d,10.000000000000009,70f086b2a23cdd9ec848f120ed385efb15d3ce2b9b067d9c19b1a4584482e1e1,10.000000000000004,143752a8bb199e3fb2a04905b144c77a0a1b8bbcc23236785f358d10602aa0ba,10.000000000000007,24,9.162107350929784e-11,2.6052525669088876e-14,0.00014656141571192473,0.00012107451282111352,-57.325987977682104,1.2580206477549045e-34,-1.2580206477549046e-37,-57.325987977682104,1.2580206477549046e-37,10.000000000000005,5.695231014062508e-14,"{""PspCorrection"":0.09187494522099392,""Ewald"":-14.186487397403095,""Kinetic"":29.075989961174496,""AtomicNonlocalFR"":-14.214059778205385,""AtomicLocal"":-79.43300453941094,""Hartree"":28.51675153224143,""Xc"":-7.177052701299597}","[-1.3699874257197627e-15,-7.897664623081282e-16,-1.0974374858028265e-15]",-0.07909310573613894,0.0,"[10.0,10.0,10.0]","[3.333333333333333,3.333333333333333,3.333333333333333]",2.1644821071657937e-141,1.0,true,"Midpoint of the global spectral gap; Float64 counts equal at its 1/4,1/2,3/4 points","[[2.1644821071707153e-141,2.1644821071657937e-141],[1.4484614896492298e-109,1.448451102141707e-109],[1.4484614896521116e-109,1.448451102140019e-109]]",0,-16.908763497357725,-9.371192205398795,5.684341886080802e-14,7.105427357601002e-15,NO_RESOLVABLE_PARTIAL_OCCUPATIONS,0,PASS,1.1037136972751042e-38,[24],3,56,1228,20
94,iteration,CONTINUE,0.1,false,false,linear_mixing,0.00010716808941448047,1.0716808941449413e-05,1.0716808941449413e-05,,143752a8bb199e3fb2a04905b144c77a0a1b8bbcc23236785f358d10602aa0ba,10.000000000000007,688a626e67fbbfe375aad9ea5be01ffd7a7b7e453ef13aefd666e03fd1db7f6e,10.000000000000002,3f81f919ad2a0549fd3cba03a3a9853e9521fd484e9e952cbb93392aa9dcff79,10.000000000000007,24,9.730961532143819e-11,2.2809539844481106e-14,0.0001351730043933235,0.00011168683422942786,-57.325987978833595,1.2568023225026465e-34,-1.2568023225026466e-37,-57.325987978833595,1.2568023225026466e-37,10.000000000000005,5.1676586725319506e-14,"{""PspCorrection"":0.09187494522099392,""Ewald"":-14.186487397403095,""Kinetic"":29.075988531581594,""AtomicNonlocalFR"":-14.214058946533775,""AtomicLocal"":-79.4330046627402,""Hartree"":28.516752434832014,""Xc"":-7.177052883791129}","[3.3447040011842508e-15,2.1880123588502693e-15,-7.977075717577223e-16]",-0.07909178416190901,0.0,"[10.0,10.0,10.0]","[3.333333333333333,3.333333333333333,3.333333333333333]",2.169072953487483e-141,1.0,true,"Midpoint of the global spectral gap; Float64 counts equal at its 1/4,1/2,3/4 points","[[2.1690729534892092e-141,2.169072953487483e-141],[1.4466479760438586e-109,1.446637601941715e-109],[1.4466479760450922e-109,1.4466376019426608e-109]]",0,-16.908762629556968,-9.371192421528672,5.684341886080802e-14,-7.105427357601002e-15,NO_RESOLVABLE_PARTIAL_OCCUPATIONS,0,PASS,1.0171228681379162e-38,[24],3,56,1204,20
95,iteration,CONTINUE,0.1,false,false,linear_mixing,9.669356579306448e-05,9.669356579306503e-06,9.669356579306503e-06,,3f81f919ad2a0549fd3cba03a3a9853e9521fd484e9e952cbb93392aa9dcff79,10.000000000000007,3ac9c1b039353ec18e51f4e85ebd7665766525a84b93ecf141aef04cbe2f05f3,10.000000000000009,8c3e23652963a8efcac28247787b4c8325201a36d7920dcf8fc15fdd56276698,10.000000000000007,24,9.694455772376705e-11,2.4593258581445057e-14,0.00012466436638680677,0.00010302138352049894,-57.32598797980738,1.2556795832650676e-34,-1.2556795832650676e-37,-57.32598797980738,1.2556795832650676e-37,10.000000000000012,4.520302435322973e-14,"{""PspCorrection"":0.09187494522099392,""Ewald"":-14.186487397403095,""Kinetic"":29.0759873569056,""AtomicNonlocalFR"":-14.214058236736099,""AtomicLocal"":-79.4330050219703,""Hartree"":28.516753447628233,""Xc"":-7.177053073452703}","[-2.6879170551885845e-15,-3.2941265472098696e-15,3.45208150598548e-15]",-0.0790905541703453,0.0,"[10.0,10.0,10.0]","[3.333333333333333,3.333333333333333,3.333333333333333]",2.1732988584736696e-141,1.0,true,"Midpoint of the global spectral gap; Float64 counts equal at its 1/4,1/2,3/4 points","[[2.1732988584772522e-141,2.1732988584736696e-141],[1.444977702545384e-109,1.4449673408170137e-109],[1.444977702545261e-109,1.4449673408179582e-109]]",0,-16.908761655328487,-9.371192648784223,7.105427357601002e-14,7.105427357601002e-15,NO_RESOLVABLE_PARTIAL_OCCUPATIONS,0,PASS,9.372402339649399e-39,[24],3,56,1202,20
96,iteration,CONTINUE,0.1,false,false,linear_mixing,8.724657401536809e-05,8.724657401540748e-06,8.724657401540748e-06,,8c3e23652963a8efcac28247787b4c8325201a36d7920dcf8fc15fdd56276698,10.000000000000007,af8e95c83aeb4d2d991d9e79b0112224407fba1bbbdefa3f6f0a287ddca30e82,10.000000000000012,e793d4baf8c0a901bb3d5dd50986be964dc9bc914f75f05053f3971072bcfad0,10.000000000000009,24,9.952996515210276e-11,2.5917050325715467e-14,0.0001149681006445058,9.502332466265824e-05,-57.32598798063083,1.2546450254845044e-34,-1.2546450254845044e-37,-57.32598798063083,1.2546450254845044e-37,10.000000000000016,4.2724149726734793e-14,"{""PspCorrection"":0.09187494522099392,""Ewald"":-14.186487397403095,""Kinetic"":29.075986396581605,""AtomicNonlocalFR"":-14.214057631399298,""AtomicLocal"":-79.43300556283887,""Hartree"":28.51675453576484,""Xc"":-7.177053266557005}","[5.431799947488306e-15,4.114243101644987e-15,5.518116837083123e-16]",-0.07908940950639325,0.0,"[10.0,10.0,10.0]","[3.333333333333333,3.333333333333333,3.333333333333333]",2.177188426721224e-141,1.0,true,"Midpoint of the global spectral gap; Float64 counts equal at its 1/4,1/2,3/4 points","[[2.1771884267225852e-141,2.177188426721224e-141],[1.4434395319642786e-109,1.4434291816564236e-109],[1.443439531964853e-109,1.4434291816565878e-109]]",0,-16.90876060828456,-9.371192882157727,5.684341886080802e-14,0.0,NO_RESOLVABLE_PARTIAL_OCCUPATIONS,0,PASS,8.63557884628157e-39,[24],3,55,1189,19
97,iteration,CONTINUE,0.1,false,false,linear_mixing,7.872621927125178e-05,7.872621927151302e-06,7.872621927151302e-06,,e793d4baf8c0a901bb3d5dd50986be964dc9bc914f75f05053f3971072bcfad0,10.000000000000009,a69f203c5c2a95ef8ccd88deb628e1e458f12c2496fa8d6637bd8785abff0de2,10.000000000000007,6ab13aa509152537d1afdad65d54598ec5497bd54bbd6e861029972413a5e7ee,10.000000000000007,24,9.837949174864424e-11,2.593571846183896e-14,0.00010602189968633764,8.764188050259493e-05,-57.325987981327266,1.253691804860031e-34,-1.253691804860031e-37,-57.325987981327266,1.253691804860031e-37,10.000000000000009,1.311785863883346e-13,"{""PspCorrection"":0.09187494522099392,""Ewald"":-14.186487397403095,""Kinetic"":29.075985616234682,""AtomicNonlocalFR"":-14.214057115591778,""AtomicLocal"":-79.43300624059054,""Hartree"":28.516755670939354,""Xc"":-7.177053460136881}","[-1.9552239973280464e-15,-1.049004492189815e-15,4.4392487487038344e-15]",-0.07908834435616742,0.0,"[10.0,10.0,10.0]","[3.333333333333333,3.333333333333333,3.333333333333333]",2.1807680900591605e-141,1.0,true,"Midpoint of the global spectral gap; Float64 counts equal at its 1/4,1/2,3/4 points","[[2.1807680900623834e-141,2.1807680900591605e-141],[1.4420231674850604e-109,1.44201282771141e-109],[1.4420231674844047e-109,1.4420128277110002e-109]]",0,-16.908759515714248,-9.371193117645348,3.552713678800501e-14,-7.105427357601002e-15,NO_RESOLVABLE_PARTIAL_OCCUPATIONS,0,PASS,7.956046463419948e-39,[24],3,55,1165,19
98,iteration,CONTINUE,0.1,false,false,linear_mixing,7.104150491996337e-05,7.10415049199499e-06,7.10415049199499e-06,,6ab13aa509152537d1afdad65d54598ec5497bd54bbd6e861029972413a5e7ee,10.000000000000007,6de4138b341a8425efac3bf6cd67aa79caf0c852467c508e1e40206c7b6c3be3,10.000000000000005,8a664e3841283f3aadc8182547f99d8bd67bf3e2aaac0b2fe05af771d122cf7b,10.000000000000007,24,9.67440596513828e-11,2.235197196705629e-14,9.77681949878295e-05,8.083007250626874e-05,-57.325987981916185,1.2528135969561537e-34,-1.2528135969561537e-37,-57.325987981916185,1.2528135969561537e-37,10.000000000000007,9.525707154953933e-14,"{""PspCorrection"":0.09187494522099392,""Ewald"":-14.186487397403095,""Kinetic"":29.075984986644734,""AtomicNonlocalFR"":-14.214056676495506,""AtomicLocal"":-79.4330070182152,""Hartree"":28.51675683017033,""Xc"":-7.177053651838444}","[-5.1468810654432526e-15,-1.4035152779604574e-15,6.784624322619395e-15]",-0.07908735331082338,0.0,"[10.0,10.0,10.0]","[3.333333333333333,3.333333333333333,3.333333333333333]",2.1840622609022816e-141,1.0,true,"Midpoint of the global spectral gap; Float64 counts equal at its 1/4,1/2,3/4 points","[[2.184062260904268e-141,2.1840622609022816e-141],[1.4407190932523855e-109,1.440708763201746e-109],[1.4407190932514847e-109,1.4407087632007632e-109]]",0,-16.908758399779906,-9.371193352054524,-7.105427357601002e-14,-1.4210854715202004e-14,NO_RESOLVABLE_PARTIAL_OCCUPATIONS,0,PASS,7.32943844535426e-39,[24],3,53,1147,18
99,iteration,CONTINUE,0.1,false,false,linear_mixing,6.411034643646837e-05,6.411034643659865e-06,6.411034643659865e-06,,8a664e3841283f3aadc8182547f99d8bd67bf3e2aaac0b2fe05af771d122cf7b,10.000000000000007,2d4a82927ff5d5e2b8d8d8734b199c2ed4f7cf4a8d6da20ac46752279f6d0c92,10.000000000000005,03500efc3f3ac83eec74977a15171ea791556505e519bcde6f792657d31bf5f1,10.000000000000007,24,9.780039007505067e-11,2.005318107006258e-14,9.015376733678957e-05,7.454440594728991e-05,-57.3259879824144,1.2520045592449016e-34,-1.2520045592449015e-37,-57.3259879824144,1.2520045592449015e-37,10.000000000000005,1.2266053233580441e-13,"{""PspCorrection"":0.09187494522099392,""Ewald"":-14.186487397403095,""Kinetic"":29.07598448314424,""AtomicNonlocalFR"":-14.214056303117403,""AtomicLocal"":-79.4330078656031,""Hartree"":28.516757995188858,""Xc"":-7.177053839844882}","[-4.411892493701735e-15,-2.165565728701655e-15,6.942440854373856e-16]",-0.07908643133456923,0.0,"[10.0,10.0,10.0]","[3.333333333333333,3.333333333333333,3.333333333333333]",2.1870934767101063e-141,1.0,true,"Midpoint of the global spectral gap; Float64 counts equal at its 1/4,1/2,3/4 points","[[2.18709347671222e-141,2.1870934767101063e-141],[1.4395185180238381e-109,1.4395081969382066e-109],[1.4395185180226516e-109,1.4395081969381246e-109]]",0,-16.908757278101962,-9.371193582903459,4.973799150320701e-14,0.0,NO_RESOLVABLE_PARTIAL_OCCUPATIONS,0,PASS,6.751707354835439e-39,[24],3,54,1154,18
100,iteration,CONTINUE,0.1,false,false,linear_mixing,5.785871565560153e-05,5.785871565527863e-06,5.785871565527863e-06,,03500efc3f3ac83eec74977a15171ea791556505e519bcde6f792657d31bf5f1,10.000000000000007,f9f758072ea7e43d9270eac3d308e309dda80fa6fc510efcb1033dbb20ed5fad,10.000000000000016,049fe92cabf18e3b009af9d5d3c1212879cefb5d253a42eaefad91e4237c9b9a,10.00000000000001,24,9.780251378498052e-11,2.5172715712437517e-14,8.312945060672188e-05,6.874465311143073e-05,-57.325987982835755,1.2512592959297548e-34,-1.2512592959297548e-37,-57.325987982835755,1.2512592959297548e-37,10.000000000000018,9.071571475844492e-14,"{""PspCorrection"":0.09187494522099392,""Ewald"":-14.186487397403095,""Kinetic"":29.07598408483119,""AtomicNonlocalFR"":-14.21405598602226,""AtomicLocal"":-79.4330087581855,""Hartree"":28.51675915148827,""Xc"":-7.1770540227653585}","[8.271035379315015e-16,-1.9208874225965775e-15,6.700593677933203e-15]",-0.079085573735649,0.0,"[10.0,10.0,10.0]","[3.333333333333333,3.333333333333333,3.333333333333333]",2.1898825358920123e-141,1.0,true,"Midpoint of the global spectral gap; Float64 counts equal at its 1/4,1/2,3/4 points","[[2.1898825358936307e-141,2.1898825358920123e-141],[1.438413323113083e-109,1.438403010296132e-109],[1.438413323112797e-109,1.4384030102964592e-109]]",0,-16.90875616467537,-9.371193808275411,5.684341886080802e-14,0.0,NO_RESOLVABLE_PARTIAL_OCCUPATIONS,0,PASS,6.219105116666252e-39,[24],3,51,1127,17
101,iteration,CONTINUE,0.1,false,false,linear_mixing,5.221985038382065e-05,5.221985038375179e-06,5.221985038375179e-06,,049fe92cabf18e3b009af9d5d3c1212879cefb5d253a42eaefad91e4237c9b9a,10.00000000000001,ae2ec5a791bd383034662ef9b455a04f618cbd02f4ad29accb230be213326e17,10.000000000000005,d880af33034b91e97f999c3ebf64b53a825e1102b4923d74c315bf9a263f8d8f,10.000000000000009,24,9.983366661029048e-11,2.401619911558921e-14,7.664981364348563e-05,6.339359860817215e-05,-57.325987983192036,1.2505728249537497e-34,-1.2505728249537498e-37,-57.325987983192036,1.2505728249537498e-37,10.000000000000004,8.346073816687879e-14,"{""PspCorrection"":0.09187494522099392,""Ewald"":-14.186487397403095,""Kinetic"":29.075983774032032,""AtomicNonlocalFR"":-14.214055717112512,""AtomicLocal"":-79.43300967609181,""Hartree"":28.516760287726783,""Xc"":-7.17705419956442}","[-4.624174639831931e-15,-1.80296235623854e-15,-3.3831359886942955e-15]",-0.07908477614049521,0.0,"[10.0,10.0,10.0]","[3.333333333333333,3.333333333333333,3.333333333333333]",2.1924486252059827e-141,1.0,true,"Midpoint of the global spectral gap; Float64 counts equal at its 1/4,1/2,3/4 points","[[2.192448625207852e-141,2.1924486252059827e-141],[1.437396013171623e-109,1.437385707984616e-109],[1.4373960131706425e-109,1.437385707984861e-109]]",0,-16.908755070444435,-9.371194026725725,1.4210854715202004e-14,0.0,NO_RESOLVABLE_PARTIAL_OCCUPATIONS,0,PASS,5.728162151889925e-39,[24],3,51,1116,17
102,iteration,CONTINUE,0.1,false,false,linear_mixing,4.713354391954962e-05,4.713354391951538e-06,4.713354391951538e-06,,d880af33034b91e97f999c3ebf64b53a825e1102b4923d74c315bf9a263f8d8f,10.000000000000009,3923d12694828a845ebb61f33b8ca6ffa56d55571c3f5237cef3d87026f80c94,9.999999999999998,f62bd7d9df72e609912cfec918f5af6da2aba48d84473361c513e28f33e1fd46,10.000000000000007,24,9.859666168371578e-11,2.001785756839398e-14,7.067291183131128e-05,5.8456858703331685e-05,-57.32598798349346,1.249940547286189e-34,-1.249940547286189e-37,-57.32598798349346,1.249940547286189e-37,10.000000000000002,7.026335834031373e-14,"{""PspCorrection"":0.09187494522099392,""Ewald"":-14.186487397403095,""Kinetic"":29.075983535817684,""AtomicNonlocalFR"":-14.214055489439659,""AtomicLocal"":-79.43301060337842,""Hartree"":28.516761395187032,""Xc"":-7.177054369497991}","[-6.145862938363279e-16,-2.1361123793544218e-15,1.2240489002639655e-15]",-0.07908403447032672,0.0,"[10.0,10.0,10.0]","[3.333333333333333,3.333333333333333,3.333333333333333]",2.194809438950166e-141,1.0,true,"Midpoint of the global spectral gap; Float64 counts equal at its 1/4,1/2,3/4 points","[[2.1948094389519126e-141,2.194809438950166e-141],[1.436459670282099e-109,1.436449372126788e-109],[1.436459670281936e-109,1.43644937212838e-109]]",0,-16.908754003823837,-9.371194237197614,1.1368683772161603e-13,0.0,NO_RESOLVABLE_PARTIAL_OCCUPATIONS,0,PASS,5.275667945533838e-39,[24],3,51,1112,17
103,iteration,CONTINUE,0.1,false,false,linear_mixing,4.254550341598657e-05,4.254550341604214e-06,4.254550341604214e-06,,f62bd7d9df72e609912cfec918f5af6da2aba48d84473361c513e28f33e1fd46,10.000000000000007,0ec818dff3bc9e09dabdd096fa54b6736d9354b1707256a54ec665095b9f9354,10.000000000000004,e04f3ef7f7c70694343dbafec34abb91a980da948d94a9a395f045f2944d9ef6,10.000000000000009,24,9.196921934087506e-11,2.4652003681242276e-14,6.515997644576125e-05,5.39026153439958e-05,-57.32598798374836,1.2493582183428603e-34,-1.2493582183428603e-37,-57.32598798374836,1.2493582183428603e-37,10.000000000000004,6.749993479763756e-14,"{""PspCorrection"":0.09187494522099392,""Ewald"":-14.186487397403095,""Kinetic"":29.075983357594097,""AtomicNonlocalFR"":-14.214055297040627,""AtomicLocal"":-79.4330115273863,""Hartree"":28.516762467327073,""Xc"":-7.177054532060505}","[-6.663718078722152e-16,-2.2455535451011964e-15,-7.479532799524783e-16]",-0.07908334491992619,0.0,"[10.0,10.0,10.0]","[3.333333333333333,3.333333333333333,3.333333333333333]",2.1969812903618087e-141,1.0,true,"Midpoint of the global spectral gap; Float64 counts equal at its 1/4,1/2,3/4 points","[[2.1969812903654304e-141,2.1969812903618087e-141],[1.4355979111557318e-109,1.435587619486409e-109],[1.435597911154467e-109,1.4355876194857155e-109]]",0,-16.90875297113117,-9.37119443895255,5.684341886080802e-14,7.105427357601002e-15,NO_RESOLVABLE_PARTIAL_OCCUPATIONS,0,PASS,4.858652706620274e-39,[24],3,51,1112,17
104,iteration,CONTINUE,0.1,false,false,linear_mixing,3.8406770858377176e-05,3.840677085849785e-06,3.840677085849785e-06,,e04f3ef7f7c70694343dbafec34abb91a980da948d94a9a395f045f2944d9ef6,10.000000000000009,8ca53dde60452c35a304383fc62e93f255569847a77b82cebada5247e066f636,10.000000000000005,f3e03c9eca0e8228192be68a04480e009fb62c07bedbce2348fc3b01c8838fc7,10.000000000000007,24,9.816401115183552e-11,2.4018244165401165e-14,6.007520800514215e-05,4.9701466708030814e-05,-57.325987983964,1.2488219214211845e-34,-1.2488219214211845e-37,-57.325987983964,1.2488219214211845e-37,10.000000000000007,8.594308269713476e-14,"{""PspCorrection"":0.09187494522099392,""Ewald"":-14.186487397403095,""Kinetic"":29.075983228748683,""AtomicNonlocalFR"":-14.214055134798596,""AtomicLocal"":-79.4330124381823,""Hartree"":28.51676349938974,""Xc"":-7.177054686939415}","[1.3436471275944809e-15,2.1177135589809018e-16,1.1040978117462055e-15]",-0.07908270393831181,0.0,"[10.0,10.0,10.0]","[3.333333333333333,3.333333333333333,3.333333333333333]",2.198979215416762e-141,1.0,true,"Midpoint of the global spectral gap; Float64 counts equal at its 1/4,1/2,3/4 points","[[2.1989792154195117e-141,2.198979215416762e-141],[1.4348048472385028e-109,1.4347945615493757e-109],[1.4348048472394814e-109,1.4347945615501914e-109]]",0,-16.908751976962957,-9.371194631510274,5.684341886080802e-14,0.0,NO_RESOLVABLE_PARTIAL_OCCUPATIONS,0,PASS,4.474370341260032e-39,[24],3,49,1095,17
105,iteration,CONTINUE,0.1,false,false,linear_mixing,3.467320049519518e-05,3.46732004950126e-06,3.46732004950126e-06,,f3e03c9eca0e8228192be68a04480e009fb62c07bedbce2348fc3b01c8838fc7,10.000000000000007,45a76c009ecada65bdb95abe81bfc1d4f44baf7832eade81cd56df806a184ee0,10.00000000000001,60385b3b2c87b00a93d315a10a63b2d7266b59aed26bc13c4e6dfb11c2cf413d,10.00000000000001,24,9.904482234296208e-11,2.2955460847691432e-14,5.538554749446129e-05,4.5826243099737726e-05,-57.32598798414645,1.2483280430081334e-34,-1.2483280430081335e-37,-57.32598798414645,1.2483280430081335e-37,10.000000000000012,7.046304080319916e-14,"{""PspCorrection"":0.09187494522099392,""Ewald"":-14.186487397403095,""Kinetic"":29.07598314035075,""AtomicNonlocalFR"":-14.21405499832279,""AtomicLocal"":-79.43301332809243,""Hartree"":28.516764488077786,""Xc"":-7.177054833977661}","[1.9554043073987416e-15,3.4422587556501573e-16,-1.7715063052277987e-15]",-0.07908210821108497,0.0,"[10.0,10.0,10.0]","[3.333333333333333,3.333333333333333,3.333333333333333]",2.2008170696084307e-141,1.0,true,"Midpoint of the global spectral gap; Float64 counts equal at its 1/4,1/2,3/4 points","[[2.2008170696104322e-141,2.2008170696084307e-141],[1.4340750475988311e-109,1.4340647674247334e-109],[1.4340750475983419e-109,1.4340647674213912e-109]]",0,-16.90875102450807,-9.371194814599328,1.5631940186722204e-13,0.0,NO_RESOLVABLE_PARTIAL_OCCUPATIONS,0,PASS,4.120282466225611e-39,[24],3,48,1085,17
106,iteration,CONTINUE,0.1,false,false,linear_mixing,3.1304986699181775e-05,3.1304986699142684e-06,3.1304986699142684e-06,,60385b3b2c87b00a93d315a10a63b2d7266b59aed26bc13c4e6dfb11c2cf413d,10.00000000000001,c8fa3ba2802833b257df873069b863acd4746ada0f9bba339fea4ef5b818a644,10.000000000000002,d8e37e94e9d40999addb490c85d8d535f79549d885e647f05d2bd9548fc20c11,10.00000000000001,24,9.782800798500258e-11,2.3522866696608137e-14,5.106046787197646e-05,4.225183997869051e-05,-57.32598798430061,1.2478732498502132e-34,-1.2478732498502133e-37,-57.32598798430061,1.2478732498502133e-37,10.000000000000004,7.809226220688955e-14,"{""PspCorrection"":0.09187494522099392,""Ewald"":-14.186487397403095,""Kinetic"":29.075983084899086,""AtomicNonlocalFR"":-14.214054883846764,""AtomicLocal"":-79.43301419131598,""Hartree"":28.5167654312878,""Xc"":-7.177054973142661}","[1.9893316839461915e-15,3.0733115088354756e-15,3.89744952382766e-15]",-0.0790815546442501,0.0,"[10.0,10.0,10.0]","[3.333333333333333,3.333333333333333,3.333333333333333]",2.2025076178636428e-141,1.0,true,"Midpoint of the global spectral gap; Float64 counts equal at its 1/4,1/2,3/4 points","[[2.2025076178671482e-141,2.2025076178636428e-141],[1.4334035043890254e-109,1.4333932292952842e-109],[1.4334035043874365e-109,1.433393229295936e-109]]",0,-16.908750115804132,-9.371194988116045,-4.263256414560601e-14,-7.105427357601002e-15,NO_RESOLVABLE_PARTIAL_OCCUPATIONS,0,PASS,3.794043264167315e-39,[24],3,49,1087,17
107,iteration,CONTINUE,0.1,false,false,linear_mixing,2.826623829743971e-05,2.8266238297370166e-06,2.8266238297370166e-06,,d8e37e94e9d40999addb490c85d8d535f79549d885e647f05d2bd9548fc20c11,10.00000000000001,da4f67dc87b4fa9662fb2793b4feb85377785cfc70097bfbd354cc5fccc59c57,10.00000000000001,8d4c0b2ccd9e6db0b4aded146ec48420bfb2d3ccbd2cc9f0601f315592134028,10.000000000000009,24,9.637065454550231e-11,2.351451614966712e-14,4.7071781934793306e-05,3.895506350368171e-05,-57.325987984431215,1.247454467691117e-34,-1.247454467691117e-37,-57.325987984431215,1.247454467691117e-37,10.000000000000012,7.304446301374781e-14,"{""PspCorrection"":0.09187494522099392,""Ewald"":-14.186487397403095,""Kinetic"":29.075983056102064,""AtomicNonlocalFR"":-14.214054788138652,""AtomicLocal"":-79.4330150235904,""Hartree"":28.516766327877825,""Xc"":-7.1770551044999396}","[-1.4420792791535673e-15,-3.372057873699391e-15,2.658962417582153e-16]",-0.07908104034932907,0.0,"[10.0,10.0,10.0]","[3.333333333333333,3.333333333333333,3.333333333333333]",2.2040626181062132e-141,1.0,true,"Midpoint of the global spectral gap; Float64 counts equal at its 1/4,1/2,3/4 points","[[2.204062618109095e-141,2.2040626181062132e-141],[1.4327856007713018e-109,1.43277533036181e-109],[1.4327856007702835e-109,1.4327753303606698e-109]]",0,-16.90874925196098,-9.37119515208978,1.4921397450962104e-13,1.4210854715202004e-14,NO_RESOLVABLE_PARTIAL_OCCUPATIONS,0,PASS,3.4934855741823704e-39,[24],3,49,1087,17
108,iteration,CONTINUE,0.1,false,false,linear_mixing,2.5524594231311392e-05,2.552459423129098e-06,2.552459423129098e-06,,8d4c0b2ccd9e6db0b4aded146ec48420bfb2d3ccbd2cc9f0601f315592134028,10.000000000000009,86727f71f105b229bf2da2219286d9ce06403170b5f80b4ba7799e636257f01b,10.000000000000014,2105b06e86612a83e382703d68f5d1c4a35cfc117f472e09364f37ced254e1d5,10.00000000000001,24,9.994780482105167e-11,2.2986430600055978e-14,4.339346032831184e-05,3.59144827713772e-05,-57.32598798454159,1.2470688615447972e-34,-1.2470688615447973e-37,-57.32598798454159,1.2470688615447973e-37,10.000000000000016,7.637942169582969e-14,"{""PspCorrection"":0.09187494522099392,""Ewald"":-14.186487397403095,""Kinetic"":29.07598304869479,""AtomicNonlocalFR"":-14.214054708426929,""AtomicLocal"":-79.43301582191643,""Hartree"":28.51676717748067,""Xc"":-7.177055228191601}","[1.800257431588124e-15,2.551461884140467e-15,-4.231739546791042e-15]",-0.07908056262963632,0.0,"[10.0,10.0,10.0]","[3.333333333333333,3.333333333333333,3.333333333333333]",2.205492898803181e-141,1.0,true,"Midpoint of the global spectral gap; Float64 counts equal at its 1/4,1/2,3/4 points","[[2.205492898804811e-141,2.205492898803181e-141],[1.432217081154642e-109,1.4322068150630668e-109],[1.4322170811541533e-109,1.4322068150628226e-109]]",0,-16.908748433341387,-9.371195306654268,1.0658141036401503e-13,0.0,NO_RESOLVABLE_PARTIAL_OCCUPATIONS,0,PASS,3.216607700913405e-39,[24],3,47,1064,16
109,iteration,CONTINUE,0.1,false,false,linear_mixing,2.3050877029842275e-05,2.30508770297303e-06,2.30508770297303e-06,,2105b06e86612a83e382703d68f5d1c4a35cfc117f472e09364f37ced254e1d5,10.00000000000001,7b4f2e21cec5d81298111e5d8008ee33f10d72b733878d6201803a4916efa64f,10.000000000000004,a10c7fdab821b74ddb55a199cf2177728ec33e1f52dd1c76d5488d453a6d08aa,10.000000000000009,24,9.815148489187073e-11,2.2981708372333034e-14,4.0001483179147116e-05,3.3110316120043885e-05,-57.32598798463495,1.2467138174250716e-34,-1.2467138174250716e-37,-57.32598798463495,1.2467138174250716e-37,10.000000000000004,5.3018329610925265e-14,"{""PspCorrection"":0.09187494522099392,""Ewald"":-14.186487397403095,""Kinetic"":29.075983058279164,""AtomicNonlocalFR"":-14.214054642334776,""AtomicLocal"":-79.43301658431639,""Hartree"":28.516767980337047,""Xc"":-7.177055344417897}","[3.979321406199691e-15,-3.0218553154605755e-15,2.4609576664913826e-15]",-0.07908011896758282,0.0,"[10.0,10.0,10.0]","[3.333333333333333,3.333333333333333,3.333333333333333]",2.206808430864761e-141,1.0,true,"Midpoint of the global spectral gap; Float64 counts equal at its 1/4,1/2,3/4 points","[[2.2068084308682735e-141,2.206808430864761e-141],[1.4316940235875897e-109,1.431683761474814e-109],[1.4316940235872642e-109,1.4316837614748952e-109]]",0,-16.90874765972116,-9.371195452023382,1.2789769243681803e-13,0.0,NO_RESOLVABLE_PARTIAL_OCCUPATIONS,0,PASS,2.961561315360394e-39,[24],3,47,1065,16
110,iteration,CONTINUE,0.1,false,false,linear_mixing,2.081877966768882e-05,2.081877966749168e-06,2.081877966749168e-06,,a10c7fdab821b74ddb55a199cf2177728ec33e1f52dd1c76d5488d453a6d08aa,10.000000000000009,6df92704a1a76f5145e9aff6a7e202ecc619ad685710557db9bc3a360fa1c703,9.999999999999996,d101f3da627f8549a9e09d96858fb97a45ac9def2e619e4661ee63abe7633256,10.00000000000001,24,9.989015702238884e-11,2.2496232131236316e-14,3.687366552302775e-05,3.052428129908984e-05,-57.325987984713855,1.2463869254086076e-34,-1.2463869254086077e-37,-57.325987984713855,1.2463869254086077e-37,9.999999999999995,5.507022026803824e-14,"{""PspCorrection"":0.09187494522099392,""Ewald"":-14.186487397403095,""Kinetic"":29.075983081193478,""AtomicNonlocalFR"":-14.21405458782443,""AtomicLocal"":-79.43301730965221,""Hartree"":28.516768737174672,""Xc"":-7.177055453423266}","[-2.459253492863379e-15,-1.4325351501319223e-15,2.5398081753095223e-16]",-0.07907970701292504,0.0,"[10.0,10.0,10.0]","[3.333333333333333,3.333333333333333,3.333333333333333]",2.2080183942268453e-141,1.0,true,"Midpoint of the global spectral gap; Float64 counts equal at its 1/4,1/2,3/4 points","[[2.2080183942307362e-141,2.2080183942268453e-141],[1.4312128141422042e-109,1.4312025556937073e-109],[1.431212814142611e-109,1.4312025556964329e-109]]",0,-16.90874693040618,-9.371195588472382,2.1316282072803006e-14,-7.105427357601002e-15,NO_RESOLVABLE_PARTIAL_OCCUPATIONS,0,PASS,2.726639967076838e-39,[24],3,46,1056,16
111,iteration,CONTINUE,0.1,false,false,linear_mixing,1.880458305654695e-05,1.8804583056749911e-06,1.8804583056749911e-06,,d101f3da627f8549a9e09d96858fb97a45ac9def2e619e4661ee63abe7633256,10.00000000000001,41b5fa2fc209635736a2a186d1253d50f175e340b348b8ad6ffde0dd3a434cc4,10.000000000000005,e92e04d7cae47695ecec0341ecedaf9ea72b764c566dea952771faa57b558fd0,10.000000000000009,24,9.891590170653046e-11,2.193701023090824e-14,3.398953536153948e-05,2.8139503726933635e-05,-57.32598798478078,1.2460859639665757e-34,-1.2460859639665758e-37,-57.32598798478078,1.2460859639665758e-37,10.000000000000005,7.203043373108136e-14,"{""PspCorrection"":0.09187494522099392,""Ewald"":-14.186487397403095,""Kinetic"":29.07598311441778,""AtomicNonlocalFR"":-14.214054543162437,""AtomicLocal"":-79.4330179974659,""Hartree"":28.516769449097254,""Xc"":-7.177055555485381}","[3.764778690433492e-15,-3.342690462834333e-16,6.091806958302541e-16]",-0.07907932457182812,0.0,"[10.0,10.0,10.0]","[3.333333333333333,3.333333333333333,3.333333333333333]",2.2091312395227684e-141,1.0,true,"Midpoint of the global spectral gap; Float64 counts equal at its 1/4,1/2,3/4 points","[[2.2091312395246522e-141,2.2091312395227684e-141],[1.430770123203998e-109,1.4307598681379014e-109],[1.430770123203266e-109,1.4307598681382266e-109]]",0,-16.908746244339348,-9.371195716323461,1.5631940186722204e-13,0.0,NO_RESOLVABLE_PARTIAL_OCCUPATIONS,0,PASS,2.5102686377941813e-39,[24],3,49,1066,17
112,iteration,CONTINUE,0.1,false,false,linear_mixing,1.698690378515199e-05,1.6986903785116024e-06,1.6986903785116024e-06,,e92e04d7cae47695ecec0341ecedaf9ea72b764c566dea952771faa57b558fd0,10.000000000000009,36b2ef1a548d0c855b639eb02f51cba44d72d811010a2d0d5c3b0f276f214e06,10.0,1059584ceaac9cdd68f0d0800a22c3a0a0df145ad9268d9213458445f52b0e3b,10.000000000000009,24,9.905644011188457e-11,2.0899519294159623e-14,3.133019795532307e-05,2.5940404615839788e-05,-57.32598798483724,1.2458088854558122e-34,-1.2458088854558122e-37,-57.32598798483724,1.2458088854558122e-37,10.000000000000002,5.505136207686832e-14,"{""PspCorrection"":0.09187494522099392,""Ewald"":-14.186487397403095,""Kinetic"":29.07598315538911,""AtomicNonlocalFR"":-14.214054506825848,""AtomicLocal"":-79.43301864778246,""Hartree"":28.51677011746182,""Xc"":-7.177055650897757}","[1.3249624745467029e-15,5.494243230008373e-17,2.7809764548429507e-16]",-0.07907896959669755,0.0,"[10.0,10.0,10.0]","[3.333333333333333,3.333333333333333,3.333333333333333]",2.2101547451251713e-141,1.0,true,"Midpoint of the global spectral gap; Float64 counts equal at its 1/4,1/2,3/4 points","[[2.210154745126302e-141,2.2101547451251713e-141],[1.4303628835345394e-109,1.4303526315830836e-109],[1.4303628835362873e-109,1.4303526315824738e-109]]",0,-16.90874560021825,-9.371195835922714,2.842170943040401e-14,0.0,NO_RESOLVABLE_PARTIAL_OCCUPATIONS,0,PASS,2.3109938044521292e-39,[24],3,49,1064,17
113,iteration,CONTINUE,0.1,false,false,linear_mixing,1.5346460159872454e-05,1.5346460159930378e-06,1.5346460159930378e-06,,1059584ceaac9cdd68f0d0800a22c3a0a0df145ad9268d9213458445f52b0e3b,10.000000000000009,3ce0cf8cafe5ec33d1e28446d9ffe90d2aa402f94e0a82e0c477fe0149d48e6b,10.000000000000004,9f500ec9ea1cd28758a8202356cc73561735405d88c06bbb867773e6fd41b8b3,10.000000000000007,24,9.892832175024468e-11,2.025787396582323e-14,2.887820994057287e-05,2.391259563385093e-05,-57.32598798488505,1.2455538026952742e-34,-1.2455538026952742e-37,-57.32598798488505,1.2455538026952742e-37,10.000000000000004,6.22327380452112e-14,"{""PspCorrection"":0.09187494522099392,""Ewald"":-14.186487397403095,""Kinetic"":29.075983202063977,""AtomicNonlocalFR"":-14.214054477551548,""AtomicLocal"":-79.43301926110388,""Hartree"":28.516770743862715,""Xc"":-7.177055739974213}","[1.9253920321116062e-15,3.3132694225414404e-15,-1.846221916834798e-15]",-0.07907864017672371,0.0,"[10.0,10.0,10.0]","[3.333333333333333,3.333333333333333,3.333333333333333]",2.211096069830884e-141,1.0,true,"Midpoint of the global spectral gap; Float64 counts equal at its 1/4,1/2,3/4 points","[[2.211096069832895e-141,2.211096069830884e-141],[1.4299882699182075e-109,1.4299780208354123e-109],[1.429988269918045e-109,1.4299780208344775e-109]]",0,-16.908744996511658,-9.371195947645688,4.973799150320701e-14,7.105427357601002e-15,NO_RESOLVABLE_PARTIAL_OCCUPATIONS,0,PASS,2.127474323841514e-39,[24],3,47,1034,17
114,iteration,CONTINUE,0.1,false,false,linear_mixing,1.386586993557977e-05,1.3865869935340773e-06,1.3865869935340773e-06,,9f500ec9ea1cd28758a8202356cc73561735405d88c06bbb867773e6fd41b8b3,10.000000000000007,e0a92ce9f16f89fed2b58ee07bc5b28798142de6b3514f237d1c5b460d4af4dc,10.00000000000001,a02c56874c469478ea57736499c2135349be5f354ac70cda7a6dffd3654e7144,10.000000000000007,24,9.889974011111778e-11,2.1588621761414517e-14,2.661747631154147e-05,2.20427985615709e-05,-57.32598798492556,1.2453189765636389e-34,-1.2453189765636389e-37,-57.32598798492556,1.2453189765636389e-37,10.000000000000012,6.837209776202914e-14,"{""PspCorrection"":0.09187494522099392,""Ewald"":-14.186487397403095,""Kinetic"":29.07598325272182,""AtomicNonlocalFR"":-14.214054454233597,""AtomicLocal"":-79.43301983821952,""Hartree"":28.516771330019516,""Xc"":-7.17705582303168}","[2.366943492374206e-15,8.376224174141597e-17,-1.4825790258755022e-15]",-0.07907833452902409,0.0,"[10.0,10.0,10.0]","[3.333333333333333,3.333333333333333,3.333333333333333]",2.2119618016255874e-141,1.0,true,"Midpoint of the global spectral gap; Float64 counts equal at its 1/4,1/2,3/4 points","[[2.2119618016275994e-141,2.2119618016255874e-141],[1.4296436803953482e-109,1.429633433953294e-109],[1.4296436803934384e-109,1.4296334339524814e-109]]",0,-16.908744431566802,-9.371196051874655,1.1368683772161603e-13,-7.105427357601002e-15,NO_RESOLVABLE_PARTIAL_OCCUPATIONS,0,PASS,1.9584729576308953e-39,[24],3,47,1029,17
115,iteration,CONTINUE,0.1,false,false,linear_mixing,1.2529459662932329e-05,1.2529459663167444e-06,1.2529459663167444e-06,,a02c56874c469478ea57736499c2135349be5f354ac70cda7a6dffd3654e7144,10.000000000000007,2b001da47899b41d82a31c91dc7e8427ada8a41e6df0d4e6801006e45db3a853,10.00000000000001,ceeefb5d6cb94c8996ad5deef5dd6dcbf5c233791d50457d5544c19f9e1022ff,10.000000000000009,24,9.889941283599218e-11,2.097565845719545e-14,2.453314413227359e-05,2.0318757173091584e-05,-57.32598798495973,1.245102804522628e-34,-1.245102804522628e-37,-57.32598798495973,1.245102804522628e-37,10.000000000000012,5.528465381530205e-14,"{""PspCorrection"":0.09187494522099392,""Ewald"":-14.186487397403095,""Kinetic"":29.075983305980643,""AtomicNonlocalFR"":-14.21405443593835,""AtomicLocal"":-79.43302038018341,""Hartree"":28.5167718777544,""Xc"":-7.177055900390912}","[1.4472418213035807e-15,-1.6139880957476646e-15,-1.3136340693808957e-15]",-0.07907805099038756,0.0,"[10.0,10.0,10.0]","[3.333333333333333,3.333333333333333,3.333333333333333]",2.2127580026988577e-141,1.0,true,"Midpoint of the global spectral gap; Float64 counts equal at its 1/4,1/2,3/4 points","[[2.2127580027011218e-141,2.2127580026988577e-141],[1.4293267188699123e-109,1.4293164748633167e-109],[1.4293267188691406e-109,1.429316474862951e-109]]",0,-16.908743903631734,-9.371196148999452,3.552713678800501e-14,0.0,NO_RESOLVABLE_PARTIAL_OCCUPATIONS,0,PASS,1.802848516225224e-39,[24],3,46,1018,16
116,iteration,CONTINUE,0.1,false,false,linear_mixing,1.1323096365609612e-05,1.1323096365620726e-06,1.1323096365620726e-06,,ceeefb5d6cb94c8996ad5deef5dd6dcbf5c233791d50457d5544c19f9e1022ff,10.000000000000009,5cc35577f4dd57338519de92254ce27740ada613f2b433c3d9ed09925a4d1c84,10.000000000000009,62c18167d7abd9502d6adcd27ee2b4d56a744c3b988541f6576e33577ca591fd,10.00000000000001,24,9.693809212681271e-11,1.962584593268615e-14,2.26114961011391e-05,1.8729146338371935e-05,-57.32598798498867,1.2449038100076527e-34,-1.2449038100076527e-37,-57.32598798498867,1.2449038100076527e-37,10.000000000000007,1.743863053528082e-13,"{""PspCorrection"":0.09187494522099392,""Ewald"":-14.186487397403095,""Kinetic"":29.075983360742867,""AtomicNonlocalFR"":-14.214054421865058,""AtomicLocal"":-79.43302088831561,""Hartree"":28.5167723890071,""Xc"":-7.177055972375868}","[3.4806881453994883e-15,6.773648115655571e-15,-3.355636852303448e-15]",-0.07907778800955399,0.0,"[10.0,10.0,10.0]","[3.333333333333333,3.333333333333333,3.333333333333333]",2.2134902509240365e-141,1.0,true,"Midpoint of the global spectral gap; Float64 counts equal at its 1/4,1/2,3/4 points","[[2.2134902509275597e-141,2.2134902509240365e-141],[1.4290351790553864e-109,1.429024937292315e-109],[1.4290351790560364e-109,1.42902493729264e-109]]",0,-16.908743410840046,-9.371196239416449,0.0,0.0,NO_RESOLVABLE_PARTIAL_OCCUPATIONS,0,PASS,1.6595477203732e-39,[24],3,48,1018,16
117,iteration,CONTINUE,0.1,false,false,linear_mixing,1.0234044022175447e-05,1.0234044022228204e-06,1.0234044022228204e-06,,62c18167d7abd9502d6adcd27ee2b4d56a744c3b988541f6576e33577ca591fd,10.00000000000001,39560f60e92b8cc97389152758f5d2a8b3049599148e996105210ca4c8ed69be,10.000000000000012,eb9b4c5a15abec51b36abf6ccd41f31be43729967e6c6ed264360b8499959e6c,10.00000000000001,24,9.709341949011254e-11,2.16233184498673e-14,2.08399076235388e-05,1.7263552011827687e-05,-57.325987985013185,1.2447206327317863e-34,-1.2447206327317864e-37,-57.325987985013185,1.2447206327317864e-37,10.000000000000018,1.339004791295126e-13,"{""PspCorrection"":0.09187494522099392,""Ewald"":-14.186487397403095,""Kinetic"":29.07598341603464,""AtomicNonlocalFR"":-14.214054411325447,""AtomicLocal"":-79.43302136378288,""Hartree"":28.5167728655287,""Xc"":-7.177056039286094}","[3.2089439488823503e-15,2.302633067583392e-15,-3.586656194821112e-15]",-0.07907754413989515,0.0,"[10.0,10.0,10.0]","[3.333333333333333,3.333333333333333,3.333333333333333]",2.2141636782071646e-141,1.0,true,"Midpoint of the global spectral gap; Float64 counts equal at its 1/4,1/2,3/4 points","[[2.2141636782101853e-141,2.2141636782071646e-141],[1.428767029833351e-109,1.4287567901382275e-109],[1.4287670298322952e-109,1.4287567901363595e-109]]",0,-16.90874295150829,-9.371196323492013,1.4210854715202004e-14,0.0,NO_RESOLVABLE_PARTIAL_OCCUPATIONS,0,PASS,1.5276017499770464e-39,[24],3,47,1008,16
118,iteration,CONTINUE,0.1,false,false,linear_mixing,9.250812628057765e-06,9.250812627759969e-07,9.250812627759969e-07,,eb9b4c5a15abec51b36abf6ccd41f31be43729967e6c6ed264360b8499959e6c,10.00000000000001,3b5bf663fcfa60987565bed5fbffd3096b5fcd4712e85b536528c74163cc5000,10.000000000000005,1494bfd56d2ee3e01bcde622afee4990d04d786c85222abba8cf7e5f57fcb26d,10.000000000000009,24,9.671748833583931e-11,2.043407347713815e-14,1.920669390591509e-05,1.5912321542519552e-05,-57.325987985033876,1.2445520193500567e-34,-1.2445520193500567e-37,-57.325987985033876,1.2445520193500567e-37,10.000000000000007,1.4956802035754275e-13,"{""PspCorrection"":0.09187494522099392,""Ewald"":-14.186487397403095,""Kinetic"":29.075983471164967,""AtomicNonlocalFR"":-14.214054403736334,""AtomicLocal"":-79.43302180812779,""Hartree"":28.516773309280254,""Xc"":-7.177056101432873}","[-7.304072381227474e-16,3.003481779103249e-15,5.87578920455546e-16]",-0.07907731803293232,0.0,"[10.0,10.0,10.0]","[3.333333333333333,3.333333333333333,3.333333333333333]",2.2147830059435535e-141,1.0,true,"Midpoint of the global spectral gap; Float64 counts equal at its 1/4,1/2,3/4 points","[[2.21478300594519e-141,2.2147830059435535e-141],[1.4285204009101818e-109,1.428510163118125e-109],[1.4285204009093699e-109,1.4285101631188555e-109]]",0,-16.9087425237487,-9.37119640161005,0.0,-7.105427357601002e-15,NO_RESOLVABLE_PARTIAL_OCCUPATIONS,0,PASS,1.4061149648657357e-39,[24],3,47,1009,16
119,iteration,CONTINUE,0.1,false,false,linear_mixing,8.363044293646966e-06,8.363044293478611e-07,8.363044293478611e-07,,1494bfd56d2ee3e01bcde622afee4990d04d786c85222abba8cf7e5f57fcb26d,10.000000000000009,acdc0ef3261bca60a2adfdd10610a791f2f0aad52608fa2db7c0d5a161e4a315,10.00000000000001,1f020b493c343fe7ae20c07e997d44401a3c0993d7b884c675eaaf1b9f7f5ca6,10.00000000000001,24,9.741841228752154e-11,2.231274930593763e-14,1.7701092498059934e-05,1.4666569429105456e-05,-57.32598798505141,1.2443968153862854e-34,-1.2443968153862855e-37,-57.32598798505141,1.2443968153862855e-37,10.000000000000009,1.2944010759165728e-13,"{""PspCorrection"":0.09187494522099392,""Ewald"":-14.186487397403095,""Kinetic"":29.075983525564826,""AtomicNonlocalFR"":-14.21405439859949,""AtomicLocal"":-79.43302222285138,""Hartree"":28.516773722128168,""Xc"":-7.17705615911142}","[2.678162947609214e-15,9.182362732593977e-16,-2.7398829690442636e-15]",-0.07907710843167495,0.0,"[10.0,10.0,10.0]","[3.333333333333333,3.333333333333333,3.333333333333333]",2.2153525775102947e-141,1.0,true,"Midpoint of the global spectral gap; Float64 counts equal at its 1/4,1/2,3/4 points","[[2.215352577512058e-141,2.2153525775102947e-141],[1.4282935708091135e-109,1.4282833347689303e-109],[1.4282935708086263e-109,1.428283334769864e-109]]",0,-16.908742125764917,-9.371196474135175,-1.4210854715202004e-14,7.105427357601002e-15,NO_RESOLVABLE_PARTIAL_OCCUPATIONS,0,PASS,1.2942622910096774e-39,[24],3,45,989,16
120,iteration,CONTINUE,0.1,false,false,linear_mixing,7.561399929319937e-06,7.561399929395517e-07,7.561399929395517e-07,,1f020b493c343fe7ae20c07e997d44401a3c0993d7b884c675eaaf1b9f7f5ca6,10.00000000000001,969f99ac44aa903db30f0d920e4c43886f8af9d396ea96c21d67e16aabe014c2,10.000000000000004,bfca3e1ffcf62c118d39bc39b66ce093f543a847478d8a74c910b3db06adac19,10.00000000000001,24,9.880360638172813e-11,2.2406178141400963e-14,1.6313174611650132e-05,1.351809781575073e-05,-57.32598798506625,1.2442539574393194e-34,-1.2442539574393194e-37,-57.32598798506625,1.2442539574393194e-37,10.000000000000005,1.3364888879547824e-13,"{""PspCorrection"":0.09187494522099392,""Ewald"":-14.186487397403095,""Kinetic"":29.07598357878788,""AtomicNonlocalFR"":-14.214054395489628,""AtomicLocal"":-79.43302260946658,""Hartree"":28.516774105889336,""Xc"":-7.177056212605163}","[8.230187475995569e-16,-4.738423937645777e-16,-3.54668682762255e-16]",-0.07907691416479992,0.0,"[10.0,10.0,10.0]","[3.333333333333333,3.333333333333333,3.333333333333333]",2.2158763883808676e-141,1.0,true,"Midpoint of the global spectral gap; Float64 counts equal at its 1/4,1/2,3/4 points","[[2.2158763883843943e-141,2.2158763883808676e-141],[1.4280849550098647e-109,1.428074720587004e-109],[1.4280849550091747e-109,1.428074720584366e-109]]",0,-16.908741755807913,-9.37119654141825,-1.4210854715202004e-14,0.0,NO_RESOLVABLE_PARTIAL_OCCUPATIONS,0,PASS,1.1912834212849774e-39,[24],3,45,990,16
121,iteration,CONTINUE,0.1,false,false,linear_mixing,6.837458296413678e-06,6.837458296426815e-07,6.837458296426815e-07,,bfca3e1ffcf62c118d39bc39b66ce093f543a847478d8a74c910b3db06adac19,10.00000000000001,ecb6266a0275dba3d92ad976172f8dfb5def753dc93d07722222dd84e24d6560,10.00000000000001,0c3d200797dddde0c7cc62045075efbd6f6f514f2b7e25f51063ffea8605c6dd,10.00000000000001,24,9.944298013608208e-11,1.8547585354335224e-14,1.5033762328381607e-05,1.2459320909951767e-05,-57.32598798507876,1.2441224660341656e-34,-1.2441224660341658e-37,-57.32598798507876,1.2441224660341658e-37,10.000000000000012,1.0329535188130616e-13,"{""PspCorrection"":0.09187494522099392,""Ewald"":-14.186487397403095,""Kinetic"":29.07598363049777,""AtomicNonlocalFR"":-14.214054394046684,""AtomicLocal"":-79.43302296949484,""Hartree"":28.516774462333153,""Xc"":-7.177056262186054}","[-7.339322757477676e-16,-3.2572263799074455e-15,1.219981871567724e-15]",-0.07907673414107214,0.0,"[10.0,10.0,10.0]","[3.333333333333333,3.333333333333333,3.333333333333333]",2.2163581138171068e-141,1.0,true,"Midpoint of the global spectral gap; Float64 counts equal at its 1/4,1/2,3/4 points","[[2.2163581138188705e-141,2.2163581138171068e-141],[1.4278930950967542e-109,1.4278828621604674e-109],[1.4278930950978904e-109,1.427882862159818e-109]]",0,-16.90874141217429,-9.371196603796761,-7.815970093361102e-14,0.0,NO_RESOLVABLE_PARTIAL_OCCUPATIONS,0,PASS,1.0964774478207097e-39,[24],3,45,985,16
122,iteration,CONTINUE,0.1,false,false,linear_mixing,6.183625777419163e-06,6.183625777591455e-07,6.183625777591455e-07,,0c3d200797dddde0c7cc62045075efbd6f6f514f2b7e25f51063ffea8605c6dd,10.00000000000001,13a4408682c7ab8cf6f1f788b8c496754c439470c7956ad417610047f903c1fd,10.000000000000007,91d2f3807f23b6805f123d4e75fa43c52eb615b05352a9495490cc186c2e73d9,10.00000000000001,24,9.654186796360297e-11,1.9506006812536748e-14,1.3854412003776214e-05,1.1483267871653795e-05,-57.32598798508943,1.2440014390630815e-34,-1.2440014390630816e-37,-57.32598798508943,1.2440014390630816e-37,10.000000000000009,9.027180052914807e-14,"{""PspCorrection"":0.09187494522099392,""Ewald"":-14.186487397403095,""Kinetic"":29.075983680443404,""AtomicNonlocalFR"":-14.214054393963206,""AtomicLocal"":-79.43302330444072,""Hartree"":28.516774793166626,""Xc"":-7.177056308113414}","[-1.7958212735435307e-15,-2.45541852410452e-15,4.3881295691832085e-15]",-0.07907656734411925,0.0,"[10.0,10.0,10.0]","[3.333333333333333,3.333333333333333,3.333333333333333]",2.2168011343841034e-141,1.0,true,"Midpoint of the global spectral gap; Float64 counts equal at its 1/4,1/2,3/4 points","[[2.2168011343857416e-141,2.2168011343841034e-141],[1.4277166488436467e-109,1.42770641727756e-109],[1.427716648843322e-109,1.427706417278818e-109]]",0,-16.90874109322028,-9.371196661593007,1.4210854715202004e-14,1.4210854715202004e-14,NO_RESOLVABLE_PARTIAL_OCCUPATIONS,0,PASS,1.0091984463161533e-39,[24],3,45,980,16
123,iteration,CONTINUE,0.1,false,false,linear_mixing,5.5930550085104205e-06,5.593055008485655e-07,5.593055008485655e-07,,91d2f3807f23b6805f123d4e75fa43c52eb615b05352a9495490cc186c2e73d9,10.00000000000001,05bd143df3a830940c524e0e76c19a960dfa6653fa77808c95dc1b4701adbb69,10.000000000000007,2b5117cb0c16d507190d9b5ee76343a2f5700d989df88cf2139627e167dea5c7,10.000000000000009,24,9.51952087328513e-11,2.3824092385775798e-14,1.2767324993566416e-05,1.0583496120365828e-05,-57.32598798509839,1.2438900457148103e-34,-1.2438900457148103e-37,-57.32598798509839,1.2438900457148103e-37,10.000000000000012,7.799665077846276e-14,"{""PspCorrection"":0.09187494522099392,""Ewald"":-14.186487397403095,""Kinetic"":29.075983728445024,""AtomicNonlocalFR"":-14.214054394979295,""AtomicLocal"":-79.43302361577418,""Hartree"":28.516775100025548,""Xc"":-7.177056350633394}","[1.5917707813647508e-15,1.1749841106485794e-15,2.416925505761315e-15]",-0.07907641282752514,0.0,"[10.0,10.0,10.0]","[3.333333333333333,3.333333333333333,3.333333333333333]",2.217208559510614e-141,1.0,true,"Midpoint of the global spectral gap; Float64 counts equal at its 1/4,1/2,3/4 points","[[2.2172085595126303e-141,2.217208559510614e-141],[1.4275543810510903e-109,1.4275441507469974e-109],[1.4275543810514148e-109,1.4275441507470785e-109]]",0,-16.90874079737078,-9.37119671511343,0.0,7.105427357601002e-15,NO_RESOLVABLE_PARTIAL_OCCUPATIONS,0,PASS,9.288511602066719e-40,[24],3,44,968,16
124,iteration,CONTINUE,0.1,false,false,linear_mixing,5.059571167417563e-06,5.059571167426947e-07,5.059571167426947e-07,,2b5117cb0c16d507190d9b5ee76343a2f5700d989df88cf2139627e167dea5c7,10.000000000000009,6cdcc5f1c190c1bf1ac67c9913e98022b03ffa6922edac6b1b07543fdf15da7b,10.000000000000005,296b2d8bf39e892142f8453b7e5265db386c8fb60083fc1d37fd03dcc50b7cb6,10.00000000000001,24,8.758458947245989e-11,2.0736937663930563e-14,1.1765308933672569e-05,9.754063978710588e-06,-57.325987985105975,1.2437875208882752e-34,-1.2437875208882752e-37,-57.325987985105975,1.2437875208882752e-37,10.000000000000009,1.0099048705480568e-13,"{""PspCorrection"":0.09187494522099392,""Ewald"":-14.186487397403095,""Kinetic"":29.075983774381214,""AtomicNonlocalFR"":-14.214054396874863,""AtomicLocal"":-79.43302390492393,""Hartree"":28.51677538447283,""Xc"":-7.17705638997912}","[3.8844362034528706e-15,5.0482847902904925e-15,-1.183094327868628e-15]",-0.07907626971024143,0.0,"[10.0,10.0,10.0]","[3.333333333333333,3.333333333333333,3.333333333333333]",2.21758324911482e-141,1.0,true,"Midpoint of the global spectral gap; Float64 counts equal at its 1/4,1/2,3/4 points","[[2.2175832491162066e-141,2.21758324911482e-141],[1.4274051550643443e-109,1.4273949259208916e-109],[1.4274051550630055e-109,1.4273949259200398e-109]]",0,-16.90874052312057,-9.37119676464862,-2.1316282072803006e-14,7.105427357601002e-15,NO_RESOLVABLE_PARTIAL_OCCUPATIONS,0,PASS,8.548871581515015e-40,[24],3,43,962,15
125,iteration,CONTINUE,0.1,false,false,linear_mixing,4.577605534954403e-06,4.5776055349475744e-07,4.5776055349475744e-07,,296b2d8bf39e892142f8453b7e5265db386c8fb60083fc1d37fd03dcc50b7cb6,10.00000000000001,bdc8608b1b28d3c6d02a41fcf9f6d8510cb236638ba4a696b450ca46407bf045,10.000000000000009,c902afe317dc7b097f3e3223a90e1aa4d392c600581dd4d1ebd1e9e419e7cc18,10.000000000000009,24,9.265567620596008e-11,2.088067297240506e-14,1.0841722484961787e-05,8.989481794682266e-06,-57.32598798511244,1.2436931600131347e-34,-1.2436931600131347e-37,-57.32598798511244,1.2436931600131347e-37,10.00000000000001,9.00716399967448e-14,"{""PspCorrection"":0.09187494522099392,""Ewald"":-14.186487397403095,""Kinetic"":29.07598381818172,""AtomicNonlocalFR"":-14.214054399464317,""AtomicLocal"":-79.43302417327871,""Hartree"":28.5167756480024,""Xc"":-7.177056426371436}","[4.956696997265032e-16,-1.1915199066632368e-15,1.6865565239147177e-15]",-0.07907613717227575,0.0,"[10.0,10.0,10.0]","[3.333333333333333,3.333333333333333,3.333333333333333]",2.217927833570351e-141,1.0,true,"Midpoint of the global spectral gap; Float64 counts equal at its 1/4,1/2,3/4 points","[[2.2179278335743855e-141,2.217927833570351e-141],[1.4272679249606018e-109,1.4272576968875865e-109],[1.427267924962062e-109,1.4272576968891685e-109]]",0,-16.908740269030776,-9.371196810474277,-7.105427357601002e-15,0.0,NO_RESOLVABLE_PARTIAL_OCCUPATIONS,0,PASS,7.868010411096751e-40,[24],3,43,957,15
126,iteration,CONTINUE,0.1,false,false,linear_mixing,4.142136200938144e-06,4.1421362008227306e-07,4.1421362008227306e-07,,c902afe317dc7b097f3e3223a90e1aa4d392c600581dd4d1ebd1e9e419e7cc18,10.000000000000009,0aff10c5ae08416ed9147ac36197e34da90a6fecd8f2793c0cc59ccee6cd06f2,10.000000000000002,c254a5432c27d1209cf19605ce60bea2181a71ece04ac33d57c0c66cc3645348,10.00000000000001,24,9.917479326150262e-11,1.905785644111259e-14,9.990455358653483e-06,8.284704412972206e-06,-57.32598798511786,1.2436063143045304e-34,-1.2436063143045304e-37,-57.32598798511786,1.2436063143045304e-37,10.000000000000004,7.633258210389531e-14,"{""PspCorrection"":0.09187494522099392,""Ewald"":-14.186487397403095,""Kinetic"":29.075983859810925,""AtomicNonlocalFR"":-14.214054402590957,""AtomicLocal"":-79.43302442216327,""Hartree"":28.516775892025244,""Xc"":-7.177056460017706}","[-1.5361152565109198e-15,-1.4083743792425133e-15,1.1119276784315058e-16]",-0.07907601445064409,0.0,"[10.0,10.0,10.0]","[3.333333333333333,3.333333333333333,3.333333333333333]",2.2182447320665212e-141,1.0,true,"Midpoint of the global spectral gap; Float64 counts equal at its 1/4,1/2,3/4 points","[[2.2182447320705563e-141,2.2182447320665212e-141],[1.4271417283994552e-109,1.4271315013129256e-109],[1.4271417284012804e-109,1.4271315013143452e-109]]",0,-16.90874003374224,-9.371196852849462,2.842170943040401e-14,0.0,NO_RESOLVABLE_PARTIAL_OCCUPATIONS,0,PASS,7.241272386190764e-40,[24],3,43,951,15
127,iteration,CONTINUE,0.1,false,false,linear_mixing,3.748634128584181e-06,3.7486341286070956e-07,3.7486341286070956e-07,,c254a5432c27d1209cf19605ce60bea2181a71ece04ac33d57c0c66cc3645348,10.00000000000001,2760c3e86388c61bba85944ba0de04b06d7f85f04a0986f4b107763dfb20edfe,10.0,a5f1e539f3990ca02066770733d4c34b947d5a1d11500eec503f96040346131d,10.000000000000009,24,9.865796272996449e-11,2.3111369139794898e-14,9.20585583370719e-06,7.635058654524077e-06,-57.32598798512247,1.2435263863707708e-34,-1.2435263863707708e-37,-57.32598798512247,1.2435263863707708e-37,10.0,5.744662015882883e-14,"{""PspCorrection"":0.09187494522099392,""Ewald"":-14.186487397403095,""Kinetic"":29.07598389926273,""AtomicNonlocalFR"":-14.214054406123426,""AtomicLocal"":-79.43302465283946,""Hartree"":28.516776117872322,""Xc"":-7.177056491112538}","[1.0440208340511208e-15,-3.137252781323676e-15,-1.1761892094034926e-15]",-0.07907590083559018,0.0,"[10.0,10.0,10.0]","[3.333333333333333,3.333333333333333,3.333333333333333]",2.2185361695051408e-141,1.0,true,"Midpoint of the global spectral gap; Float64 counts equal at its 1/4,1/2,3/4 points","[[2.2185361695075367e-141,2.2185361695051408e-141],[1.4270256799508213e-109,1.4270154537697263e-109],[1.4270256799511459e-109,1.4270154537692397e-109]]",0,-16.90873981597294,-9.371196892017506,7.105427357601002e-14,0.0,NO_RESOLVABLE_PARTIAL_OCCUPATIONS,0,PASS,6.6643696639354895e-40,[24],3,42,940,15
128,iteration,CONTINUE,0.1,false,false,linear_mixing,3.39301398350055e-06,3.3930139835808267e-07,3.3930139835808267e-07,,a5f1e539f3990ca02066770733d4c34b947d5a1d11500eec503f96040346131d,10.000000000000009,f2f5aa892f54809aa46683a3e1f62e1fcb0a1a89ca847220b27e95ec2f1a2a51,10.000000000000009,92e007d0250820de3f443e631bd2ab9d643c9b842de644b0308f14befeee989b,10.00000000000001,24,9.503497936076936e-11,2.280643443879449e-14,8.48272995042018e-06,7.036257062240876e-06,-57.32598798512633,1.243452826142681e-34,-1.243452826142681e-37,-57.32598798512633,1.243452826142681e-37,10.000000000000009,6.730112702722462e-14,"{""PspCorrection"":0.09187494522099392,""Ewald"":-14.186487397403095,""Kinetic"":29.075983936562526,""AtomicNonlocalFR"":-14.21405440995223,""AtomicLocal"":-79.43302486652851,""Hartree"":28.516776326813936,""Xc"":-7.17705651983995}","[-2.602443569286084e-16,-1.0056939638261387e-15,1.0725612292847991e-14]",-0.07907579566704061,0.0,"[10.0,10.0,10.0]","[3.333333333333333,3.333333333333333,3.333333333333333]",2.2188041920999735e-141,1.0,true,"Midpoint of the global spectral gap; Float64 counts equal at its 1/4,1/2,3/4 points","[[2.2188041921012347e-141,2.2188041920999735e-141],[1.426918964977784e-109,1.4269087396333213e-109],[1.4269189649765268e-109,1.4269087396317396e-109]]",0,-16.90873961449923,-9.371196928208803,-8.526512829121202e-14,0.0,NO_RESOLVABLE_PARTIAL_OCCUPATIONS,0,PASS,6.1333500171446114e-40,[24],3,42,936,15
129,iteration,CONTINUE,0.1,false,false,linear_mixing,3.071591220908094e-06,3.071591220974919e-07,3.071591220974919e-07,,92e007d0250820de3f443e631bd2ab9d643c9b842de644b0308f14befeee989b,10.00000000000001,d4ed79cbee01639e77ab07330f56e0da8c52d0a5de3ce8cc4966b58e94350548,10.000000000000004,9c91a384a31e95f1555a7e959472ef98448ef5e26ee072181c5c14cc8a49066d,10.00000000000001,24,9.751692033826313e-11,2.078834127603088e-14,7.816260728293974e-06,6.484312558591702e-06,-57.32598798512967,1.2433851271790362e-34,-1.2433851271790362e-37,-57.32598798512967,1.2433851271790362e-37,10.000000000000005,6.322729691157903e-14,"{""PspCorrection"":0.09187494522099392,""Ewald"":-14.186487397403095,""Kinetic"":29.075983971749167,""AtomicNonlocalFR"":-14.214054413985632,""AtomicLocal"":-79.4330250643752,""Hartree"":28.516776520035307,""Xc"":-7.177056546371201}","[4.787750634563384e-16,1.139423613633383e-15,-1.0647727189831485e-15]",-0.07907569833125919,0.0,"[10.0,10.0,10.0]","[3.333333333333333,3.333333333333333,3.333333333333333]",2.2190506816639167e-141,1.0,true,"Midpoint of the global spectral gap; Float64 counts equal at its 1/4,1/2,3/4 points","[[2.2190506816673225e-141,2.2190506816639167e-141],[1.4268208340543614e-109,1.4268106094772619e-109],[1.4268208340533072e-109,1.4268106094784378e-109]]",0,-16.908739428178855,-9.371196961637853,5.684341886080802e-14,0.0,NO_RESOLVABLE_PARTIAL_OCCUPATIONS,0,PASS,5.6445745894593506e-40,[24],3,42,934,15
130,iteration,CONTINUE,0.1,false,false,linear_mixing,2.7810413693633854e-06,2.781041369485843e-07,2.781041369485843e-07,,9c91a384a31e95f1555a7e959472ef98448ef5e26ee072181c5c14cc8a49066d,10.00000000000001,342ab68b6a31caa28cb01a54a0f849dde21356159ead2291e89b19dc53bfe3c5,10.000000000000005,1ca597fe8adf88dfd01d8355ea9e44b67fcec20826c5f56b2e22b56995e317a9,10.000000000000007,24,9.742951848449725e-11,2.143547891137434e-14,7.2020259773285085e-06,5.9755732822717505e-06,-57.32598798513243,1.2433228232033308e-34,-1.2433228232033309e-37,-57.32598798513243,1.2433228232033309e-37,10.000000000000009,2.1386596964126522e-13,"{""PspCorrection"":0.09187494522099392,""Ewald"":-14.186487397403095,""Kinetic"":29.075984004943464,""AtomicNonlocalFR"":-14.214054418180844,""AtomicLocal"":-79.43302524754772,""Hartree"":28.51677669870974,""Xc"":-7.177056570874966}","[-1.0499926136118397e-15,1.582399388334522e-15,-3.982249380309077e-15]",-0.07907560825774425,0.0,"[10.0,10.0,10.0]","[3.333333333333333,3.333333333333333,3.333333333333333]",2.2192773688053857e-141,1.0,true,"Midpoint of the global spectral gap; Float64 counts equal at its 1/4,1/2,3/4 points","[[2.2192773688090444e-141,2.2192773688053857e-141],[1.426730597746249e-109,1.4267203738768899e-109],[1.4267305977465732e-109,1.4267203738764032e-109]]",0,-16.908739255882164,-9.371196992516506,-4.263256414560601e-14,7.105427357601002e-15,NO_RESOLVABLE_PARTIAL_OCCUPATIONS,0,PASS,5.194686856744039e-40,[24],3,42,922,15
131,iteration,CONTINUE,0.1,false,false,linear_mixing,2.518368376509159e-06,2.5183683766844174e-07,2.5183683766844174e-07,,1ca597fe8adf88dfd01d8355ea9e44b67fcec20826c5f56b2e22b56995e317a9,10.000000000000007,7e5c8c2699b785c5ff6b8929255a3b4c89c608be4534a952df7e3cab9ade6a53,10.000000000000007,c14f682413ddbad4ebe4f7995a1b205de199868102f957251e247cbf4008ef04,10.000000000000007,24,9.802689181901155e-11,2.0883869893509526e-14,6.635984565122846e-06,5.506713032101801e-06,-57.325987985134816,1.2432654849837288e-34,-1.2432654849837288e-37,-57.325987985134816,1.2432654849837288e-37,10.00000000000001,1.442509211133489e-13,"{""PspCorrection"":0.09187494522099392,""Ewald"":-14.186487397403095,""Kinetic"":29.075984036072256,""AtomicNonlocalFR"":-14.214054422405919,""AtomicLocal"":-79.43302541689641,""Hartree"":28.51677686376091,""Xc"":-7.177056593483545}","[-2.939144348106206e-16,5.523918069785917e-16,-1.856607917196675e-15]",-0.07907552491625855,0.0,"[10.0,10.0,10.0]","[3.333333333333333,3.333333333333333,3.333333333333333]",2.219485845041607e-141,1.0,true,"Midpoint of the global spectral gap; Float64 counts equal at its 1/4,1/2,3/4 points","[[2.2194858450445087e-141,2.219485845041607e-141],[1.426647621922934e-109,1.4266373987072119e-109],[1.426647621922934e-109,1.42663739870782e-109]]",0,-16.90873909671802,-9.371197021009754,-1.4210854715202004e-14,1.4210854715202004e-14,NO_RESOLVABLE_PARTIAL_OCCUPATIONS,0,PASS,4.780610501469755e-40,[24],3,40,898,14
132,iteration,CONTINUE,0.1,false,false,linear_mixing,2.2808653984002604e-06,2.2808653984721958e-07,2.2808653984721958e-07,,c14f682413ddbad4ebe4f7995a1b205de199868102f957251e247cbf4008ef04,10.000000000000007,05166c27c6495bd8bb6230e16fadff0a9e6fdbf47660a20b0eb9e1cc9ef858be,10.000000000000009,9571441d65661743cd4f41701fa5a34ec64285268b80fc15a2ed66ca84b28c5e,10.000000000000007,24,9.726518586344077e-11,1.9808597555017747e-14,6.1143020018128e-06,5.0745371596584e-06,-57.32598798513676,1.243212717245982e-34,-1.2432127172459819e-37,-57.32598798513676,1.2432127172459819e-37,10.000000000000009,1.551050719532351e-13,"{""PspCorrection"":0.09187494522099392,""Ewald"":-14.186487397403095,""Kinetic"":29.07598406529476,""AtomicNonlocalFR"":-14.21405442664599,""AtomicLocal"":-79.43302557351657,""Hartree"":28.51677701626177,""Xc"":-7.177056614348627}","[-2.917777229809209e-15,-3.745297080918768e-15,3.82575570225999e-15]",-0.07907544781426078,0.0,"[10.0,10.0,10.0]","[3.333333333333333,3.333333333333333,3.333333333333333]",2.2196775740343663e-141,1.0,true,"Midpoint of the global spectral gap; Float64 counts equal at its 1/4,1/2,3/4 points","[[2.2196775740357543e-141,2.2196775740343663e-141],[1.4265713230781421e-109,1.426561100462974e-109],[1.4265713230771286e-109,1.4265611004624062e-109]]",0,-16.90873894965301,-9.371197047308646,-9.947598300641403e-14,0.0,NO_RESOLVABLE_PARTIAL_OCCUPATIONS,0,PASS,4.3994935639710165e-40,[24],3,42,908,15
133,iteration,CONTINUE,0.1,false,false,linear_mixing,2.0660961859633107e-06,2.0660961859452553e-07,2.0660961859452553e-07,,9571441d65661743cd4f41701fa5a34ec64285268b80fc15a2ed66ca84b28c5e,10.000000000000007,fef6130225727b13fe42b88de8c06e4475073dae0d65a1909b109a96984900aa,10.000000000000004,970d3a8fa42524a85224244df2b24ce719e1dbd79a6e65ad94e2edce740bfb59,10.000000000000009,24,9.863940392533156e-11,2.1188713391983044e-14,5.63354997714407e-06,4.676227760546171e-06,-57.325987985138475,1.2431641561949371e-34,-1.243164156194937e-37,-57.325987985138475,1.243164156194937e-37,10.000000000000002,1.4215815745869929e-13,"{""PspCorrection"":0.09187494522099392,""Ewald"":-14.186487397403095,""Kinetic"":29.07598409267826,""AtomicNonlocalFR"":-14.214054430873519,""AtomicLocal"":-79.43302571823014,""Hartree"":28.51677715706434,""Xc"":-7.17705663359532}","[1.94055599023258e-15,-3.650561714288491e-16,-1.007213230327193e-16]",-0.07907537649412988,0.0,"[10.0,10.0,10.0]","[3.333333333333333,3.333333333333333,3.333333333333333]",2.2198539017009823e-141,1.0,true,"Midpoint of the global spectral gap; Float64 counts equal at its 1/4,1/2,3/4 points","[[2.219853901704137e-141,2.2198539017009823e-141],[1.426501164658654e-109,1.426490942594559e-109],[1.426501164657235e-109,1.426490942594275e-109]]",0,-16.90873881386656,-9.37119707156983,-2.1316282072803006e-14,0.0,NO_RESOLVABLE_PARTIAL_OCCUPATIONS,0,PASS,4.048726535592849e-40,[24],3,41,888,15
134,iteration,CONTINUE,0.1,false,false,linear_mixing,1.8718549559780848e-06,1.8718549559380105e-07,1.8718549559380105e-07,,970d3a8fa42524a85224244df2b24ce719e1dbd79a6e65ad94e2edce740bfb59,10.000000000000009,771016dedad39bf223e5f0c3ff935bf68904b813a344fb91070392e727f32504,10.000000000000016,88af546c5ffef754d20b07f79116d70bd27bc1cf0b8ae52b04f72f986c6ca10d,10.000000000000009,24,9.574544912917584e-11,2.0553585690337252e-14,5.1905056168105865e-06,4.309114015973663e-06,-57.325987985139975,1.2431194668381361e-34,-1.2431194668381362e-37,-57.325987985139975,1.2431194668381362e-37,10.000000000000018,1.1996442777300093e-13,"{""PspCorrection"":0.09187494522099392,""Ewald"":-14.186487397403095,""Kinetic"":29.075984118293903,""AtomicNonlocalFR"":-14.214054435026338,""AtomicLocal"":-79.43302585195302,""Hartree"":28.516777287074866,""Xc"":-7.177056651347281}","[-2.9791784438420618e-15,-4.357391571328348e-15,8.717891792037018e-16]",-0.07907531053096475,0.0,"[10.0,10.0,10.0]","[3.333333333333333,3.333333333333333,3.333333333333333]",2.2200160659496787e-141,1.0,true,"Midpoint of the global spectral gap; Float64 counts equal at its 1/4,1/2,3/4 points","[[2.220016065953212e-141,2.2200160659496787e-141],[1.4264366529144324e-109,1.4264264313598483e-109],[1.4264366529157298e-109,1.4264264313604158e-109]]",0,-16.908738688484522,-9.371197093948862,7.105427357601002e-14,1.4210854715202004e-14,NO_RESOLVABLE_PARTIAL_OCCUPATIONS,0,PASS,3.725889645195701e-40,[24],3,41,887,15
135,iteration,CONTINUE,0.1,false,false,linear_mixing,1.6961572586330857e-06,1.6961572585476282e-07,1.6961572585476282e-07,,88af546c5ffef754d20b07f79116d70bd27bc1cf0b8ae52b04f72f986c6ca10d,10.000000000000009,db7327d94c4cd24265219ee9f9bfbbe7d1e224dc3f027d0c4782310837d8a9c5,10.000000000000007,375fc766012507a3fbd9edde5dc770a719acfe6620952c2a6fdec91c0c6766d9,10.000000000000009,24,9.985618418455513e-11,1.929499931405543e-14,4.782219654508756e-06,3.970757682767022e-06,-57.32598798514107,1.2430783408911663e-34,-1.2430783408911663e-37,-57.32598798514107,1.2430783408911663e-37,10.000000000000009,1.6716768230448845e-13,"{""PspCorrection"":0.09187494522099392,""Ewald"":-14.186487397403095,""Kinetic"":29.07598414223718,""AtomicNonlocalFR"":-14.214054439092816,""AtomicLocal"":-79.43302597546055,""Hartree"":28.51677740707406,""Xc"":-7.177056667716834}","[8.988324857238832e-16,1.0572840401054933e-15,1.4972043202592686e-15]",-0.07907524953017452,0.0,"[10.0,10.0,10.0]","[3.333333333333333,3.333333333333333,3.333333333333333]",2.2201652050323938e-141,1.0,true,"Midpoint of the global spectral gap; Float64 counts equal at its 1/4,1/2,3/4 points","[[2.2201652050373157e-141,2.2201652050323938e-141],[1.4263773339037636e-109,1.4263671128168952e-109],[1.4263773339050204e-109,1.426367112817544e-109]]",0,-16.908738572755013,-9.371197114586817,-1.1368683772161603e-13,7.105427357601002e-15,NO_RESOLVABLE_PARTIAL_OCCUPATIONS,0,PASS,3.428766713823878e-40,[24],3,40,872,14
136,iteration,CONTINUE,0.1,false,false,linear_mixing,1.5372100436151121e-06,1.537210043594182e-07,1.537210043594182e-07,,375fc766012507a3fbd9edde5dc770a719acfe6620952c2a6fdec91c0c6766d9,10.000000000000009,11385a9faccd9fb04f8e083012c3b90a24f989ee59c4c13ad75075c2119900af,10.0,79a9bf78c979a1327adad588692bc686dbede546f3f7f40d0d7ceca016faebac,10.000000000000007,24,9.786590220410653e-11,1.9427294515708625e-14,4.4059880910834776e-06,3.6589304635759073e-06,-57.32598798514206,1.243040494531152e-34,-1.2430404945311522e-37,-57.32598798514206,1.2430404945311522e-37,10.0,1.2557371884254865e-13,"{""PspCorrection"":0.09187494522099392,""Ewald"":-14.186487397403095,""Kinetic"":29.07598416459735,""AtomicNonlocalFR"":-14.214054443051886,""AtomicLocal"":-79.43302608951298,""Hartree"":28.516777517817133,""Xc"":-7.177056682809588}","[-4.532677324855847e-16,3.823315904919124e-15,2.8805675182866776e-15]",-0.07907519312549977,0.0,"[10.0,10.0,10.0]","[3.333333333333333,3.333333333333333,3.333333333333333]",2.220302365753288e-141,1.0,true,"Midpoint of the global spectral gap; Float64 counts equal at its 1/4,1/2,3/4 points","[[2.2203023657565693e-141,2.220302365753288e-141],[1.4263227900314355e-109,1.426312569376238e-109],[1.4263227900313138e-109,1.4263125693767244e-109]]",0,-16.908738465949877,-9.371197133616517,-1.1368683772161603e-13,-7.105427357601002e-15,NO_RESOLVABLE_PARTIAL_OCCUPATIONS,0,PASS,3.155311667207182e-40,[24],3,40,870,14
137,iteration,CONTINUE,0.1,false,false,linear_mixing,1.3933961166876834e-06,1.3933961166138344e-07,1.3933961166138344e-07,,79a9bf78c979a1327adad588692bc686dbede546f3f7f40d0d7ceca016faebac,10.000000000000007,cd66f2b4c397299b7649b8f7c2473ed8c3f459c249e75089257d7c7987ee828e,10.000000000000005,cc65f06d0cd86e20d0793a7fc75ed8250052081b40457db9862ebd26826a9341,10.00000000000001,24,9.836029462828193e-11,1.791714969507454e-14,4.059295469060537e-06,3.371550088653526e-06,-57.32598798514302,1.2430056665184874e-34,-1.2430056665184874e-37,-57.32598798514302,1.2430056665184874e-37,10.000000000000004,1.199133719188582e-13,"{""PspCorrection"":0.09187494522099392,""Ewald"":-14.186487397403095,""Kinetic"":29.07598418545814,""AtomicNonlocalFR"":-14.214054446888305,""AtomicLocal"":-79.43302619479866,""Hartree"":28.51677761999023,""Xc"":-7.177056696722327}","[-1.9081678706600478e-15,-2.272724584231183e-15,6.848899829635011e-16]",-0.07907514097700682,0.0,"[10.0,10.0,10.0]","[3.333333333333333,3.333333333333333,3.333333333333333]",2.2204285107179897e-141,1.0,true,"Midpoint of the global spectral gap; Float64 counts equal at its 1/4,1/2,3/4 points","[[2.2204285107201354e-141,2.2204285107179897e-141],[1.4262726372548497e-109,1.4262624169966926e-109],[1.4262726372554172e-109,1.4262624169979087e-109]]",0,-16.908738367407945,-9.371197151159588,2.1316282072803006e-14,7.105427357601002e-15,NO_RESOLVABLE_PARTIAL_OCCUPATIONS,0,PASS,2.9036435610658987e-40,[24],3,39,857,14
138,iteration,CONTINUE,0.1,false,false,linear_mixing,1.2632557357295595e-06,1.2632557357438323e-07,1.2632557357438323e-07,,cc65f06d0cd86e20d0793a7fc75ed8250052081b40457db9862ebd26826a9341,10.00000000000001,007e84568c46c51b08477d7f06711c72e530d01c9aee3ecb4c178db2ea290fb4,10.00000000000001,3a3505b57ee6323cfc531a0ddf130cb31ceab4a6ff114d8a32a9540630a8fb10,10.000000000000009,24,9.894233788831249e-11,2.108762785176923e-14,3.739823629007973e-06,3.10669815251846e-06,-57.32598798514374,1.2429736163745064e-34,-1.2429736163745064e-37,-57.32598798514374,1.2429736163745064e-37,10.000000000000014,8.476015285460049e-14,"{""PspCorrection"":0.09187494522099392,""Ewald"":-14.186487397403095,""Kinetic"":29.075984204901438,""AtomicNonlocalFR"":-14.21405445058973,""AtomicLocal"":-79.43302629196393,""Hartree"":28.51677771423551,""Xc"":-7.177056709544936}","[1.186314648699596e-15,1.1030411753676333e-15,-3.611620267479946e-15]",-0.0790750927692871,0.0,"[10.0,10.0,10.0]","[3.333333333333333,3.333333333333333,3.333333333333333]",2.2205445251644273e-141,1.0,true,"Midpoint of the global spectral gap; Float64 counts equal at its 1/4,1/2,3/4 points","[[2.220544525167078e-141,2.2205445251644273e-141],[1.4262265223505694e-109,1.4262163024565028e-109],[1.4262265223507316e-109,1.4262163024571512e-109]]",0,-16.908738276510377,-9.371197167329122,-5.684341886080802e-14,0.0,NO_RESOLVABLE_PARTIAL_OCCUPATIONS,0,PASS,2.672029760555544e-40,[24],3,39,857,14
139,iteration,CONTINUE,0.1,false,false,linear_mixing,1.1454711700175057e-06,1.1454711701147166e-07,1.1454711701147166e-07,,3a3505b57ee6323cfc531a0ddf130cb31ceab4a6ff114d8a32a9540630a8fb10,10.000000000000009,41f82a731abbc3871fb88fc559ce4243a3d3b3a709cf83c8baccd49a6156513a,10.00000000000001,c060b201ef0fd2ed6d53e237adbf9d82ba1016a641379dafa183874d5c629be0,10.000000000000009,24,9.887879527468247e-11,1.7622408297931355e-14,3.4454482972288296e-06,2.862621560762437e-06,-57.32598798514438,1.2429441227459731e-34,-1.2429441227459731e-37,-57.32598798514438,1.2429441227459731e-37,10.000000000000009,9.499360961821422e-14,"{""PspCorrection"":0.09187494522099392,""Ewald"":-14.186487397403095,""Kinetic"":29.0759842230096,""AtomicNonlocalFR"":-14.214054454147739,""AtomicLocal"":-79.43302638161647,""Hartree"":28.516777801153477,""Xc"":-7.177056721361148}","[1.1851613889400812e-15,2.493904138560857e-15,-2.0511787967192763e-15]",-0.07907504820973772,0.0,"[10.0,10.0,10.0]","[3.333333333333333,3.333333333333333,3.333333333333333]",2.220651223177168e-141,1.0,true,"Midpoint of the global spectral gap; Float64 counts equal at its 1/4,1/2,3/4 points","[[2.2206512231794403e-141,2.220651223177168e-141],[1.4261841204593602e-109,1.4261739009027756e-109],[1.426184120457374e-109,1.426173900901519e-109]]",0,-16.90873819267808,-9.37119718223045,2.842170943040401e-14,-7.105427357601002e-15,NO_RESOLVABLE_PARTIAL_OCCUPATIONS,0,PASS,2.458874276699199e-40,[24],3,38,842,14
140,iteration,CONTINUE,0.1,false,false,linear_mixing,1.0388531862245579e-06,1.0388531862747316e-07,1.0388531862747316e-07,,c060b201ef0fd2ed6d53e237adbf9d82ba1016a641379dafa183874d5c629be0,10.000000000000009,b07900c57d49c6b074eaaa8682cac5ff51b09a68ce21398fd6de6f6cd1d30e16,10.000000000000004,151884b90b20c07554aea20dd9e149eeaef83130df01f65fa771fbf68bac705d,10.00000000000001,24,9.795577969694448e-11,1.6922375462871706e-14,3.1741953167835664e-06,2.6376849191353595e-06,-57.325987985144856,1.24291698189612e-34,-1.2429169818961201e-37,-57.325987985144856,1.2429169818961201e-37,10.000000000000005,9.402817651534954e-14,"{""PspCorrection"":0.09187494522099392,""Ewald"":-14.186487397403095,""Kinetic"":29.075984239863807,""AtomicNonlocalFR"":-14.214054457558111,""AtomicLocal"":-79.43302646431972,""Hartree"":28.51677788129983,""Xc"":-7.177056732248562}","[-8.867547033131689e-16,-1.3162064672894716e-15,5.444410147595422e-18]",-0.07907500702696582,0.0,"[10.0,10.0,10.0]","[3.333333333333333,3.333333333333333,3.333333333333333]",2.2207493533663984e-141,1.0,true,"Midpoint of the global spectral gap; Float64 counts equal at its 1/4,1/2,3/4 points","[[2.2207493533676604e-141,2.2207493533663984e-141],[1.4261451328213318e-109,1.4261349135741954e-109],[1.4261451328210075e-109,1.4261349135735872e-109]]",0,-16.90873811537563,-9.371197195961223,-3.552713678800501e-14,-7.105427357601002e-15,NO_RESOLVABLE_PARTIAL_OCCUPATIONS,0,PASS,2.2627084466206707e-40,[24],3,39,850,14
141,iteration,CONTINUE,0.1,false,false,linear_mixing,9.42328315091205e-07,9.423283151198815e-08,9.423283151198815e-08,,151884b90b20c07554aea20dd9e149eeaef83130df01f65fa771fbf68bac705d,10.00000000000001,efd93c4994d3024088ab61aff526efe74e1c96da11b6cd1fe4f9a49096512bc7,10.000000000000004,f7fe7dacfc73d5b86f288f422aa0bdd62579e3067c67ed924f649ee4112b62e3,10.000000000000009,24,9.934658497909451e-11,1.827092530035999e-14,2.9242586837945388e-06,2.4303973521979886e-06,-57.32598798514531,1.2428920062946498e-34,-1.2428920062946497e-37,-57.32598798514531,1.2428920062946497e-37,10.000000000000007,1.0808317723592961e-13,"{""PspCorrection"":0.09187494522099392,""Ewald"":-14.186487397403095,""Kinetic"":29.07598425553813,""AtomicNonlocalFR"":-14.214054460816582,""AtomicLocal"":-79.43302654059391,""Hartree"":28.516777955187788,""Xc"":-7.17705674227863}","[2.4746220838873697e-15,1.283296302865419e-15,1.0273380978792447e-15]",-0.07907496896930835,0.0,"[10.0,10.0,10.0]","[3.333333333333333,3.333333333333333,3.333333333333333]",2.220839604168618e-141,1.0,true,"Midpoint of the global spectral gap; Float64 counts equal at its 1/4,1/2,3/4 points","[[2.2208396041711427e-141,2.220839604168618e-141],[1.4261092846797929e-109,1.426099065718674e-109],[1.4261092846803604e-109,1.4260990657193225e-109]]",0,-16.90873804410822,-9.371197208611374,-4.973799150320701e-14,0.0,NO_RESOLVABLE_PARTIAL_OCCUPATIONS,0,PASS,2.0821800572697415e-40,[24],3,38,833,14
142,iteration,CONTINUE,0.1,false,false,linear_mixing,8.549268635090454e-07,8.549268637247364e-08,8.549268637247364e-08,,f7fe7dacfc73d5b86f288f422aa0bdd62579e3067c67ed924f649ee4112b62e3,10.000000000000009,8a86e7dfa6a902d7b58c8eff03e805722acfa22938a4d92dd1aefe0941a82cc0,10.000000000000005,ee2b9113cc1da38ed913e823cce5e549cb228ab3084ac84347503a1b54abcf70,10.000000000000009,24,9.768581272517404e-11,1.8057331775750114e-14,2.6939538363076053e-06,2.2393608453275513e-06,-57.325987985145716,1.2428690233413696e-34,-1.2428690233413697e-37,-57.325987985145716,1.2428690233413697e-37,10.000000000000007,8.338053344661002e-14,"{""PspCorrection"":0.09187494522099392,""Ewald"":-14.186487397403095,""Kinetic"":29.075984270110144,""AtomicNonlocalFR"":-14.214054463922677,""AtomicLocal"":-79.43302661093689,""Hartree"":28.51677802330427,""Xc"":-7.177056751518447}","[1.4248753699785363e-15,1.975409689952081e-15,6.183158402872733e-16]",-0.07907493380343883,0.0,"[10.0,10.0,10.0]","[3.333333333333333,3.333333333333333,3.333333333333333]",2.2209226086729105e-141,1.0,true,"Midpoint of the global spectral gap; Float64 counts equal at its 1/4,1/2,3/4 points","[[2.2209226086746778e-141,2.2209226086729105e-141],[1.4260763233650416e-109,1.4260661046660916e-109],[1.4260763233662982e-109,1.426066104665443e-109]]",0,-16.908737978406315,-9.371197220265412,-1.4210854715202004e-14,1.4210854715202004e-14,NO_RESOLVABLE_PARTIAL_OCCUPATIONS,0,PASS,1.916043205507456e-40,[24],3,38,827,14
143,iteration,CONTINUE,0.1,false,false,linear_mixing,7.757743067629685e-07,7.757743067019214e-08,7.757743067019214e-08,,ee2b9113cc1da38ed913e823cce5e549cb228ab3084ac84347503a1b54abcf70,10.000000000000009,0b079522b77fe4d15761a4cd8e66e59814572cace2cb84140f4d19b0a5f8b6c8,10.0,af18e4b44c18da5058ba323c60710a08cd150a752612a3990bb5e05364815ff1,10.000000000000007,24,9.600702964274401e-11,2.0117677814348375e-14,2.481762551416375e-06,2.0633279028783503e-06,-57.32598798514597,1.2428478741852242e-34,-1.2428478741852242e-37,-57.32598798514597,1.2428478741852242e-37,10.000000000000005,6.51486549923065e-14,"{""PspCorrection"":0.09187494522099392,""Ewald"":-14.186487397403095,""Kinetic"":29.075984283645024,""AtomicNonlocalFR"":-14.214054466876322,""AtomicLocal"":-79.43302667578477,""Hartree"":28.516778086080617,""Xc"":-7.177056760028418}","[2.1331109143835134e-15,-1.244769416852804e-15,-4.3266665291898316e-16]",-0.0790749013130617,0.0,"[10.0,10.0,10.0]","[3.333333333333333,3.333333333333333,3.333333333333333]",2.220998949060126e-141,1.0,true,"Midpoint of the global spectral gap; Float64 counts equal at its 1/4,1/2,3/4 points","[[2.2209989490607573e-141,2.220998949060126e-141],[1.4260460165328022e-109,1.4260357980753372e-109],[1.4260460165339372e-109,1.4260357980761883e-109]]",0,-16.90873791785432,-9.371197230999353,-1.4210854715202004e-13,0.0,NO_RESOLVABLE_PARTIAL_OCCUPATIONS,0,PASS,1.7631534043875293e-40,[24],3,35,804,13
144,iteration,CONTINUE,0.1,false,false,linear_mixing,7.040796317337558e-07,7.040796317573021e-08,7.040796317573021e-08,,af18e4b44c18da5058ba323c60710a08cd150a752612a3990bb5e05364815ff1,10.000000000000007,fe10c193b9a290c2d5708aa6a3ca9d34de4aaaea2dac685495e8b1faba77ab51,10.0,1d3750167fb994dfadf7078157def85c31a4222140d9709a505a63f48497006e,10.000000000000009,24,9.98895176052186e-11,2.02488299830089e-14,2.286249005640696e-06,1.901105737878827e-06,-57.32598798514627,1.2428284126066275e-34,-1.2428284126066275e-37,-57.32598798514627,1.2428284126066275e-37,10.000000000000002,7.520031961399392e-14,"{""PspCorrection"":0.09187494522099392,""Ewald"":-14.186487397403095,""Kinetic"":29.075984296215985,""AtomicNonlocalFR"":-14.21405446968011,""AtomicLocal"":-79.43302673557818,""Hartree"":28.516778143944826,""Xc"":-7.177056767866696}","[-1.0611796982787146e-15,8.477053977362159e-16,-1.4780629638380975e-15]",-0.07907487129773302,0.0,"[10.0,10.0,10.0]","[3.333333333333333,3.333333333333333,3.333333333333333]",2.221069160725598e-141,1.0,true,"Midpoint of the global spectral gap; Float64 counts equal at its 1/4,1/2,3/4 points","[[2.2210691607277443e-141,2.221069160725598e-141],[1.426018150493156e-109,1.4260079322571319e-109],[1.4260181504941288e-109,1.4260079322574562e-109]]",0,-16.90873786203917,-9.371197240886499,-1.4210854715202004e-14,0.0,NO_RESOLVABLE_PARTIAL_OCCUPATIONS,0,PASS,1.622452566710593e-40,[24],3,35,802,13
145,iteration,CONTINUE,0.1,false,false,linear_mixing,6.391304899591299e-07,6.39130490126994e-08,6.39130490126994e-08,,1d3750167fb994dfadf7078157def85c31a4222140d9709a505a63f48497006e,10.000000000000009,efcf3cdd9145d8394effd13e7787f8a9267c04946df76b9c9ff6dbe090bc720b,10.000000000000005,e6ae19c477cc4ce00acc7afbaf781f8bd235c000b3614c3d82e4cb753290f6ee,10.000000000000005,24,9.188148769029098e-11,2.0919833597369388e-14,2.1061159337212402e-06,1.7516245346278665e-06,-57.32598798514648,1.2428105040685513e-34,-1.2428105040685512e-37,-57.32598798514648,1.2428105040685512e-37,10.000000000000005,9.745834909388582e-14,"{""PspCorrection"":0.09187494522099392,""Ewald"":-14.186487397403095,""Kinetic"":29.075984307877967,""AtomicNonlocalFR"":-14.21405447233597,""AtomicLocal"":-79.43302679067172,""Hartree"":28.516778197248957,""Xc"":-7.177056775083623}","[-1.2351798309477767e-15,-4.753658258851582e-15,7.037355131278436e-16]",-0.07907484357169461,0.0,"[10.0,10.0,10.0]","[3.333333333333333,3.333333333333333,3.333333333333333]",2.2211337360229703e-141,1.0,true,"Midpoint of the global spectral gap; Float64 counts equal at its 1/4,1/2,3/4 points","[[2.2211337360261267e-141,2.2211337360229703e-141],[1.4259925287816725e-109,1.4259823107506824e-109],[1.4259925287801728e-109,1.425982310747967e-109]]",0,-16.908737810622057,-9.37119724999016,-8.526512829121202e-14,-7.105427357601002e-15,NO_RESOLVABLE_PARTIAL_OCCUPATIONS,0,PASS,1.4929750716120776e-40,[24],3,36,810,14
146,iteration,CONTINUE,0.1,false,false,linear_mixing,5.802817116910284e-07,5.8028171176338575e-08,5.8028171176338575e-08,,e6ae19c477cc4ce00acc7afbaf781f8bd235c000b3614c3d82e4cb753290f6ee,10.000000000000005,0f0734f196b2416bf15428fff013dfbb53e11241589da71441e574c0466225c2,10.000000000000005,e264d030cd1856c7ee4095aeea37ed2ac5ac8743c4081d1f5f09643187888350,10.000000000000009,24,9.943574358188688e-11,1.9910800380948493e-14,1.9401511467855795e-06,1.6138799431465258e-06,-57.32598798514671,1.2427940246888235e-34,-1.2427940246888234e-37,-57.32598798514671,1.2427940246888234e-37,10.000000000000007,9.166650694776965e-14,"{""PspCorrection"":0.09187494522099392,""Ewald"":-14.186487397403095,""Kinetic"":29.075984318695998,""AtomicNonlocalFR"":-14.214054474847517,""AtomicLocal"":-79.43302684144557,""Hartree"":28.516778246361437,""Xc"":-7.177056781728961}","[-3.0907805316715765e-15,1.3381175656134729e-15,1.7432562741292101e-15]",-0.07907481796288279,0.0,"[10.0,10.0,10.0]","[3.333333333333333,3.333333333333333,3.333333333333333]",2.2211931277159308e-141,1.0,true,"Midpoint of the global spectral gap; Float64 counts equal at its 1/4,1/2,3/4 points","[[2.221193127716436e-141,2.2211931277159308e-141],[1.4259689706713927e-109,1.4259587528276499e-109],[1.425968970670501e-109,1.4259587528278524e-109]]",0,-16.908737763247323,-9.371197258373083,-2.842170943040401e-14,0.0,NO_RESOLVABLE_PARTIAL_OCCUPATIONS,0,PASS,1.3738234641329276e-40,[24],3,35,795,13
147,iteration,CONTINUE,0.1,false,false,linear_mixing,5.269514282618148e-07,5.269514281770328e-08,5.269514281770328e-08,,e264d030cd1856c7ee4095aeea37ed2ac5ac8743c4081d1f5f09643187888350,10.000000000000009,e37941394612575330a902431630dbea7c3dced0e8b375a81c0a389697add209,10.000000000000005,ef0ea0d8267c5898a824527144371b62892907f8b1eb27da3c973e18e154724c,10.000000000000007,24,9.917600350365462e-11,1.9203533140036247e-14,1.787243199616768e-06,1.4869529369002424e-06,-57.3259879851469,1.2427788604928825e-34,-1.2427788604928826e-37,-57.3259879851469,1.2427788604928826e-37,10.000000000000005,1.5266031175523408e-13,"{""PspCorrection"":0.09187494522099392,""Ewald"":-14.186487397403095,""Kinetic"":29.07598432872437,""AtomicNonlocalFR"":-14.214054477219165,""AtomicLocal"":-79.43302688822318,""Hartree"":28.51677829160002,""Xc"":-7.177056787846842}","[-5.20157167046406e-16,-2.1837212580930255e-15,-2.6909696750765247e-16]",-0.07907479431189424,0.0,"[10.0,10.0,10.0]","[3.333333333333333,3.333333333333333,3.333333333333333]",2.22124775213247e-141,1.0,true,"Midpoint of the global spectral gap; Float64 counts equal at its 1/4,1/2,3/4 points","[[2.2212477521346165e-141,2.22124775213247e-141],[1.4259473100028132e-109,1.4259370923331263e-109],[1.4259473100032996e-109,1.4259370923325588e-109]]",0,-16.908737719608734,-9.37119726609083,3.552713678800501e-14,0.0,NO_RESOLVABLE_PARTIAL_OCCUPATIONS,0,PASS,1.2641760094733353e-40,[24],3,34,782,13
148,iteration,CONTINUE,0.1,false,false,linear_mixing,4.786124218592787e-07,4.786124219488842e-08,4.786124219488842e-08,,ef0ea0d8267c5898a824527144371b62892907f8b1eb27da3c973e18e154724c,10.000000000000007,a50bf9b6aa48041ecdc8674f4056e7fc9dd6982b46e7b02039acc42b6a2ec88d,10.000000000000004,92ab84aad6779ced0eda05bc53f9c7b0fff0e59a5d425dc5bd4e63e2cb59e956,10.000000000000009,24,9.704728135697272e-11,1.9853512464173864e-14,1.6463541594695217e-06,1.3699806585857916e-06,-57.32598798514704,1.242764906574174e-34,-1.242764906574174e-37,-57.32598798514704,1.242764906574174e-37,10.000000000000004,1.0806330954682779e-13,"{""PspCorrection"":0.09187494522099392,""Ewald"":-14.186487397403095,""Kinetic"":29.07598433816529,""AtomicNonlocalFR"":-14.214054479546004,""AtomicLocal"":-79.43302693142442,""Hartree"":28.516778333332518,""Xc"":-7.177056793492322}","[-1.314023369942075e-15,3.612696647625764e-15,-3.780743736168186e-15]",-0.07907477247111148,0.0,"[10.0,10.0,10.0]","[3.333333333333333,3.333333333333333,3.333333333333333]",2.221297992175466e-141,1.0,true,"Midpoint of the global spectral gap; Float64 counts equal at its 1/4,1/2,3/4 points","[[2.2212979921783703e-141,2.221297992175466e-141],[1.4259273939825452e-109,1.4259171764700352e-109],[1.425927393982221e-109,1.4259171764712915e-109]]",0,-16.90873767935345,-9.371197273213388,4.263256414560601e-14,0.0,NO_RESOLVABLE_PARTIAL_OCCUPATIONS,0,PASS,1.1632731093877472e-40,[24],3,35,768,13
149,iteration,CONTINUE,0.1,false,false,linear_mixing,4.3479260007212734e-07,4.3479260009936575e-08,4.3479260009936575e-08,,92ab84aad6779ced0eda05bc53f9c7b0fff0e59a5d425dc5bd4e63e2cb59e956,10.000000000000009,0cc75197ddafe47e4cc2fd35e8de1b3572b25e24e596f11f6433e6214b4126e0,10.000000000000004,f0c3e0b130e8c1d40a1603c0e4029fc1b4689db47a47e6264b7be57c4f2ab582,10.000000000000007,24,9.834985354459747e-11,2.148885560383068e-14,1.5165754675688877e-06,1.2622231891357943e-06,-57.325987985147115,1.2427520664135487e-34,-1.2427520664135487e-37,-57.325987985147115,1.2427520664135487e-37,10.000000000000007,1.112010036326792e-13,"{""PspCorrection"":0.09187494522099392,""Ewald"":-14.186487397403095,""Kinetic"":29.07598434676547,""AtomicNonlocalFR"":-14.21405448164637,""AtomicLocal"":-79.43302697111235,""Hartree"":28.51677837170427,""Xc"":-7.177056798676017}","[9.238016670501803e-16,2.505180741127213e-15,-4.088775949524922e-15]",-0.07907475230382467,0.0,"[10.0,10.0,10.0]","[3.333333333333333,3.333333333333333,3.333333333333333]",2.2213441999797166e-141,1.0,true,"Midpoint of the global spectral gap; Float64 counts equal at its 1/4,1/2,3/4 points","[[2.2213441999802218e-141,2.2213441999797166e-141],[1.4259090821718733e-109,1.4258988648074764e-109],[1.425909082174021e-109,1.425898864809665e-109]]",0,-16.908737642337798,-9.371197279752977,-9.237055564881302e-14,1.4210854715202004e-14,NO_RESOLVABLE_PARTIAL_OCCUPATIONS,0,PASS,1.070423014846916e-40,[24],3,34,758,13
150,iteration,CONTINUE,0.1,false,false,linear_mixing,3.950607015529932e-07,3.9506070149346545e-08,3.9506070149346545e-08,,f0c3e0b130e8c1d40a1603c0e4029fc1b4689db47a47e6264b7be57c4f2ab582,10.000000000000007,04c4812a5f16afe859cc9dc060fdc9db130ab8029ece33269d61c958737524fe,9.999999999999996,d668e57135cc8dea89549b53a8790477ad62a9bbf4fdc55759acbc63b2603c9e,10.000000000000007,24,9.549827375107762e-11,1.525780143406201e-14,1.3969931587596038e-06,1.162909167128001e-06,-57.325987985147165,1.2427402511244505e-34,-1.2427402511244505e-37,-57.325987985147165,1.2427402511244505e-37,10.0,1.0291638008460165e-13,"{""PspCorrection"":0.09187494522099392,""Ewald"":-14.186487397403095,""Kinetic"":29.075984354794677,""AtomicNonlocalFR"":-14.214054483663023,""AtomicLocal"":-79.43302700771106,""Hartree"":28.51677840706746,""Xc"":-7.17705680345313}","[2.1254383840681655e-15,1.5291917580925734e-15,8.268237999239968e-17]",-0.07907473368348479,0.0,"[10.0,10.0,10.0]","[3.333333333333333,3.333333333333333,3.333333333333333]",2.2213866994519264e-141,1.0,true,"Midpoint of the global spectral gap; Float64 counts equal at its 1/4,1/2,3/4 points","[[2.2213866994548304e-141,2.2213866994519264e-141],[1.4258922453259175e-109,1.425882028097241e-109],[1.425892245326647e-109,1.4258820280975652e-109]]",0,-16.908737608224598,-9.371197285780008,-1.2789769243681803e-13,0.0,NO_RESOLVABLE_PARTIAL_OCCUPATIONS,0,PASS,9.849800944712679e-41,[24],3,33,740,12
151,iteration,CONTINUE,0.1,false,false,linear_mixing,3.590287547396595e-07,3.590287548590854e-08,3.590287548590854e-08,,d668e57135cc8dea89549b53a8790477ad62a9bbf4fdc55759acbc63b2603c9e,10.000000000000007,7cb0bddfe9d30599518b09bf2086641486133eac76cf9e2e03e9c8bab078b9cd,9.999999999999996,1cd2b478d7c9a6c2c5e801bfb0cfd8db46d136df51957f9e16e16654839dddb1,10.000000000000005,24,9.995495999085144e-11,1.771744347227193e-14,1.2868276334293825e-06,1.071402058533195e-06,-57.32598798514724,1.2427293789481298e-34,-1.24272937894813e-37,-57.32598798514724,1.24272937894813e-37,10.000000000000002,1.2318251940359709e-13,"{""PspCorrection"":0.09187494522099392,""Ewald"":-14.186487397403095,""Kinetic"":29.075984362164572,""AtomicNonlocalFR"":-14.214054485514792,""AtomicLocal"":-79.43302704138227,""Hartree"":28.51677843961213,""Xc"":-7.177056807844771}","[-4.670956015977928e-16,-2.8972340822503977e-16,2.345169321392904e-15]",-0.07907471649293028,0.0,"[10.0,10.0,10.0]","[3.333333333333333,3.333333333333333,3.333333333333333]",2.221425788394226e-141,1.0,true,"Midpoint of the global spectral gap; Float64 counts equal at its 1/4,1/2,3/4 points","[[2.2214257883963727e-141,2.221425788394226e-141],[1.4258767646648456e-109,1.4258665475609553e-109],[1.4258767646654533e-109,1.4258665475602259e-109]]",0,-16.908737576829015,-9.37119729132062,-1.4921397450962104e-13,0.0,NO_RESOLVABLE_PARTIAL_OCCUPATIONS,0,PASS,9.063540894915479e-41,[24],3,33,733,12
152,iteration,CONTINUE,0.1,false,false,linear_mixing,3.263460177994107e-07,3.2634601775806095e-08,3.2634601775806095e-08,,1cd2b478d7c9a6c2c5e801bfb0cfd8db46d136df51957f9e16e16654839dddb1,10.000000000000005,91cbf1b118c5e5917c3e3544cbb80b08116429786b39971c4cf799ee1b45476b,10.000000000000005,b8d9b888603b15d736e10323a18f33d58cf0f87178d7753cfeb900063cca52be,10.000000000000007,24,9.988984502327802e-11,1.70456222989436e-14,1.1853393065302066e-06,9.870898744251806e-07,-57.32598798514738,1.2427193746395515e-34,-1.2427193746395516e-37,-57.32598798514738,1.2427193746395516e-37,10.000000000000007,1.0217379970639061e-13,"{""PspCorrection"":0.09187494522099392,""Ewald"":-14.186487397403095,""Kinetic"":29.07598436898556,""AtomicNonlocalFR"":-14.21405448725146,""AtomicLocal"":-79.43302707239566,""Hartree"":28.516778469583073,""Xc"":-7.177056811886783}","[1.5575419636584743e-16,7.600205027822879e-16,1.1925769675922584e-15]",-0.07907470062372245,0.0,"[10.0,10.0,10.0]","[3.333333333333333,3.333333333333333,3.333333333333333]",2.221461740678795e-141,1.0,true,"Midpoint of the global spectral gap; Float64 counts equal at its 1/4,1/2,3/4 points","[[2.2214617406799316e-141,2.221461740678795e-141],[1.42586253096491e-109,1.4258523139737098e-109],[1.425862530964221e-109,1.4258523139731423e-109]]",0,-16.90873754791572,-9.371197296420252,-5.684341886080802e-14,0.0,NO_RESOLVABLE_PARTIAL_OCCUPATIONS,0,PASS,8.340010563689652e-41,[24],3,33,732,12
153,iteration,CONTINUE,0.1,false,false,linear_mixing,2.966964321804207e-07,2.9669643209275407e-08,2.9669643209275407e-08,,b8d9b888603b15d736e10323a18f33d58cf0f87178d7753cfeb900063cca52be,10.000000000000007,12f5134615d84f05569e90a068ebcbd66d6566419defa784dadfc97c70074d4d,10.000000000000007,90e4f9fd000dc68592f48cb6576bdb3b7f6514d1e09c8b402fca70cb528a6305,10.000000000000007,24,9.910880354446957e-11,1.9622480920502167e-14,1.0918423736890475e-06,9.09403065806704e-07,-57.32598798514748,1.2427101689588132e-34,-1.2427101689588131e-37,-57.32598798514748,1.2427101689588131e-37,10.000000000000009,8.897155016585376e-14,"{""PspCorrection"":0.09187494522099392,""Ewald"":-14.186487397403095,""Kinetic"":29.075984375293263,""AtomicNonlocalFR"":-14.214054488879478,""AtomicLocal"":-79.4330271009431,""Hartree"":28.516778497169852,""Xc"":-7.177056815605913}","[1.1884025613399304e-15,1.2046793478728482e-15,-4.322191548250369e-15]",-0.079074685975508,0.0,"[10.0,10.0,10.0]","[3.333333333333333,3.333333333333333,3.333333333333333]",2.221494808172229e-141,1.0,true,"Midpoint of the global spectral gap; Float64 counts equal at its 1/4,1/2,3/4 points","[[2.221494808173113e-141,2.221494808172229e-141],[1.4258494438048648e-109,1.425839226919679e-109],[1.4258494438047027e-109,1.425839226918828e-109]]",0,-16.908737521302143,-9.371197301112568,2.842170943040401e-14,7.105427357601002e-15,NO_RESOLVABLE_PARTIAL_OCCUPATIONS,0,PASS,7.674227571943584e-41,[24],3,32,715,12
154,iteration,CONTINUE,0.1,false,false,linear_mixing,2.697927873062359e-07,2.6979278726822636e-08,2.6979278726822636e-08,,90e4f9fd000dc68592f48cb6576bdb3b7f6514d1e09c8b402fca70cb528a6305,10.000000000000007,a5a4f3fad6e896fcc1e441abe45cb1d24f388edd69f3f8899bc0664f6ba90553,10.000000000000004,f442055b4bf3c8e2314b2e3e69eec191214b2ebc7e1a4a7522f131faf9b9c512,10.000000000000005,24,9.260010147025538e-11,1.6093824928464496e-14,1.0057104036564858e-06,8.378242725507968e-07,-57.32598798514749,1.2427016981660697e-34,-1.2427016981660697e-37,-57.32598798514749,1.2427016981660697e-37,10.000000000000005,9.389840571742906e-14,"{""PspCorrection"":0.09187494522099392,""Ewald"":-14.186487397403095,""Kinetic"":29.075984381134848,""AtomicNonlocalFR"":-14.214054490406696,""AtomicLocal"":-79.43302712724253,""Hartree"":28.516778522578534,""Xc"":-7.177056819029544}","[-1.5548309974876593e-15,1.134954417581534e-15,2.354313783212343e-15]",-0.07907467245544936,0.0,"[10.0,10.0,10.0]","[3.333333333333333,3.333333333333333,3.333333333333333]",2.2215252225126314e-141,1.0,true,"Midpoint of the global spectral gap; Float64 counts equal at its 1/4,1/2,3/4 points","[[2.2215252225150306e-141,2.2215252225126314e-141],[1.4258374108163119e-109,1.425827194027317e-109],[1.4258374108172438e-109,1.4258271940282897e-109]]",0,-16.908737496789488,-9.371197305432176,0.0,1.4210854715202004e-14,NO_RESOLVABLE_PARTIAL_OCCUPATIONS,0,PASS,7.061560047985441e-41,[24],3,32,714,12
155,iteration,CONTINUE,0.1,false,false,linear_mixing,2.4537690790492537e-07,2.45376907853761e-08,2.45376907853761e-08,,f442055b4bf3c8e2314b2e3e69eec191214b2ebc7e1a4a7522f131faf9b9c512,10.000000000000005,3c155be1b9a5d79a66fd60c5f7390320ff24ea471eb052d8736df1df0d785d6c,10.000000000000004,a1c38603fe1006c1c04555d52f832771dffb338f7db2bdce17164dedd3aa773f,10.000000000000007,24,9.799693927742913e-11,1.7007120729743135e-14,9.26362123763999e-07,7.718708049233615e-07,-57.32598798514757,1.2426939036313505e-34,-1.2426939036313504e-37,-57.32598798514757,1.2426939036313504e-37,10.000000000000007,8.556251797904716e-14,"{""PspCorrection"":0.09187494522099392,""Ewald"":-14.186487397403095,""Kinetic"":29.07598438653531,""AtomicNonlocalFR"":-14.21405449183663,""AtomicLocal"":-79.43302715144807,""Hartree"":28.516778545963433,""Xc"":-7.177056822179506}","[-1.7352633515336118e-15,5.305415004325536e-16,1.1935717019096901e-15]",-0.07907465997763889,0.0,"[10.0,10.0,10.0]","[3.333333333333333,3.333333333333333,3.333333333333333]",2.221553196701144e-141,1.0,true,"Midpoint of the global spectral gap; Float64 counts equal at its 1/4,1/2,3/4 points","[[2.2215531967026593e-141,2.221553196701144e-141],[1.4258263471117872e-109,1.4258161304116327e-109],[1.4258263471098015e-109,1.4258161304107007e-109]]",0,-16.908737474229042,-9.371197309406545,3.552713678800501e-14,7.105427357601002e-15,NO_RESOLVABLE_PARTIAL_OCCUPATIONS,0,PASS,6.497799385841493e-41,[24],3,32,709,12
156,iteration,CONTINUE,0.1,false,false,linear_mixing,2.2321400625289458e-07,2.232140062293206e-08,2.232140062293206e-08,,a1c38603fe1006c1c04555d52f832771dffb338f7db2bdce17164dedd3aa773f,10.000000000000007,c668a9dd6ff58555eb3b9a58bdf52ea5a2fd89f2b6c0a633cbeec00acbb16bed,10.0,6d28a221e2ce8645f2e3190e1a3a4a067ad34d75cb1eb3c923c1f90f057a1cec,10.000000000000007,24,9.109445196670675e-11,1.5930479766491846e-14,8.53264677949874e-07,7.111022467399472e-07,-57.32598798514752,1.2426867313737555e-34,-1.2426867313737555e-37,-57.32598798514752,1.2426867313737555e-37,10.000000000000004,6.24158191574279e-14,"{""PspCorrection"":0.09187494522099392,""Ewald"":-14.186487397403095,""Kinetic"":29.075984391531122,""AtomicNonlocalFR"":-14.214054493174768,""AtomicLocal"":-79.43302717373828,""Hartree"":28.51677856749496,""Xc"":-7.17705682507845}","[1.2164647566786108e-15,-5.735952148586312e-16,-3.1370596826271204e-15]",-0.07907464846262642,0.0,"[10.0,10.0,10.0]","[3.333333333333333,3.333333333333333,3.333333333333333]",2.2215789266458053e-141,1.0,true,"Midpoint of the global spectral gap; Float64 counts equal at its 1/4,1/2,3/4 points","[[2.2215789266473206e-141,2.2215789266458053e-141],[1.4258161745881645e-109,1.4258059579707482e-109],[1.4258161745872325e-109,1.4258059579707482e-109]]",0,-16.908737453456382,-9.371197313064265,-1.1368683772161603e-13,-7.105427357601002e-15,NO_RESOLVABLE_PARTIAL_OCCUPATIONS,0,PASS,5.979025008640501e-41,[24],3,32,710,12
157,iteration,CONTINUE,0.1,false,false,linear_mixing,2.030926413161068e-07,2.030926415133853e-08,2.030926415133853e-08,,6d28a221e2ce8645f2e3190e1a3a4a067ad34d75cb1eb3c923c1f90f057a1cec,10.000000000000007,efb07584961b19c2f9df6ee333b7500cf5262606b31a7d25e78937f2d6682738,9.999999999999996,65ed1aa2bb76964574fb0ed76e80755b079f4ee233bee2ff3bea50fd953f528f,10.000000000000005,24,9.639211348671106e-11,1.600676140990899e-14,7.859223709957522e-07,6.551064576012904e-07,-57.32598798514748,1.2426801317359246e-34,-1.2426801317359246e-37,-57.32598798514748,1.2426801317359246e-37,10.0,6.861076144303238e-14,"{""PspCorrection"":0.09187494522099392,""Ewald"":-14.186487397403095,""Kinetic"":29.075984396149956,""AtomicNonlocalFR"":-14.214054494426396,""AtomicLocal"":-79.43302719425651,""Hartree"":28.516778587313397,""Xc"":-7.177056827745828}","[-2.6582898850025615e-15,-1.3901940294696826e-15,-4.4379063073615548e-16]",-0.0790746378369195,0.0,"[10.0,10.0,10.0]","[3.333333333333333,3.333333333333333,3.333333333333333]",2.2216025925044548e-141,1.0,true,"Midpoint of the global spectral gap; Float64 counts equal at its 1/4,1/2,3/4 points","[[2.2216025925050862e-141,2.2216025925044548e-141],[1.4258068214709602e-109,1.4257966049299647e-109],[1.4258068214726218e-109,1.4257966049303698e-109]]",0,-16.908737434336206,-9.371197316429853,-1.9895196601282805e-13,-1.4210854715202004e-14,NO_RESOLVABLE_PARTIAL_OCCUPATIONS,0,PASS,5.501657656860115e-41,[24],3,30,694,11
158,iteration,CONTINUE,0.1,false,false,linear_mixing,1.8482116730562686e-07,1.848211673053734e-08,1.848211673053734e-08,,65ed1aa2bb76964574fb0ed76e80755b079f4ee233bee2ff3bea50fd953f528f,10.000000000000005,34cd6cddef2d7833f7651329180f620449ab9bbcc9670cf92d05a887b0989eac,10.000000000000005,cf250e551d9b517b21ddb9bfaacc63f4538140129d5dff4a6642ce1512f5e90b,10.000000000000004,24,9.788130161951415e-11,1.730901729777593e-14,7.238931613041424e-07,6.035213877244559e-07,-57.325987985147584,1.2426740590148959e-34,-1.2426740590148958e-37,-57.325987985147584,1.2426740590148958e-37,10.000000000000005,5.435053065704108e-14,"{""PspCorrection"":0.09187494522099392,""Ewald"":-14.186487397403095,""Kinetic"":29.075984400419994,""AtomicNonlocalFR"":-14.214054495596356,""AtomicLocal"":-79.43302721314441,""Hartree"":28.516778605555455,""Xc"":-7.177056830200166}","[9.618654549628817e-16,8.080661275076457e-16,4.079138302771944e-15]",-0.07907462803256053,0.0,"[10.0,10.0,10.0]","[3.333333333333333,3.333333333333333,3.333333333333333]",2.2216243599663837e-141,1.0,true,"Midpoint of the global spectral gap; Float64 counts equal at its 1/4,1/2,3/4 points","[[2.2216243599667624e-141,2.2216243599663837e-141],[1.4257982217518146e-109,1.425788005279653e-109],[1.4257982217527466e-109,1.4257880052795718e-109]]",0,-16.908737416736628,-9.371197319526665,-1.0658141036401503e-13,0.0,NO_RESOLVABLE_PARTIAL_OCCUPATIONS,0,PASS,5.062394886696589e-41,[24],3,30,693,11
159,iteration,CONTINUE,0.1,false,false,linear_mixing,1.682260802293211e-07,1.6822608030447865e-08,1.6822608030447865e-08,,cf250e551d9b517b21ddb9bfaacc63f4538140129d5dff4a6642ce1512f5e90b,10.000000000000004,2da5892764d6ea35ee1b10b7ac97e7f450aeac16150c6142abfc453f4b934ed3,10.000000000000005,d5e1f93ef4f6863be6b9b8d8ef46add0ddbee4e767427b8cb2bcee880b084e5b,10.000000000000007,24,9.261517327770593e-11,1.7633242398770112e-14,6.667506441056667e-07,5.559909206862529e-07,-57.32598798514768,1.242668471149628e-34,-1.242668471149628e-37,-57.32598798514768,1.242668471149628e-37,10.000000000000007,6.974680159254183e-14,"{""PspCorrection"":0.09187494522099392,""Ewald"":-14.186487397403095,""Kinetic"":29.075984404368025,""AtomicNonlocalFR"":-14.214054496688782,""AtomicLocal"":-79.43302723053687,""Hartree"":28.51677862235082,""Xc"":-7.177056832458777}","[-2.2606634970135668e-15,-1.8838977239529876e-17,4.428632355380304e-16]",-0.0790746189867105,0.0,"[10.0,10.0,10.0]","[3.333333333333333,3.333333333333333,3.333333333333333]",2.2216443814170852e-141,1.0,true,"Midpoint of the global spectral gap; Float64 counts equal at its 1/4,1/2,3/4 points","[[2.2216443814170852e-141,2.2216443814170852e-141],[1.425790314733671e-109,1.42578009832619e-109],[1.425790314733995e-109,1.4257800983250148e-109]]",0,-16.908737400532537,-9.371197322376585,2.842170943040401e-14,7.105427357601002e-15,NO_RESOLVABLE_PARTIAL_OCCUPATIONS,0,PASS,4.658185138650994e-41,[24],3,30,689,11
160,iteration,CONTINUE,0.1,false,false,linear_mixing,1.5315102477966656e-07,1.531510248503295e-08,1.531510248503295e-08,,d5e1f93ef4f6863be6b9b8d8ef46add0ddbee4e767427b8cb2bcee880b084e5b,10.000000000000007,4d232eb456db34f036faacc60921544b8c9b9571f60bd281806f826ce49110cb,9.999999999999996,11e1708489353b049ac10e35480d040b83744b13399c566a988f74d27e13f121,10.000000000000007,24,9.739169518932193e-11,1.724538060092019e-14,6.141117852240942e-07,5.121979149874251e-07,-57.325987985147606,1.2426633294504238e-34,-1.2426633294504238e-37,-57.325987985147606,1.2426633294504238e-37,10.0,6.36918929329285e-14,"{""PspCorrection"":0.09187494522099392,""Ewald"":-14.186487397403095,""Kinetic"":29.075984408014747,""AtomicNonlocalFR"":-14.214054497708599,""AtomicLocal"":-79.43302724653955,""Hartree"":28.516778637804332,""Xc"":-7.177056834536439}","[8.008044627656366e-16,-4.441318627359249e-15,-1.251757783188377e-15]",-0.07907461064126678,0.0,"[10.0,10.0,10.0]","[3.333333333333333,3.333333333333333,3.333333333333333]",2.2216627969869307e-141,1.0,true,"Midpoint of the global spectral gap; Float64 counts equal at its 1/4,1/2,3/4 points","[[2.221662796987941e-141,2.2216627969869307e-141],[1.4257830446314363e-109,1.4257728282831405e-109],[1.4257830446322064e-109,1.4257728282824922e-109]]",0,-16.908737385623034,-9.371197324998176,-1.1368683772161603e-13,-7.105427357601002e-15,NO_RESOLVABLE_PARTIAL_OCCUPATIONS,0,PASS,4.2862500351022123e-41,[24],3,30,684,11
161,iteration,CONTINUE,0.1,false,false,linear_mixing,1.3945338355997177e-07,1.3945338361106471e-08,1.3945338361106471e-08,,11e1708489353b049ac10e35480d040b83744b13399c566a988f74d27e13f121,10.000000000000007,6cf96c3a5508f3a9c30d47a434dbf774d57d14653c42de615b17d75f4da4f51a,10.000000000000002,b0645b8af0062dc058ed31bcdc0612c5cc61ecebb17a54f5a8fb98f1a58dc5c6,10.000000000000005,24,9.964859322257525e-11,1.565718770152476e-14,5.656218020728259e-07,4.7184845411715046e-07,-57.325987985147634,1.2426585982913184e-34,-1.2426585982913185e-37,-57.325987985147634,1.2426585982913185e-37,10.000000000000004,2.856234554820077e-13,"{""PspCorrection"":0.09187494522099392,""Ewald"":-14.186487397403095,""Kinetic"":29.0759844113796,""AtomicNonlocalFR"":-14.214054498659753,""AtomicLocal"":-79.43302726126383,""Hartree"":28.516778652025735,""Xc"":-7.177056836447283}","[2.6365196303078693e-16,-7.759697737691103e-16,-1.9159635392172834e-15]",-0.07907460294252973,0.0,"[10.0,10.0,10.0]","[3.333333333333333,3.333333333333333,3.333333333333333]",2.221679735563647e-141,1.0,true,"Midpoint of the global spectral gap; Float64 counts equal at its 1/4,1/2,3/4 points","[[2.2216797355647836e-141,2.221679735563647e-141],[1.425776360121091e-109,1.425766143824664e-109],[1.425776360119835e-109,1.4257661438247448e-109]]",0,-16.908737371901907,-9.371197327409252,-1.4210854715202004e-13,-7.105427357601002e-15,NO_RESOLVABLE_PARTIAL_OCCUPATIONS,0,PASS,3.944002738052818e-41,[24],3,30,681,11
162,iteration,CONTINUE,0.1,false,false,linear_mixing,1.2700516887296123e-07,1.2700516896214195e-08,1.2700516896214195e-08,,b0645b8af0062dc058ed31bcdc0612c5cc61ecebb17a54f5a8fb98f1a58dc5c6,10.000000000000005,e861c59e7b48998f850af171835281ddc94098160f227612219aac71b87788d5,9.999999999999996,579c7918422cae4e6ba5f38c0663588f19f4bda1d75e260043074af454e5b06f,10.000000000000005,24,9.675274468219456e-11,1.612933680912068e-14,5.209857502913775e-07,4.347105079754295e-07,-57.32598798514766,1.2426542449038347e-34,-1.2426542449038347e-37,-57.32598798514766,1.2426542449038347e-37,10.000000000000002,1.3751355608770427e-13,"{""PspCorrection"":0.09187494522099392,""Ewald"":-14.186487397403095,""Kinetic"":29.0759844144933,""AtomicNonlocalFR"":-14.2140544995471,""AtomicLocal"":-79.4330272748291,""Hartree"":28.51677866512365,""Xc"":-7.177056838206313}","[1.4984827659462774e-15,3.0474287236866114e-15,7.370037909224404e-16]",-0.07907459584085352,0.0,"[10.0,10.0,10.0]","[3.333333333333333,3.333333333333333,3.333333333333333]",2.2216953157131118e-141,1.0,true,"Midpoint of the global spectral gap; Float64 counts equal at its 1/4,1/2,3/4 points","[[2.221695315713617e-141,2.2216953157131118e-141],[1.4257702140392004e-109,1.4257599977930934e-109],[1.4257702140395245e-109,1.4257599977944306e-109]]",0,-16.908737359264514,-9.371197329628842,-7.105427357601002e-14,0.0,NO_RESOLVABLE_PARTIAL_OCCUPATIONS,0,PASS,3.6290612117550674e-41,[24],3,29,660,11
163,iteration,CONTINUE,0.1,false,false,linear_mixing,1.1569132699043198e-07,1.1569132713102154e-08,1.1569132713102154e-08,,579c7918422cae4e6ba5f38c0663588f19f4bda1d75e260043074af454e5b06f,10.000000000000005,c95af890990b3df2d6645a7dae5a93ab96184356fdf6ac3c6b067fe834b74273,9.999999999999998,7ac93d39457f8748416264c9d261aa18158db27d5808e7f0193352c422fbd26b,10.000000000000004,24,9.800681377402422e-11,1.6896394498657518e-14,4.798395328619082e-07,4.0045825543148753e-07,-57.325987985147684,1.2426502391483143e-34,-1.2426502391483142e-37,-57.325987985147684,1.2426502391483142e-37,10.0,1.2206464949742156e-13,"{""PspCorrection"":0.09187494522099392,""Ewald"":-14.186487397403095,""Kinetic"":29.075984417365586,""AtomicNonlocalFR"":-14.214054500373358,""AtomicLocal"":-79.43302728729776,""Hartree"":28.516778677163607,""Xc"":-7.177056839823656}","[9.758920777919032e-16,7.040884425574889e-16,1.5073494456267701e-15]",-0.07907458929034988,0.0,"[10.0,10.0,10.0]","[3.333333333333333,3.333333333333333,3.333333333333333]",2.221709646361302e-141,1.0,true,"Midpoint of the global spectral gap; Float64 counts equal at its 1/4,1/2,3/4 points","[[2.221709646362186e-141,2.221709646361302e-141],[1.4257645630241272e-109,1.4257543468245095e-109],[1.4257645630247755e-109,1.4257543468242663e-109]]",0,-16.908737347648046,-9.37119733166966,-6.394884621840902e-14,7.105427357601002e-15,NO_RESOLVABLE_PARTIAL_OCCUPATIONS,0,PASS,3.339287085795596e-41,[24],3,28,652,11
164,iteration,CONTINUE,0.1,false,false,linear_mixing,1.0540518568038567e-07,1.054051857436534e-08,1.054051857436534e-08,,7ac93d39457f8748416264c9d261aa18158db27d5808e7f0193352c422fbd26b,10.000000000000004,fed0e89d746024c0d053d45a9e629ebb26872d27dcbc0c13ec4eeb0f31dddb3f,10.000000000000004,eb04cba8052e59e2f71e40c007a04c6883cf0dcf4043867cee40b6cc42461c0d,10.000000000000004,24,9.354629919337428e-11,1.4494240098554974e-14,4.41944715152656e-07,3.6890906155679776e-07,-57.32598798514774,1.242646553244345e-34,-1.2426465532443448e-37,-57.32598798514774,1.2426465532443448e-37,10.000000000000005,1.2272941243114157e-13,"{""PspCorrection"":0.09187494522099392,""Ewald"":-14.186487397403095,""Kinetic"":29.07598442002248,""AtomicNonlocalFR"":-14.214054501143766,""AtomicLocal"":-79.43302729878218,""Hartree"":28.51677868825021,""Xc"":-7.1770568413123845}","[8.742774104509746e-16,-3.0548580318825957e-16,5.51072647461833e-16]",-0.07907458324864808,0.0,"[10.0,10.0,10.0]","[3.333333333333333,3.333333333333333,3.333333333333333]",2.2217228278299036e-141,1.0,true,"Midpoint of the global spectral gap; Float64 counts equal at its 1/4,1/2,3/4 points","[[2.2217228278301562e-141,2.2217228278299036e-141],[1.4257593671540475e-109,1.4257491509959153e-109],[1.425759367155466e-109,1.4257491509970094e-109]]",0,-16.90873733695125,-9.371197333548228,2.1316282072803006e-14,0.0,NO_RESOLVABLE_PARTIAL_OCCUPATIONS,0,PASS,3.0726379235553515e-41,[24],3,27,636,10
165,iteration,CONTINUE,0.1,false,false,linear_mixing,9.605119896407269e-08,9.605119902751417e-09,9.605119902751417e-09,,eb04cba8052e59e2f71e40c007a04c6883cf0dcf4043867cee40b6cc42461c0d,10.000000000000004,794aa9443dff54f5653565625ab29c73486f08c973b948c10cdaded26411e7c9,10.0,4200b7bbd39f0fa22c643bdda6a20e44e7c52dc19bbcaf553dd19e3a4cae46e6,10.000000000000004,24,9.669020665667254e-11,1.6170215127814473e-14,4.070307354992311e-07,3.3983340908300565e-07,-57.325987985147705,1.2426431616676855e-34,-1.2426431616676855e-37,-57.325987985147705,1.2426431616676855e-37,10.0,1.6375702417137462e-13,"{""PspCorrection"":0.09187494522099392,""Ewald"":-14.186487397403095,""Kinetic"":29.07598442254568,""AtomicNonlocalFR"":-14.214054501905395,""AtomicLocal"":-79.4330273094105,""Hartree"":28.51677869849274,""Xc"":-7.177056842688134}","[-1.4271948907088437e-15,8.296758833141085e-16,-1.8082746290395686e-15]",-0.07907457767656388,0.0,"[10.0,10.0,10.0]","[3.333333333333333,3.333333333333333,3.333333333333333]",2.2217349523296688e-141,1.0,true,"Midpoint of the global spectral gap; Float64 counts equal at its 1/4,1/2,3/4 points","[[2.2217349523321944e-141,2.2217349523296688e-141],[1.4257545897756235e-109,1.4257443736567885e-109],[1.4257545897761908e-109,1.4257443736569504e-109]]",0,-16.90873732706921,-9.371197335284434,-4.263256414560601e-14,0.0,NO_RESOLVABLE_PARTIAL_OCCUPATIONS,0,PASS,2.827246767830149e-41,[24],3,29,636,11
166,iteration,CONTINUE,0.1,false,false,linear_mixing,8.754431513227462e-08,8.7544315283251e-09,8.7544315283251e-09,,4200b7bbd39f0fa22c643bdda6a20e44e7c52dc19bbcaf553dd19e3a4cae46e6,10.000000000000004,7315f881faff53490ba65c3217634fb22d06ad13ddecef30f0d6d428453f14bc,10.000000000000007,04eeb4dd6fe8951ff28f3e2a80ee7b433437ad1d3f291d87e1bdb07375ae0c3b,10.000000000000004,24,9.471559319993803e-11,1.3915565850562635e-14,3.748681248989371e-07,3.1304188528788285e-07,-57.325987985147755,1.2426400409533324e-34,-1.2426400409533325e-37,-57.325987985147755,1.2426400409533325e-37,10.000000000000012,1.3391664374920395e-13,"{""PspCorrection"":0.09187494522099392,""Ewald"":-14.186487397403095,""Kinetic"":29.075984424820774,""AtomicNonlocalFR"":-14.214054502577504,""AtomicLocal"":-79.43302731914096,""Hartree"":28.516778707880803,""Xc"":-7.177056843948765}","[-1.3133514391363792e-16,-3.360265517610459e-16,-1.7175527417074231e-15]",-0.07907457253787194,0.0,"[10.0,10.0,10.0]","[3.333333333333333,3.333333333333333,3.333333333333333]",2.221746104619209e-141,1.0,true,"Midpoint of the global spectral gap; Float64 counts equal at its 1/4,1/2,3/4 points","[[2.2217461046208506e-141,2.221746104619209e-141],[1.4257501972188778e-109,1.4257399811362987e-109],[1.425750197220296e-109,1.4257399811365013e-109]]",0,-16.908737318011347,-9.371197336875259,-7.105427357601002e-15,7.105427357601002e-15,NO_RESOLVABLE_PARTIAL_OCCUPATIONS,0,PASS,2.60148787801327e-41,[24],3,29,628,11
167,iteration,CONTINUE,0.1,false,false,linear_mixing,7.980586118651829e-08,7.980586133528303e-09,7.980586133528303e-09,,04eeb4dd6fe8951ff28f3e2a80ee7b433437ad1d3f291d87e1bdb07375ae0c3b,10.000000000000004,40da2b0728fdb99e000fcee73ed10e4f9cd9ac33d5b4105f5c537b1bd9c06dbe,10.0,3301705930674d0aa224e03ca9e3402684cf1d8190c6eeeb2dd08e91d4dd777e,10.000000000000004,24,9.776723903487075e-11,1.495050439407894e-14,3.452533270037465e-07,2.8837205981020675e-07,-57.32598798514771,1.2426371694309413e-34,-1.2426371694309414e-37,-57.32598798514771,1.2426371694309414e-37,10.000000000000004,1.677842739720234e-13,"{""PspCorrection"":0.09187494522099392,""Ewald"":-14.186487397403095,""Kinetic"":29.07598442693002,""AtomicNonlocalFR"":-14.21405450320934,""AtomicLocal"":-79.43302732811061,""Hartree"":28.516778716533896,""Xc"":-7.17705684510957}","[-7.115876640588462e-18,-2.6311687201072235e-15,5.511325750428512e-16]",-0.07907456779918524,0.0,"[10.0,10.0,10.0]","[3.333333333333333,3.333333333333333,3.333333333333333]",2.2217563627749123e-141,1.0,true,"Midpoint of the global spectral gap; Float64 counts equal at its 1/4,1/2,3/4 points","[[2.2217563627752913e-141,2.2217563627749123e-141],[1.4257461584233128e-109,1.42573594237251e-109],[1.4257461584227862e-109,1.4257359423716185e-109]]",0,-16.908737309662307,-9.371197338340124,-3.552713678800501e-14,0.0,NO_RESOLVABLE_PARTIAL_OCCUPATIONS,0,PASS,2.393728569037204e-41,[24],3,29,620,11
168,iteration,CONTINUE,0.1,false,false,linear_mixing,7.2764729257156e-08,7.276472927253595e-09,7.276472927253595e-09,,3301705930674d0aa224e03ca9e3402684cf1d8190c6eeeb2dd08e91d4dd777e,10.000000000000004,39fc7a931aeb0593a36e8f7e10e421ef165b3375524b03ce1d2a5320e0b3c9c2,10.000000000000005,62c10ed8e842680b88f865cfba92b4f27ced4a33a1da0911a2940fb25ade16dd,10.000000000000005,24,9.497297277390605e-11,1.4107306808805524e-14,3.179767884675661e-07,2.6564596772923166e-07,-57.325987985147734,1.2426345272329178e-34,-1.2426345272329178e-37,-57.325987985147734,1.2426345272329178e-37,10.000000000000007,1.7201298103752159e-13,"{""PspCorrection"":0.09187494522099392,""Ewald"":-14.186487397403095,""Kinetic"":29.075984428859943,""AtomicNonlocalFR"":-14.214054503784848,""AtomicLocal"":-79.4330273363512,""Hartree"":28.516778724486297,""Xc"":-7.177056846175817}","[-7.257159506938728e-16,-1.3074003448812384e-15,2.2398573974234215e-15]",-0.0790745634295932,0.0,"[10.0,10.0,10.0]","[3.333333333333333,3.333333333333333,3.333333333333333]",2.22176579847448e-141,1.0,true,"Midpoint of the global spectral gap; Float64 counts equal at its 1/4,1/2,3/4 points","[[2.221765798475869e-141,2.22176579847448e-141],[1.4257424449327658e-109,1.4257322289116918e-109],[1.425742444933536e-109,1.4257322289132721e-109]]",0,-16.908737301989255,-9.371197339685637,-9.947598300641403e-14,1.4210854715202004e-14,NO_RESOLVABLE_PARTIAL_OCCUPATIONS,0,PASS,2.2025668960461848e-41,[24],3,27,604,10
169,iteration,CONTINUE,0.1,false,false,linear_mixing,6.635804478452159e-08,6.635804488296313e-09,6.635804488296313e-09,,62c10ed8e842680b88f865cfba92b4f27ced4a33a1da0911a2940fb25ade16dd,10.000000000000005,b1f087368386ab28809a0d8134187897fa53a0b2737510b5bda9d789ff92f8a0,9.999999999999995,311504f1dcfdcc0ca387b82fff5a60a8682a7df4274592b857633b3085c3989d,10.000000000000005,24,8.877567544288367e-11,1.493523255794791e-14,2.928425671655468e-07,2.4469629136309857e-07,-57.32598798514773,1.242632096039406e-34,-1.242632096039406e-37,-57.32598798514773,1.242632096039406e-37,9.999999999999995,1.5602165253045181e-13,"{""PspCorrection"":0.09187494522099392,""Ewald"":-14.186487397403095,""Kinetic"":29.07598443062698,""AtomicNonlocalFR"":-14.214054504314582,""AtomicLocal"":-79.43302734391217,""Hartree"":28.516778731789074,""Xc"":-7.1770568471549305}","[-9.422550048299221e-16,-2.7512301226722445e-15,3.3076846230934874e-15]",-0.07907455940058318,0.0,"[10.0,10.0,10.0]","[3.333333333333333,3.333333333333333,3.333333333333333]",2.221774477690228e-141,1.0,true,"Midpoint of the global spectral gap; Float64 counts equal at its 1/4,1/2,3/4 points","[[2.2217744776912383e-141,2.221774477690228e-141],[1.4257390305278908e-109,1.4257288145364285e-109],[1.4257390305276476e-109,1.4257288145353344e-109]]",0,-16.908737294942792,-9.371197340921132,-4.973799150320701e-14,-7.105427357601002e-15,NO_RESOLVABLE_PARTIAL_OCCUPATIONS,0,PASS,2.0266848614141586e-41,[24],3,27,604,10
170,iteration,CONTINUE,0.1,false,false,linear_mixing,6.052638277242538e-08,6.052638284505308e-09,6.052638284505308e-09,,311504f1dcfdcc0ca387b82fff5a60a8682a7df4274592b857633b3085c3989d,10.000000000000005,0db121a3debfc9ae3de98cbb3bd27dae0a257c7f268a60baea2efa31b0dce63a,10.000000000000004,569f33188673bd28bb2361d2fde3c018a36d74605d5daf7000202407d73671bd,10.000000000000004,24,9.486698912589824e-11,1.36995724802363e-14,2.6969698629193844e-07,2.2540241360192386e-07,-57.325987985147755,1.242629858984083e-34,-1.242629858984083e-37,-57.325987985147755,1.242629858984083e-37,10.000000000000007,1.0955537221307146e-13,"{""PspCorrection"":0.09187494522099392,""Ewald"":-14.186487397403095,""Kinetic"":29.075984432255318,""AtomicNonlocalFR"":-14.214054504806661,""AtomicLocal"":-79.43302735086205,""Hartree"":28.516778738502644,""Xc"":-7.177056848054914}","[-6.988063074616932e-16,-8.912886423779721e-17,-1.4606801536945447e-15]",-0.07907455568582655,0.0,"[10.0,10.0,10.0]","[3.333333333333333,3.333333333333333,3.333333333333333]",2.2217824611538706e-141,1.0,true,"Midpoint of the global spectral gap; Float64 counts equal at its 1/4,1/2,3/4 points","[[2.2217824611557652e-141,2.2217824611538706e-141],[1.4257358910872033e-109,1.4257256751195331e-109],[1.425735891085623e-109,1.4257256751180337e-109]]",0,-16.908737288464827,-9.371197342056739,7.105427357601002e-15,-7.105427357601002e-15,NO_RESOLVABLE_PARTIAL_OCCUPATIONS,0,PASS,1.864847001787718e-41,[24],3,27,600,10
171,iteration,CONTINUE,0.1,false,false,linear_mixing,5.521715553250789e-08,5.52171554376568e-09,5.52171554376568e-09,,569f33188673bd28bb2361d2fde3c018a36d74605d5daf7000202407d73671bd,10.000000000000004,b1b53490eee63df4866b1a0a94d070b016503e730845bad044b07946560ad98c,10.0,f5be7fa2307d6fd5fbdfb3987e5b4308e020fe59d24fc9cd63ed4797bbc2b108,10.000000000000004,24,9.544048205072667e-11,1.32258257229858e-14,2.48379810460457e-07,2.0762930845637682e-07,-57.32598798514774,1.2426278005652104e-34,-1.2426278005652105e-37,-57.32598798514774,1.2426278005652105e-37,10.000000000000004,1.1798256818529983e-13,"{""PspCorrection"":0.09187494522099392,""Ewald"":-14.186487397403095,""Kinetic"":29.075984433762052,""AtomicNonlocalFR"":-14.214054505263812,""AtomicLocal"":-79.43302735727117,""Hartree"":28.51677874469116,""Xc"":-7.17705684888387}","[-7.934755358321177e-16,-2.4321593494771112e-15,3.326055920686486e-16]",-0.07907455226100307,0.0,"[10.0,10.0,10.0]","[3.333333333333333,3.333333333333333,3.333333333333333]",2.221789804636467e-141,1.0,true,"Midpoint of the global spectral gap; Float64 counts equal at its 1/4,1/2,3/4 points","[[2.221789804638993e-141,2.221789804636467e-141],[1.425733004451624e-109,1.4257227885092165e-109],[1.4257330044524343e-109,1.42572278850869e-109]]",0,-16.90873728249345,-9.371197343102782,-6.394884621840902e-14,-7.105427357601002e-15,NO_RESOLVABLE_PARTIAL_OCCUPATIONS,0,PASS,1.7159220559223306e-41,[24],3,27,598,10
172,iteration,CONTINUE,0.1,false,false,linear_mixing,5.0382837638983914e-08,5.038283771223645e-09,5.038283771223645e-09,,f5be7fa2307d6fd5fbdfb3987e5b4308e020fe59d24fc9cd63ed4797bbc2b108,10.000000000000004,092bddb8bf255d3649dff838789ed5ed9007093124603627680e6b32bc2e5d23,10.000000000000002,9039f4dce844d6728a7b269ec4824ed25b9fe884b156e5fb329d7c15da97537e,10.000000000000004,24,9.920315869159677e-11,1.392150293917149e-14,2.2874443436981613e-07,1.912548490290778e-07,-57.325987985147705,1.242625906529444e-34,-1.242625906529444e-37,-57.325987985147705,1.242625906529444e-37,10.000000000000002,1.0316131404061463e-13,"{""PspCorrection"":0.09187494522099392,""Ewald"":-14.186487397403095,""Kinetic"":29.075984435147824,""AtomicNonlocalFR"":-14.214054505688383,""AtomicLocal"":-79.4330273631537,""Hartree"":28.516778750373906,""Xc"":-7.177056849645251}","[-7.141678124429665e-16,-6.979006538787885e-16,2.0316989447565588e-15]",-0.07907454910363024,0.0,"[10.0,10.0,10.0]","[3.333333333333333,3.333333333333333,3.333333333333333]",2.2217965594889554e-141,1.0,true,"Midpoint of the global spectral gap; Float64 counts equal at its 1/4,1/2,3/4 points","[[2.221796559489208e-141,2.2217965594889554e-141],[1.4257303502855882e-109,1.4257201343636985e-109],[1.425730350285791e-109,1.4257201343626044e-109]]",0,-16.908737277010072,-9.371197344063505,-1.2789769243681803e-13,0.0,NO_RESOLVABLE_PARTIAL_OCCUPATIONS,0,PASS,1.5788966122365687e-41,[24],3,27,598,10
173,iteration,CONTINUE,0.1,false,false,linear_mixing,4.5979611020046786e-08,4.597961106135228e-09,4.597961106135228e-09,,9039f4dce844d6728a7b269ec4824ed25b9fe884b156e5fb329d7c15da97537e,10.000000000000004,c287aaaa3a718174fc9f5d7666b25298d490699596c148343f7ac654cfef3295,10.0,1cc53e18a50c2ff8c1d58966feb69ae102e65e092ff7f13a30b61922dc00ae7f,10.000000000000005,24,9.888241838768389e-11,2.031936443513821e-14,2.106618467622154e-07,1.7617292879704297e-07,-57.32598798514772,1.2426241637423698e-34,-1.2426241637423698e-37,-57.32598798514772,1.2426241637423698e-37,10.000000000000004,1.4315243724209418e-13,"{""PspCorrection"":0.09187494522099392,""Ewald"":-14.186487397403095,""Kinetic"":29.075984436432986,""AtomicNonlocalFR"":-14.214054506083166,""AtomicLocal"":-79.43302736858492,""Hartree"":28.516778755616485,""Xc"":-7.177056850347006}","[-6.538016275903149e-16,1.966492797513274e-15,3.5166425689834397e-16]",-0.07907454619298687,0.0,"[10.0,10.0,10.0]","[3.333333333333333,3.333333333333333,3.333333333333333]",2.2218027729051354e-141,1.0,true,"Midpoint of the global spectral gap; Float64 counts equal at its 1/4,1/2,3/4 points","[[2.2218027729056406e-141,2.2218027729051354e-141],[1.4257279098443585e-109,1.4257176939417785e-109],[1.4257279098431022e-109,1.4257176939402793e-109]]",0,-16.90873727195129,-9.371197344949074,-8.526512829121202e-14,7.105427357601002e-15,NO_RESOLVABLE_PARTIAL_OCCUPATIONS,0,PASS,1.4528010468694974e-41,[24],3,27,597,10
174,iteration,CONTINUE,0.1,false,false,linear_mixing,4.196903304696698e-08,4.1969033117078044e-09,4.1969033117078044e-09,,1cc53e18a50c2ff8c1d58966feb69ae102e65e092ff7f13a30b61922dc00ae7f,10.000000000000005,aa342668b8abfb896194a50bc819daa7c99592e89d530e63ab7e77f5d574aea8,9.999999999999998,a6d2e41e86480aee5657b46f01fc4808a5492202bb23ef21dc17bdf8398fceb6,10.000000000000002,24,9.834632619059328e-11,1.486864992676149e-14,1.9400541975081737e-07,1.6227716270479412e-07,-57.325987985147734,1.2426225601392403e-34,-1.2426225601392405e-37,-57.325987985147734,1.2426225601392405e-37,9.999999999999998,9.024970785450671e-14,"{""PspCorrection"":0.09187494522099392,""Ewald"":-14.186487397403095,""Kinetic"":29.075984437612355,""AtomicNonlocalFR"":-14.214054506449886,""AtomicLocal"":-79.43302737356069,""Hartree"":28.51677876042357,""Xc"":-7.177056850990985}","[5.263166611850734e-16,-5.799887425876227e-16,1.0835804503022198e-15]",-0.07907454350990496,0.0,"[10.0,10.0,10.0]","[3.333333333333333,3.333333333333333,3.333333333333333]",2.2218084883178008e-141,1.0,true,"Midpoint of the global spectral gap; Float64 counts equal at its 1/4,1/2,3/4 points","[[2.221808488317927e-141,2.2218084883178008e-141],[1.425725665931715e-109,1.4257154500479286e-109],[1.4257256659327685e-109,1.4257154500493468e-109]]",0,-16.90873726731278,-9.371197345761637,-7.105427357601002e-14,0.0,NO_RESOLVABLE_PARTIAL_OCCUPATIONS,0,PASS,1.3367893154795668e-41,[24],3,25,579,9
175,iteration,CONTINUE,0.1,false,false,linear_mixing,3.8314414674275596e-08,3.831441468445622e-09,3.831441468445622e-09,,a6d2e41e86480aee5657b46f01fc4808a5492202bb23ef21dc17bdf8398fceb6,10.000000000000002,675776eeaaa589f0651aa0e8e5d128312efa9f2bcd4bc55ee8b43a00f147c682,10.000000000000004,f8de7bf23dda4dfc9708169afbf90b5c1f706ffbd44b831cf5237d51bfe19032,10.000000000000002,24,9.2250506449205e-11,1.5365334996219948e-14,1.786670676995355e-07,1.4947917214930885e-07,-57.32598798514772,1.2426210845904465e-34,-1.2426210845904466e-37,-57.32598798514772,1.2426210845904466e-37,10.000000000000002,9.488726858691371e-14,"{""PspCorrection"":0.09187494522099392,""Ewald"":-14.186487397403095,""Kinetic"":29.07598443870787,""AtomicNonlocalFR"":-14.214054506790454,""AtomicLocal"":-79.43302737816111,""Hartree"":28.516778764863005,""Xc"":-7.17705685158493}","[-2.946908339781884e-16,1.2550382079966289e-15,-1.6174891397582468e-15]",-0.07907454103673592,0.0,"[10.0,10.0,10.0]","[3.333333333333333,3.333333333333333,3.333333333333333]",2.2218137456620354e-141,1.0,true,"Midpoint of the global spectral gap; Float64 counts equal at its 1/4,1/2,3/4 points","[[2.2218137456625406e-141,2.2218137456620354e-141],[1.4257236026899773e-109,1.4257133868234873e-109],[1.4257236026901798e-109,1.4257133868245815e-109]]",0,-16.908737263028947,-9.371197346511192,-7.105427357601002e-14,-7.105427357601002e-15,NO_RESOLVABLE_PARTIAL_OCCUPATIONS,0,PASS,1.2300265677649761e-41,[24],3,25,582,9
176,iteration,CONTINUE,0.1,false,false,linear_mixing,3.49843189041405e-08,3.498431899832203e-09,3.498431899832203e-09,,f8de7bf23dda4dfc9708169afbf90b5c1f706ffbd44b831cf5237d51bfe19032,10.000000000000002,5307ad8575fadec1b086f304341b43c7a899aa3f9da799d1ac35ade8134c548b,10.000000000000002,2bbb774a2cb5b3639200dbb65efc2fd54545ebe206f3bd9634e2427466d7c39d,10.000000000000004,24,9.726337945306894e-11,1.5573738488196813e-14,1.6452821981049375e-07,1.3767545619609004e-07,-57.32598798514775,1.2426197268864647e-34,-1.2426197268864646e-37,-57.32598798514775,1.2426197268864646e-37,10.000000000000005,8.930979261723243e-14,"{""PspCorrection"":0.09187494522099392,""Ewald"":-14.186487397403095,""Kinetic"":29.075984439713423,""AtomicNonlocalFR"":-14.21405450710653,""AtomicLocal"":-79.43302738237806,""Hartree"":28.51677876893561,""Xc"":-7.177056852130085}","[-4.496462294711189e-16,-1.4818028347438585e-15,1.5111866107569505e-15]",-0.07907453875714075,0.0,"[10.0,10.0,10.0]","[3.333333333333333,3.333333333333333,3.333333333333333]",2.2218185816711205e-141,1.0,true,"Midpoint of the global spectral gap; Float64 counts equal at its 1/4,1/2,3/4 points","[[2.2218185816716257e-141,2.2218185816711205e-141],[1.4257217055986754e-109,1.4257114897465893e-109],[1.4257217055966089e-109,1.4257114897468323e-109]]",0,-16.908737259099084,-9.371197347199091,-4.263256414560601e-14,7.105427357601002e-15,NO_RESOLVABLE_PARTIAL_OCCUPATIONS,0,PASS,1.1317984105527566e-41,[24],3,24,552,9
177,iteration,CONTINUE,0.1,false,false,linear_mixing,3.194891386929508e-08,3.1948913919348616e-09,3.1948913919348616e-09,,2bbb774a2cb5b3639200dbb65efc2fd54545ebe206f3bd9634e2427466d7c39d,10.000000000000004,85cd95e4c3cb954544f6f873f432009079498291b4b9469417071f0e4386bfd1,9.999999999999996,8ae9de43ee2b0be6bfee06e027005c490663c11335f2ada19ca7ebcf5aaad7c3,10.000000000000004,24,9.398911293607636e-11,1.3188460665382178e-14,1.5151405561910988e-07,1.2681106476627347e-07,-57.32598798514771,1.24261847760627e-34,-1.24261847760627e-37,-57.32598798514771,1.24261847760627e-37,10.0,9.692953082681107e-14,"{""PspCorrection"":0.09187494522099392,""Ewald"":-14.186487397403095,""Kinetic"":29.07598444064474,""AtomicNonlocalFR"":-14.214054507400014,""AtomicLocal"":-79.43302738626744,""Hartree"":28.516778772689374,""Xc"":-7.177056852632275}","[-9.333767156695323e-16,-1.2843182547337262e-15,1.5718633924170387e-16]",-0.07907453665608273,0.0,"[10.0,10.0,10.0]","[3.333333333333333,3.333333333333333,3.333333333333333]",2.2218230301172694e-141,1.0,true,"Midpoint of the global spectral gap; Float64 counts equal at its 1/4,1/2,3/4 points","[[2.2218230301180272e-141,2.2218230301172694e-141],[1.4257199612468728e-109,1.4257097454102435e-109],[1.4257199612467107e-109,1.4257097454100813e-109]]",0,-16.90873725547687,-9.37119734783282,-9.237055564881302e-14,-7.105427357601002e-15,NO_RESOLVABLE_PARTIAL_OCCUPATIONS,0,PASS,1.041409055250533e-41,[24],3,24,552,9
178,iteration,CONTINUE,0.1,false,false,linear_mixing,2.9181859826532273e-08,2.9181859951176427e-09,2.9181859951176427e-09,,8ae9de43ee2b0be6bfee06e027005c490663c11335f2ada19ca7ebcf5aaad7c3,10.000000000000004,28b440f1d7b764181411f7c3bf6ae0bd4f00247026038a134447a7f7420eac01,10.000000000000004,e73177b76b46528af54898c09f25a9931a40aa1daefabba5d757e4512efca297,10.000000000000004,24,9.597297228622837e-11,1.5107269229016242e-14,1.3953259386708964e-07,1.1680845157115628e-07,-57.325987985147805,1.2426173280976115e-34,-1.2426173280976115e-37,-57.325987985147805,1.2426173280976115e-37,10.000000000000009,5.90708141316187e-14,"{""PspCorrection"":0.09187494522099392,""Ewald"":-14.186487397403095,""Kinetic"":29.075984441501674,""AtomicNonlocalFR"":-14.21405450767234,""AtomicLocal"":-79.43302738983871,""Hartree"":28.51677877613735,""Xc"":-7.1770568530936645}","[1.1215080731191567e-15,-3.7066763289317825e-15,-1.2548844994340479e-15]",-0.0790745347196573,0.0,"[10.0,10.0,10.0]","[3.333333333333333,3.333333333333333,3.333333333333333]",2.2218271220816815e-141,1.0,true,"Midpoint of the global spectral gap; Float64 counts equal at its 1/4,1/2,3/4 points","[[2.2218271220824393e-141,2.2218271220816815e-141],[1.4257183573467592e-109,1.4257081415227976e-109],[1.4257183573475697e-109,1.4257081415221492e-109]]",0,-16.9087372521497,-9.371197348415055,4.263256414560601e-14,1.4210854715202004e-14,NO_RESOLVABLE_PARTIAL_OCCUPATIONS,0,PASS,9.582428328293002e-42,[24],3,24,544,9
179,iteration,CONTINUE,0.1,false,false,linear_mixing,2.6658616802788076e-08,2.6658616861477587e-09,2.6658616861477587e-09,,e73177b76b46528af54898c09f25a9931a40aa1daefabba5d757e4512efca297,10.000000000000004,f2cbceed38b887c8e570f97806022b959129a20484ee159bb5ea19b293984656,10.000000000000004,e588e5c77d80761b43caf3524bea6b829a7c999fc4c3a08ff1143378160e547a,10.000000000000005,24,9.423519848448092e-11,1.4842901032434185e-14,1.2849353111965535e-07,1.0758904344815311e-07,-57.32598798514772,1.242616270388485e-34,-1.2426162703884852e-37,-57.32598798514772,1.2426162703884852e-37,10.000000000000005,6.662336296145967e-14,"{""PspCorrection"":0.09187494522099392,""Ewald"":-14.186487397403095,""Kinetic"":29.07598444229506,""AtomicNonlocalFR"":-14.214054507924914,""AtomicLocal"":-79.43302739313356,""Hartree"":28.51677877931649,""Xc"":-7.177056853518699}","[-2.4285262225070875e-15,-7.606938995588242e-16,-1.9609156836071875e-15]",-0.07907453293504893,0.0,"[10.0,10.0,10.0]","[3.333333333333333,3.333333333333333,3.333333333333333]",2.2218308861543912e-141,1.0,true,"Midpoint of the global spectral gap; Float64 counts equal at its 1/4,1/2,3/4 points","[[2.2218308861556542e-141,2.2218308861543912e-141],[1.4257168825800967e-109,1.4257066667680395e-109],[1.4257168825796913e-109,1.425706666766824e-109]]",0,-16.90873724908195,-9.371197348951434,-8.526512829121202e-14,0.0,NO_RESOLVABLE_PARTIAL_OCCUPATIONS,0,PASS,8.817117768816055e-42,[24],3,24,544,9
180,iteration,CONTINUE,0.1,false,false,linear_mixing,2.4357785827263665e-08,2.4357785915814632e-09,2.4357785915814632e-09,,e588e5c77d80761b43caf3524bea6b829a7c999fc4c3a08ff1143378160e547a,10.000000000000005,ec34652819cf2569ec3ff52a7508002676e8a3f57da57f56c8a2c7efcdcc2b5f,10.000000000000002,6afa06e7c900e30719efbbd197d7700c07bf61b173da2dedffcf47af27bc2229,10.000000000000004,24,9.318195230613595e-11,1.3717918109667454e-14,1.183314769570684e-07,9.91020522052817e-08,-57.32598798514779,1.2426152971541501e-34,-1.2426152971541501e-37,-57.32598798514779,1.2426152971541501e-37,10.000000000000004,5.2365092156286764e-14,"{""PspCorrection"":0.09187494522099392,""Ewald"":-14.186487397403095,""Kinetic"":29.075984443023334,""AtomicNonlocalFR"":-14.214054508159048,""AtomicLocal"":-79.43302739615366,""Hartree"":28.51677878223255,""Xc"":-7.177056853908861}","[1.887832467444128e-15,-3.5394844295442495e-16,1.3376676763471708e-15]",-0.07907453129041606,0.0,"[10.0,10.0,10.0]","[3.333333333333333,3.333333333333333,3.333333333333333]",2.221834348611899e-141,1.0,true,"Midpoint of the global spectral gap; Float64 counts equal at its 1/4,1/2,3/4 points","[[2.2218343486130356e-141,2.221834348611899e-141],[1.4257155265555738e-109,1.4257053107552592e-109],[1.4257155265563843e-109,1.4257053107551781e-109]]",0,-16.90873724626802,-9.371197349443769,2.842170943040401e-14,7.105427357601002e-15,NO_RESOLVABLE_PARTIAL_OCCUPATIONS,0,PASS,8.113005493217317e-42,[24],3,24,538,9
181,iteration,CONTINUE,0.1,false,false,linear_mixing,2.2258860503894004e-08,2.2258860568817573e-09,2.2258860568817573e-09,,6afa06e7c900e30719efbbd197d7700c07bf61b173da2dedffcf47af27bc2229,10.000000000000004,8de058dba6fe22968d4231413038b0c0b77ccf1b0ad72d2ac56b6433de6d8de6,10.0,9f7e909566b5fb1215db7accf960edf8494af274ff6a47886cafafdff07d97df,10.000000000000004,24,9.993769401368518e-11,1.5337397475865535e-14,1.089640431028105e-07,9.127401370932301e-08,-57.32598798514782,1.2426144016397847e-34,-1.2426144016397849e-37,-57.32598798514782,1.2426144016397849e-37,10.000000000000002,5.910647974138473e-14,"{""PspCorrection"":0.09187494522099392,""Ewald"":-14.186487397403095,""Kinetic"":29.075984443697692,""AtomicNonlocalFR"":-14.214054508376115,""AtomicLocal"":-79.43302739894096,""Hartree"":28.51677878492201,""Xc"":-7.177056854268339}","[8.033629419128401e-16,1.096065576564815e-15,-2.734587424937148e-15]",-0.0790745297748554,0.0,"[10.0,10.0,10.0]","[3.333333333333333,3.333333333333333,3.333333333333333]",2.221837533650638e-141,1.0,true,"Midpoint of the global spectral gap; Float64 counts equal at its 1/4,1/2,3/4 points","[[2.2218375336512693e-141,2.221837533650638e-141],[1.425714279694077e-109,1.4257040639037503e-109],[1.4257142796952926e-109,1.4257040639034262e-109]]",0,-16.908737243672707,-9.371197349897418,8.526512829121202e-14,7.105427357601002e-15,NO_RESOLVABLE_PARTIAL_OCCUPATIONS,0,PASS,7.465050073732741e-42,[24],3,23,530,9
182,iteration,CONTINUE,0.1,false,false,linear_mixing,2.0342882236884994e-08,2.0342882164738456e-09,2.0342882164738456e-09,,9f7e909566b5fb1215db7accf960edf8494af274ff6a47886cafafdff07d97df,10.000000000000004,d206b89305f6c5c323b41c6c5b7674aeeb86e1c257339c9a90049de50e89a66a,10.000000000000004,df6ebdf0938370b5b97997278b21d18a2e96c2c4c7b25820cf45aa902996b57a,10.000000000000004,24,8.847925388043428e-11,1.3012910604593833e-14,1.0035094503032686e-07,8.408007745770156e-08,-57.325987985147805,1.2426135776465858e-34,-1.242613577646586e-37,-57.325987985147805,1.242613577646586e-37,10.000000000000009,2.67554664469397e-13,"{""PspCorrection"":0.09187494522099392,""Ewald"":-14.186487397403095,""Kinetic"":29.075984444327144,""AtomicNonlocalFR"":-14.214054508577654,""AtomicLocal"":-79.43302740153004,""Hartree"":28.516778787415404,""Xc"":-7.177056854600555}","[5.117370300662521e-16,4.0676745940189805e-16,-1.688656530349198e-16]",-0.07907452837828417,0.0,"[10.0,10.0,10.0]","[3.333333333333333,3.333333333333333,3.333333333333333]",2.221840463494278e-141,1.0,true,"Midpoint of the global spectral gap; Float64 counts equal at its 1/4,1/2,3/4 points","[[2.2218404634956673e-141,2.221840463494278e-141],[1.4257131332174548e-109,1.4257029174368423e-109],[1.425713133218792e-109,1.4257029174373692e-109]]",0,-16.90873724126647,-9.371197350316764,4.263256414560601e-14,-7.105427357601002e-15,NO_RESOLVABLE_PARTIAL_OCCUPATIONS,0,PASS,6.868601260757049e-42,[24],3,22,516,8
183,iteration,CONTINUE,0.1,false,true,linear_mixing,1.8595740547860976e-08,1.8595740513350876e-09,1.8595740513350876e-09,,df6ebdf0938370b5b97997278b21d18a2e96c2c4c7b25820cf45aa902996b57a,10.000000000000004,045a0d634a1fa4cdd07fd4fd7af4a1b53aaa971e919c47164c3b0569867ac376,10.000000000000004,af40b46a80b65781c80db599a1fca310d37acae1dcffeebb1d56d80975b025d1,10.000000000000005,24,9.602300672966884e-11,1.4460606920527584e-14,9.240591062540046e-08,7.743789271531461e-08,-57.325987985147776,1.2426128194895589e-34,-1.2426128194895588e-37,-57.325987985147776,1.2426128194895588e-37,10.000000000000007,2.034312279633e-13,"{""PspCorrection"":0.09187494522099392,""Ewald"":-14.186487397403095,""Kinetic"":29.075984444900378,""AtomicNonlocalFR"":-14.214054508763848,""AtomicLocal"":-79.43302740388788,""Hartree"":28.51677878969027,""Xc"":-7.177056854904605}","[2.0761913256183937e-17,7.932293482702582e-17,1.4389766284870478e-16]",-0.07907452709139179,0.0,"[10.0,10.0,10.0]","[3.333333333333333,3.333333333333333,3.333333333333333]",2.221843158699704e-141,1.0,true,"Midpoint of the global spectral gap; Float64 counts equal at its 1/4,1/2,3/4 points","[[2.2218431587008407e-141,2.221843158699704e-141],[1.425712079129543e-109,1.4257018633571722e-109],[1.425712079129786e-109,1.425701863358226e-109]]",0,-16.908737239071254,-9.371197350700465,1.4210854715202004e-14,-7.105427357601002e-15,NO_RESOLVABLE_PARTIAL_OCCUPATIONS,0,PASS,6.320050923830772e-42,[24],3,22,516,8
184,iteration,CONTINUE,0.1,false,true,linear_mixing,1.700144011284135e-08,1.7001440226640692e-09,1.7001440226640692e-09,,af40b46a80b65781c80db599a1fca310d37acae1dcffeebb1d56d80975b025d1,10.000000000000005,3955f4de28af509d6f7eb747b17c6a7706998fd625daac263e3e917d7ed2b53e,10.000000000000005,a8e352f7535705d4cb303da2ae5721a1d8bce2f98c31504163f70fa77e3cc717,10.000000000000002,24,9.949696504987807e-11,1.590522756960838e-14,8.50972934671013e-08,7.132951142981161e-08,-57.32598798514777,1.2426121218813817e-34,-1.2426121218813816e-37,-57.32598798514777,1.2426121218813816e-37,10.000000000000012,1.8415007908478134e-13,"{""PspCorrection"":0.09187494522099392,""Ewald"":-14.186487397403095,""Kinetic"":29.07598444542628,""AtomicNonlocalFR"":-14.214054508936457,""AtomicLocal"":-79.43302740605053,""Hartree"":28.516778791778684,""Xc"":-7.1770568551836496}","[-4.258869581957679e-17,6.235543686959219e-16,1.5609581608584948e-15]",-0.07907452590563153,0.0,"[10.0,10.0,10.0]","[3.333333333333333,3.333333333333333,3.333333333333333]",2.221845637999867e-141,1.0,true,"Midpoint of the global spectral gap; Float64 counts equal at its 1/4,1/2,3/4 points","[[2.2218456380003724e-141,2.221845637999867e-141],[1.4257111098967692e-109,1.4257008941322348e-109],[1.4257111098969314e-109,1.4257008941318297e-109]]",0,-16.908737237055956,-9.371197351052583,-3.552713678800501e-14,0.0,NO_RESOLVABLE_PARTIAL_OCCUPATIONS,0,PASS,5.815345737426784e-42,[24],3,22,515,8
185,iteration,CONTINUE,0.1,false,true,linear_mixing,1.554602578239592e-08,1.5546025970773269e-09,1.5546025970773269e-09,,a8e352f7535705d4cb303da2ae5721a1d8bce2f98c31504163f70fa77e3cc717,10.000000000000002,2f96639db68663e76270e96add5f182cd634092b95599b46db7e89d784dc8679,9.999999999999998,933f78740a95608b3f5ce4492ece0b09ec74690faa1f702850a2d6ba279d9b51,10.000000000000005,24,9.899264522722924e-11,1.4599836168710448e-14,7.836208831385019e-08,6.569769855475368e-08,-57.32598798514775,1.2426114799827795e-34,-1.2426114799827796e-37,-57.32598798514775,1.2426114799827796e-37,10.000000000000002,1.3983090012701904e-13,"{""PspCorrection"":0.09187494522099392,""Ewald"":-14.186487397403095,""Kinetic"":29.07598444591213,""AtomicNonlocalFR"":-14.214054509096108,""AtomicLocal"":-79.43302740804256,""Hartree"":28.516778793701498,""Xc"":-7.177056855440598}","[1.5314185576664779e-16,1.6779663651295323e-15,6.627160368329228e-16]",-0.0790745248131025,0.0,"[10.0,10.0,10.0]","[3.333333333333333,3.333333333333333,3.333333333333333]",2.2218479186412217e-141,1.0,true,"Midpoint of the global spectral gap; Float64 counts equal at its 1/4,1/2,3/4 points","[[2.2218479186424847e-141,2.2218479186412217e-141],[1.4257102186710935e-109,1.42570000291489e-109],[1.4257102186710124e-109,1.425700002913958e-109]]",0,-16.908737235200423,-9.371197351376843,-2.842170943040401e-14,7.105427357601002e-15,NO_RESOLVABLE_PARTIAL_OCCUPATIONS,0,PASS,5.350900899310098e-42,[24],3,22,510,8
186,iteration,CONTINUE,0.1,false,true,linear_mixing,1.4217560664524451e-08,1.4217560860202422e-09,1.4217560860202422e-09,,933f78740a95608b3f5ce4492ece0b09ec74690faa1f702850a2d6ba279d9b51,10.000000000000005,a9194670c149f956af2297aed4d61e7e2a2f60132b2e0005d8686ab5f2e64f9e,10.000000000000004,81a518ddb48ec7b36bc4406cc834ed3a6f6fb7aa30ccc11dfe083adc1dfaeedc,10.000000000000005,24,9.978222771817669e-11,1.4036501022685486e-14,7.215942304811378e-08,6.050983169271335e-08,-57.32598798514776,1.242610889349618e-34,-1.242610889349618e-37,-57.32598798514776,1.242610889349618e-37,10.000000000000005,1.5380025090646308e-13,"{""PspCorrection"":0.09187494522099392,""Ewald"":-14.186487397403095,""Kinetic"":29.07598444635854,""AtomicNonlocalFR"":-14.21405450924403,""AtomicLocal"":-79.43302740986898,""Hartree"":28.516778795465314,""Xc"":-7.177056855676503}","[-8.840630129321682e-16,9.194981062645744e-16,-6.236099020867311e-16]",-0.07907452380651053,0.0,"[10.0,10.0,10.0]","[3.333333333333333,3.333333333333333,3.333333333333333]",2.2218500165711263e-141,1.0,true,"Midpoint of the global spectral gap; Float64 counts equal at its 1/4,1/2,3/4 points","[[2.2218500165725157e-141,2.2218500165711263e-141],[1.4257093991807974e-109,1.4256991834298986e-109],[1.425709399180392e-109,1.425699183430628e-109]]",0,-16.908737233498393,-9.37119735167451,-4.263256414560601e-14,-7.105427357601002e-15,NO_RESOLVABLE_PARTIAL_OCCUPATIONS,0,PASS,4.923641226132817e-42,[24],3,22,505,8
187,iteration,CONTINUE,0.1,false,true,linear_mixing,1.3004160663923148e-08,1.3004160816854912e-09,1.3004160816854912e-09,,81a518ddb48ec7b36bc4406cc834ed3a6f6fb7aa30ccc11dfe083adc1dfaeedc,10.000000000000005,f3745521639a725e8541a038d44f52016de1d1d1369b44522d3e571812f91eb4,10.000000000000002,4877ddca261c03627e7f2f1e3ddb6482c38b0e69fcd4ed599f07f0fe38cdde4a,10.000000000000004,24,9.676044705663614e-11,1.6647210207688097e-14,6.644536199453149e-08,5.572913613336805e-08,-57.32598798514774,1.2426103458774956e-34,-1.2426103458774956e-37,-57.32598798514774,1.2426103458774956e-37,10.000000000000005,1.2230564635071314e-13,"{""PspCorrection"":0.09187494522099392,""Ewald"":-14.186487397403095,""Kinetic"":29.075984446772676,""AtomicNonlocalFR"":-14.214054509381008,""AtomicLocal"":-79.43302741155796,""Hartree"":28.516778797094734,""Xc"":-7.177056855894078}","[1.346520947429934e-16,3.679831728565529e-15,-2.1704815873950316e-15]",-0.07907452287913587,0.0,"[10.0,10.0,10.0]","[3.333333333333333,3.333333333333333,3.333333333333333]",2.2218519464731878e-141,1.0,true,"Midpoint of the global spectral gap; Float64 counts equal at its 1/4,1/2,3/4 points","[[2.2218519464739455e-141,2.2218519464731878e-141],[1.4257086456340798e-109,1.4256984298899178e-109],[1.4257086456337961e-109,1.4256984298906876e-109]]",0,-16.908737231925983,-9.371197351949085,-6.394884621840902e-14,-7.105427357601002e-15,NO_RESOLVABLE_PARTIAL_OCCUPATIONS,0,PASS,4.5304024611550745e-42,[24],3,22,505,8
188,iteration,CONTINUE,0.1,false,true,linear_mixing,1.1896117873688509e-08,1.189611786121342e-09,1.189611786121342e-09,,4877ddca261c03627e7f2f1e3ddb6482c38b0e69fcd4ed599f07f0fe38cdde4a,10.000000000000004,46017fca022bcd7708a6265318559e0789a7de3dc3ae858334924af9fa52bf49,9.999999999999996,500fc73adc80b24c79b1968a388345171023b7e0fcb1b08083929b32bb4a4e5f,10.000000000000004,24,9.857138905931806e-11,1.5622095049400747e-14,6.120138217353395e-08,5.1347229588458055e-08,-57.32598798514782,1.2426098458114673e-34,-1.2426098458114674e-37,-57.32598798514782,1.2426098458114674e-37,9.999999999999998,9.85273067980166e-14,"{""PspCorrection"":0.09187494522099392,""Ewald"":-14.186487397403095,""Kinetic"":29.075984447153612,""AtomicNonlocalFR"":-14.214054509507902,""AtomicLocal"":-79.43302741310853,""Hartree"":28.516778798591062,""Xc"":-7.177056856093956}","[3.2563128871338756e-15,1.7392037318470362e-15,4.4231467582556486e-16]",-0.07907452202476334,0.0,"[10.0,10.0,10.0]","[3.333333333333333,3.333333333333333,3.333333333333333]",2.2218537217681257e-141,1.0,true,"Midpoint of the global spectral gap; Float64 counts equal at its 1/4,1/2,3/4 points","[[2.2218537217685047e-141,2.2218537217681257e-141],[1.4257079527437298e-109,1.4256977370063153e-109],[1.4257079527435677e-109,1.425697737005424e-109]]",0,-16.90873723048195,-9.371197352201323,7.105427357601002e-14,0.0,NO_RESOLVABLE_PARTIAL_OCCUPATIONS,0,PASS,4.1686039058870294e-42,[24],3,21,484,8
189,iteration,CONTINUE,0.1,false,true,linear_mixing,1.0883956501664575e-08,1.0883956570239594e-09,1.0883956570239594e-09,,500fc73adc80b24c79b1968a388345171023b7e0fcb1b08083929b32bb4a4e5f,10.000000000000004,fee96ba2ce7c418476d89c74e05b3b217347eb3b9cd8d6789cce3bd102c9cff4,10.000000000000007,705187982784497ad038fd8ce7f79b86866d38a5a923995a570132a55ba9699d,10.000000000000004,24,9.905681103184024e-11,1.4327365927899424e-14,5.636131322165275e-08,4.729817518056315e-08,-57.325987985147805,1.2426093856797905e-34,-1.2426093856797905e-37,-57.325987985147805,1.2426093856797905e-37,10.00000000000001,1.1118106232930857e-13,"{""PspCorrection"":0.09187494522099392,""Ewald"":-14.186487397403095,""Kinetic"":29.075984447505064,""AtomicNonlocalFR"":-14.21405450962519,""AtomicLocal"":-79.43302741453662,""Hartree"":28.516778799968968,""Xc"":-7.177056856277918}","[-6.385937230177575e-16,-4.88649183362062e-16,-6.280798008285104e-16]",-0.07907452123767857,0.0,"[10.0,10.0,10.0]","[3.333333333333333,3.333333333333333,3.333333333333333]",2.2218553548606713e-141,1.0,true,"Midpoint of the global spectral gap; Float64 counts equal at its 1/4,1/2,3/4 points","[[2.221855354862187e-141,2.2218553548606713e-141],[1.425707315612772e-109,1.4256970998801662e-109],[1.4257073156128532e-109,1.425697099879599e-109]]",0,-16.908737229152262,-9.371197352433473,2.842170943040401e-14,0.0,NO_RESOLVABLE_PARTIAL_OCCUPATIONS,0,PASS,3.835672080642228e-42,[24],3,21,478,8
190,iteration,CANDIDATE,0.1,true,true,candidate_output_for_closure,9.959338211243041e-09,9.959338286064364e-10,9.959338211243041e-09,,705187982784497ad038fd8ce7f79b86866d38a5a923995a570132a55ba9699d,10.000000000000004,ae531b03cd0f63c8229bbe9c71646cc76989743293f5d79d6148dfcdf5842ad1,10.000000000000002,ae531b03cd0f63c8229bbe9c71646cc76989743293f5d79d6148dfcdf5842ad1,10.000000000000002,24,9.877449131024973e-11,1.267042253420418e-14,5.1897256907710014e-08,4.356034974301183e-08,-57.32598798514778,1.2426089622979917e-34,-1.2426089622979917e-37,-57.32598798514778,1.2426089622979917e-37,10.000000000000004,6.92462519206341e-14,"{""PspCorrection"":0.09187494522099392,""Ewald"":-14.186487397403095,""Kinetic"":29.075984447828603,""AtomicNonlocalFR"":-14.214054509733913,""AtomicLocal"":-79.43302741584796,""Hartree"":28.516778801234537,""Xc"":-7.177056856446943}","[2.6140628719530397e-17,-4.8068553137961945e-18,-1.1385549002822736e-15]",-0.07907452051260283,0.0,"[10.0,10.0,10.0]","[3.333333333333333,3.333333333333333,3.333333333333333]",2.2218568571337443e-141,1.0,true,"Midpoint of the global spectral gap; Float64 counts equal at its 1/4,1/2,3/4 points","[[2.2218568571339969e-141,2.2218568571337443e-141],[1.4257067297612092e-109,1.4256965140338952e-109],[1.4257067297621412e-109,1.425696514032639e-109]]",0,-16.908737227930967,-9.371197352646773,7.105427357601002e-15,0.0,NO_RESOLVABLE_PARTIAL_OCCUPATIONS,0,PASS,3.5293713092828686e-42,[24],3,19,458,7
191,closure,PASS,0.1,true,true,returned_orbital_output,1.6537267865203399e-09,1.6537268300972387e-10,1.6537267865203399e-09,,ae531b03cd0f63c8229bbe9c71646cc76989743293f5d79d6148dfcdf5842ad1,10.000000000000002,bc3c988dc240eea33ae4a5ba1d4778d38cc163fd4356650b323c3b34d216bdb3,10.000000000000004,bc3c988dc240eea33ae4a5ba1d4778d38cc163fd4356650b323c3b34d216bdb3,10.000000000000004,24,8.946712915219417e-11,1.770241383018327e-14,1.0811677455353301e-08,9.159279939852875e-09,-57.32598798514773,1.2426050665736324e-34,-1.2426050665736325e-37,-57.32598798514773,1.2426050665736325e-37,10.000000000000007,9.831352369473621e-14,"{""PspCorrection"":0.09187494522099392,""Ewald"":-14.186487397403095,""Kinetic"":29.075984450811514,""AtomicNonlocalFR"":-14.21405451074761,""AtomicLocal"":-79.43302742790986,""Hartree"":28.51677881288095,""Xc"":-7.1770568580006175}","[-1.3503003339943276e-15,1.4158709117864943e-15,-8.662469367506985e-16]",-0.07907451383333139,0.0,"[10.0,10.0,10.0]","[3.333333333333333,3.333333333333333,3.333333333333333]",2.221870676753517e-141,1.0,true,"Midpoint of the global spectral gap; Float64 counts equal at its 1/4,1/2,3/4 points","[[2.2218706767542748e-141,2.221870676753517e-141],[1.425701342669377e-109,1.425691126986377e-109],[1.4257013426713626e-109,1.4256911269868632e-109]]",0,-16.90873721669139,-9.371197354607252,-7.815970093361102e-14,-7.105427357601002e-15,NO_RESOLVABLE_PARTIAL_OCCUPATIONS,0,PASS,7.106711945932565e-43,[24],3,30,666,11
